run_ts,trade_date,city,decision_role,bandit_mode,actual_tmax,selected_action,applied_action,mode_forecast_pred,mode_blend_pred,mode_lstm_pred,error_forecast,error_blend,error_lstm,reward_forecast,reward_blend,reward_lstm,reward_chosen,condition_token,condition_label,sky_label,mean_cloud_cover,vote_entropy,provider_count,updated_actions_json,feature_vector_json
2026-02-20T07:15:38.865398+00:00,2026-02-19,il,monitoring,canary,58.0000,blend,forecast,56.9340,50.4232,24.3800,1.0660,7.5768,33.6200,0.893400,0.242320,0.000000,0.893400,rain,"Rain, Overcast",cloudy,80.8059,0.600297,7,"[""blend"", ""forecast"", ""lstm""]","[0.0, 1.0, 0.0, 0.0, 0.75677066, 0.65368047, 0.0, 0.875, 0.80805884, 0.60029731, 0.0, 0.0, 0.0, 1.0, 0.0, 0.0, 0.0, 0.0, 0.0, 0.0, 0.0, 1.0]"
2026-02-20T07:15:38.865398+00:00,2026-02-19,ny,monitoring,canary,42.0000,blend,forecast,40.3202,37.4866,26.1525,1.6798,4.5134,15.8475,0.832020,0.548660,0.000000,0.832020,cloudy_overcast,Overcast,cloudy,86.1669,0.555958,7,"[""blend"", ""forecast"", ""lstm""]","[1.0, 0.0, 0.0, 0.0, 0.75677066, 0.65368047, 0.0, 0.875, 0.86166942, 0.55595831, 0.0, 0.0, 1.0, 0.0, 0.0, 0.0, 0.0, 0.0, 0.0, 0.0, 0.0, 1.0]"
2026-02-20T11:30:04.554154+00:00,2026-02-19,fl,monitoring,canary,82.0000,blend,forecast,81.3353,79.6084,72.7007,0.6647,2.3916,9.2993,0.933530,0.760840,0.070070,0.933530,partly_cloudy,Partially cloudy,mixed,36.4929,0.423709,7,"[""blend"", ""forecast"", ""lstm""]","[0.0, 0.0, 0.0, 1.0, 0.75677066, 0.65368047, 0.0, 0.875, 0.36492918, 0.42370866, 0.0, 1.0, 0.0, 0.0, 0.0, 0.0, 0.0, 0.0, 0.0, 0.0, 1.0, 0.0]"
2026-02-20T11:30:04.554154+00:00,2026-02-19,il,monitoring,canary,58.0000,blend,forecast,56.9340,50.4232,24.3800,1.0660,7.5768,33.6200,0.893400,0.242320,0.000000,0.893400,rain,"Rain, Overcast",cloudy,80.8059,0.600297,7,"[""blend"", ""forecast"", ""lstm""]","[0.0, 1.0, 0.0, 0.0, 0.75677066, 0.65368047, 0.0, 0.875, 0.80805884, 0.60029731, 0.0, 0.0, 0.0, 1.0, 0.0, 0.0, 0.0, 0.0, 0.0, 0.0, 0.0, 1.0]"
2026-02-20T11:30:04.554154+00:00,2026-02-19,ny,monitoring,canary,42.0000,blend,forecast,40.3202,37.4866,26.1525,1.6798,4.5134,15.8475,0.832020,0.548660,0.000000,0.832020,cloudy_overcast,Overcast,cloudy,86.1669,0.555958,7,"[""blend"", ""forecast"", ""lstm""]","[1.0, 0.0, 0.0, 0.0, 0.75677066, 0.65368047, 0.0, 0.875, 0.86166942, 0.55595831, 0.0, 0.0, 1.0, 0.0, 0.0, 0.0, 0.0, 0.0, 0.0, 0.0, 0.0, 1.0]"
2026-02-20T11:30:04.554154+00:00,2026-02-19,tx,monitoring,canary,85.0000,blend,forecast,84.6994,77.7328,49.8665,0.3006,7.2672,35.1335,0.969940,0.273280,0.000000,0.969940,partly_cloudy,Partially cloudy,mixed,53.3506,0.722318,7,"[""blend"", ""forecast"", ""lstm""]","[0.0, 0.0, 1.0, 0.0, 0.75677066, 0.65368047, 0.0, 0.875, 0.53350626, 0.7223175, 0.0, 1.0, 0.0, 0.0, 0.0, 0.0, 0.0, 0.0, 0.0, 0.0, 1.0, 0.0]"
2026-02-21T07:15:44.747958+00:00,2026-02-20,il,trade,canary,47.0000,forecast,forecast,44.6235,40.5748,24.3800,2.3765,6.4252,22.6200,0.762350,0.357480,0.000000,0.762350,cloudy_overcast,Overcast,cloudy,88.6505,0.648735,7,"[""blend"", ""forecast"", ""lstm""]","[0.0, 1.0, 0.0, 0.0, 0.76788045, 0.64059318, 0.0, 0.875, 0.88650456, 0.64873484, 0.0, 0.0, 1.0, 0.0, 0.0, 0.0, 0.0, 0.0, 0.0, 0.0, 0.0, 1.0]"
2026-02-21T07:15:44.747958+00:00,2026-02-20,ny,trade,canary,37.0000,forecast,forecast,38.3874,35.9405,26.1525,1.3874,1.0595,10.8475,0.861260,0.894050,0.000000,0.861260,snow,"Snow, Rain, Overcast",cloudy,79.1686,0.545012,7,"[""blend"", ""forecast"", ""lstm""]","[1.0, 0.0, 0.0, 0.0, 0.76788045, 0.64059318, 0.175, 0.875, 0.79168642, 0.54501205, 0.0, 0.0, 0.0, 0.0, 1.0, 0.0, 0.0, 0.0, 0.0, 0.0, 0.0, 1.0]"
2026-02-21T11:30:05.157335+00:00,2026-02-20,fl,trade,canary,83.0000,forecast,forecast,83.4264,81.2813,72.7007,0.4264,1.7187,10.2993,0.957360,0.828130,0.000000,0.957360,partly_cloudy,Partially cloudy,sunny,23.2139,0.510816,8,"[""blend"", ""forecast"", ""lstm""]","[0.0, 0.0, 0.0, 1.0, 0.76788045, 0.64059318, 0.0, 1.0, 0.23213938, 0.51081592, 0.0, 1.0, 0.0, 0.0, 0.0, 0.0, 0.0, 0.0, 0.0, 1.0, 0.0, 0.0]"
2026-02-21T11:30:05.157335+00:00,2026-02-20,il,trade,canary,47.0000,forecast,forecast,44.6235,40.5748,24.3800,2.3765,6.4252,22.6200,0.762350,0.357480,0.000000,0.762350,cloudy_overcast,Overcast,cloudy,88.6505,0.648735,7,"[""blend"", ""forecast"", ""lstm""]","[0.0, 1.0, 0.0, 0.0, 0.76788045, 0.64059318, 0.0, 0.875, 0.88650456, 0.64873484, 0.0, 0.0, 1.0, 0.0, 0.0, 0.0, 0.0, 0.0, 0.0, 0.0, 0.0, 1.0]"
2026-02-21T11:30:05.157335+00:00,2026-02-20,ny,trade,canary,37.0000,forecast,forecast,38.3874,35.9405,26.1525,1.3874,1.0595,10.8475,0.861260,0.894050,0.000000,0.861260,snow,"Snow, Rain, Overcast",cloudy,79.1686,0.545012,7,"[""blend"", ""forecast"", ""lstm""]","[1.0, 0.0, 0.0, 0.0, 0.76788045, 0.64059318, 0.175, 0.875, 0.79168642, 0.54501205, 0.0, 0.0, 0.0, 0.0, 1.0, 0.0, 0.0, 0.0, 0.0, 0.0, 0.0, 1.0]"
2026-02-21T11:30:05.157335+00:00,2026-02-20,tx,trade,canary,68.0000,forecast,forecast,68.1460,64.4901,49.8665,0.1460,3.5099,18.1335,0.985400,0.649010,0.000000,0.985400,partly_cloudy,Partially cloudy,cloudy,73.1902,0.595055,7,"[""blend"", ""forecast"", ""lstm""]","[0.0, 0.0, 1.0, 0.0, 0.76788045, 0.64059318, 0.0, 0.875, 0.7319019, 0.5950549, 0.0, 1.0, 0.0, 0.0, 0.0, 0.0, 0.0, 0.0, 0.0, 0.0, 0.0, 1.0]"
2026-02-22T07:15:40.847466+00:00,2026-02-21,il,trade,canary,29.0000,forecast,forecast,33.2431,31.4704,24.3800,4.2431,2.4704,4.6200,0.575690,0.752960,0.538000,0.575690,cloudy_overcast,Overcast,cloudy,77.1035,0.521960,8,"[""blend"", ""forecast"", ""lstm""]","[0.0, 1.0, 0.0, 0.0, 0.77876393, 0.6273171, 0.1, 1.0, 0.77103509, 0.52196, 0.0, 0.0, 1.0, 0.0, 0.0, 0.0, 0.0, 0.0, 0.0, 0.0, 0.0, 1.0]"
2026-02-22T07:15:40.847466+00:00,2026-02-21,ny,trade,canary,46.0000,forecast,forecast,45.1685,41.3653,26.1525,0.8315,4.6347,19.8475,0.916850,0.536530,0.000000,0.916850,partly_cloudy,Partially cloudy,cloudy,75.4550,0.726542,8,"[""blend"", ""forecast"", ""lstm""]","[1.0, 0.0, 0.0, 0.0, 0.77876393, 0.6273171, 0.04986168, 1.0, 0.75455045, 0.7265423, 0.0, 1.0, 0.0, 0.0, 0.0, 0.0, 0.0, 0.0, 0.0, 0.0, 0.0, 1.0]"
2026-02-22T11:30:04.838117+00:00,2026-02-21,fl,trade,canary,84.0000,forecast,forecast,82.1482,80.2587,72.7007,1.8518,3.7413,11.2993,0.814820,0.625870,0.000000,0.814820,partly_cloudy,Partially cloudy,sunny,26.7890,0.528587,8,"[""blend"", ""forecast"", ""lstm""]","[0.0, 0.0, 0.0, 1.0, 0.77876393, 0.6273171, 0.0, 1.0, 0.26788992, 0.52858715, 0.0, 1.0, 0.0, 0.0, 0.0, 0.0, 0.0, 0.0, 0.0, 1.0, 0.0, 0.0]"
2026-02-22T11:30:04.838117+00:00,2026-02-21,il,trade,canary,29.0000,forecast,forecast,33.2431,31.4704,24.3800,4.2431,2.4704,4.6200,0.575690,0.752960,0.538000,0.575690,cloudy_overcast,Overcast,cloudy,77.1035,0.521960,8,"[""blend"", ""forecast"", ""lstm""]","[0.0, 1.0, 0.0, 0.0, 0.77876393, 0.6273171, 0.1, 1.0, 0.77103509, 0.52196, 0.0, 0.0, 1.0, 0.0, 0.0, 0.0, 0.0, 0.0, 0.0, 0.0, 0.0, 1.0]"
2026-02-22T11:30:04.838117+00:00,2026-02-21,ny,trade,canary,46.0000,forecast,forecast,45.1685,41.3653,26.1525,0.8315,4.6347,19.8475,0.916850,0.536530,0.000000,0.916850,partly_cloudy,Partially cloudy,cloudy,75.4550,0.726542,8,"[""blend"", ""forecast"", ""lstm""]","[1.0, 0.0, 0.0, 0.0, 0.77876393, 0.6273171, 0.04986168, 1.0, 0.75455045, 0.7265423, 0.0, 1.0, 0.0, 0.0, 0.0, 0.0, 0.0, 0.0, 0.0, 0.0, 0.0, 1.0]"
2026-02-22T11:30:04.838117+00:00,2026-02-21,tx,trade,canary,74.0000,forecast,forecast,73.0834,68.4400,49.8665,0.9166,5.5600,24.1335,0.908340,0.444000,0.000000,0.908340,partly_cloudy,Partially cloudy,mixed,35.1917,0.720401,8,"[""blend"", ""forecast"", ""lstm""]","[0.0, 0.0, 1.0, 0.0, 0.77876393, 0.6273171, 0.0, 1.0, 0.35191746, 0.72040071, 0.0, 1.0, 0.0, 0.0, 0.0, 0.0, 0.0, 0.0, 0.0, 0.0, 1.0, 0.0]"
2026-02-23T07:15:35.062984+00:00,2026-02-22,il,trade,canary,27.0000,forecast,forecast,28.2877,27.5062,24.3800,1.2877,0.5062,2.6200,0.871230,0.949380,0.738000,0.871230,snow,"Snow, Overcast",cloudy,84.2427,0.350157,7,"[""blend"", ""forecast"", ""lstm""]","[0.0, 1.0, 0.0, 0.0, 0.78941791, 0.61385614, 0.05, 0.875, 0.84242727, 0.3501566, 0.0, 0.0, 0.0, 0.0, 1.0, 0.0, 0.0, 0.0, 0.0, 0.0, 0.0, 1.0]"
2026-02-23T07:15:35.062984+00:00,2026-02-22,ny,trade,canary,39.0000,forecast,forecast,39.9617,37.1998,26.1525,0.9617,1.8002,12.8475,0.903830,0.819980,0.000000,0.903830,snow,snow,cloudy,76.3489,0.537009,7,"[""blend"", ""forecast"", ""lstm""]","[1.0, 0.0, 0.0, 0.0, 0.78941791, 0.61385614, 0.26473052, 0.875, 0.76348927, 0.53700905, 0.0, 0.0, 0.0, 0.0, 1.0, 0.0, 0.0, 0.0, 0.0, 0.0, 0.0, 1.0]"
2026-02-23T11:30:04.201809+00:00,2026-02-22,fl,trade,canary,88.0000,forecast,forecast,87.6337,84.6471,72.7007,0.3663,3.3529,15.2993,0.963370,0.664710,0.000000,0.963370,partly_cloudy,Partially cloudy,mixed,35.7554,0.289969,7,"[""blend"", ""forecast"", ""lstm""]","[0.0, 0.0, 0.0, 1.0, 0.78941791, 0.61385614, 0.0, 0.875, 0.35755449, 0.28996906, 0.0, 1.0, 0.0, 0.0, 0.0, 0.0, 0.0, 0.0, 0.0, 0.0, 1.0, 0.0]"
2026-02-23T11:30:04.201809+00:00,2026-02-22,il,trade,canary,27.0000,forecast,forecast,28.2877,27.5062,24.3800,1.2877,0.5062,2.6200,0.871230,0.949380,0.738000,0.871230,snow,"Snow, Overcast",cloudy,84.2427,0.350157,7,"[""blend"", ""forecast"", ""lstm""]","[0.0, 1.0, 0.0, 0.0, 0.78941791, 0.61385614, 0.05, 0.875, 0.84242727, 0.3501566, 0.0, 0.0, 0.0, 0.0, 1.0, 0.0, 0.0, 0.0, 0.0, 0.0, 0.0, 1.0]"
2026-02-23T11:30:04.201809+00:00,2026-02-22,ny,trade,canary,39.0000,forecast,forecast,39.9617,37.1998,26.1525,0.9617,1.8002,12.8475,0.903830,0.819980,0.000000,0.903830,snow,snow,cloudy,76.3489,0.537009,7,"[""blend"", ""forecast"", ""lstm""]","[1.0, 0.0, 0.0, 0.0, 0.78941791, 0.61385614, 0.26473052, 0.875, 0.76348927, 0.53700905, 0.0, 0.0, 0.0, 0.0, 1.0, 0.0, 0.0, 0.0, 0.0, 0.0, 0.0, 1.0]"
2026-02-23T11:30:04.201809+00:00,2026-02-22,tx,trade,canary,63.0000,forecast,forecast,61.9194,59.5088,49.8665,1.0806,3.4912,13.1335,0.891940,0.650880,0.000000,0.891940,partly_cloudy,Partially cloudy,sunny,31.1913,0.649187,7,"[""blend"", ""forecast"", ""lstm""]","[0.0, 0.0, 1.0, 0.0, 0.78941791, 0.61385614, 0.1535, 0.875, 0.31191317, 0.64918714, 0.0, 1.0, 0.0, 0.0, 0.0, 0.0, 0.0, 0.0, 0.0, 1.0, 0.0, 0.0]"
2026-02-24T07:15:40.865624+00:00,2026-02-23,il,trade,canary,29.0000,forecast,forecast,28.1233,27.3746,24.3800,0.8767,1.6254,4.6200,0.912330,0.837460,0.538000,0.912330,partly_cloudy,Partially cloudy,cloudy,71.4422,0.708559,8,"[""blend"", ""forecast"", ""lstm""]","[0.0, 1.0, 0.0, 0.0, 0.79983924, 0.60021428, 0.025, 1.0, 0.71442163, 0.70855866, 0.0, 1.0, 0.0, 0.0, 0.0, 0.0, 0.0, 0.0, 0.0, 0.0, 0.0, 1.0]"
2026-02-24T07:15:40.865624+00:00,2026-02-23,ny,trade,canary,35.0000,forecast,forecast,34.6119,32.9201,26.1525,0.3881,2.0799,8.8475,0.961190,0.792010,0.115250,0.961190,snow,heavy snow,cloudy,74.0532,0.696498,8,"[""blend"", ""forecast"", ""lstm""]","[1.0, 0.0, 0.0, 0.0, 0.79983924, 0.60021428, 0.09821246, 1.0, 0.7405319, 0.696498, 0.0, 0.0, 0.0, 0.0, 1.0, 0.0, 0.0, 0.0, 0.0, 0.0, 0.0, 1.0]"
2026-02-24T11:30:04.855208+00:00,2026-02-23,fl,trade,canary,64.0000,forecast,forecast,64.2093,65.9076,72.7007,0.2093,1.9076,8.7007,0.979070,0.809240,0.129930,0.979070,clear,Clear,sunny,13.2651,0.232107,8,"[""blend"", ""forecast"", ""lstm""]","[0.0, 0.0, 0.0, 1.0, 0.79983924, 0.60021428, 0.0, 1.0, 0.13265134, 0.23210749, 1.0, 0.0, 0.0, 0.0, 0.0, 0.0, 0.0, 0.0, 0.0, 1.0, 0.0, 0.0]"
2026-02-24T11:30:04.855208+00:00,2026-02-23,il,trade,canary,29.0000,forecast,forecast,28.1233,27.3746,24.3800,0.8767,1.6254,4.6200,0.912330,0.837460,0.538000,0.912330,partly_cloudy,Partially cloudy,cloudy,71.4422,0.708559,8,"[""blend"", ""forecast"", ""lstm""]","[0.0, 1.0, 0.0, 0.0, 0.79983924, 0.60021428, 0.025, 1.0, 0.71442163, 0.70855866, 0.0, 1.0, 0.0, 0.0, 0.0, 0.0, 0.0, 0.0, 0.0, 0.0, 0.0, 1.0]"
2026-02-24T11:30:04.855208+00:00,2026-02-23,ny,trade,canary,35.0000,forecast,forecast,34.6119,32.9201,26.1525,0.3881,2.0799,8.8475,0.961190,0.792010,0.115250,0.961190,snow,heavy snow,cloudy,74.0532,0.696498,8,"[""blend"", ""forecast"", ""lstm""]","[1.0, 0.0, 0.0, 0.0, 0.79983924, 0.60021428, 0.09821246, 1.0, 0.7405319, 0.696498, 0.0, 0.0, 0.0, 0.0, 1.0, 0.0, 0.0, 0.0, 0.0, 0.0, 0.0, 1.0]"
2026-02-24T11:30:04.855208+00:00,2026-02-23,tx,trade,canary,67.0000,forecast,forecast,64.5590,61.6205,49.8665,2.4410,5.3795,17.1335,0.755900,0.462050,0.000000,0.755900,clear,Clear,sunny,4.1896,0.715240,8,"[""blend"", ""forecast"", ""lstm""]","[0.0, 0.0, 1.0, 0.0, 0.79983924, 0.60021428, 0.046, 1.0, 0.04189627, 0.71524008, 1.0, 0.0, 0.0, 0.0, 0.0, 0.0, 0.0, 0.0, 0.0, 1.0, 0.0, 0.0]"
2026-02-25T07:15:39.675993+00:00,2026-02-24,il,trade,canary,40.0000,forecast,forecast,41.2999,37.9160,24.3800,1.2999,2.0840,15.6200,0.870010,0.791600,0.000000,0.870010,partly_cloudy,Partially cloudy,cloudy,72.5810,0.672873,8,"[""blend"", ""forecast"", ""lstm""]","[0.0, 1.0, 0.0, 0.0, 0.81002486, 0.58639553, 0.07, 1.0, 0.7258099, 0.67287271, 0.0, 1.0, 0.0, 0.0, 0.0, 0.0, 0.0, 0.0, 0.0, 0.0, 0.0, 1.0]"
2026-02-25T07:15:39.675993+00:00,2026-02-24,ny,trade,canary,31.0000,forecast,forecast,31.0211,30.0474,26.1525,0.0211,0.9526,4.8475,0.997890,0.904740,0.515250,0.997890,clear,Mostly clear in the morning and evening.,mixed,44.4960,0.984499,8,"[""blend"", ""forecast"", ""lstm""]","[1.0, 0.0, 0.0, 0.0, 0.81002486, 0.58639553, 0.19808647, 1.0, 0.44496019, 0.98449875, 1.0, 0.0, 0.0, 0.0, 0.0, 0.0, 0.0, 0.0, 0.0, 0.0, 1.0, 0.0]"
2026-02-25T11:30:05.005792+00:00,2026-02-24,fl,trade,canary,67.0000,forecast,forecast,64.0306,65.7646,72.7007,2.9694,1.2354,5.7007,0.703060,0.876460,0.429930,0.703060,clear,Clear,sunny,6.0605,0.100059,8,"[""blend"", ""forecast"", ""lstm""]","[0.0, 0.0, 0.0, 1.0, 0.81002486, 0.58639553, 0.0, 1.0, 0.06060499, 0.1000593, 1.0, 0.0, 0.0, 0.0, 0.0, 0.0, 0.0, 0.0, 0.0, 1.0, 0.0, 0.0]"
2026-02-25T11:30:05.005792+00:00,2026-02-24,il,trade,canary,40.0000,forecast,forecast,41.2999,37.9160,24.3800,1.2999,2.0840,15.6200,0.870010,0.791600,0.000000,0.870010,partly_cloudy,Partially cloudy,cloudy,72.5810,0.672873,8,"[""blend"", ""forecast"", ""lstm""]","[0.0, 1.0, 0.0, 0.0, 0.81002486, 0.58639553, 0.07, 1.0, 0.7258099, 0.67287271, 0.0, 1.0, 0.0, 0.0, 0.0, 0.0, 0.0, 0.0, 0.0, 0.0, 0.0, 1.0]"
2026-02-25T11:30:05.005792+00:00,2026-02-24,ny,trade,canary,31.0000,forecast,forecast,31.0211,30.0474,26.1525,0.0211,0.9526,4.8475,0.997890,0.904740,0.515250,0.997890,clear,Mostly clear in the morning and evening.,mixed,44.4960,0.984499,8,"[""blend"", ""forecast"", ""lstm""]","[1.0, 0.0, 0.0, 0.0, 0.81002486, 0.58639553, 0.19808647, 1.0, 0.44496019, 0.98449875, 1.0, 0.0, 0.0, 0.0, 0.0, 0.0, 0.0, 0.0, 0.0, 0.0, 1.0, 0.0]"
2026-02-25T11:30:05.005792+00:00,2026-02-24,tx,trade,canary,75.0000,forecast,forecast,73.8814,69.0784,49.8665,1.1186,5.9216,25.1335,0.888140,0.407840,0.000000,0.888140,clear,Clear,sunny,6.6297,0.654725,8,"[""blend"", ""forecast"", ""lstm""]","[0.0, 0.0, 1.0, 0.0, 0.81002486, 0.58639553, 0.1515, 1.0, 0.06629743, 0.65472452, 1.0, 0.0, 0.0, 0.0, 0.0, 0.0, 0.0, 0.0, 0.0, 1.0, 0.0, 0.0]"
2026-02-26T07:15:39.817438+00:00,2026-02-25,il,trade,canary,38.0000,forecast,forecast,35.7832,33.5025,24.3800,2.2168,4.4975,13.6200,0.778320,0.550250,0.000000,0.778320,clear,Clear,sunny,27.9840,0.628040,8,"[""blend"", ""forecast"", ""lstm""]","[0.0, 1.0, 0.0, 0.0, 0.81997176, 0.57240397, 0.0, 1.0, 0.27983998, 0.6280399, 1.0, 0.0, 0.0, 0.0, 0.0, 0.0, 0.0, 0.0, 0.0, 1.0, 0.0, 0.0]"
2026-02-26T07:15:39.817438+00:00,2026-02-25,ny,trade,canary,44.0000,forecast,forecast,39.7940,37.0657,26.1525,4.2060,6.9343,17.8475,0.579400,0.306570,0.000000,0.579400,fog,Misty in the morning.,mixed,37.1571,0.687471,7,"[""blend"", ""forecast"", ""lstm""]","[1.0, 0.0, 0.0, 0.0, 0.81997176, 0.57240397, 0.0244949, 0.875, 0.3715709, 0.68747094, 0.0, 0.0, 0.0, 0.0, 0.0, 0.0, 1.0, 0.0, 0.0, 0.0, 1.0, 0.0]"
2026-02-26T11:30:04.810012+00:00,2026-02-25,fl,trade,canary,72.0000,forecast,forecast,72.0798,72.2040,72.7007,0.0798,0.2040,0.7007,0.992020,0.979600,0.929930,0.992020,clear,Clear,sunny,16.2810,0.185061,8,"[""blend"", ""forecast"", ""lstm""]","[0.0, 0.0, 0.0, 1.0, 0.81997176, 0.57240397, 0.0, 1.0, 0.16281007, 0.18506084, 1.0, 0.0, 0.0, 0.0, 0.0, 0.0, 0.0, 0.0, 0.0, 1.0, 0.0, 0.0]"
2026-02-26T11:30:04.810012+00:00,2026-02-25,il,trade,canary,38.0000,forecast,forecast,35.7832,33.5025,24.3800,2.2168,4.4975,13.6200,0.778320,0.550250,0.000000,0.778320,clear,Clear,sunny,27.9840,0.628040,8,"[""blend"", ""forecast"", ""lstm""]","[0.0, 1.0, 0.0, 0.0, 0.81997176, 0.57240397, 0.0, 1.0, 0.27983998, 0.6280399, 1.0, 0.0, 0.0, 0.0, 0.0, 0.0, 0.0, 0.0, 0.0, 1.0, 0.0, 0.0]"
2026-02-26T11:30:04.810012+00:00,2026-02-25,ny,trade,canary,44.0000,forecast,forecast,39.7940,37.0657,26.1525,4.2060,6.9343,17.8475,0.579400,0.306570,0.000000,0.579400,fog,Misty in the morning.,mixed,37.1571,0.687471,7,"[""blend"", ""forecast"", ""lstm""]","[1.0, 0.0, 0.0, 0.0, 0.81997176, 0.57240397, 0.0244949, 0.875, 0.3715709, 0.68747094, 0.0, 0.0, 0.0, 0.0, 0.0, 0.0, 1.0, 0.0, 0.0, 0.0, 1.0, 0.0]"
2026-02-26T11:30:04.810012+00:00,2026-02-25,tx,trade,canary,88.0000,forecast,forecast,86.5653,79.2255,49.8665,1.4347,8.7745,38.1335,0.856530,0.122550,0.000000,0.856530,partly_cloudy,Partially cloudy,sunny,32.3768,0.685939,8,"[""blend"", ""forecast"", ""lstm""]","[0.0, 0.0, 1.0, 0.0, 0.81997176, 0.57240397, 0.08, 1.0, 0.32376777, 0.68593914, 0.0, 1.0, 0.0, 0.0, 0.0, 0.0, 0.0, 0.0, 0.0, 1.0, 0.0, 0.0]"
2026-02-27T07:15:43.905232+00:00,2026-02-26,il,trade,canary,43.0000,forecast,forecast,43.4855,39.6644,24.3800,0.4855,3.3356,18.6200,0.951450,0.666440,0.000000,0.951450,partly_cloudy,Partially cloudy,mixed,50.3356,0.795075,8,"[""blend"", ""forecast"", ""lstm""]","[0.0, 1.0, 0.0, 0.0, 0.82967701, 0.55824372, 0.06, 1.0, 0.50335562, 0.79507496, 0.0, 1.0, 0.0, 0.0, 0.0, 0.0, 0.0, 0.0, 0.0, 0.0, 1.0, 0.0]"
2026-02-27T07:15:43.905232+00:00,2026-02-26,ny,trade,canary,49.0000,forecast,forecast,43.8379,40.3008,26.1525,5.1621,8.6992,22.8475,0.483790,0.130080,0.000000,0.483790,partly_cloudy,Partially cloudy,mixed,44.1674,0.939309,8,"[""blend"", ""forecast"", ""lstm""]","[1.0, 0.0, 0.0, 0.0, 0.82967701, 0.55824372, 0.27471201, 1.0, 0.44167403, 0.93930891, 0.0, 1.0, 0.0, 0.0, 0.0, 0.0, 0.0, 0.0, 0.0, 0.0, 1.0, 0.0]"
2026-02-27T11:30:04.334170+00:00,2026-02-26,fl,trade,canary,79.0000,forecast,forecast,77.8476,76.8182,72.7007,1.1524,2.1818,6.2993,0.884760,0.781820,0.370070,0.884760,partly_cloudy,Partially cloudy,mixed,39.9606,0.281073,8,"[""blend"", ""forecast"", ""lstm""]","[0.0, 0.0, 0.0, 1.0, 0.82967701, 0.55824372, 0.0, 1.0, 0.39960601, 0.28107345, 0.0, 1.0, 0.0, 0.0, 0.0, 0.0, 0.0, 0.0, 0.0, 0.0, 1.0, 0.0]"
2026-02-27T11:30:04.334170+00:00,2026-02-26,il,trade,canary,43.0000,forecast,forecast,43.4855,39.6644,24.3800,0.4855,3.3356,18.6200,0.951450,0.666440,0.000000,0.951450,partly_cloudy,Partially cloudy,mixed,50.3356,0.795075,8,"[""blend"", ""forecast"", ""lstm""]","[0.0, 1.0, 0.0, 0.0, 0.82967701, 0.55824372, 0.06, 1.0, 0.50335562, 0.79507496, 0.0, 1.0, 0.0, 0.0, 0.0, 0.0, 0.0, 0.0, 0.0, 0.0, 1.0, 0.0]"
2026-02-27T11:30:04.334170+00:00,2026-02-26,ny,trade,canary,49.0000,forecast,forecast,43.8379,40.3008,26.1525,5.1621,8.6992,22.8475,0.483790,0.130080,0.000000,0.483790,partly_cloudy,Partially cloudy,mixed,44.1674,0.939309,8,"[""blend"", ""forecast"", ""lstm""]","[1.0, 0.0, 0.0, 0.0, 0.82967701, 0.55824372, 0.27471201, 1.0, 0.44167403, 0.93930891, 0.0, 1.0, 0.0, 0.0, 0.0, 0.0, 0.0, 0.0, 0.0, 0.0, 1.0, 0.0]"
2026-02-27T11:30:04.334170+00:00,2026-02-26,tx,trade,canary,85.0000,forecast,forecast,85.6305,78.4777,49.8665,0.6305,6.5223,35.1335,0.936950,0.347770,0.000000,0.936950,clear,Clear,sunny,7.8024,0.577735,8,"[""blend"", ""forecast"", ""lstm""]","[0.0, 0.0, 1.0, 0.0, 0.82967701, 0.55824372, 0.24156711, 1.0, 0.07802428, 0.57773518, 1.0, 0.0, 0.0, 0.0, 0.0, 0.0, 0.0, 0.0, 0.0, 1.0, 0.0, 0.0]"
2026-02-28T07:15:40.303506+00:00,2026-02-27,il,trade,canary,65.0000,forecast,forecast,61.9106,54.4045,24.3800,3.0894,10.5955,40.6200,0.691060,0.000000,0.000000,0.691060,partly_cloudy,Partially cloudy,sunny,34.0306,0.724713,8,"[""blend"", ""forecast"", ""lstm""]","[0.0, 1.0, 0.0, 0.0, 0.83913775, 0.54391895, 0.0, 1.0, 0.3403063, 0.72471332, 0.0, 1.0, 0.0, 0.0, 0.0, 0.0, 0.0, 0.0, 0.0, 1.0, 0.0, 0.0]"
2026-02-28T07:15:40.303506+00:00,2026-02-27,ny,trade,canary,44.0000,forecast,forecast,40.6517,37.7518,26.1525,3.3483,6.2482,17.8475,0.665170,0.375180,0.000000,0.665170,cloudy_overcast,overcast,cloudy,69.7133,0.575869,8,"[""blend"", ""forecast"", ""lstm""]","[1.0, 0.0, 0.0, 0.0, 0.83913775, 0.54391895, 0.0, 1.0, 0.69713319, 0.57586855, 0.0, 0.0, 1.0, 0.0, 0.0, 0.0, 0.0, 0.0, 0.0, 0.0, 0.0, 1.0]"
2026-02-28T11:30:05.780745+00:00,2026-02-27,fl,trade,canary,83.0000,forecast,forecast,82.1637,80.2711,72.7007,0.8363,2.7289,10.2993,0.916370,0.727110,0.000000,0.916370,partly_cloudy,Partially cloudy,mixed,36.4692,0.211918,8,"[""blend"", ""forecast"", ""lstm""]","[0.0, 0.0, 0.0, 1.0, 0.83913775, 0.54391895, 0.0, 1.0, 0.36469214, 0.2119185, 0.0, 1.0, 0.0, 0.0, 0.0, 0.0, 0.0, 0.0, 0.0, 0.0, 1.0, 0.0]"
2026-02-28T11:30:05.780745+00:00,2026-02-27,il,trade,canary,65.0000,forecast,forecast,61.9106,54.4045,24.3800,3.0894,10.5955,40.6200,0.691060,0.000000,0.000000,0.691060,partly_cloudy,Partially cloudy,sunny,34.0306,0.724713,8,"[""blend"", ""forecast"", ""lstm""]","[0.0, 1.0, 0.0, 0.0, 0.83913775, 0.54391895, 0.0, 1.0, 0.3403063, 0.72471332, 0.0, 1.0, 0.0, 0.0, 0.0, 0.0, 0.0, 0.0, 0.0, 1.0, 0.0, 0.0]"
2026-02-28T11:30:05.780745+00:00,2026-02-27,ny,trade,canary,44.0000,forecast,forecast,40.6517,37.7518,26.1525,3.3483,6.2482,17.8475,0.665170,0.375180,0.000000,0.665170,cloudy_overcast,overcast,cloudy,69.7133,0.575869,8,"[""blend"", ""forecast"", ""lstm""]","[1.0, 0.0, 0.0, 0.0, 0.83913775, 0.54391895, 0.0, 1.0, 0.69713319, 0.57586855, 0.0, 0.0, 1.0, 0.0, 0.0, 0.0, 0.0, 0.0, 0.0, 0.0, 0.0, 1.0]"
2026-02-28T11:30:05.780745+00:00,2026-02-27,tx,trade,canary,87.0000,forecast,forecast,85.7373,78.5632,49.8665,1.2627,8.4368,37.1335,0.873730,0.156320,0.000000,0.873730,clear,Clear throughout the day.,sunny,4.6943,0.889859,8,"[""blend"", ""forecast"", ""lstm""]","[0.0, 0.0, 1.0, 0.0, 0.83913775, 0.54391895, 0.02857738, 1.0, 0.04694323, 0.88985902, 1.0, 0.0, 0.0, 0.0, 0.0, 0.0, 0.0, 0.0, 0.0, 1.0, 0.0, 0.0]"
2026-03-01T07:15:49.092784+00:00,2026-02-28,il,trade,live,47.0000,blend,blend,46.4521,47.2395,,0.5479,0.2395,,0.945210,0.976050,,0.976050,partly_cloudy,Partially cloudy,cloudy,72.7007,0.640001,8,"[""blend"", ""forecast""]","[0.0, 1.0, 0.0, 0.0, 0.8483512, 0.52943389, 0.0, 1.0, 0.72700749, 0.64000055, 0.0, 1.0, 0.0, 0.0, 0.0, 0.0, 0.0, 0.0, 0.0, 0.0, 0.0, 1.0]"
2026-03-01T07:15:49.092784+00:00,2026-02-28,ny,trade,live,54.0000,blend,blend,49.5058,50.3151,,4.4942,3.6849,,0.550580,0.631510,,0.631510,partly_cloudy,Partially cloudy,mixed,55.6173,0.725938,8,"[""blend"", ""forecast""]","[1.0, 0.0, 0.0, 0.0, 0.8483512, 0.52943389, 0.0, 1.0, 0.55617302, 0.72593758, 0.0, 1.0, 0.0, 0.0, 0.0, 0.0, 0.0, 0.0, 0.0, 0.0, 1.0, 0.0]"
2026-03-01T11:30:04.580014+00:00,2026-02-28,fl,trade,live,87.0000,forecast,forecast,83.5197,84.3645,,3.4803,2.6355,,0.651970,0.736450,,0.651970,partly_cloudy,Partially cloudy,mixed,42.9676,0.274664,8,"[""blend"", ""forecast""]","[0.0, 0.0, 0.0, 1.0, 0.8483512, 0.52943389, 0.0, 1.0, 0.42967589, 0.2746645, 0.0, 1.0, 0.0, 0.0, 0.0, 0.0, 0.0, 0.0, 0.0, 0.0, 1.0, 0.0]"
2026-03-01T11:30:04.580014+00:00,2026-02-28,il,trade,live,47.0000,blend,blend,46.4521,47.2395,,0.5479,0.2395,,0.945210,0.976050,,0.976050,partly_cloudy,Partially cloudy,cloudy,72.7007,0.640001,8,"[""blend"", ""forecast""]","[0.0, 1.0, 0.0, 0.0, 0.8483512, 0.52943389, 0.0, 1.0, 0.72700749, 0.64000055, 0.0, 1.0, 0.0, 0.0, 0.0, 0.0, 0.0, 0.0, 0.0, 0.0, 0.0, 1.0]"
2026-03-01T11:30:04.580014+00:00,2026-02-28,ny,trade,live,54.0000,blend,blend,49.5058,50.3151,,4.4942,3.6849,,0.550580,0.631510,,0.631510,partly_cloudy,Partially cloudy,mixed,55.6173,0.725938,8,"[""blend"", ""forecast""]","[1.0, 0.0, 0.0, 0.0, 0.8483512, 0.52943389, 0.0, 1.0, 0.55617302, 0.72593758, 0.0, 1.0, 0.0, 0.0, 0.0, 0.0, 0.0, 0.0, 0.0, 0.0, 1.0, 0.0]"
2026-03-01T11:30:04.580014+00:00,2026-02-28,tx,trade,live,87.0000,forecast,forecast,84.9270,85.7961,,2.0730,1.2039,,0.792700,0.879610,,0.792700,partly_cloudy,Partially cloudy,sunny,23.5018,0.846921,8,"[""blend"", ""forecast""]","[0.0, 0.0, 1.0, 0.0, 0.8483512, 0.52943389, 0.055, 1.0, 0.23501823, 0.8469207, 0.0, 1.0, 0.0, 0.0, 0.0, 0.0, 0.0, 0.0, 0.0, 1.0, 0.0, 0.0]"
2026-03-02T07:15:57.889855+00:00,2026-03-01,il,trade,live,32.0000,forecast,forecast,32.9249,33.6242,,0.9249,1.6242,,0.907510,0.837580,,0.907510,partly_cloudy,Partially cloudy,mixed,46.5986,0.340039,8,"[""blend"", ""forecast""]","[0.0, 1.0, 0.0, 0.0, 0.85731463, 0.5147928, 0.0, 1.0, 0.46598561, 0.34003858, 0.0, 1.0, 0.0, 0.0, 0.0, 0.0, 0.0, 0.0, 0.0, 0.0, 1.0, 0.0]"
2026-03-02T07:15:57.889855+00:00,2026-03-01,ny,trade,live,43.0000,forecast,forecast,41.9518,42.6017,,1.0482,0.3983,,0.895180,0.960170,,0.895180,snow,"Snow, Rain, Partially cloudy",mixed,48.5312,0.508776,8,"[""blend"", ""forecast""]","[1.0, 0.0, 0.0, 0.0, 0.85731463, 0.5147928, 0.0, 1.0, 0.48531196, 0.5087765, 0.0, 0.0, 0.0, 0.0, 1.0, 0.0, 0.0, 0.0, 0.0, 0.0, 1.0, 0.0]"
2026-03-02T11:30:05.536170+00:00,2026-03-01,fl,trade,live,84.0000,forecast,forecast,81.7910,82.7141,,2.2090,1.2859,,0.779100,0.871410,,0.779100,rain,"Rain, Partially cloudy",cloudy,67.5375,0.121281,8,"[""blend"", ""forecast""]","[0.0, 0.0, 0.0, 1.0, 0.85731463, 0.5147928, 0.0, 1.0, 0.67537472, 0.12128094, 0.0, 0.0, 0.0, 1.0, 0.0, 0.0, 0.0, 0.0, 0.0, 0.0, 0.0, 1.0]"
2026-03-02T11:30:05.536170+00:00,2026-03-01,il,trade,live,32.0000,forecast,forecast,32.9249,33.6242,,0.9249,1.6242,,0.907510,0.837580,,0.907510,partly_cloudy,Partially cloudy,mixed,46.5986,0.340039,8,"[""blend"", ""forecast""]","[0.0, 1.0, 0.0, 0.0, 0.85731463, 0.5147928, 0.0, 1.0, 0.46598561, 0.34003858, 0.0, 1.0, 0.0, 0.0, 0.0, 0.0, 0.0, 0.0, 0.0, 0.0, 1.0, 0.0]"
2026-03-02T11:30:05.536170+00:00,2026-03-01,ny,trade,live,43.0000,forecast,forecast,41.9518,42.6017,,1.0482,0.3983,,0.895180,0.960170,,0.895180,snow,"Snow, Rain, Partially cloudy",mixed,48.5312,0.508776,8,"[""blend"", ""forecast""]","[1.0, 0.0, 0.0, 0.0, 0.85731463, 0.5147928, 0.0, 1.0, 0.48531196, 0.5087765, 0.0, 0.0, 0.0, 0.0, 1.0, 0.0, 0.0, 0.0, 0.0, 0.0, 1.0, 0.0]"
2026-03-02T11:30:05.536170+00:00,2026-03-01,tx,trade,live,86.0000,forecast,forecast,83.7300,84.4486,,2.2700,1.5514,,0.773000,0.844860,,0.773000,partly_cloudy,Partially cloudy,mixed,49.5132,0.424849,8,"[""blend"", ""forecast""]","[0.0, 0.0, 1.0, 0.0, 0.85731463, 0.5147928, 0.0, 1.0, 0.49513218, 0.42484899, 0.0, 1.0, 0.0, 0.0, 0.0, 0.0, 0.0, 0.0, 0.0, 0.0, 1.0, 0.0]"
2026-03-03T07:15:43.913340+00:00,2026-03-02,il,trade,live,41.0000,forecast,forecast,40.9422,41.4953,,0.0578,0.4953,,0.994220,0.950470,,0.994220,partly_cloudy,Partially cloudy,sunny,32.6013,0.527745,8,"[""blend"", ""forecast""]","[0.0, 1.0, 0.0, 0.0, 0.8660254, 0.5, 0.39710964, 1.0, 0.32601268, 0.52774503, 0.0, 1.0, 0.0, 0.0, 0.0, 0.0, 0.0, 0.0, 0.0, 1.0, 0.0, 0.0]"
2026-03-03T07:15:43.913340+00:00,2026-03-02,ny,trade,live,33.0000,forecast,forecast,34.4789,34.9889,,1.4789,1.9889,,0.852110,0.801110,,0.852110,clear,Clear,sunny,28.8139,0.649404,8,"[""blend"", ""forecast""]","[1.0, 0.0, 0.0, 0.0, 0.8660254, 0.5, 0.38494438, 1.0, 0.28813854, 0.6494043, 1.0, 0.0, 0.0, 0.0, 0.0, 0.0, 0.0, 0.0, 0.0, 1.0, 0.0, 0.0]"
2026-03-03T11:30:06.958960+00:00,2026-03-02,fl,trade,live,82.0000,forecast,forecast,79.6934,80.5873,,2.3066,1.4127,,0.769340,0.858730,,0.769340,rain,"Rain, Partially cloudy",mixed,37.4676,0.541926,8,"[""blend"", ""forecast""]","[0.0, 0.0, 0.0, 1.0, 0.8660254, 0.5, 0.34166979, 1.0, 0.37467599, 0.54192602, 0.0, 0.0, 0.0, 1.0, 0.0, 0.0, 0.0, 0.0, 0.0, 0.0, 1.0, 0.0]"
2026-03-03T11:30:06.958960+00:00,2026-03-02,il,trade,live,41.0000,forecast,forecast,40.9422,41.4953,,0.0578,0.4953,,0.994220,0.950470,,0.994220,partly_cloudy,Partially cloudy,sunny,32.6013,0.527745,8,"[""blend"", ""forecast""]","[0.0, 1.0, 0.0, 0.0, 0.8660254, 0.5, 0.39710964, 1.0, 0.32601268, 0.52774503, 0.0, 1.0, 0.0, 0.0, 0.0, 0.0, 0.0, 0.0, 0.0, 1.0, 0.0, 0.0]"
2026-03-03T11:30:06.958960+00:00,2026-03-02,ny,trade,live,33.0000,forecast,forecast,34.4789,34.9889,,1.4789,1.9889,,0.852110,0.801110,,0.852110,clear,Clear,sunny,28.8139,0.649404,8,"[""blend"", ""forecast""]","[1.0, 0.0, 0.0, 0.0, 0.8660254, 0.5, 0.38494438, 1.0, 0.28813854, 0.6494043, 1.0, 0.0, 0.0, 0.0, 0.0, 0.0, 0.0, 0.0, 0.0, 1.0, 0.0, 0.0]"
2026-03-03T11:30:06.958960+00:00,2026-03-02,tx,trade,live,86.0000,forecast,forecast,84.4741,85.0289,,1.5259,0.9711,,0.847410,0.902890,,0.847410,partly_cloudy,Partially cloudy,mixed,51.9937,0.497670,8,"[""blend"", ""forecast""]","[0.0, 0.0, 1.0, 0.0, 0.8660254, 0.5, 1.0, 1.0, 0.51993675, 0.49767022, 0.0, 1.0, 0.0, 0.0, 0.0, 0.0, 0.0, 0.0, 0.0, 0.0, 1.0, 0.0]"
2026-03-04T07:15:37.715414+00:00,2026-03-03,il,trade,live,43.0000,blend,forecast,40.2961,40.7991,,2.7039,2.2009,,0.729610,0.779910,,0.729610,partly_cloudy,Partially cloudy,cloudy,75.3177,0.326905,8,"[""blend"", ""forecast""]","[0.0, 1.0, 0.0, 0.0, 0.87448096, 0.48505985, 0.34119533, 1.0, 0.75317654, 0.32690496, 0.0, 1.0, 0.0, 0.0, 0.0, 0.0, 0.0, 0.0, 0.0, 0.0, 0.0, 1.0]"
2026-03-04T07:15:37.715414+00:00,2026-03-03,ny,trade,live,36.0000,blend,blend,37.9503,38.4204,,1.9503,2.4204,,0.804970,0.757960,,0.757960,snow,"Snow, Rain, Overcast",cloudy,93.0575,0.566544,8,"[""blend"", ""forecast""]","[1.0, 0.0, 0.0, 0.0, 0.87448096, 0.48505985, 0.19851346, 1.0, 0.93057485, 0.56654354, 0.0, 0.0, 0.0, 0.0, 1.0, 0.0, 0.0, 0.0, 0.0, 0.0, 0.0, 1.0]"
2026-03-04T11:30:04.597954+00:00,2026-03-03,fl,trade,live,83.0000,forecast,forecast,80.8670,81.8170,,2.1330,1.1830,,0.786700,0.881700,,0.786700,rain,"Rain, Partially cloudy",sunny,32.9242,0.669504,8,"[""blend"", ""forecast""]","[0.0, 0.0, 0.0, 1.0, 0.87448096, 0.48505985, 0.17634883, 1.0, 0.32924199, 0.66950377, 0.0, 0.0, 0.0, 1.0, 0.0, 0.0, 0.0, 0.0, 0.0, 1.0, 0.0, 0.0]"
2026-03-04T11:30:04.597954+00:00,2026-03-03,il,trade,live,43.0000,blend,forecast,40.2961,40.7991,,2.7039,2.2009,,0.729610,0.779910,,0.729610,partly_cloudy,Partially cloudy,cloudy,75.3177,0.326905,8,"[""blend"", ""forecast""]","[0.0, 1.0, 0.0, 0.0, 0.87448096, 0.48505985, 0.34119533, 1.0, 0.75317654, 0.32690496, 0.0, 1.0, 0.0, 0.0, 0.0, 0.0, 0.0, 0.0, 0.0, 0.0, 0.0, 1.0]"
2026-03-04T11:30:04.597954+00:00,2026-03-03,ny,trade,live,36.0000,blend,blend,37.9503,38.4204,,1.9503,2.4204,,0.804970,0.757960,,0.757960,snow,"Snow, Rain, Overcast",cloudy,93.0575,0.566544,8,"[""blend"", ""forecast""]","[1.0, 0.0, 0.0, 0.0, 0.87448096, 0.48505985, 0.19851346, 1.0, 0.93057485, 0.56654354, 0.0, 0.0, 0.0, 0.0, 1.0, 0.0, 0.0, 0.0, 0.0, 0.0, 0.0, 1.0]"
2026-03-04T11:30:04.597954+00:00,2026-03-03,tx,trade,live,89.0000,forecast,forecast,87.7331,88.3172,,1.2669,0.6828,,0.873310,0.931720,,0.873310,partly_cloudy,Partially cloudy,mixed,55.2161,0.471225,8,"[""blend"", ""forecast""]","[0.0, 0.0, 1.0, 0.0, 0.87448096, 0.48505985, 0.16165303, 1.0, 0.5521608, 0.47122502, 0.0, 1.0, 0.0, 0.0, 0.0, 0.0, 0.0, 0.0, 0.0, 0.0, 1.0, 0.0]"
2026-03-05T07:15:53.767505+00:00,2026-03-04,ny,trade,live,49.0000,forecast,forecast,48.7648,49.1393,,0.2352,0.1393,,0.976480,0.986070,,0.976480,snow,"Snow, Rain, Partially cloudy",cloudy,65.5921,0.636266,8,"[""blend"", ""forecast""]","[1.0, 0.0, 0.0, 0.0, 0.8826788, 0.46997674, 0.22175912, 1.0, 0.65592126, 0.63626609, 0.0, 0.0, 0.0, 0.0, 1.0, 0.0, 0.0, 0.0, 0.0, 0.0, 0.0, 1.0]"
2026-03-05T11:30:04.193422+00:00,2026-03-04,fl,trade,live,81.0000,forecast,forecast,80.6021,81.4955,,0.3979,0.4955,,0.960210,0.950450,,0.960210,rain,"Rain, Partially cloudy",mixed,52.7506,0.590111,8,"[""blend"", ""forecast""]","[0.0, 0.0, 0.0, 1.0, 0.8826788, 0.46997674, 0.0, 1.0, 0.52750581, 0.59011086, 0.0, 0.0, 0.0, 1.0, 0.0, 0.0, 0.0, 0.0, 0.0, 0.0, 1.0, 0.0]"
2026-03-05T11:30:04.193422+00:00,2026-03-04,il,trade,live,42.0000,forecast,forecast,45.7027,46.1623,,3.7027,4.1623,,0.629730,0.583770,,0.629730,cloudy_overcast,Overcast,cloudy,83.3792,0.575643,8,"[""blend"", ""forecast""]","[0.0, 1.0, 0.0, 0.0, 0.8826788, 0.46997674, 0.26086269, 1.0, 0.83379239, 0.57564315, 0.0, 0.0, 1.0, 0.0, 0.0, 0.0, 0.0, 0.0, 0.0, 0.0, 0.0, 1.0]"
2026-03-05T11:30:04.193422+00:00,2026-03-04,ny,trade,live,49.0000,forecast,forecast,48.7648,49.1393,,0.2352,0.1393,,0.976480,0.986070,,0.976480,snow,"Snow, Rain, Partially cloudy",cloudy,65.5921,0.636266,8,"[""blend"", ""forecast""]","[1.0, 0.0, 0.0, 0.0, 0.8826788, 0.46997674, 0.22175912, 1.0, 0.65592126, 0.63626609, 0.0, 0.0, 0.0, 0.0, 1.0, 0.0, 0.0, 0.0, 0.0, 0.0, 0.0, 1.0]"
2026-03-05T11:30:04.193422+00:00,2026-03-04,tx,trade,live,88.0000,forecast,forecast,84.4637,85.0567,,3.5363,2.9433,,0.646370,0.705670,,0.646370,partly_cloudy,Partially cloudy,cloudy,70.1987,0.822013,8,"[""blend"", ""forecast""]","[0.0, 0.0, 1.0, 0.0, 0.8826788, 0.46997674, 0.28068742, 1.0, 0.70198686, 0.82201258, 0.0, 1.0, 0.0, 0.0, 0.0, 0.0, 0.0, 0.0, 0.0, 0.0, 0.0, 1.0]"
2026-03-06T07:15:39.194072+00:00,2026-03-05,il,trade,live,51.0000,forecast,forecast,45.2716,45.7413,,5.7284,5.2587,,0.427160,0.474130,,0.427160,rain,"Rain, Overcast",cloudy,83.5149,0.201392,8,"[""blend"", ""forecast""]","[0.0, 1.0, 0.0, 0.0, 0.89061651, 0.45475514, 0.28141943, 1.0, 0.83514936, 0.20139167, 0.0, 0.0, 0.0, 1.0, 0.0, 0.0, 0.0, 0.0, 0.0, 0.0, 0.0, 1.0]"
2026-03-06T07:15:39.194072+00:00,2026-03-05,ny,trade,live,46.0000,forecast,forecast,44.5383,44.9050,,1.4617,1.0950,,0.853830,0.890500,,0.853830,snow,"Rain, Overcast",cloudy,91.8478,0.793536,8,"[""blend"", ""forecast""]","[1.0, 0.0, 0.0, 0.0, 0.89061651, 0.45475514, 0.2309125, 1.0, 0.91847767, 0.79353562, 0.0, 0.0, 0.0, 0.0, 1.0, 0.0, 0.0, 0.0, 0.0, 0.0, 0.0, 1.0]"
2026-03-06T11:30:04.538981+00:00,2026-03-05,fl,trade,live,84.0000,forecast,forecast,81.7664,82.6662,,2.2336,1.3338,,0.776640,0.866620,,0.776640,rain,"Rain, Partially cloudy",mixed,54.2269,0.629770,8,"[""blend"", ""forecast""]","[0.0, 0.0, 0.0, 1.0, 0.89061651, 0.45475514, 0.16181863, 1.0, 0.54226935, 0.62977018, 0.0, 0.0, 0.0, 1.0, 0.0, 0.0, 0.0, 0.0, 0.0, 0.0, 1.0, 0.0]"
2026-03-06T11:30:04.538981+00:00,2026-03-05,il,trade,live,51.0000,forecast,forecast,45.2716,45.7413,,5.7284,5.2587,,0.427160,0.474130,,0.427160,rain,"Rain, Overcast",cloudy,83.5149,0.201392,8,"[""blend"", ""forecast""]","[0.0, 1.0, 0.0, 0.0, 0.89061651, 0.45475514, 0.28141943, 1.0, 0.83514936, 0.20139167, 0.0, 0.0, 0.0, 1.0, 0.0, 0.0, 0.0, 0.0, 0.0, 0.0, 0.0, 1.0]"
2026-03-06T11:30:04.538981+00:00,2026-03-05,ny,trade,live,46.0000,forecast,forecast,44.5383,44.9050,,1.4617,1.0950,,0.853830,0.890500,,0.853830,snow,"Rain, Overcast",cloudy,91.8478,0.793536,8,"[""blend"", ""forecast""]","[1.0, 0.0, 0.0, 0.0, 0.89061651, 0.45475514, 0.2309125, 1.0, 0.91847767, 0.79353562, 0.0, 0.0, 0.0, 0.0, 1.0, 0.0, 0.0, 0.0, 0.0, 0.0, 0.0, 1.0]"
2026-03-06T11:30:04.538981+00:00,2026-03-05,tx,trade,live,88.0000,forecast,forecast,84.5021,85.1430,,3.4979,2.8570,,0.650210,0.714300,,0.650210,rain,"Rain, Partially cloudy",cloudy,69.1055,0.465492,8,"[""blend"", ""forecast""]","[0.0, 0.0, 1.0, 0.0, 0.89061651, 0.45475514, 0.0, 1.0, 0.69105486, 0.46549194, 0.0, 0.0, 0.0, 1.0, 0.0, 0.0, 0.0, 0.0, 0.0, 0.0, 0.0, 1.0]"
2026-03-07T07:15:40.020637+00:00,2026-03-06,il,trade,live,74.0000,blend,forecast,68.8485,69.3198,,5.1515,4.6802,,0.484850,0.531980,,0.484850,rain,"Rain, Overcast",cloudy,81.8576,0.208111,8,"[""blend"", ""forecast""]","[0.0, 1.0, 0.0, 0.0, 0.89829175, 0.43939951, 0.42757474, 1.0, 0.81857615, 0.208111, 0.0, 0.0, 0.0, 1.0, 0.0, 0.0, 0.0, 0.0, 0.0, 0.0, 0.0, 1.0]"
2026-03-07T07:15:40.020637+00:00,2026-03-06,ny,trade,live,41.0000,forecast,forecast,42.5077,42.8805,,1.5077,1.8805,,0.849230,0.811950,,0.849230,rain,"Rain, Overcast",cloudy,91.4846,0.529103,8,"[""blend"", ""forecast""]","[1.0, 0.0, 0.0, 0.0, 0.89829175, 0.43939951, 0.0475, 1.0, 0.91484612, 0.52910312, 0.0, 0.0, 0.0, 1.0, 0.0, 0.0, 0.0, 0.0, 0.0, 0.0, 0.0, 1.0]"
2026-03-07T11:30:04.545169+00:00,2026-03-06,fl,trade,live,84.0000,blend,blend,81.3630,82.3213,,2.6370,1.6787,,0.736300,0.832130,,0.832130,partly_cloudy,Partially cloudy,mixed,48.9630,0.345703,8,"[""blend"", ""forecast""]","[0.0, 0.0, 0.0, 1.0, 0.89829175, 0.43939951, 0.02, 1.0, 0.48963039, 0.34570274, 0.0, 1.0, 0.0, 0.0, 0.0, 0.0, 0.0, 0.0, 0.0, 0.0, 1.0, 0.0]"
2026-03-07T11:30:04.545169+00:00,2026-03-06,il,trade,live,74.0000,blend,forecast,68.8485,69.3198,,5.1515,4.6802,,0.484850,0.531980,,0.484850,rain,"Rain, Overcast",cloudy,81.8576,0.208111,8,"[""blend"", ""forecast""]","[0.0, 1.0, 0.0, 0.0, 0.89829175, 0.43939951, 0.42757474, 1.0, 0.81857615, 0.208111, 0.0, 0.0, 0.0, 1.0, 0.0, 0.0, 0.0, 0.0, 0.0, 0.0, 0.0, 1.0]"
2026-03-07T11:30:04.545169+00:00,2026-03-06,ny,trade,live,41.0000,forecast,forecast,42.5077,42.8805,,1.5077,1.8805,,0.849230,0.811950,,0.849230,rain,"Rain, Overcast",cloudy,91.4846,0.529103,8,"[""blend"", ""forecast""]","[1.0, 0.0, 0.0, 0.0, 0.89829175, 0.43939951, 0.0475, 1.0, 0.91484612, 0.52910312, 0.0, 0.0, 0.0, 1.0, 0.0, 0.0, 0.0, 0.0, 0.0, 0.0, 0.0, 1.0]"
2026-03-07T11:30:04.545169+00:00,2026-03-06,tx,trade,live,86.0000,blend,blend,83.2391,83.9049,,2.7609,2.0951,,0.723910,0.790490,,0.790490,partly_cloudy,Partially cloudy,cloudy,75.3221,0.688281,8,"[""blend"", ""forecast""]","[0.0, 0.0, 1.0, 0.0, 0.89829175, 0.43939951, 0.21204738, 1.0, 0.75322071, 0.68828072, 0.0, 1.0, 0.0, 0.0, 0.0, 0.0, 0.0, 0.0, 0.0, 0.0, 0.0, 1.0]"
2026-03-08T07:00:33.681041+00:00,2026-03-07,il,trade,live,64.0000,forecast,forecast,62.8657,63.3417,,1.1343,0.6583,,0.886570,0.934170,,0.886570,rain,"Rain, Partially cloudy",cloudy,76.3524,0.554326,7,"[""blend"", ""forecast""]","[0.0, 1.0, 0.0, 0.0, 0.90570226, 0.42391439, 0.63428393, 0.875, 0.76352429, 0.55432642, 0.0, 0.0, 0.0, 1.0, 0.0, 0.0, 0.0, 0.0, 0.0, 0.0, 0.0, 1.0]"
2026-03-08T07:00:33.681041+00:00,2026-03-07,ny,trade,live,52.0000,forecast,forecast,47.6755,48.0697,,4.3245,3.9303,,0.567550,0.606970,,0.567550,cloudy_overcast,Overcast,cloudy,79.0344,0.886502,8,"[""blend"", ""forecast""]","[1.0, 0.0, 0.0, 0.0, 0.90570226, 0.42391439, 0.18355804, 1.0, 0.79034408, 0.88650209, 0.0, 0.0, 1.0, 0.0, 0.0, 0.0, 0.0, 0.0, 0.0, 0.0, 0.0, 1.0]"
2026-03-08T07:00:33.681041+00:00,2026-03-07,tx,trade,live,77.0000,forecast,forecast,77.4459,78.1363,,0.4459,1.1363,,0.955410,0.886370,,0.955410,rain,"Rain, Partially cloudy",cloudy,73.3671,0.508258,8,"[""blend"", ""forecast""]","[0.0, 0.0, 1.0, 0.0, 0.90570226, 0.42391439, 0.28679612, 1.0, 0.73367073, 0.50825755, 0.0, 0.0, 0.0, 1.0, 0.0, 0.0, 0.0, 0.0, 0.0, 0.0, 0.0, 1.0]"
2026-03-08T10:30:06.547582+00:00,2026-03-07,fl,trade,live,83.0000,forecast,forecast,81.7315,82.6624,,1.2685,0.3376,,0.873150,0.966240,,0.873150,rain,"Rain, Partially cloudy",mixed,47.9707,0.650519,8,"[""blend"", ""forecast""]","[0.0, 0.0, 0.0, 1.0, 0.90570226, 0.42391439, 0.16107263, 1.0, 0.47970737, 0.65051908, 0.0, 0.0, 0.0, 1.0, 0.0, 0.0, 0.0, 0.0, 0.0, 0.0, 1.0, 0.0]"
2026-03-08T10:30:06.547582+00:00,2026-03-07,il,trade,live,64.0000,forecast,forecast,62.8657,63.3417,,1.1343,0.6583,,0.886570,0.934170,,0.886570,rain,"Rain, Partially cloudy",cloudy,76.3524,0.554326,7,"[""blend"", ""forecast""]","[0.0, 1.0, 0.0, 0.0, 0.90570226, 0.42391439, 0.63428393, 0.875, 0.76352429, 0.55432642, 0.0, 0.0, 0.0, 1.0, 0.0, 0.0, 0.0, 0.0, 0.0, 0.0, 0.0, 1.0]"
2026-03-08T10:30:06.547582+00:00,2026-03-07,ny,trade,live,52.0000,forecast,forecast,47.6755,48.0697,,4.3245,3.9303,,0.567550,0.606970,,0.567550,cloudy_overcast,Overcast,cloudy,79.0344,0.886502,8,"[""blend"", ""forecast""]","[1.0, 0.0, 0.0, 0.0, 0.90570226, 0.42391439, 0.18355804, 1.0, 0.79034408, 0.88650209, 0.0, 0.0, 1.0, 0.0, 0.0, 0.0, 0.0, 0.0, 0.0, 0.0, 0.0, 1.0]"
2026-03-08T10:30:06.547582+00:00,2026-03-07,tx,trade,live,77.0000,forecast,forecast,77.4459,78.1363,,0.4459,1.1363,,0.955410,0.886370,,0.955410,rain,"Rain, Partially cloudy",cloudy,73.3671,0.508258,8,"[""blend"", ""forecast""]","[0.0, 0.0, 1.0, 0.0, 0.90570226, 0.42391439, 0.28679612, 1.0, 0.73367073, 0.50825755, 0.0, 0.0, 0.0, 1.0, 0.0, 0.0, 0.0, 0.0, 0.0, 0.0, 0.0, 1.0]"
2026-03-09T10:30:04.297750+00:00,2026-03-08,fl,trade,live,84.0000,forecast,forecast,83.5491,84.4839,,0.4509,0.4839,,0.954910,0.951610,,0.954910,rain,"Rain, Partially cloudy",sunny,28.2719,0.641259,8,"[""blend"", ""forecast""]","[0.0, 0.0, 0.0, 1.0, 0.91284586, 0.40830434, 0.21595564, 1.0, 0.28271931, 0.64125858, 0.0, 0.0, 0.0, 1.0, 0.0, 0.0, 0.0, 0.0, 0.0, 1.0, 0.0, 0.0]"
2026-03-09T10:30:04.297750+00:00,2026-03-08,il,trade,live,63.0000,forecast,forecast,61.6092,62.0948,,1.3908,0.9052,,0.860920,0.909480,,0.860920,partly_cloudy,Partially cloudy,mixed,44.0289,0.739688,8,"[""blend"", ""forecast""]","[0.0, 1.0, 0.0, 0.0, 0.91284586, 0.40830434, 0.16446135, 1.0, 0.44028934, 0.73968788, 0.0, 1.0, 0.0, 0.0, 0.0, 0.0, 0.0, 0.0, 0.0, 0.0, 1.0, 0.0]"
2026-03-09T10:30:04.297750+00:00,2026-03-08,ny,trade,live,69.0000,forecast,forecast,65.6495,66.1311,,3.3505,2.8689,,0.664950,0.713110,,0.664950,partly_cloudy,Partially cloudy,mixed,43.2309,0.710626,8,"[""blend"", ""forecast""]","[1.0, 0.0, 0.0, 0.0, 0.91284586, 0.40830434, 0.0325, 1.0, 0.43230909, 0.71062618, 0.0, 1.0, 0.0, 0.0, 0.0, 0.0, 0.0, 0.0, 0.0, 0.0, 1.0, 0.0]"
2026-03-09T10:30:04.297750+00:00,2026-03-08,tx,trade,live,67.0000,forecast,forecast,66.0650,66.7563,,0.9350,0.2437,,0.906500,0.975630,,0.906500,rain,Patchy rain nearby,cloudy,83.3161,0.698286,8,"[""blend"", ""forecast""]","[0.0, 0.0, 1.0, 0.0, 0.91284586, 0.40830434, 0.285, 1.0, 0.83316067, 0.69828609, 0.0, 0.0, 0.0, 1.0, 0.0, 0.0, 0.0, 0.0, 0.0, 0.0, 0.0, 1.0]"
2026-03-10T10:30:04.768101+00:00,2026-03-09,fl,trade,live,85.0000,blend,blend,83.5085,84.3939,,1.4915,0.6061,,0.850850,0.939390,,0.939390,partly_cloudy,Partially cloudy,mixed,37.9963,0.563005,8,"[""blend"", ""forecast""]","[0.0, 0.0, 0.0, 1.0, 0.91972044, 0.39257396, 0.18942586, 1.0, 0.37996317, 0.56300512, 0.0, 1.0, 0.0, 0.0, 0.0, 0.0, 0.0, 0.0, 0.0, 0.0, 1.0, 0.0]"
2026-03-10T10:30:04.768101+00:00,2026-03-09,il,trade,live,73.0000,forecast,forecast,73.4483,73.9304,,0.4483,0.9304,,0.955170,0.906960,,0.955170,partly_cloudy,Partially cloudy,mixed,36.4231,0.930853,8,"[""blend"", ""forecast""]","[0.0, 1.0, 0.0, 0.0, 0.91972044, 0.39257396, 0.29258439, 1.0, 0.36423077, 0.93085341, 0.0, 1.0, 0.0, 0.0, 0.0, 0.0, 0.0, 0.0, 0.0, 0.0, 1.0, 0.0]"
2026-03-10T10:30:04.768101+00:00,2026-03-09,ny,trade,live,73.0000,forecast,forecast,69.9950,70.5144,,3.0050,2.4856,,0.699500,0.751440,,0.699500,clear,Clear,sunny,15.2333,0.858009,8,"[""blend"", ""forecast""]","[1.0, 0.0, 0.0, 0.0, 0.91972044, 0.39257396, 0.2515, 1.0, 0.152333, 0.8580092, 1.0, 0.0, 0.0, 0.0, 0.0, 0.0, 0.0, 0.0, 0.0, 1.0, 0.0, 0.0]"
2026-03-10T10:30:04.768101+00:00,2026-03-09,tx,trade,live,80.0000,forecast,forecast,80.1222,80.8193,,0.1222,0.8193,,0.987780,0.918070,,0.987780,rain,"Rain, Partially cloudy",cloudy,82.8333,0.879550,8,"[""blend"", ""forecast""]","[0.0, 0.0, 1.0, 0.0, 0.91972044, 0.39257396, 0.21111071, 1.0, 0.82833267, 0.87955048, 0.0, 0.0, 0.0, 1.0, 0.0, 0.0, 0.0, 0.0, 0.0, 0.0, 0.0, 1.0]"
2026-03-11T10:30:10.732916+00:00,2026-03-10,fl,trade,live,85.0000,blend,blend,84.1576,85.0636,,0.8424,0.0636,,0.915760,0.993640,,0.993640,partly_cloudy,Partially cloudy,sunny,31.5097,0.161930,8,"[""blend"", ""forecast""]","[0.0, 0.0, 0.0, 1.0, 0.92632397, 0.37672789, 0.22187916, 1.0, 0.31509683, 0.16192954, 0.0, 1.0, 0.0, 0.0, 0.0, 0.0, 0.0, 0.0, 0.0, 1.0, 0.0, 0.0]"
2026-03-11T10:30:10.732916+00:00,2026-03-10,il,trade,live,63.0000,blend,forecast,61.3435,61.8555,,1.6565,1.1445,,0.834350,0.885550,,0.834350,rain,"Rain, Partially cloudy",cloudy,76.4363,0.773729,8,"[""blend"", ""forecast""]","[0.0, 1.0, 0.0, 0.0, 0.92632397, 0.37672789, 0.54017668, 1.0, 0.76436313, 0.77372948, 0.0, 0.0, 0.0, 1.0, 0.0, 0.0, 0.0, 0.0, 0.0, 0.0, 0.0, 1.0]"
2026-03-11T10:30:10.732916+00:00,2026-03-10,ny,trade,live,80.0000,forecast,forecast,76.3386,76.8699,,3.6614,3.1301,,0.633860,0.686990,,0.633860,clear,Clear,sunny,8.8282,0.952294,8,"[""blend"", ""forecast""]","[1.0, 0.0, 0.0, 0.0, 0.92632397, 0.37672789, 0.27543223, 1.0, 0.08828187, 0.95229443, 1.0, 0.0, 0.0, 0.0, 0.0, 0.0, 0.0, 0.0, 0.0, 1.0, 0.0, 0.0]"
2026-03-11T10:30:10.732916+00:00,2026-03-10,tx,trade,live,85.0000,forecast,forecast,81.8504,82.5787,,3.1496,2.4213,,0.685040,0.757870,,0.685040,rain,"Rain, Partially cloudy",cloudy,80.8609,0.790172,8,"[""blend"", ""forecast""]","[0.0, 0.0, 1.0, 0.0, 0.92632397, 0.37672789, 0.0, 1.0, 0.80860855, 0.79017203, 0.0, 0.0, 0.0, 1.0, 0.0, 0.0, 0.0, 0.0, 0.0, 0.0, 0.0, 1.0]"
2026-03-12T10:30:05.004068+00:00,2026-03-11,fl,trade,live,84.0000,forecast,forecast,82.3434,83.2523,,1.6566,0.7477,,0.834340,0.925230,,0.834340,partly_cloudy,Partially cloudy,sunny,29.1742,0.489667,8,"[""blend"", ""forecast""]","[0.0, 0.0, 0.0, 1.0, 0.93265451, 0.3607708, 0.0, 1.0, 0.29174159, 0.48966719, 0.0, 1.0, 0.0, 0.0, 0.0, 0.0, 0.0, 0.0, 0.0, 1.0, 0.0, 0.0]"
2026-03-12T10:30:05.004068+00:00,2026-03-11,il,trade,live,45.0000,blend,forecast,45.9803,46.6595,,0.9803,1.6595,,0.901970,0.834050,,0.901970,rain,"Rain, Partially cloudy",cloudy,80.4395,0.723489,8,"[""blend"", ""forecast""]","[0.0, 1.0, 0.0, 0.0, 0.93265451, 0.3607708, 0.47851258, 1.0, 0.80439527, 0.72348897, 0.0, 0.0, 0.0, 1.0, 0.0, 0.0, 0.0, 0.0, 0.0, 0.0, 0.0, 1.0]"
2026-03-12T10:30:05.004068+00:00,2026-03-11,ny,trade,live,72.0000,forecast,forecast,74.8123,75.3470,,2.8123,3.3470,,0.718770,0.665300,,0.718770,partly_cloudy,Partially cloudy,mixed,60.3122,0.803740,8,"[""blend"", ""forecast""]","[1.0, 0.0, 0.0, 0.0, 0.93265451, 0.3607708, 0.23438541, 1.0, 0.60312163, 0.8037399, 0.0, 1.0, 0.0, 0.0, 0.0, 0.0, 0.0, 0.0, 0.0, 0.0, 1.0, 0.0]"
2026-03-12T10:30:05.004068+00:00,2026-03-11,tx,trade,live,84.0000,forecast,forecast,80.1587,80.9146,,3.8413,3.0854,,0.615870,0.691460,,0.615870,rain,"Rain, Partially cloudy",mixed,53.1673,0.535250,8,"[""blend"", ""forecast""]","[0.0, 0.0, 1.0, 0.0, 0.93265451, 0.3607708, 0.21193487, 1.0, 0.53167319, 0.53524991, 0.0, 0.0, 0.0, 1.0, 0.0, 0.0, 0.0, 0.0, 0.0, 0.0, 1.0, 0.0]"
2026-03-13T10:30:03.955648+00:00,2026-03-12,fl,trade,live,87.0000,blend,forecast,83.3015,84.1875,,3.6985,2.8125,,0.630150,0.718750,,0.630150,partly_cloudy,Partially cloudy,mixed,63.2358,0.401976,8,"[""blend"", ""forecast""]","[0.0, 0.0, 0.0, 1.0, 0.93871019, 0.34470738, 0.24992581, 1.0, 0.63235776, 0.4019762, 0.0, 1.0, 0.0, 0.0, 0.0, 0.0, 0.0, 0.0, 0.0, 0.0, 1.0, 0.0]"
2026-03-13T10:30:03.955648+00:00,2026-03-12,il,trade,live,45.0000,forecast,forecast,45.0364,45.7253,,0.0364,0.7253,,0.996360,0.927470,,0.996360,partly_cloudy,Partially cloudy,mixed,42.4742,0.752819,8,"[""blend"", ""forecast""]","[0.0, 1.0, 0.0, 0.0, 0.93871019, 0.34470738, 0.0, 1.0, 0.4247418, 0.75281854, 0.0, 1.0, 0.0, 0.0, 0.0, 0.0, 0.0, 0.0, 0.0, 0.0, 1.0, 0.0]"
2026-03-13T10:30:03.955648+00:00,2026-03-12,ny,trade,live,63.0000,blend,forecast,57.6360,58.2144,,5.3640,4.7856,,0.463600,0.521440,,0.463600,snow,snow,cloudy,71.8199,0.978006,8,"[""blend"", ""forecast""]","[1.0, 0.0, 0.0, 0.0, 0.93871019, 0.34470738, 0.90380032, 1.0, 0.71819915, 0.97800613, 0.0, 0.0, 0.0, 0.0, 1.0, 0.0, 0.0, 0.0, 0.0, 0.0, 0.0, 1.0]"
2026-03-13T10:30:03.955648+00:00,2026-03-12,tx,trade,live,66.0000,forecast,forecast,67.4392,68.2685,,1.4392,2.2685,,0.856080,0.773150,,0.856080,clear,Clear,sunny,4.5622,0.873692,8,"[""blend"", ""forecast""]","[0.0, 0.0, 1.0, 0.0, 0.93871019, 0.34470738, 0.59803978, 1.0, 0.04562231, 0.87369198, 1.0, 0.0, 0.0, 0.0, 0.0, 0.0, 0.0, 0.0, 0.0, 1.0, 0.0, 0.0]"
2026-03-14T10:30:04.551501+00:00,2026-03-13,fl,trade,live,81.0000,blend,blend,79.6089,80.5651,,1.3911,0.4349,,0.860890,0.956510,,0.956510,rain,"Rain, Partially cloudy",cloudy,65.4832,0.167687,8,"[""blend"", ""forecast""]","[0.0, 0.0, 0.0, 1.0, 0.94448923, 0.32854238, 0.1945563, 1.0, 0.65483171, 0.16768673, 0.0, 0.0, 0.0, 1.0, 0.0, 0.0, 0.0, 0.0, 0.0, 0.0, 0.0, 1.0]"
2026-03-14T10:30:04.551501+00:00,2026-03-13,il,trade,live,48.0000,blend,blend,46.4344,47.1304,,1.5656,0.8696,,0.843440,0.913040,,0.913040,rain,"Rain, Partially cloudy",mixed,60.7872,0.340607,8,"[""blend"", ""forecast""]","[0.0, 1.0, 0.0, 0.0, 0.94448923, 0.32854238, 0.0, 1.0, 0.60787233, 0.34060688, 0.0, 0.0, 0.0, 1.0, 0.0, 0.0, 0.0, 0.0, 0.0, 0.0, 1.0, 0.0]"
2026-03-14T10:30:04.551501+00:00,2026-03-13,ny,trade,live,42.0000,forecast,forecast,43.5646,44.2737,,1.5646,2.2737,,0.843540,0.772630,,0.843540,cloudy_overcast,overcast,mixed,55.3571,0.843681,8,"[""blend"", ""forecast""]","[1.0, 0.0, 0.0, 0.0, 0.94448923, 0.32854238, 0.17176802, 1.0, 0.55357132, 0.84368071, 0.0, 0.0, 1.0, 0.0, 0.0, 0.0, 0.0, 0.0, 0.0, 0.0, 1.0, 0.0]"
2026-03-14T10:30:04.551501+00:00,2026-03-13,tx,trade,live,81.0000,forecast,forecast,77.8524,78.5891,,3.1476,2.4109,,0.685240,0.758910,,0.685240,clear,Clear,sunny,2.4295,0.924291,8,"[""blend"", ""forecast""]","[0.0, 0.0, 1.0, 0.0, 0.94448923, 0.32854238, 0.27237812, 1.0, 0.0242946, 0.92429075, 1.0, 0.0, 0.0, 0.0, 0.0, 0.0, 0.0, 0.0, 0.0, 1.0, 0.0, 0.0]"
2026-03-15T10:30:04.630284+00:00,2026-03-14,fl,trade,live,85.0000,blend,blend,82.8781,84.3065,,2.1219,0.6935,,0.787810,0.930650,,0.930650,rain,"Rain, Partially cloudy",mixed,35.8812,0.594181,8,"[""blend"", ""forecast""]","[0.0, 0.0, 0.0, 1.0, 0.94998992, 0.31228056, 0.18940557, 1.0, 0.35881153, 0.59418053, 0.0, 0.0, 0.0, 1.0, 0.0, 0.0, 0.0, 0.0, 0.0, 0.0, 1.0, 0.0]"
2026-03-15T10:30:04.630284+00:00,2026-03-14,il,trade,live,38.0000,blend,blend,40.6164,41.3276,,2.6164,3.3276,,0.738360,0.667240,,0.667240,partly_cloudy,Partially cloudy,cloudy,77.0176,0.650929,8,"[""blend"", ""forecast""]","[0.0, 1.0, 0.0, 0.0, 0.94998992, 0.31228056, 0.1518176, 1.0, 0.7701765, 0.65092902, 0.0, 1.0, 0.0, 0.0, 0.0, 0.0, 0.0, 0.0, 0.0, 0.0, 0.0, 1.0]"
2026-03-15T10:30:04.630284+00:00,2026-03-14,ny,trade,live,51.0000,blend,blend,49.4869,50.0499,,1.5131,0.9501,,0.848690,0.904990,,0.904990,clear,Clear,mixed,38.0573,0.952443,8,"[""blend"", ""forecast""]","[1.0, 0.0, 0.0, 0.0, 0.94998992, 0.31228056, 0.15065523, 1.0, 0.38057345, 0.95244345, 1.0, 0.0, 0.0, 0.0, 0.0, 0.0, 0.0, 0.0, 0.0, 0.0, 1.0, 0.0]"
2026-03-15T10:30:04.630284+00:00,2026-03-14,tx,trade,live,86.0000,forecast,forecast,83.3551,84.4301,,2.6449,1.5699,,0.735510,0.843010,,0.735510,partly_cloudy,Partially cloudy,mixed,41.3125,0.802020,8,"[""blend"", ""forecast""]","[0.0, 0.0, 1.0, 0.0, 0.94998992, 0.31228056, 0.0995, 1.0, 0.41312512, 0.80202024, 0.0, 1.0, 0.0, 0.0, 0.0, 0.0, 0.0, 0.0, 0.0, 0.0, 1.0, 0.0]"
2026-03-16T10:30:05.393409+00:00,2026-03-15,fl,trade,live,81.0000,blend,blend,80.1695,81.5093,,0.8305,0.5093,,0.916950,0.949070,,0.949070,rain,"Rain, Partially cloudy",cloudy,71.8410,0.423685,8,"[""blend"", ""forecast""]","[0.0, 0.0, 0.0, 1.0, 0.95521065, 0.2959267, 0.2115226, 1.0, 0.71841024, 0.42368519, 0.0, 0.0, 0.0, 1.0, 0.0, 0.0, 0.0, 0.0, 0.0, 0.0, 0.0, 1.0]"
2026-03-16T10:30:05.393409+00:00,2026-03-15,il,trade,live,64.0000,blend,blend,59.3030,60.3340,,4.6970,3.6660,,0.530300,0.633400,,0.633400,rain,"Rain, Overcast",cloudy,82.2336,0.461681,8,"[""blend"", ""forecast""]","[0.0, 1.0, 0.0, 0.0, 0.95521065, 0.2959267, 0.165849, 1.0, 0.82233609, 0.46168115, 0.0, 0.0, 0.0, 1.0, 0.0, 0.0, 0.0, 0.0, 0.0, 0.0, 0.0, 1.0]"
2026-03-16T10:30:05.393409+00:00,2026-03-15,ny,trade,live,48.0000,blend,forecast,49.1665,50.5550,,1.1665,2.5550,,0.883350,0.744500,,0.883350,partly_cloudy,Partially cloudy,cloudy,70.1775,0.782801,7,"[""blend"", ""forecast""]","[1.0, 0.0, 0.0, 0.0, 0.95521065, 0.2959267, 0.24632547, 0.875, 0.70177464, 0.78280098, 0.0, 1.0, 0.0, 0.0, 0.0, 0.0, 0.0, 0.0, 0.0, 0.0, 0.0, 1.0]"
2026-03-16T10:30:05.393409+00:00,2026-03-15,tx,trade,live,98.0000,blend,forecast,93.5416,94.6324,,4.4584,3.3676,,0.554160,0.663240,,0.554160,partly_cloudy,Partially cloudy,mixed,42.4903,0.694983,8,"[""blend"", ""forecast""]","[0.0, 0.0, 1.0, 0.0, 0.95521065, 0.2959267, 0.45791992, 1.0, 0.42490269, 0.69498315, 0.0, 1.0, 0.0, 0.0, 0.0, 0.0, 0.0, 0.0, 0.0, 0.0, 1.0, 0.0]"
2026-03-17T10:30:10.121193+00:00,2026-03-16,fl,trade,live,87.0000,blend,blend,83.4788,84.8234,,3.5212,2.1766,,0.647880,0.782340,,0.782340,rain,"Rain, Partially cloudy",mixed,61.0048,0.410126,8,"[""blend"", ""forecast""]","[0.0, 0.0, 0.0, 1.0, 0.96014987, 0.27948563, 0.16293815, 1.0, 0.61004787, 0.41012562, 0.0, 0.0, 0.0, 1.0, 0.0, 0.0, 0.0, 0.0, 0.0, 0.0, 1.0, 0.0]"
2026-03-17T10:30:10.121193+00:00,2026-03-16,il,trade,live,32.0000,blend,forecast,31.1738,31.8302,,0.8262,0.1698,,0.917380,0.983020,,0.917380,snow,"Snow, Rain, Overcast",cloudy,85.5327,0.650379,8,"[""blend"", ""forecast""]","[0.0, 1.0, 0.0, 0.0, 0.96014987, 0.27948563, 0.30630891, 1.0, 0.85532731, 0.65037938, 0.0, 0.0, 0.0, 0.0, 1.0, 0.0, 0.0, 0.0, 0.0, 0.0, 0.0, 1.0]"
2026-03-17T10:30:10.121193+00:00,2026-03-16,ny,trade,live,57.0000,blend,blend,61.4743,62.1265,,4.4743,5.1265,,0.552570,0.487350,,0.487350,rain,rain,cloudy,79.2662,0.342191,8,"[""blend"", ""forecast""]","[1.0, 0.0, 0.0, 0.0, 0.96014987, 0.27948563, 0.20571491, 1.0, 0.79266207, 0.34219085, 0.0, 0.0, 0.0, 1.0, 0.0, 0.0, 0.0, 0.0, 0.0, 0.0, 0.0, 1.0]"
2026-03-17T10:30:10.121193+00:00,2026-03-16,tx,trade,live,56.0000,blend,forecast,56.5961,57.7904,,0.5961,1.7904,,0.940390,0.820960,,0.940390,cloudy_overcast,Partially cloudy,mixed,48.2341,0.712995,8,"[""blend"", ""forecast""]","[0.0, 0.0, 1.0, 0.0, 0.96014987, 0.27948563, 0.94519732, 1.0, 0.48234117, 0.7129948, 0.0, 0.0, 1.0, 0.0, 0.0, 0.0, 0.0, 0.0, 0.0, 0.0, 1.0, 0.0]"
2026-03-18T10:30:09.051561+00:00,2026-03-17,fl,trade,live,71.0000,blend,forecast,71.2438,72.6227,,0.2438,1.6227,,0.975620,0.837730,,0.975620,rain,"Rain, Overcast",cloudy,88.2312,0.364181,8,"[""blend"", ""forecast""]","[0.0, 0.0, 0.0, 1.0, 0.96480614, 0.2629622, 0.30281127, 1.0, 0.88231237, 0.36418147, 0.0, 0.0, 0.0, 1.0, 0.0, 0.0, 0.0, 0.0, 0.0, 0.0, 0.0, 1.0]"
2026-03-18T10:30:09.051561+00:00,2026-03-17,il,trade,live,25.0000,blend,blend,24.2594,24.9369,,0.7406,0.0631,,0.925940,0.993690,,0.993690,partly_cloudy,Partially cloudy,mixed,62.7285,0.425063,7,"[""blend"", ""forecast""]","[0.0, 1.0, 0.0, 0.0, 0.96480614, 0.2629622, 0.0, 0.875, 0.62728474, 0.42506336, 0.0, 1.0, 0.0, 0.0, 0.0, 0.0, 0.0, 0.0, 0.0, 0.0, 1.0, 0.0]"
2026-03-18T10:30:09.051561+00:00,2026-03-17,ny,trade,live,48.0000,blend,forecast,51.8198,51.8113,,3.8198,3.8113,,0.618020,0.618870,,0.618020,rain,"Rain, Partially cloudy",mixed,51.8452,0.574341,8,"[""blend"", ""forecast""]","[1.0, 0.0, 0.0, 0.0, 0.96480614, 0.2629622, 0.82099202, 1.0, 0.51845204, 0.57434054, 0.0, 0.0, 0.0, 1.0, 0.0, 0.0, 0.0, 0.0, 0.0, 0.0, 1.0, 0.0]"
2026-03-18T10:30:09.051561+00:00,2026-03-17,tx,trade,live,67.0000,forecast,forecast,65.6007,66.7198,,1.3993,0.2802,,0.860070,0.971980,,0.860070,partly_cloudy,Partially cloudy,sunny,27.1995,0.728266,8,"[""blend"", ""forecast""]","[0.0, 0.0, 1.0, 0.0, 0.96480614, 0.2629622, 0.31996637, 1.0, 0.27199533, 0.72826601, 0.0, 1.0, 0.0, 0.0, 0.0, 0.0, 0.0, 0.0, 0.0, 1.0, 0.0, 0.0]"
2026-03-19T10:30:04.170019+00:00,2026-03-18,fl,trade,live,69.0000,blend,blend,70.3416,71.6036,,1.3416,2.6036,,0.865840,0.739640,,0.739640,rain,"Rain, Overcast",cloudy,89.3626,0.233356,8,"[""blend"", ""forecast""]","[0.0, 0.0, 0.0, 1.0, 0.96917807, 0.24636127, 0.205, 1.0, 0.89362556, 0.23335589, 0.0, 0.0, 0.0, 1.0, 0.0, 0.0, 0.0, 0.0, 0.0, 0.0, 0.0, 1.0]"
2026-03-19T10:30:04.170019+00:00,2026-03-18,il,trade,live,47.0000,blend,blend,44.5862,45.2689,,2.4138,1.7311,,0.758620,0.826890,,0.826890,partly_cloudy,Partially cloudy,cloudy,68.1757,0.643341,8,"[""blend"", ""forecast""]","[0.0, 1.0, 0.0, 0.0, 0.96917807, 0.24636127, 0.15569188, 1.0, 0.68175655, 0.64334116, 0.0, 1.0, 0.0, 0.0, 0.0, 0.0, 0.0, 0.0, 0.0, 0.0, 0.0, 1.0]"
2026-03-19T10:30:04.170019+00:00,2026-03-18,ny,trade,live,37.0000,forecast,forecast,37.3411,37.6810,,0.3411,0.6810,,0.965890,0.931900,,0.965890,clear,Clear,sunny,30.9461,0.824557,8,"[""blend"", ""forecast""]","[1.0, 0.0, 0.0, 0.0, 0.96917807, 0.24636127, 0.21794588, 1.0, 0.30946068, 0.82455736, 1.0, 0.0, 0.0, 0.0, 0.0, 0.0, 0.0, 0.0, 0.0, 1.0, 0.0, 0.0]"
2026-03-19T10:30:04.170019+00:00,2026-03-18,tx,trade,live,78.0000,forecast,forecast,76.8608,77.9180,,1.1392,0.0820,,0.886080,0.991800,,0.886080,partly_cloudy,Partially cloudy,sunny,22.1648,0.703343,8,"[""blend"", ""forecast""]","[0.0, 0.0, 1.0, 0.0, 0.96917807, 0.24636127, 0.26695799, 1.0, 0.22164821, 0.70334298, 0.0, 1.0, 0.0, 0.0, 0.0, 0.0, 0.0, 0.0, 0.0, 1.0, 0.0, 0.0]"
2026-03-20T10:30:03.928356+00:00,2026-03-19,fl,trade,live,78.0000,blend,blend,75.8232,76.9008,,2.1768,1.0992,,0.782320,0.890080,,0.890080,rain,"Rain, Partially cloudy",cloudy,70.2249,0.285699,8,"[""blend"", ""forecast""]","[0.0, 0.0, 0.0, 1.0, 0.97326437, 0.22968774, 0.20115767, 1.0, 0.70224938, 0.28569933, 0.0, 0.0, 0.0, 1.0, 0.0, 0.0, 0.0, 0.0, 0.0, 0.0, 0.0, 1.0]"
2026-03-20T10:30:03.928356+00:00,2026-03-19,il,trade,live,60.0000,blend,forecast,54.6912,55.3604,,5.3088,4.6396,,0.469120,0.536040,,0.469120,partly_cloudy,Partially cloudy,mixed,52.6600,0.619125,8,"[""blend"", ""forecast""]","[0.0, 1.0, 0.0, 0.0, 0.97326437, 0.22968774, 0.30343848, 1.0, 0.52659967, 0.61912529, 0.0, 1.0, 0.0, 0.0, 0.0, 0.0, 0.0, 0.0, 0.0, 0.0, 1.0, 0.0]"
2026-03-20T10:30:03.928356+00:00,2026-03-19,ny,trade,live,44.0000,blend,blend,44.5466,45.7229,,0.5466,1.7229,,0.945340,0.827710,,0.827710,partly_cloudy,Partially cloudy,mixed,49.0731,0.754566,8,"[""blend"", ""forecast""]","[1.0, 0.0, 0.0, 0.0, 0.97326437, 0.22968774, 0.06826582, 1.0, 0.49073097, 0.75456585, 0.0, 1.0, 0.0, 0.0, 0.0, 0.0, 0.0, 0.0, 0.0, 0.0, 1.0, 0.0]"
2026-03-20T10:30:03.928356+00:00,2026-03-19,tx,trade,live,86.0000,forecast,forecast,84.4264,84.4625,,1.5736,1.5375,,0.842640,0.846250,,0.842640,clear,Clear,sunny,12.0357,0.593535,8,"[""blend"", ""forecast""]","[0.0, 0.0, 1.0, 0.0, 0.97326437, 0.22968774, 0.18232042, 1.0, 0.12035658, 0.59353518, 1.0, 0.0, 0.0, 0.0, 0.0, 0.0, 0.0, 0.0, 0.0, 1.0, 0.0, 0.0]"
2026-03-21T10:30:03.297154+00:00,2026-03-20,fl,trade,live,78.0000,blend,blend,75.6756,76.7819,,2.3244,1.2181,,0.767560,0.878190,,0.878190,rain,"Rain, Partially cloudy",mixed,63.4705,0.175627,8,"[""blend"", ""forecast""]","[0.0, 0.0, 0.0, 1.0, 0.97706386, 0.21294652, 0.17, 1.0, 0.63470549, 0.17562744, 0.0, 0.0, 0.0, 1.0, 0.0, 0.0, 0.0, 0.0, 0.0, 0.0, 1.0, 0.0]"
2026-03-21T10:30:03.297154+00:00,2026-03-20,il,trade,live,72.0000,blend,blend,68.4743,69.1656,,3.5257,2.8344,,0.647430,0.716560,,0.716560,partly_cloudy,Partially cloudy,mixed,63.7103,0.778287,8,"[""blend"", ""forecast""]","[0.0, 1.0, 0.0, 0.0, 0.97706386, 0.21294652, 0.19128274, 1.0, 0.63710284, 0.77828687, 0.0, 1.0, 0.0, 0.0, 0.0, 0.0, 0.0, 0.0, 0.0, 0.0, 1.0, 0.0]"
2026-03-21T10:30:03.297154+00:00,2026-03-20,ny,trade,live,57.0000,blend,forecast,60.1479,59.1189,,3.1479,2.1189,,0.685210,0.788110,,0.685210,rain,"Rain, Partially cloudy",mixed,54.3592,0.802132,8,"[""blend"", ""forecast""]","[1.0, 0.0, 0.0, 0.0, 0.97706386, 0.21294652, 0.27760503, 1.0, 0.54359194, 0.80213208, 0.0, 0.0, 0.0, 1.0, 0.0, 0.0, 0.0, 0.0, 0.0, 0.0, 1.0, 0.0]"
2026-03-21T10:30:03.297154+00:00,2026-03-20,tx,trade,live,90.0000,forecast,forecast,88.3973,88.6215,,1.6027,1.3785,,0.839730,0.862150,,0.839730,clear,Clear,sunny,1.8247,0.644307,8,"[""blend"", ""forecast""]","[0.0, 0.0, 1.0, 0.0, 0.97706386, 0.21294652, 0.19513356, 1.0, 0.01824694, 0.64430654, 1.0, 0.0, 0.0, 0.0, 0.0, 0.0, 0.0, 0.0, 0.0, 1.0, 0.0, 0.0]"
2026-03-22T10:30:10.633670+00:00,2026-03-21,fl,trade,live,81.0000,blend,blend,78.4801,79.5286,,2.5199,1.4714,,0.748010,0.852860,,0.852860,partly_cloudy,Partially cloudy,sunny,20.2731,0.606853,8,"[""blend"", ""forecast""]","[0.0, 0.0, 0.0, 1.0, 0.98057539, 0.19614254, 0.19400267, 1.0, 0.20273092, 0.60685312, 0.0, 1.0, 0.0, 0.0, 0.0, 0.0, 0.0, 0.0, 0.0, 1.0, 0.0, 0.0]"
2026-03-22T10:30:10.633670+00:00,2026-03-21,il,trade,live,77.0000,blend,forecast,75.6434,76.3230,,1.3566,0.6770,,0.864340,0.932300,,0.864340,partly_cloudy,Partially cloudy,mixed,51.8077,0.780303,8,"[""blend"", ""forecast""]","[0.0, 1.0, 0.0, 0.0, 0.98057539, 0.19614254, 0.31283222, 1.0, 0.51807696, 0.78030294, 0.0, 1.0, 0.0, 0.0, 0.0, 0.0, 0.0, 0.0, 0.0, 0.0, 1.0, 0.0]"
2026-03-22T10:30:10.633670+00:00,2026-03-21,ny,trade,live,59.0000,blend,blend,56.8407,58.0096,,2.1593,0.9904,,0.784070,0.900960,,0.900960,partly_cloudy,Partially cloudy,mixed,44.0052,0.531565,7,"[""blend"", ""forecast""]","[1.0, 0.0, 0.0, 0.0, 0.98057539, 0.19614254, 0.003, 0.875, 0.44005205, 0.53156487, 0.0, 1.0, 0.0, 0.0, 0.0, 0.0, 0.0, 0.0, 0.0, 0.0, 1.0, 0.0]"
2026-03-22T10:30:10.633670+00:00,2026-03-21,tx,trade,live,93.0000,blend,blend,91.3607,91.6229,,1.6393,1.3771,,0.836070,0.862290,,0.862290,clear,Clear,sunny,2.4147,0.599304,8,"[""blend"", ""forecast""]","[0.0, 0.0, 1.0, 0.0, 0.98057539, 0.19614254, 0.19196643, 1.0, 0.02414666, 0.59930383, 1.0, 0.0, 0.0, 0.0, 0.0, 0.0, 0.0, 0.0, 0.0, 1.0, 0.0, 0.0]"
2026-03-23T10:30:04.184206+00:00,2026-03-22,fl,trade,live,81.0000,blend,blend,78.7576,79.0176,,2.2424,1.9824,,0.775760,0.801760,,0.801760,clear,Clear,sunny,8.3622,0.334064,8,"[""blend"", ""forecast""]","[0.0, 0.0, 0.0, 1.0, 0.98379795, 0.17928076, 0.0, 1.0, 0.08362236, 0.33406446, 1.0, 0.0, 0.0, 0.0, 0.0, 0.0, 0.0, 0.0, 0.0, 1.0, 0.0, 0.0]"
2026-03-23T10:30:04.184206+00:00,2026-03-22,il,trade,live,71.0000,blend,forecast,67.4568,68.0973,,3.5432,2.9027,,0.645680,0.709730,,0.645680,partly_cloudy,Partially cloudy,cloudy,82.4135,0.612437,8,"[""blend"", ""forecast""]","[0.0, 1.0, 0.0, 0.0, 0.98379795, 0.17928076, 1.0, 1.0, 0.8241352, 0.6124369, 0.0, 1.0, 0.0, 0.0, 0.0, 0.0, 0.0, 0.0, 0.0, 0.0, 0.0, 1.0]"
2026-03-23T10:30:04.184206+00:00,2026-03-22,ny,trade,live,63.0000,blend,blend,63.7265,62.9713,,0.7265,0.0287,,0.927350,0.997130,,0.997130,rain,"Rain, Partially cloudy",cloudy,66.2506,0.818096,8,"[""blend"", ""forecast""]","[1.0, 0.0, 0.0, 0.0, 0.98379795, 0.17928076, 0.14255416, 1.0, 0.662506, 0.8180956, 0.0, 0.0, 0.0, 1.0, 0.0, 0.0, 0.0, 0.0, 0.0, 0.0, 0.0, 1.0]"
2026-03-23T10:30:04.184206+00:00,2026-03-22,tx,trade,live,93.0000,blend,forecast,92.9897,93.2935,,0.0103,0.2935,,0.998970,0.970650,,0.998970,clear,Clear,sunny,3.3883,0.560090,8,"[""blend"", ""forecast""]","[0.0, 0.0, 1.0, 0.0, 0.98379795, 0.17928076, 0.2844839, 1.0, 0.03388272, 0.56008976, 1.0, 0.0, 0.0, 0.0, 0.0, 0.0, 0.0, 0.0, 0.0, 1.0, 0.0, 0.0]"
2026-03-24T10:30:04.426550+00:00,2026-03-23,fl,trade,live,82.0000,blend,blend,80.5873,81.1066,,1.4127,0.8934,,0.858730,0.910660,,0.910660,clear,Clear,sunny,6.2573,0.177995,8,"[""blend"", ""forecast""]","[0.0, 0.0, 0.0, 1.0, 0.98673058, 0.16236614, 0.18186382, 1.0, 0.06257317, 0.17799486, 1.0, 0.0, 0.0, 0.0, 0.0, 0.0, 0.0, 0.0, 0.0, 1.0, 0.0, 0.0]"
2026-03-24T10:30:04.426550+00:00,2026-03-23,il,trade,live,41.0000,blend,blend,39.1545,39.9375,,1.8455,1.0625,,0.815450,0.893750,,0.893750,partly_cloudy,Partially cloudy,mixed,47.1233,0.395969,8,"[""blend"", ""forecast""]","[0.0, 1.0, 0.0, 0.0, 0.98673058, 0.16236614, 0.0, 1.0, 0.47123348, 0.39596869, 0.0, 1.0, 0.0, 0.0, 0.0, 0.0, 0.0, 0.0, 0.0, 0.0, 1.0, 0.0]"
2026-03-24T10:30:04.426550+00:00,2026-03-23,ny,trade,live,50.0000,blend,forecast,49.4468,49.1511,,0.5532,0.8489,,0.944680,0.915110,,0.944680,rain,"Rain, Partially cloudy",mixed,58.4028,0.575456,8,"[""blend"", ""forecast""]","[1.0, 0.0, 0.0, 0.0, 0.98673058, 0.16236614, 0.32714659, 1.0, 0.58402797, 0.57545573, 0.0, 0.0, 0.0, 1.0, 0.0, 0.0, 0.0, 0.0, 0.0, 0.0, 1.0, 0.0]"
2026-03-24T10:30:04.426550+00:00,2026-03-23,tx,trade,live,88.0000,forecast,forecast,86.6326,87.7438,,1.3674,0.2562,,0.863260,0.974380,,0.863260,partly_cloudy,Partially cloudy,sunny,27.7240,0.604326,8,"[""blend"", ""forecast""]","[0.0, 0.0, 1.0, 0.0, 0.98673058, 0.16236614, 0.21837097, 1.0, 0.27723986, 0.60432553, 0.0, 1.0, 0.0, 0.0, 0.0, 0.0, 0.0, 0.0, 0.0, 1.0, 0.0, 0.0]"
2026-03-25T10:30:04.525658+00:00,2026-03-24,fl,trade,live,85.0000,blend,blend,82.1291,82.6270,,2.8709,2.3730,,0.712910,0.762700,,0.762700,clear,Clear,sunny,9.7340,0.264640,8,"[""blend"", ""forecast""]","[0.0, 0.0, 0.0, 1.0, 0.98937241, 0.14540367, 0.21595567, 1.0, 0.09733961, 0.26464023, 1.0, 0.0, 0.0, 0.0, 0.0, 0.0, 0.0, 0.0, 0.0, 1.0, 0.0, 0.0]"
2026-03-25T10:30:04.525658+00:00,2026-03-24,il,trade,live,53.0000,blend,forecast,52.6418,53.3594,,0.3582,0.3594,,0.964180,0.964060,,0.964180,cloudy_overcast,overcast,cloudy,79.6492,0.629116,8,"[""blend"", ""forecast""]","[0.0, 1.0, 0.0, 0.0, 0.98937241, 0.14540367, 0.29790999, 1.0, 0.79649196, 0.62911647, 0.0, 0.0, 1.0, 0.0, 0.0, 0.0, 0.0, 0.0, 0.0, 0.0, 0.0, 1.0]"
2026-03-25T10:30:04.525658+00:00,2026-03-24,ny,trade,live,48.0000,blend,blend,47.9909,48.3532,,0.0091,0.3532,,0.999090,0.964680,,0.964680,clear,Clear,sunny,20.8516,0.716332,8,"[""blend"", ""forecast""]","[1.0, 0.0, 0.0, 0.0, 0.98937241, 0.14540367, 0.022, 1.0, 0.20851617, 0.71633213, 1.0, 0.0, 0.0, 0.0, 0.0, 0.0, 0.0, 0.0, 0.0, 1.0, 0.0, 0.0]"
2026-03-25T10:30:04.525658+00:00,2026-03-24,tx,trade,live,88.0000,blend,blend,86.2624,87.5000,,1.7376,0.5000,,0.826240,0.950000,,0.950000,partly_cloudy,Partially cloudy,sunny,32.1840,0.597712,8,"[""blend"", ""forecast""]","[0.0, 0.0, 1.0, 0.0, 0.98937241, 0.14540367, 0.18061918, 1.0, 0.32183983, 0.59771152, 0.0, 1.0, 0.0, 0.0, 0.0, 0.0, 0.0, 0.0, 0.0, 1.0, 0.0, 0.0]"
2026-03-26T10:30:04.778444+00:00,2026-03-25,fl,trade,live,82.0000,blend,blend,81.5969,82.2021,,0.4031,0.2021,,0.959690,0.979790,,0.979790,clear,Clear,sunny,12.7273,0.152686,7,"[""blend"", ""forecast""]","[0.0, 0.0, 0.0, 1.0, 0.99172267, 0.12839836, 0.20734514, 0.875, 0.12727253, 0.15268557, 1.0, 0.0, 0.0, 0.0, 0.0, 0.0, 0.0, 0.0, 0.0, 1.0, 0.0, 0.0]"
2026-03-26T10:30:04.778444+00:00,2026-03-25,il,trade,live,72.0000,blend,forecast,71.8889,72.7160,,0.1111,0.7160,,0.988890,0.928400,,0.988890,partly_cloudy,Partially cloudy,cloudy,78.7098,0.599758,8,"[""blend"", ""forecast""]","[0.0, 1.0, 0.0, 0.0, 0.99172267, 0.12839836, 0.29055467, 1.0, 0.78709829, 0.59975822, 0.0, 1.0, 0.0, 0.0, 0.0, 0.0, 0.0, 0.0, 0.0, 0.0, 0.0, 1.0]"
2026-03-26T10:30:04.778444+00:00,2026-03-25,ny,trade,live,54.0000,blend,blend,53.7219,54.9702,,0.2781,0.9702,,0.972190,0.902980,,0.902980,partly_cloudy,Partly cloudy in the morning and evening.,sunny,32.7949,0.611486,8,"[""blend"", ""forecast""]","[1.0, 0.0, 0.0, 0.0, 0.99172267, 0.12839836, 0.0915, 1.0, 0.32794887, 0.61148578, 0.0, 1.0, 0.0, 0.0, 0.0, 0.0, 0.0, 0.0, 0.0, 1.0, 0.0, 0.0]"
2026-03-26T10:30:04.778444+00:00,2026-03-25,tx,trade,live,90.0000,blend,blend,88.2734,89.4464,,1.7266,0.5536,,0.827340,0.944640,,0.944640,partly_cloudy,Partially cloudy,mixed,47.6855,0.824988,7,"[""blend"", ""forecast""]","[0.0, 0.0, 1.0, 0.0, 0.99172267, 0.12839836, 0.16117186, 0.875, 0.47685516, 0.82498758, 0.0, 1.0, 0.0, 0.0, 0.0, 0.0, 0.0, 0.0, 0.0, 0.0, 1.0, 0.0]"
2026-03-27T10:30:04.633631+00:00,2026-03-26,fl,trade,live,83.0000,blend,blend,81.9740,83.6029,,1.0260,0.6029,,0.897400,0.939710,,0.939710,partly_cloudy,Partially cloudy,sunny,25.4122,0.584116,8,"[""blend"", ""forecast""]","[0.0, 0.0, 0.0, 1.0, 0.99378067, 0.1113552, 0.19129764, 1.0, 0.25412189, 0.58411609, 0.0, 1.0, 0.0, 0.0, 0.0, 0.0, 0.0, 0.0, 0.0, 1.0, 0.0, 0.0]"
2026-03-27T10:30:04.633631+00:00,2026-03-26,il,trade,live,73.0000,forecast,forecast,72.1219,73.2012,,0.8781,0.2012,,0.912190,0.979880,,0.912190,rain,"Rain, Partially cloudy",cloudy,84.0169,0.129261,8,"[""blend"", ""forecast""]","[0.0, 1.0, 0.0, 0.0, 0.99378067, 0.1113552, 0.33390287, 1.0, 0.84016918, 0.12926128, 0.0, 0.0, 0.0, 1.0, 0.0, 0.0, 0.0, 0.0, 0.0, 0.0, 0.0, 1.0]"
2026-03-27T10:30:04.633631+00:00,2026-03-26,ny,trade,live,76.0000,forecast,forecast,73.9166,73.7810,,2.0834,2.2190,,0.791660,0.778100,,0.791660,rain,Light rain overnight.,mixed,49.1158,0.790758,8,"[""blend"", ""forecast""]","[1.0, 0.0, 0.0, 0.0, 0.99378067, 0.1113552, 0.39917039, 1.0, 0.49115772, 0.79075829, 0.0, 0.0, 0.0, 1.0, 0.0, 0.0, 0.0, 0.0, 0.0, 0.0, 1.0, 0.0]"
2026-03-27T10:30:04.633631+00:00,2026-03-26,tx,trade,live,89.0000,blend,blend,88.4357,89.6612,,0.5643,0.6612,,0.943570,0.933880,,0.933880,partly_cloudy,Partially cloudy,mixed,55.0271,0.726149,8,"[""blend"", ""forecast""]","[0.0, 0.0, 1.0, 0.0, 0.99378067, 0.1113552, 0.17328409, 1.0, 0.55027132, 0.72614911, 0.0, 1.0, 0.0, 0.0, 0.0, 0.0, 0.0, 0.0, 0.0, 0.0, 1.0, 0.0]"
2026-03-28T10:30:03.496269+00:00,2026-03-27,fl,trade,live,84.0000,blend,blend,81.6368,83.1146,,2.3632,0.8854,,0.763680,0.911460,,0.911460,partly_cloudy,Partially cloudy,sunny,30.3369,0.489826,8,"[""blend"", ""forecast""]","[0.0, 0.0, 0.0, 1.0, 0.99554579, 0.09427922, 0.15734151, 1.0, 0.3033693, 0.48982594, 0.0, 1.0, 0.0, 0.0, 0.0, 0.0, 0.0, 0.0, 0.0, 1.0, 0.0, 0.0]"
2026-03-28T10:30:03.496269+00:00,2026-03-27,il,trade,live,44.0000,forecast,forecast,40.6598,41.4716,,3.3402,2.5284,,0.665980,0.747160,,0.665980,partly_cloudy,Partially cloudy,cloudy,67.8897,0.479331,8,"[""blend"", ""forecast""]","[0.0, 1.0, 0.0, 0.0, 0.99554579, 0.09427922, 0.29801037, 1.0, 0.67889728, 0.47933148, 0.0, 1.0, 0.0, 0.0, 0.0, 0.0, 0.0, 0.0, 0.0, 0.0, 0.0, 1.0]"
2026-03-28T10:30:03.496269+00:00,2026-03-27,ny,trade,live,65.0000,forecast,forecast,65.4347,65.5261,,0.4347,0.5261,,0.956530,0.947390,,0.956530,rain,drizzle,cloudy,65.7922,0.676593,8,"[""blend"", ""forecast""]","[1.0, 0.0, 0.0, 0.0, 0.99554579, 0.09427922, 0.72673552, 1.0, 0.65792243, 0.6765926, 0.0, 0.0, 0.0, 1.0, 0.0, 0.0, 0.0, 0.0, 0.0, 0.0, 0.0, 1.0]"
2026-03-28T10:30:03.496269+00:00,2026-03-27,tx,trade,live,88.0000,blend,blend,87.2448,88.3946,,0.7552,0.3946,,0.924480,0.960540,,0.960540,partly_cloudy,Partially cloudy,mixed,54.6905,0.678837,8,"[""blend"", ""forecast""]","[0.0, 0.0, 1.0, 0.0, 0.99554579, 0.09427922, 0.0, 1.0, 0.54690539, 0.67883717, 0.0, 1.0, 0.0, 0.0, 0.0, 0.0, 0.0, 0.0, 0.0, 0.0, 1.0, 0.0]"
2026-03-29T10:30:06.146318+00:00,2026-03-28,fl,trade,live,85.0000,blend,forecast,82.3345,83.8346,,2.6655,1.1654,,0.733450,0.883460,,0.733450,partly_cloudy,Partially cloudy,sunny,28.7619,0.480123,8,"[""blend"", ""forecast""]","[0.0, 0.0, 0.0, 1.0, 0.99701753, 0.07717546, 0.29327328, 1.0, 0.28761937, 0.48012263, 0.0, 1.0, 0.0, 0.0, 0.0, 0.0, 0.0, 0.0, 0.0, 1.0, 0.0, 0.0]"
2026-03-29T10:30:06.146318+00:00,2026-03-28,il,trade,live,48.0000,blend,blend,48.2775,49.0281,,0.2775,1.0281,,0.972250,0.897190,,0.897190,partly_cloudy,Partially cloudy,sunny,29.6644,0.450554,8,"[""blend"", ""forecast""]","[0.0, 1.0, 0.0, 0.0, 0.99701753, 0.07717546, 0.2211226, 1.0, 0.29664354, 0.45055437, 0.0, 1.0, 0.0, 0.0, 0.0, 0.0, 0.0, 0.0, 0.0, 1.0, 0.0, 0.0]"
2026-03-29T10:30:06.146318+00:00,2026-03-28,ny,trade,live,44.0000,forecast,forecast,44.7319,44.9811,,0.7319,0.9811,,0.926810,0.901890,,0.926810,clear,Mostly clear throughout the day.,mixed,38.4037,0.961762,8,"[""blend"", ""forecast""]","[1.0, 0.0, 0.0, 0.0, 0.99701753, 0.07717546, 0.09331428, 1.0, 0.38403687, 0.96176238, 1.0, 0.0, 0.0, 0.0, 0.0, 0.0, 0.0, 0.0, 0.0, 0.0, 1.0, 0.0]"
2026-03-29T10:30:06.146318+00:00,2026-03-28,tx,trade,live,74.0000,blend,blend,69.1805,70.3283,,4.8195,3.6717,,0.518050,0.632830,,0.632830,partly_cloudy,Partially cloudy,cloudy,65.6509,0.866186,7,"[""blend"", ""forecast""]","[0.0, 0.0, 1.0, 0.0, 0.99701753, 0.07717546, 0.095, 0.875, 0.65650942, 0.86618589, 0.0, 1.0, 0.0, 0.0, 0.0, 0.0, 0.0, 0.0, 0.0, 0.0, 0.0, 1.0]"
2026-03-30T10:30:04.983271+00:00,2026-03-29,fl,trade,live,80.0000,blend,blend,77.3789,78.5106,,2.6211,1.4894,,0.737890,0.851060,,0.851060,rain,"Rain, Partially cloudy",mixed,63.7256,0.075772,8,"[""blend"", ""forecast""]","[0.0, 0.0, 0.0, 1.0, 0.99819543, 0.06004896, 0.0, 1.0, 0.63725588, 0.07577159, 0.0, 0.0, 0.0, 1.0, 0.0, 0.0, 0.0, 0.0, 0.0, 0.0, 1.0, 0.0]"
2026-03-30T10:30:04.983271+00:00,2026-03-29,il,trade,live,63.0000,blend,blend,63.5746,64.2856,,0.5746,1.2856,,0.942540,0.871440,,0.871440,partly_cloudy,Partially cloudy,cloudy,65.0597,0.350142,7,"[""blend"", ""forecast""]","[0.0, 1.0, 0.0, 0.0, 0.99819543, 0.06004896, 0.0, 0.875, 0.65059698, 0.35014205, 0.0, 1.0, 0.0, 0.0, 0.0, 0.0, 0.0, 0.0, 0.0, 0.0, 0.0, 1.0]"
2026-03-30T10:30:04.983271+00:00,2026-03-29,ny,trade,live,54.0000,forecast,forecast,55.2950,55.6145,,1.2950,1.6145,,0.870500,0.838550,,0.870500,clear,Mostly clear until night.,sunny,14.7461,0.907830,7,"[""blend"", ""forecast""]","[1.0, 0.0, 0.0, 0.0, 0.99819543, 0.06004896, 0.29525127, 0.875, 0.14746055, 0.90782991, 1.0, 0.0, 0.0, 0.0, 0.0, 0.0, 0.0, 0.0, 0.0, 1.0, 0.0, 0.0]"
2026-03-30T10:30:04.983271+00:00,2026-03-29,tx,trade,live,85.0000,blend,blend,84.9277,85.2360,,0.0723,0.2360,,0.992770,0.976400,,0.976400,clear,Sunny,sunny,10.3843,0.503474,7,"[""blend"", ""forecast""]","[0.0, 0.0, 1.0, 0.0, 0.99819543, 0.06004896, 0.19838371, 0.875, 0.10384281, 0.50347365, 1.0, 0.0, 0.0, 0.0, 0.0, 0.0, 0.0, 0.0, 0.0, 1.0, 0.0, 0.0]"
2026-03-31T10:30:05.580913+00:00,2026-03-30,fl,trade,live,79.0000,blend,blend,79.1490,80.3342,,0.1490,1.3342,,0.985100,0.866580,,0.866580,rain,"Rain, Partially cloudy",cloudy,76.1777,0.113598,8,"[""blend"", ""forecast""]","[0.0, 0.0, 0.0, 1.0, 0.99907917, 0.04290476, 0.18255235, 1.0, 0.76177689, 0.11359842, 0.0, 0.0, 0.0, 1.0, 0.0, 0.0, 0.0, 0.0, 0.0, 0.0, 0.0, 1.0]"
2026-03-31T10:30:05.580913+00:00,2026-03-30,il,trade,live,81.0000,forecast,forecast,78.5455,79.1873,,2.4545,1.8127,,0.754550,0.818730,,0.754550,partly_cloudy,Partially cloudy,mixed,48.0583,0.711650,7,"[""blend"", ""forecast""]","[0.0, 1.0, 0.0, 0.0, 0.99907917, 0.04290476, 0.35272549, 0.875, 0.48058259, 0.71164983, 0.0, 1.0, 0.0, 0.0, 0.0, 0.0, 0.0, 0.0, 0.0, 0.0, 1.0, 0.0]"
2026-03-31T10:30:05.580913+00:00,2026-03-30,ny,trade,live,73.0000,forecast,forecast,70.7640,71.8524,,2.2360,1.1476,,0.776400,0.885240,,0.776400,cloudy_overcast,overcast,mixed,49.3540,0.822316,8,"[""blend"", ""forecast""]","[1.0, 0.0, 0.0, 0.0, 0.99907917, 0.04290476, 0.28232408, 1.0, 0.49353984, 0.82231604, 0.0, 0.0, 1.0, 0.0, 0.0, 0.0, 0.0, 0.0, 0.0, 0.0, 1.0, 0.0]"
2026-03-31T10:30:05.580913+00:00,2026-03-30,tx,trade,live,89.0000,blend,blend,88.4092,88.7820,,0.5908,0.2180,,0.940920,0.978200,,0.978200,clear,Sunny,sunny,25.9119,0.882707,8,"[""blend"", ""forecast""]","[0.0, 0.0, 1.0, 0.0, 0.99907917, 0.04290476, 0.20695952, 1.0, 0.25911911, 0.88270707, 1.0, 0.0, 0.0, 0.0, 0.0, 0.0, 0.0, 0.0, 0.0, 1.0, 0.0, 0.0]"
2026-04-01T10:30:05.190889+00:00,2026-03-31,fl,trade,live,82.0000,blend,blend,80.2107,81.3450,,1.7893,0.6550,,0.821070,0.934500,,0.934500,rain,"Rain, Partially cloudy",mixed,52.2269,0.772962,8,"[""blend"", ""forecast""]","[0.0, 0.0, 0.0, 1.0, 0.99966847, 0.02574791, 0.17446548, 1.0, 0.52226906, 0.77296212, 0.0, 0.0, 0.0, 1.0, 0.0, 0.0, 0.0, 0.0, 0.0, 0.0, 1.0, 0.0]"
2026-04-01T10:30:05.190889+00:00,2026-03-31,il,trade,live,69.0000,forecast,forecast,72.3439,73.5575,,3.3439,4.5575,,0.665610,0.544250,,0.665610,rain,"Rain, Overcast",cloudy,86.5882,0.449338,8,"[""blend"", ""forecast""]","[0.0, 1.0, 0.0, 0.0, 0.99966847, 0.02574791, 0.35780677, 1.0, 0.86588172, 0.44933761, 0.0, 0.0, 0.0, 1.0, 0.0, 0.0, 0.0, 0.0, 0.0, 0.0, 0.0, 1.0]"
2026-04-01T10:30:05.190889+00:00,2026-03-31,ny,trade,live,81.0000,blend,forecast,81.0401,81.0589,,0.0401,0.0589,,0.995990,0.994110,,0.995990,rain,drizzle,mixed,63.8166,0.471185,8,"[""blend"", ""forecast""]","[1.0, 0.0, 0.0, 0.0, 0.99966847, 0.02574791, 0.28299494, 1.0, 0.63816642, 0.47118532, 0.0, 0.0, 0.0, 1.0, 0.0, 0.0, 0.0, 0.0, 0.0, 0.0, 1.0, 0.0]"
2026-04-01T10:30:05.190889+00:00,2026-03-31,tx,trade,live,90.0000,blend,blend,88.9232,90.0394,,1.0768,0.0394,,0.892320,0.996060,,0.996060,partly_cloudy,Partly Cloudy,mixed,44.0163,0.550617,8,"[""blend"", ""forecast""]","[0.0, 0.0, 1.0, 0.0, 0.99966847, 0.02574791, 0.20016006, 1.0, 0.44016266, 0.55061661, 0.0, 1.0, 0.0, 0.0, 0.0, 0.0, 0.0, 0.0, 0.0, 0.0, 1.0, 0.0]"
2026-04-03T10:30:06.188745+00:00,2026-04-02,fl,trade,live,83.0000,blend,forecast,79.9439,81.0180,,3.0561,1.9820,,0.694390,0.801800,,0.694390,rain,"Rain, Partially cloudy",mixed,55.1614,0.726381,8,"[""blend"", ""forecast""]","[0.0, 0.0, 0.0, 1.0, 0.99996316, -0.00858348, 0.32780414, 1.0, 0.55161406, 0.72638067, 0.0, 0.0, 0.0, 1.0, 0.0, 0.0, 0.0, 0.0, 0.0, 0.0, 1.0, 0.0]"
2026-04-03T10:30:06.188745+00:00,2026-04-02,il,trade,live,71.0000,forecast,forecast,67.9559,69.0017,,3.0441,1.9983,,0.695590,0.800170,,0.695590,rain,"Rain, Overcast",cloudy,84.0219,0.381646,8,"[""blend"", ""forecast""]","[0.0, 1.0, 0.0, 0.0, 0.99996316, -0.00858348, 0.17220522, 1.0, 0.84021933, 0.38164644, 0.0, 0.0, 0.0, 1.0, 0.0, 0.0, 0.0, 0.0, 0.0, 0.0, 0.0, 1.0]"
2026-04-03T10:30:06.188745+00:00,2026-04-02,ny,trade,live,51.0000,forecast,forecast,61.6544,61.7686,,10.6544,10.7686,,0.000000,0.000000,,0.000000,rain,drizzle,cloudy,84.1084,0.140073,8,"[""blend"", ""forecast""]","[1.0, 0.0, 0.0, 0.0, 0.99996316, -0.00858348, 0.85821995, 1.0, 0.8410836, 0.14007278, 0.0, 0.0, 0.0, 1.0, 0.0, 0.0, 0.0, 0.0, 0.0, 0.0, 0.0, 1.0]"
2026-04-03T10:30:06.188745+00:00,2026-04-02,tx,trade,live,87.0000,blend,blend,84.4974,86.2923,,2.5026,0.7077,,0.749740,0.929230,,0.929230,rain,"Rain, Partially cloudy",mixed,61.8143,0.501482,8,"[""blend"", ""forecast""]","[0.0, 0.0, 1.0, 0.0, 0.99996316, -0.00858348, 0.08774205, 1.0, 0.61814294, 0.5014822, 0.0, 0.0, 0.0, 1.0, 0.0, 0.0, 0.0, 0.0, 0.0, 0.0, 1.0, 0.0]"
2026-04-04T10:30:03.194703+00:00,2026-04-03,fl,trade,live,84.0000,blend,blend,81.6255,82.6967,,2.3745,1.3033,,0.762550,0.869670,,0.869670,rain,"Rain, Partially cloudy",mixed,51.9729,0.752786,8,"[""blend"", ""forecast""]","[0.0, 0.0, 0.0, 1.0, 0.99966847, -0.02574791, 0.16027281, 1.0, 0.51972931, 0.75278583, 0.0, 0.0, 0.0, 1.0, 0.0, 0.0, 0.0, 0.0, 0.0, 0.0, 1.0, 0.0]"
2026-04-04T10:30:03.194703+00:00,2026-04-03,il,trade,live,63.0000,forecast,forecast,61.6892,62.6770,,1.3108,0.3230,,0.868920,0.967700,,0.868920,rain,"Rain, Partially cloudy",cloudy,81.5582,0.365577,8,"[""blend"", ""forecast""]","[0.0, 1.0, 0.0, 0.0, 0.99966847, -0.02574791, 0.35045966, 1.0, 0.81558156, 0.3655773, 0.0, 0.0, 0.0, 1.0, 0.0, 0.0, 0.0, 0.0, 0.0, 0.0, 0.0, 1.0]"
2026-04-04T10:30:03.194703+00:00,2026-04-03,ny,trade,live,66.0000,blend,blend,68.1108,67.1480,,2.1108,1.1480,,0.788920,0.885200,,0.885200,rain,"Rain, Partially cloudy",mixed,58.4267,0.499853,8,"[""blend"", ""forecast""]","[1.0, 0.0, 0.0, 0.0, 0.99966847, -0.02574791, 0.20945966, 1.0, 0.58426685, 0.49985273, 0.0, 0.0, 0.0, 1.0, 0.0, 0.0, 0.0, 0.0, 0.0, 0.0, 1.0, 0.0]"
2026-04-04T10:30:03.194703+00:00,2026-04-03,tx,trade,live,84.0000,blend,blend,86.8108,88.5607,,2.8108,4.5607,,0.718920,0.543930,,0.543930,rain,Patchy rain nearby,cloudy,71.8264,0.654240,8,"[""blend"", ""forecast""]","[0.0, 0.0, 1.0, 0.0, 0.99966847, -0.02574791, 0.05, 1.0, 0.71826422, 0.65423952, 0.0, 0.0, 0.0, 1.0, 0.0, 0.0, 0.0, 0.0, 0.0, 0.0, 0.0, 1.0]"
2026-04-05T10:30:04.039755+00:00,2026-04-04,fl,trade,live,83.0000,forecast,forecast,82.7356,83.8281,,0.2644,0.8281,,0.973560,0.917190,,0.973560,rain,"Rain, Partially cloudy",mixed,48.9179,0.729885,8,"[""blend"", ""forecast""]","[0.0, 0.0, 0.0, 1.0, 0.99907917, -0.04290476, 0.22928052, 1.0, 0.48917943, 0.7298849, 0.0, 0.0, 0.0, 1.0, 0.0, 0.0, 0.0, 0.0, 0.0, 0.0, 1.0, 0.0]"
2026-04-05T10:30:04.039755+00:00,2026-04-04,il,trade,live,60.0000,forecast,forecast,58.7978,59.7767,,1.2022,0.2233,,0.879780,0.977670,,0.879780,rain,"Rain, Partially cloudy",cloudy,88.0586,0.015329,8,"[""blend"", ""forecast""]","[0.0, 1.0, 0.0, 0.0, 0.99907917, -0.04290476, 0.0, 1.0, 0.88058624, 0.01532895, 0.0, 0.0, 0.0, 1.0, 0.0, 0.0, 0.0, 0.0, 0.0, 0.0, 0.0, 1.0]"
2026-04-05T10:30:04.039755+00:00,2026-04-04,ny,trade,live,73.0000,blend,forecast,73.0238,74.0393,,0.0238,1.0393,,0.997620,0.896070,,0.997620,partly_cloudy,Partially cloudy,mixed,44.9757,0.772000,8,"[""blend"", ""forecast""]","[1.0, 0.0, 0.0, 0.0, 0.99907917, -0.04290476, 0.31218935, 1.0, 0.44975735, 0.77200048, 0.0, 1.0, 0.0, 0.0, 0.0, 0.0, 0.0, 0.0, 0.0, 0.0, 1.0, 0.0]"
2026-04-05T10:30:04.039755+00:00,2026-04-04,tx,trade,live,78.0000,blend,blend,75.9372,77.2218,,2.0628,0.7782,,0.793720,0.922180,,0.922180,rain,"Rain, Overcast",cloudy,67.9491,0.341685,8,"[""blend"", ""forecast""]","[0.0, 0.0, 1.0, 0.0, 0.99907917, -0.04290476, 0.11, 1.0, 0.67949063, 0.34168529, 0.0, 0.0, 0.0, 1.0, 0.0, 0.0, 0.0, 0.0, 0.0, 0.0, 0.0, 1.0]"
2026-04-06T10:30:04.123877+00:00,2026-04-05,fl,trade,live,84.0000,blend,blend,82.0579,82.7695,,1.9421,1.2305,,0.805790,0.876950,,0.876950,clear,Sunny,mixed,40.9083,0.720538,8,"[""blend"", ""forecast""]","[0.0, 0.0, 0.0, 1.0, 0.99819543, -0.06004896, 0.17389453, 1.0, 0.40908331, 0.72053808, 1.0, 0.0, 0.0, 0.0, 0.0, 0.0, 0.0, 0.0, 0.0, 0.0, 1.0, 0.0]"
2026-04-06T10:30:04.123877+00:00,2026-04-05,il,trade,live,53.0000,forecast,forecast,50.9548,51.6239,,2.0452,1.3761,,0.795480,0.862390,,0.795480,partly_cloudy,Partially cloudy,mixed,62.6508,0.143981,8,"[""blend"", ""forecast""]","[0.0, 1.0, 0.0, 0.0, 0.99819543, -0.06004896, 0.0, 1.0, 0.62650774, 0.14398112, 0.0, 1.0, 0.0, 0.0, 0.0, 0.0, 0.0, 0.0, 0.0, 0.0, 1.0, 0.0]"
2026-04-06T10:30:04.123877+00:00,2026-04-05,ny,trade,live,57.0000,forecast,forecast,60.4190,59.6345,,3.4190,2.6345,,0.658100,0.736550,,0.658100,rain,"Rain, Overcast",cloudy,75.8370,0.714507,8,"[""blend"", ""forecast""]","[1.0, 0.0, 0.0, 0.0, 0.99819543, -0.06004896, 0.18145062, 1.0, 0.75836999, 0.71450714, 0.0, 0.0, 0.0, 1.0, 0.0, 0.0, 0.0, 0.0, 0.0, 0.0, 0.0, 1.0]"
2026-04-06T10:30:04.123877+00:00,2026-04-05,tx,trade,live,65.0000,blend,blend,68.8646,69.9082,,3.8646,4.9082,,0.613540,0.509180,,0.509180,partly_cloudy,Partially cloudy,mixed,60.2099,0.783054,8,"[""blend"", ""forecast""]","[0.0, 0.0, 1.0, 0.0, 0.99819543, -0.06004896, 0.22676849, 1.0, 0.60209867, 0.78305359, 0.0, 1.0, 0.0, 0.0, 0.0, 0.0, 0.0, 0.0, 0.0, 0.0, 1.0, 0.0]"
2026-04-07T10:30:04.854356+00:00,2026-04-06,fl,trade,live,84.0000,blend,forecast,83.2386,84.2579,,0.7614,0.2579,,0.923860,0.974210,,0.923860,rain,"Rain, Partially cloudy",mixed,42.5918,0.724517,8,"[""blend"", ""forecast""]","[0.0, 0.0, 0.0, 1.0, 0.99701753, -0.07717546, 0.234429, 1.0, 0.42591778, 0.72451662, 0.0, 0.0, 0.0, 1.0, 0.0, 0.0, 0.0, 0.0, 0.0, 0.0, 1.0, 0.0]"
2026-04-07T10:30:04.854356+00:00,2026-04-06,il,trade,live,52.0000,blend,blend,47.9452,48.9410,,4.0548,3.0590,,0.594520,0.694100,,0.694100,rain,"Rain, Partially cloudy",mixed,60.7463,0.135284,8,"[""blend"", ""forecast""]","[0.0, 1.0, 0.0, 0.0, 0.99701753, -0.07717546, 0.0, 1.0, 0.60746259, 0.13528369, 0.0, 0.0, 0.0, 1.0, 0.0, 0.0, 0.0, 0.0, 0.0, 0.0, 1.0, 0.0]"
2026-04-07T10:30:04.854356+00:00,2026-04-06,ny,trade,live,56.0000,forecast,forecast,55.2205,56.4639,,0.7795,0.4639,,0.922050,0.953610,,0.922050,partly_cloudy,Partially cloudy,mixed,46.0381,0.860997,8,"[""blend"", ""forecast""]","[1.0, 0.0, 0.0, 0.0, 0.99701753, -0.07717546, 0.18247664, 1.0, 0.46038129, 0.86099748, 0.0, 1.0, 0.0, 0.0, 0.0, 0.0, 0.0, 0.0, 0.0, 0.0, 1.0, 0.0]"
2026-04-07T10:30:04.854356+00:00,2026-04-06,tx,trade,live,74.0000,blend,blend,72.7613,73.6882,,1.2387,0.3118,,0.876130,0.968820,,0.968820,partly_cloudy,Partially cloudy,sunny,33.7656,0.637343,8,"[""blend"", ""forecast""]","[0.0, 0.0, 1.0, 0.0, 0.99701753, -0.07717546, 0.2369345, 1.0, 0.33765607, 0.63734289, 0.0, 1.0, 0.0, 0.0, 0.0, 0.0, 0.0, 0.0, 0.0, 1.0, 0.0, 0.0]"
2026-04-08T10:30:03.600633+00:00,2026-04-07,fl,trade,live,84.0000,blend,blend,79.6650,80.6095,,4.3350,3.3905,,0.566500,0.660950,,0.660950,rain,"Rain, Partially cloudy",cloudy,79.3051,0.142020,8,"[""blend"", ""forecast""]","[0.0, 0.0, 0.0, 1.0, 0.99554579, -0.09427922, 0.125, 1.0, 0.79305103, 0.14201985, 0.0, 0.0, 0.0, 1.0, 0.0, 0.0, 0.0, 0.0, 0.0, 0.0, 0.0, 1.0]"
2026-04-08T10:30:03.600633+00:00,2026-04-07,il,trade,live,38.0000,blend,forecast,37.1559,37.7866,,0.8441,0.2134,,0.915590,0.978660,,0.915590,partly_cloudy,Partially cloudy,mixed,49.4881,0.294816,8,"[""blend"", ""forecast""]","[0.0, 1.0, 0.0, 0.0, 0.99554579, -0.09427922, 0.29670356, 1.0, 0.49488127, 0.29481552, 0.0, 1.0, 0.0, 0.0, 0.0, 0.0, 0.0, 0.0, 0.0, 0.0, 1.0, 0.0]"
2026-04-08T10:30:03.600633+00:00,2026-04-07,ny,trade,live,56.0000,blend,blend,52.7971,54.0356,,3.2029,1.9644,,0.679710,0.803560,,0.803560,partly_cloudy,Partially cloudy,mixed,38.8004,0.833618,8,"[""blend"", ""forecast""]","[1.0, 0.0, 0.0, 0.0, 0.99554579, -0.09427922, 0.11, 1.0, 0.3880042, 0.83361771, 0.0, 1.0, 0.0, 0.0, 0.0, 0.0, 0.0, 0.0, 0.0, 0.0, 1.0, 0.0]"
2026-04-08T10:30:03.600633+00:00,2026-04-07,tx,trade,live,77.0000,blend,blend,75.4677,76.3674,,1.5323,0.6326,,0.846770,0.936740,,0.936740,partly_cloudy,Partially cloudy,mixed,43.3643,0.650705,8,"[""blend"", ""forecast""]","[0.0, 0.0, 1.0, 0.0, 0.99554579, -0.09427922, 0.0, 1.0, 0.43364336, 0.65070521, 0.0, 1.0, 0.0, 0.0, 0.0, 0.0, 0.0, 0.0, 0.0, 0.0, 1.0, 0.0]"
2026-04-09T10:30:06.730283+00:00,2026-04-08,fl,trade,live,83.0000,blend,blend,76.4017,77.4759,,6.5983,5.5241,,0.340170,0.447590,,0.447590,rain,"Rain, Partially cloudy",cloudy,75.9540,0.151461,8,"[""blend"", ""forecast""]","[0.0, 0.0, 0.0, 1.0, 0.99378067, -0.1113552, 0.065, 1.0, 0.75953976, 0.15146084, 0.0, 0.0, 0.0, 1.0, 0.0, 0.0, 0.0, 0.0, 0.0, 0.0, 0.0, 1.0]"
2026-04-09T10:30:06.730283+00:00,2026-04-08,il,trade,live,71.0000,forecast,forecast,66.2668,67.0921,,4.7332,3.9079,,0.526680,0.609210,,0.526680,rain,"Rain, Partially cloudy",mixed,62.2762,0.292517,8,"[""blend"", ""forecast""]","[0.0, 1.0, 0.0, 0.0, 0.99378067, -0.1113552, 0.38166247, 1.0, 0.62276203, 0.29251721, 0.0, 0.0, 0.0, 1.0, 0.0, 0.0, 0.0, 0.0, 0.0, 0.0, 1.0, 0.0]"
2026-04-09T10:30:06.730283+00:00,2026-04-08,ny,trade,live,51.0000,forecast,forecast,50.9910,51.4109,,0.0090,0.4109,,0.999100,0.958910,,0.999100,clear,Clear,sunny,3.8272,0.773800,7,"[""blend"", ""forecast""]","[1.0, 0.0, 0.0, 0.0, 0.99378067, -0.1113552, 0.31044789, 0.875, 0.0382718, 0.77379987, 1.0, 0.0, 0.0, 0.0, 0.0, 0.0, 0.0, 0.0, 0.0, 1.0, 0.0, 0.0]"
2026-04-09T10:30:06.730283+00:00,2026-04-08,tx,trade,live,82.0000,blend,blend,80.7285,81.6864,,1.2715,0.3136,,0.872850,0.968640,,0.968640,partly_cloudy,Partially cloudy,mixed,42.3672,0.947395,8,"[""blend"", ""forecast""]","[0.0, 0.0, 1.0, 0.0, 0.99378067, -0.1113552, 0.21857629, 1.0, 0.4236718, 0.94739533, 0.0, 1.0, 0.0, 0.0, 0.0, 0.0, 0.0, 0.0, 0.0, 0.0, 1.0, 0.0]"
2026-04-10T10:30:08.627846+00:00,2026-04-09,fl,trade,live,79.0000,blend,blend,77.0915,78.3938,,1.9085,0.6062,,0.809150,0.939380,,0.939380,rain,"Rain, Partially cloudy",cloudy,79.2983,0.181260,8,"[""blend"", ""forecast""]","[0.0, 0.0, 0.0, 1.0, 0.99172267, -0.12839836, 0.0, 1.0, 0.79298322, 0.18126006, 0.0, 0.0, 0.0, 1.0, 0.0, 0.0, 0.0, 0.0, 0.0, 0.0, 0.0, 1.0]"
2026-04-10T10:30:08.627846+00:00,2026-04-09,il,trade,live,71.0000,blend,forecast,67.5896,68.3437,,3.4104,2.6563,,0.658960,0.734370,,0.658960,rain,"Rain, Partially cloudy",cloudy,78.0910,0.274185,8,"[""blend"", ""forecast""]","[0.0, 1.0, 0.0, 0.0, 0.99172267, -0.12839836, 0.34552208, 1.0, 0.78090978, 0.27418491, 0.0, 0.0, 0.0, 1.0, 0.0, 0.0, 0.0, 0.0, 0.0, 0.0, 0.0, 1.0]"
2026-04-10T10:30:08.627846+00:00,2026-04-09,ny,trade,live,51.0000,forecast,forecast,52.2546,52.7194,,1.2546,1.7194,,0.874540,0.828060,,0.874540,clear,Clear,sunny,13.3527,0.533226,7,"[""blend"", ""forecast""]","[1.0, 0.0, 0.0, 0.0, 0.99172267, -0.12839836, 0.207, 0.875, 0.13352691, 0.53322613, 1.0, 0.0, 0.0, 0.0, 0.0, 0.0, 0.0, 0.0, 0.0, 1.0, 0.0, 0.0]"
2026-04-10T10:30:08.627846+00:00,2026-04-09,tx,trade,live,84.0000,blend,blend,79.7178,81.1508,,4.2822,2.8492,,0.571780,0.715080,,0.715080,rain,Rain starting in the afternoon.,mixed,63.9446,0.763368,8,"[""blend"", ""forecast""]","[0.0, 0.0, 1.0, 0.0, 0.99172267, -0.12839836, 0.04448595, 1.0, 0.6394463, 0.76336798, 0.0, 0.0, 0.0, 1.0, 0.0, 0.0, 0.0, 0.0, 0.0, 0.0, 1.0, 0.0]"
2026-04-11T10:30:07.794135+00:00,2026-04-10,fl,trade,live,82.0000,blend,blend,78.9059,80.1450,,3.0941,1.8550,,0.690590,0.814500,,0.814500,rain,"Rain, Partially cloudy",mixed,54.4195,0.598066,8,"[""blend"", ""forecast""]","[0.0, 0.0, 0.0, 1.0, 0.98937241, -0.14540367, 0.1647058, 1.0, 0.54419541, 0.59806586, 0.0, 0.0, 0.0, 1.0, 0.0, 0.0, 0.0, 0.0, 0.0, 0.0, 1.0, 0.0]"
2026-04-11T10:30:07.794135+00:00,2026-04-10,il,trade,live,53.0000,blend,forecast,55.2309,56.0599,,2.2309,3.0599,,0.776910,0.694010,,0.776910,rain,"Rain, Partially cloudy",cloudy,72.8775,0.513807,8,"[""blend"", ""forecast""]","[0.0, 1.0, 0.0, 0.0, 0.98937241, -0.14540367, 0.26154559, 1.0, 0.72877462, 0.51380735, 0.0, 0.0, 0.0, 1.0, 0.0, 0.0, 0.0, 0.0, 0.0, 0.0, 0.0, 1.0]"
2026-04-11T10:30:07.794135+00:00,2026-04-10,ny,trade,live,63.0000,blend,forecast,63.5570,64.7730,,0.5570,1.7730,,0.944300,0.822700,,0.944300,partly_cloudy,Partially cloudy,sunny,28.7700,0.577796,7,"[""blend"", ""forecast""]","[1.0, 0.0, 0.0, 0.0, 0.98937241, -0.14540367, 0.35715092, 0.875, 0.28769976, 0.57779601, 0.0, 1.0, 0.0, 0.0, 0.0, 0.0, 0.0, 0.0, 0.0, 1.0, 0.0, 0.0]"
2026-04-11T10:30:07.794135+00:00,2026-04-10,tx,trade,live,82.0000,blend,forecast,78.4187,80.0193,,3.5813,1.9807,,0.641870,0.801930,,0.641870,rain,drizzle,cloudy,71.0200,0.507785,8,"[""blend"", ""forecast""]","[0.0, 0.0, 1.0, 0.0, 0.98937241, -0.14540367, 0.21456636, 1.0, 0.71019967, 0.50778485, 0.0, 0.0, 0.0, 1.0, 0.0, 0.0, 0.0, 0.0, 0.0, 0.0, 0.0, 1.0]"
2026-04-12T10:30:20.652127+00:00,2026-04-11,il,trade,live,58.0000,blend,blend,56.2858,56.8971,,1.7142,1.1029,,0.828580,0.889710,,0.889710,other,other,mixed,64.7046,0.618314,8,"[""blend"", ""forecast""]","[0.0, 1.0, 0.0, 0.0, 0.98673058, -0.16236614, 0.145, 1.0, 0.6470456, 0.61831379, 0.0, 0.0, 0.0, 0.0, 0.0, 0.0, 0.0, 0.0, 1.0, 0.0, 1.0, 0.0]"
2026-04-12T10:30:20.652127+00:00,2026-04-11,ny,trade,live,63.0000,blend,forecast,62.3014,63.4481,,0.6986,0.4481,,0.930140,0.955190,,0.930140,cloudy_overcast,overcast,cloudy,72.3917,0.490483,8,"[""blend"", ""forecast""]","[1.0, 0.0, 0.0, 0.0, 0.98673058, -0.16236614, 0.2599293, 1.0, 0.72391679, 0.49048262, 0.0, 0.0, 1.0, 0.0, 0.0, 0.0, 0.0, 0.0, 0.0, 0.0, 0.0, 1.0]"
2026-04-12T10:30:20.652127+00:00,2026-04-11,tx,trade,live,84.0000,blend,blend,80.7662,82.2478,,3.2338,1.7522,,0.676620,0.824780,,0.824780,rain,"Rain, Partially cloudy",cloudy,73.9891,0.586268,8,"[""blend"", ""forecast""]","[0.0, 0.0, 1.0, 0.0, 0.98673058, -0.16236614, 0.06706382, 1.0, 0.73989054, 0.58626801, 0.0, 0.0, 0.0, 1.0, 0.0, 0.0, 0.0, 0.0, 0.0, 0.0, 0.0, 1.0]"
2026-04-13T10:30:03.330282+00:00,2026-04-12,fl,trade,live,81.0000,forecast,forecast,79.7314,81.5326,,1.2686,0.5326,,0.873140,0.946740,,0.873140,partly_cloudy,Partially cloudy,sunny,34.2044,0.651028,8,"[""blend"", ""forecast""]","[0.0, 0.0, 0.0, 1.0, 0.98379795, -0.17928076, 0.19842817, 1.0, 0.34204376, 0.65102821, 0.0, 1.0, 0.0, 0.0, 0.0, 0.0, 0.0, 0.0, 0.0, 1.0, 0.0, 0.0]"
2026-04-13T10:30:03.330282+00:00,2026-04-12,il,trade,live,81.0000,blend,forecast,80.7248,81.4701,,0.2752,0.4701,,0.972480,0.952990,,0.972480,other,other,mixed,61.0032,0.780733,8,"[""blend"", ""forecast""]","[0.0, 1.0, 0.0, 0.0, 0.98379795, -0.17928076, 0.27376008, 1.0, 0.61003232, 0.78073266, 0.0, 0.0, 0.0, 0.0, 0.0, 0.0, 0.0, 0.0, 1.0, 0.0, 1.0, 0.0]"
2026-04-13T10:30:03.330282+00:00,2026-04-12,ny,trade,live,55.0000,forecast,forecast,56.4164,57.4094,,1.4164,2.4094,,0.858360,0.759060,,0.858360,partly_cloudy,Partially cloudy,sunny,23.8291,0.581612,7,"[""blend"", ""forecast""]","[1.0, 0.0, 0.0, 0.0, 0.98379795, -0.17928076, 0.24418111, 0.875, 0.23829067, 0.58161165, 0.0, 1.0, 0.0, 0.0, 0.0, 0.0, 0.0, 0.0, 0.0, 1.0, 0.0, 0.0]"
2026-04-13T10:30:03.330282+00:00,2026-04-12,tx,trade,live,80.0000,blend,blend,76.7012,77.8677,,3.2988,2.1323,,0.670120,0.786770,,0.786770,rain,"Rain, Partially cloudy",cloudy,81.4762,0.837526,8,"[""blend"", ""forecast""]","[0.0, 0.0, 1.0, 0.0, 0.98379795, -0.17928076, 0.17593918, 1.0, 0.81476249, 0.83752631, 0.0, 0.0, 0.0, 1.0, 0.0, 0.0, 0.0, 0.0, 0.0, 0.0, 0.0, 1.0]"
2026-04-14T10:30:05.601112+00:00,2026-04-13,fl,trade,live,82.0000,blend,blend,80.2794,81.6986,,1.7206,0.3014,,0.827940,0.969860,,0.969860,partly_cloudy,Partially cloudy,mixed,43.0276,0.588293,8,"[""blend"", ""forecast""]","[0.0, 0.0, 0.0, 1.0, 0.98057539, -0.19614254, 0.15047135, 1.0, 0.43027558, 0.58829289, 0.0, 1.0, 0.0, 0.0, 0.0, 0.0, 0.0, 0.0, 0.0, 0.0, 1.0, 0.0]"
2026-04-14T10:30:05.601112+00:00,2026-04-13,il,trade,live,79.0000,blend,forecast,81.6536,82.4094,,2.6536,3.4094,,0.734640,0.659060,,0.734640,other,other,mixed,62.6787,0.632238,8,"[""blend"", ""forecast""]","[0.0, 1.0, 0.0, 0.0, 0.98057539, -0.19614254, 0.25517951, 1.0, 0.62678686, 0.63223754, 0.0, 0.0, 0.0, 0.0, 0.0, 0.0, 0.0, 0.0, 1.0, 0.0, 1.0, 0.0]"
2026-04-14T10:30:05.601112+00:00,2026-04-13,ny,trade,live,79.0000,forecast,forecast,79.0171,79.7490,,0.0171,0.7490,,0.998290,0.925100,,0.998290,other,other,mixed,45.4681,0.760917,7,"[""blend"", ""forecast""]","[1.0, 0.0, 0.0, 0.0, 0.98057539, -0.19614254, 0.33914414, 0.875, 0.45468144, 0.76091742, 0.0, 0.0, 0.0, 0.0, 0.0, 0.0, 0.0, 0.0, 1.0, 0.0, 1.0, 0.0]"
2026-04-14T10:30:05.601112+00:00,2026-04-13,tx,trade,live,89.0000,blend,forecast,84.0267,85.0295,,4.9733,3.9705,,0.502670,0.602950,,0.502670,other,other,cloudy,69.5999,0.919783,8,"[""blend"", ""forecast""]","[0.0, 0.0, 1.0, 0.0, 0.98057539, -0.19614254, 0.38033505, 1.0, 0.69599882, 0.91978251, 0.0, 0.0, 0.0, 0.0, 0.0, 0.0, 0.0, 0.0, 1.0, 0.0, 0.0, 1.0]"
2026-04-15T10:30:03.009925+00:00,2026-04-14,fl,trade,live,83.0000,blend,blend,80.4606,81.9243,,2.5394,1.0757,,0.746060,0.892430,,0.892430,partly_cloudy,Partially cloudy,mixed,55.0267,0.673319,8,"[""blend"", ""forecast""]","[0.0, 0.0, 0.0, 1.0, 0.97706386, -0.21294652, 0.0, 1.0, 0.55026662, 0.6733188, 0.0, 1.0, 0.0, 0.0, 0.0, 0.0, 0.0, 0.0, 0.0, 0.0, 1.0, 0.0]"
2026-04-15T10:30:03.009925+00:00,2026-04-14,il,trade,live,82.0000,forecast,forecast,80.3344,81.0872,,1.6656,0.9128,,0.833440,0.908720,,0.833440,other,other,cloudy,67.8681,0.720188,8,"[""blend"", ""forecast""]","[0.0, 1.0, 0.0, 0.0, 0.97706386, -0.21294652, 0.0, 1.0, 0.67868097, 0.72018824, 0.0, 0.0, 0.0, 0.0, 0.0, 0.0, 0.0, 0.0, 1.0, 0.0, 0.0, 1.0]"
2026-04-15T10:30:03.009925+00:00,2026-04-14,ny,trade,live,87.0000,blend,forecast,85.9363,85.2021,,1.0637,1.7979,,0.893630,0.820210,,0.893630,fog,fog,mixed,46.6355,0.856196,8,"[""blend"", ""forecast""]","[1.0, 0.0, 0.0, 0.0, 0.97706386, -0.21294652, 0.33818734, 1.0, 0.46635464, 0.8561962, 0.0, 0.0, 0.0, 0.0, 0.0, 0.0, 1.0, 0.0, 0.0, 0.0, 1.0, 0.0]"
2026-04-15T10:30:03.009925+00:00,2026-04-14,tx,trade,live,88.0000,blend,blend,84.1280,85.1735,,3.8720,2.8265,,0.612800,0.717350,,0.717350,other,other,cloudy,78.7909,0.798536,8,"[""blend"", ""forecast""]","[0.0, 0.0, 1.0, 0.0, 0.97706386, -0.21294652, 0.16360101, 1.0, 0.78790898, 0.79853571, 0.0, 0.0, 0.0, 0.0, 0.0, 0.0, 0.0, 0.0, 1.0, 0.0, 0.0, 1.0]"
2026-04-16T10:30:05.500398+00:00,2026-04-15,fl,trade,live,81.0000,blend,blend,78.8087,80.3799,,2.1913,0.6201,,0.780870,0.937990,,0.937990,partly_cloudy,Partially cloudy,cloudy,66.5903,0.605750,8,"[""blend"", ""forecast""]","[0.0, 0.0, 0.0, 1.0, 0.97326437, -0.22968774, 0.0, 1.0, 0.66590328, 0.60574954, 0.0, 1.0, 0.0, 0.0, 0.0, 0.0, 0.0, 0.0, 0.0, 0.0, 0.0, 1.0]"
2026-04-16T10:30:05.500398+00:00,2026-04-15,il,trade,live,73.0000,blend,forecast,74.2775,75.0196,,1.2775,2.0196,,0.872250,0.798040,,0.872250,other,other,cloudy,83.8046,0.521594,8,"[""blend"", ""forecast""]","[0.0, 1.0, 0.0, 0.0, 0.97326437, -0.22968774, 0.29612261, 1.0, 0.83804586, 0.52159409, 0.0, 0.0, 0.0, 0.0, 0.0, 0.0, 0.0, 0.0, 1.0, 0.0, 0.0, 1.0]"
2026-04-16T10:30:05.500398+00:00,2026-04-15,ny,trade,live,90.0000,blend,forecast,87.9558,87.4307,,2.0442,2.5693,,0.795580,0.743070,,0.795580,rain,"Rain, Partially cloudy",mixed,42.3065,0.620033,8,"[""blend"", ""forecast""]","[1.0, 0.0, 0.0, 0.0, 0.97326437, -0.22968774, 0.28220904, 1.0, 0.42306547, 0.62003341, 0.0, 0.0, 0.0, 1.0, 0.0, 0.0, 0.0, 0.0, 0.0, 0.0, 1.0, 0.0]"
2026-04-16T10:30:05.500398+00:00,2026-04-15,tx,trade,live,86.0000,blend,blend,86.5144,87.5424,,0.5144,1.5424,,0.948560,0.845760,,0.845760,other,other,cloudy,65.4088,0.894018,8,"[""blend"", ""forecast""]","[0.0, 0.0, 1.0, 0.0, 0.97326437, -0.22968774, 0.16658398, 1.0, 0.65408764, 0.89401761, 0.0, 0.0, 0.0, 0.0, 0.0, 0.0, 0.0, 0.0, 1.0, 0.0, 0.0, 1.0]"
2026-04-17T10:30:05.678590+00:00,2026-04-16,fl,trade,live,82.0000,blend,forecast,82.2209,83.7434,,0.2209,1.7434,,0.977910,0.825660,,0.977910,partly_cloudy,Partially cloudy,mixed,63.5382,0.595990,8,"[""blend"", ""forecast""]","[0.0, 0.0, 0.0, 1.0, 0.96917807, -0.24636127, 0.31, 1.0, 0.6353824, 0.59599006, 0.0, 1.0, 0.0, 0.0, 0.0, 0.0, 0.0, 0.0, 0.0, 0.0, 1.0, 0.0]"
2026-04-17T10:30:05.678590+00:00,2026-04-16,il,trade,live,74.0000,blend,blend,70.1041,70.7710,,3.8959,3.2290,,0.610410,0.677100,,0.677100,other,other,mixed,62.2762,0.519551,8,"[""blend"", ""forecast""]","[0.0, 1.0, 0.0, 0.0, 0.96917807, -0.24636127, 0.21979603, 1.0, 0.62276199, 0.51955149, 0.0, 0.0, 0.0, 0.0, 0.0, 0.0, 0.0, 0.0, 1.0, 0.0, 1.0, 0.0]"
2026-04-17T10:30:05.678590+00:00,2026-04-16,ny,trade,live,89.0000,blend,forecast,88.8314,89.7483,,0.1686,0.7483,,0.983140,0.925170,,0.983140,partly_cloudy,Partially cloudy,mixed,50.6383,0.804861,8,"[""blend"", ""forecast""]","[1.0, 0.0, 0.0, 0.0, 0.96917807, -0.24636127, 0.31843023, 1.0, 0.506383, 0.80486097, 0.0, 1.0, 0.0, 0.0, 0.0, 0.0, 0.0, 0.0, 0.0, 0.0, 1.0, 0.0]"
2026-04-17T10:30:05.678590+00:00,2026-04-16,tx,trade,live,89.0000,blend,blend,86.7984,87.7508,,2.2016,1.2492,,0.779840,0.875080,,0.875080,partly_cloudy,Partially cloudy,mixed,57.3636,0.763120,8,"[""blend"", ""forecast""]","[0.0, 0.0, 1.0, 0.0, 0.96917807, -0.24636127, 0.21008245, 1.0, 0.57363588, 0.76311978, 0.0, 1.0, 0.0, 0.0, 0.0, 0.0, 0.0, 0.0, 0.0, 0.0, 1.0, 0.0]"
2026-04-18T10:30:06.325540+00:00,2026-04-17,fl,trade,live,85.0000,blend,blend,83.9149,85.1460,,1.0851,0.1460,,0.891490,0.985400,,0.985400,rain,"Rain, Partially cloudy",cloudy,67.8485,0.538437,8,"[""blend"", ""forecast""]","[0.0, 0.0, 0.0, 1.0, 0.96480614, -0.2629622, 0.19024464, 1.0, 0.67848529, 0.53843711, 0.0, 0.0, 0.0, 1.0, 0.0, 0.0, 0.0, 0.0, 0.0, 0.0, 0.0, 1.0]"
2026-04-18T10:30:06.325540+00:00,2026-04-17,il,trade,live,82.0000,blend,blend,81.8276,82.3444,,0.1724,0.3444,,0.982760,0.965560,,0.965560,rain,"Rain, Partially cloudy",cloudy,65.6852,0.695680,8,"[""blend"", ""forecast""]","[0.0, 1.0, 0.0, 0.0, 0.96480614, -0.2629622, 0.173618, 1.0, 0.65685213, 0.69568038, 0.0, 0.0, 0.0, 1.0, 0.0, 0.0, 0.0, 0.0, 0.0, 0.0, 0.0, 1.0]"
2026-04-18T10:30:06.325540+00:00,2026-04-17,ny,trade,live,81.0000,blend,blend,78.6970,78.5194,,2.3030,2.4806,,0.769700,0.751940,,0.751940,rain,drizzle,mixed,48.3143,0.719152,8,"[""blend"", ""forecast""]","[1.0, 0.0, 0.0, 0.0, 0.96480614, -0.2629622, 0.09584826, 1.0, 0.48314317, 0.71915188, 0.0, 0.0, 0.0, 1.0, 0.0, 0.0, 0.0, 0.0, 0.0, 0.0, 1.0, 0.0]"
2026-04-18T10:30:06.325540+00:00,2026-04-17,tx,trade,live,89.0000,blend,forecast,87.4539,88.4949,,1.5461,0.5051,,0.845390,0.949490,,0.845390,partly_cloudy,Partially cloudy,cloudy,75.1720,0.773731,8,"[""blend"", ""forecast""]","[0.0, 0.0, 1.0, 0.0, 0.96480614, -0.2629622, 0.31430699, 1.0, 0.75172014, 0.77373064, 0.0, 1.0, 0.0, 0.0, 0.0, 0.0, 0.0, 0.0, 0.0, 0.0, 0.0, 1.0]"
2026-04-19T10:30:03.214291+00:00,2026-04-18,fl,trade,live,86.0000,blend,blend,83.5348,84.7993,,2.4652,1.2007,,0.753480,0.879930,,0.879930,partly_cloudy,Partially cloudy,mixed,49.0539,0.770542,8,"[""blend"", ""forecast""]","[0.0, 0.0, 0.0, 1.0, 0.96014987, -0.27948563, 0.005, 1.0, 0.4905393, 0.77054164, 0.0, 1.0, 0.0, 0.0, 0.0, 0.0, 0.0, 0.0, 0.0, 0.0, 1.0, 0.0]"
2026-04-19T10:30:03.214291+00:00,2026-04-18,il,trade,live,63.0000,blend,forecast,59.5977,60.1019,,3.4023,2.8981,,0.659770,0.710190,,0.659770,rain,"Rain, Partially cloudy",mixed,53.2999,0.688568,8,"[""blend"", ""forecast""]","[0.0, 1.0, 0.0, 0.0, 0.96014987, -0.27948563, 0.83511636, 1.0, 0.53299886, 0.68856836, 0.0, 0.0, 0.0, 1.0, 0.0, 0.0, 0.0, 0.0, 0.0, 0.0, 1.0, 0.0]"
2026-04-19T10:30:03.214291+00:00,2026-04-18,ny,trade,live,66.0000,forecast,forecast,66.2484,67.2032,,0.2484,1.2032,,0.975160,0.879680,,0.975160,partly_cloudy,Partially cloudy,mixed,49.1094,0.805344,8,"[""blend"", ""forecast""]","[1.0, 0.0, 0.0, 0.0, 0.96014987, -0.27948563, 0.30257798, 1.0, 0.49109355, 0.80534421, 0.0, 1.0, 0.0, 0.0, 0.0, 0.0, 0.0, 0.0, 0.0, 0.0, 1.0, 0.0]"
2026-04-19T10:30:03.214291+00:00,2026-04-18,tx,trade,live,74.0000,blend,forecast,74.7776,76.1119,,0.7776,2.1119,,0.922240,0.788810,,0.922240,rain,"Rain, Overcast",cloudy,82.9959,0.435530,8,"[""blend"", ""forecast""]","[0.0, 0.0, 1.0, 0.0, 0.96014987, -0.27948563, 0.29612078, 1.0, 0.82995869, 0.43552982, 0.0, 0.0, 0.0, 1.0, 0.0, 0.0, 0.0, 0.0, 0.0, 0.0, 0.0, 1.0]"
2026-04-20T10:30:07.279104+00:00,2026-04-19,fl,trade,live,88.0000,blend,blend,85.4772,86.7542,,2.5228,1.2458,,0.747720,0.875420,,0.875420,partly_cloudy,Partially cloudy,cloudy,72.0059,0.665232,8,"[""blend"", ""forecast""]","[0.0, 0.0, 0.0, 1.0, 0.95521065, -0.2959267, 0.20686203, 1.0, 0.72005905, 0.66523218, 0.0, 1.0, 0.0, 0.0, 0.0, 0.0, 0.0, 0.0, 0.0, 0.0, 0.0, 1.0]"
2026-04-20T10:30:07.279104+00:00,2026-04-19,il,trade,live,51.0000,blend,blend,49.8234,50.5961,,1.1766,0.4039,,0.882340,0.959610,,0.959610,partly_cloudy,Partially cloudy,mixed,40.1842,0.256753,8,"[""blend"", ""forecast""]","[0.0, 1.0, 0.0, 0.0, 0.95521065, -0.2959267, 0.0, 1.0, 0.4018424, 0.25675338, 0.0, 1.0, 0.0, 0.0, 0.0, 0.0, 0.0, 0.0, 0.0, 0.0, 1.0, 0.0]"
2026-04-20T10:30:07.279104+00:00,2026-04-19,ny,trade,live,53.0000,forecast,forecast,52.4601,52.8145,,0.5399,0.1855,,0.946010,0.981450,,0.946010,rain,"Rain, Partially cloudy",mixed,59.2751,0.604254,8,"[""blend"", ""forecast""]","[1.0, 0.0, 0.0, 0.0, 0.95521065, -0.2959267, 0.31750561, 1.0, 0.59275055, 0.60425366, 0.0, 0.0, 0.0, 1.0, 0.0, 0.0, 0.0, 0.0, 0.0, 0.0, 1.0, 0.0]"
2026-04-20T10:30:07.279104+00:00,2026-04-19,tx,trade,live,72.0000,blend,forecast,73.0763,74.1618,,1.0763,2.1618,,0.892370,0.783820,,0.892370,rain,"Rain, Partially cloudy",mixed,64.7643,0.625017,8,"[""blend"", ""forecast""]","[0.0, 0.0, 1.0, 0.0, 0.95521065, -0.2959267, 0.3111826, 1.0, 0.6476428, 0.62501745, 0.0, 0.0, 0.0, 1.0, 0.0, 0.0, 0.0, 0.0, 0.0, 0.0, 1.0, 0.0]"
2026-04-21T10:30:05.207033+00:00,2026-04-20,fl,trade,live,86.0000,blend,forecast,85.6211,87.1582,,0.3789,1.1582,,0.962110,0.884180,,0.962110,rain,"Rain, Partially cloudy",cloudy,69.2149,0.409829,8,"[""blend"", ""forecast""]","[0.0, 0.0, 0.0, 1.0, 0.94998992, -0.31228056, 0.29505644, 1.0, 0.6921488, 0.40982899, 0.0, 0.0, 0.0, 1.0, 0.0, 0.0, 0.0, 0.0, 0.0, 0.0, 0.0, 1.0]"
2026-04-21T10:30:05.207033+00:00,2026-04-20,il,trade,live,57.0000,blend,forecast,54.2628,55.0416,,2.7372,1.9584,,0.726280,0.804160,,0.726280,partly_cloudy,Partially cloudy,sunny,32.2610,0.177441,7,"[""blend"", ""forecast""]","[0.0, 1.0, 0.0, 0.0, 0.94998992, -0.31228056, 0.24685831, 0.875, 0.32260996, 0.17744056, 0.0, 1.0, 0.0, 0.0, 0.0, 0.0, 0.0, 0.0, 0.0, 1.0, 0.0, 0.0]"
2026-04-21T10:30:05.207033+00:00,2026-04-20,ny,trade,live,51.0000,blend,blend,51.2774,52.1779,,0.2774,1.1779,,0.972260,0.882210,,0.882210,partly_cloudy,Partially cloudy,mixed,35.2010,0.511611,7,"[""blend"", ""forecast""]","[1.0, 0.0, 0.0, 0.0, 0.94998992, -0.31228056, 0.06654823, 0.875, 0.35200951, 0.51161108, 0.0, 1.0, 0.0, 0.0, 0.0, 0.0, 0.0, 0.0, 0.0, 0.0, 1.0, 0.0]"
2026-04-21T10:30:05.207033+00:00,2026-04-20,tx,trade,live,62.0000,blend,blend,63.5927,64.5743,,1.5927,2.5743,,0.840730,0.742570,,0.742570,rain,"Rain, Overcast",cloudy,86.0519,0.537132,8,"[""blend"", ""forecast""]","[0.0, 0.0, 1.0, 0.0, 0.94998992, -0.31228056, 0.21963383, 1.0, 0.86051933, 0.53713151, 0.0, 0.0, 0.0, 1.0, 0.0, 0.0, 0.0, 0.0, 0.0, 0.0, 0.0, 1.0]"
2026-04-22T10:30:05.401692+00:00,2026-04-21,fl,trade,live,80.0000,blend,blend,79.5187,80.9801,,0.4813,0.9801,,0.951870,0.901990,,0.901990,rain,"Rain, Partially cloudy",mixed,58.9944,0.286928,8,"[""blend"", ""forecast""]","[0.0, 0.0, 0.0, 1.0, 0.94448923, -0.32854238, 0.20906545, 1.0, 0.58994437, 0.28692751, 0.0, 0.0, 0.0, 1.0, 0.0, 0.0, 0.0, 0.0, 0.0, 0.0, 1.0, 0.0]"
2026-04-22T10:30:05.401692+00:00,2026-04-21,il,trade,live,76.0000,blend,forecast,75.9993,76.7245,,0.0007,0.7245,,0.999930,0.927550,,0.999930,rain,"Rain, Partially cloudy",cloudy,67.1090,0.161531,8,"[""blend"", ""forecast""]","[0.0, 1.0, 0.0, 0.0, 0.94448923, -0.32854238, 0.36503749, 1.0, 0.67108978, 0.16153057, 0.0, 0.0, 0.0, 1.0, 0.0, 0.0, 0.0, 0.0, 0.0, 0.0, 0.0, 1.0]"
2026-04-22T10:30:05.401692+00:00,2026-04-21,ny,trade,live,54.0000,forecast,forecast,53.8250,54.1933,,0.1750,0.1933,,0.982500,0.980670,,0.982500,clear,Clear,sunny,19.1235,0.953662,7,"[""blend"", ""forecast""]","[1.0, 0.0, 0.0, 0.0, 0.94448923, -0.32854238, 0.28375173, 0.875, 0.19123507, 0.95366171, 1.0, 0.0, 0.0, 0.0, 0.0, 0.0, 0.0, 0.0, 0.0, 1.0, 0.0, 0.0]"
2026-04-22T10:30:05.401692+00:00,2026-04-21,tx,trade,live,64.0000,blend,blend,66.6523,67.4694,,2.6523,3.4694,,0.734770,0.653060,,0.653060,rain,"Rain, Overcast",cloudy,82.4385,0.376601,8,"[""blend"", ""forecast""]","[0.0, 0.0, 1.0, 0.0, 0.94448923, -0.32854238, 0.20261317, 1.0, 0.82438523, 0.37660136, 0.0, 0.0, 0.0, 1.0, 0.0, 0.0, 0.0, 0.0, 0.0, 0.0, 0.0, 1.0]"
2026-04-23T10:30:05.098349+00:00,2026-04-22,fl,trade,live,81.0000,blend,blend,78.0830,79.1588,,2.9170,1.8412,,0.708300,0.815880,,0.815880,partly_cloudy,Partially cloudy,mixed,54.4555,0.360082,8,"[""blend"", ""forecast""]","[0.0, 0.0, 0.0, 1.0, 0.93871019, -0.34470738, 0.20585048, 1.0, 0.54455549, 0.36008151, 0.0, 1.0, 0.0, 0.0, 0.0, 0.0, 0.0, 0.0, 0.0, 0.0, 1.0, 0.0]"
2026-04-23T10:30:05.098349+00:00,2026-04-22,il,trade,live,68.0000,blend,forecast,68.3400,69.1964,,0.3400,1.1964,,0.966000,0.880360,,0.966000,partly_cloudy,Partially cloudy,mixed,44.7338,0.389082,8,"[""blend"", ""forecast""]","[0.0, 1.0, 0.0, 0.0, 0.93871019, -0.34470738, 0.26300139, 1.0, 0.44733771, 0.38908202, 0.0, 1.0, 0.0, 0.0, 0.0, 0.0, 0.0, 0.0, 0.0, 0.0, 1.0, 0.0]"
2026-04-23T10:30:05.098349+00:00,2026-04-22,ny,trade,live,56.0000,forecast,forecast,54.7173,55.0930,,1.2827,0.9070,,0.871730,0.909300,,0.871730,rain,"Rain, Partially cloudy",mixed,58.0406,0.792455,7,"[""blend"", ""forecast""]","[1.0, 0.0, 0.0, 0.0, 0.93871019, -0.34470738, 0.05559576, 0.875, 0.58040555, 0.79245453, 0.0, 0.0, 0.0, 1.0, 0.0, 0.0, 0.0, 0.0, 0.0, 0.0, 1.0, 0.0]"
2026-04-23T10:30:05.098349+00:00,2026-04-22,tx,trade,live,85.0000,blend,blend,79.4549,80.1182,,5.5451,4.8818,,0.445490,0.511820,,0.511820,rain,"Rain, Partially cloudy",cloudy,68.3473,0.712297,8,"[""blend"", ""forecast""]","[0.0, 0.0, 1.0, 0.0, 0.93871019, -0.34470738, 0.0, 1.0, 0.68347328, 0.71229668, 0.0, 0.0, 0.0, 1.0, 0.0, 0.0, 0.0, 0.0, 0.0, 0.0, 0.0, 1.0]"
2026-04-24T10:30:04.459616+00:00,2026-04-23,fl,trade,live,79.0000,blend,blend,77.6818,79.0894,,1.3182,0.0894,,0.868180,0.991060,,0.991060,rain,"Rain, Partially cloudy",cloudy,66.6680,0.076232,8,"[""blend"", ""forecast""]","[0.0, 0.0, 0.0, 1.0, 0.93265451, -0.3607708, 0.0, 1.0, 0.66668017, 0.07623249, 0.0, 0.0, 0.0, 1.0, 0.0, 0.0, 0.0, 0.0, 0.0, 0.0, 0.0, 1.0]"
2026-04-24T10:30:04.459616+00:00,2026-04-23,il,trade,live,82.0000,blend,forecast,81.1660,81.8117,,0.8340,0.1883,,0.916600,0.981170,,0.916600,partly_cloudy,Partially cloudy,sunny,25.6070,0.337587,7,"[""blend"", ""forecast""]","[0.0, 1.0, 0.0, 0.0, 0.93265451, -0.3607708, 0.32170152, 0.875, 0.25606977, 0.33758694, 0.0, 1.0, 0.0, 0.0, 0.0, 0.0, 0.0, 0.0, 0.0, 1.0, 0.0, 0.0]"
2026-04-24T10:30:04.459616+00:00,2026-04-23,ny,trade,live,73.0000,forecast,forecast,73.8943,74.2442,,0.8943,1.2442,,0.910570,0.875580,,0.910570,rain,Rain,sunny,32.0670,0.772793,8,"[""blend"", ""forecast""]","[1.0, 0.0, 0.0, 0.0, 0.93265451, -0.3607708, 0.24528527, 1.0, 0.32067016, 0.77279286, 0.0, 0.0, 0.0, 1.0, 0.0, 0.0, 0.0, 0.0, 0.0, 1.0, 0.0, 0.0]"
2026-04-24T10:30:04.459616+00:00,2026-04-23,tx,trade,live,83.0000,blend,blend,81.3068,82.3756,,1.6932,0.6244,,0.830680,0.937560,,0.937560,partly_cloudy,Partially cloudy,cloudy,77.1104,0.670601,8,"[""blend"", ""forecast""]","[0.0, 0.0, 1.0, 0.0, 0.93265451, -0.3607708, 0.2345, 1.0, 0.77110385, 0.67060139, 0.0, 1.0, 0.0, 0.0, 0.0, 0.0, 0.0, 0.0, 0.0, 0.0, 0.0, 1.0]"
2026-04-25T10:30:03.935115+00:00,2026-04-24,fl,trade,live,84.0000,blend,forecast,80.4595,81.5980,,3.5405,2.4020,,0.645950,0.759800,,0.645950,partly_cloudy,Partially cloudy,cloudy,67.4951,0.516644,8,"[""blend"", ""forecast""]","[0.0, 0.0, 0.0, 1.0, 0.92632397, -0.37672789, 0.25397701, 1.0, 0.67495056, 0.5166444, 0.0, 1.0, 0.0, 0.0, 0.0, 0.0, 0.0, 0.0, 0.0, 0.0, 0.0, 1.0]"
2026-04-25T10:30:03.935115+00:00,2026-04-24,il,trade,live,71.0000,blend,forecast,73.0244,73.7802,,2.0244,2.7802,,0.797560,0.721980,,0.797560,rain,"Rain, Partially cloudy",cloudy,71.9422,0.300399,8,"[""blend"", ""forecast""]","[0.0, 1.0, 0.0, 0.0, 0.92632397, -0.37672789, 0.26378147, 1.0, 0.71942161, 0.30039862, 0.0, 0.0, 0.0, 1.0, 0.0, 0.0, 0.0, 0.0, 0.0, 0.0, 0.0, 1.0]"
2026-04-25T10:30:03.935115+00:00,2026-04-24,ny,trade,live,68.0000,forecast,forecast,65.7710,66.0120,,2.2290,1.9880,,0.777100,0.801200,,0.777100,rain,Possible drizzle starting in the evening.,sunny,30.0478,0.890546,8,"[""blend"", ""forecast""]","[1.0, 0.0, 0.0, 0.0, 0.92632397, -0.37672789, 0.21644958, 1.0, 0.30047827, 0.89054647, 0.0, 0.0, 0.0, 1.0, 0.0, 0.0, 0.0, 0.0, 0.0, 1.0, 0.0, 0.0]"
2026-04-25T10:30:03.935115+00:00,2026-04-24,tx,trade,live,90.0000,blend,blend,86.3390,87.3625,,3.6610,2.6375,,0.633900,0.736250,,0.736250,partly_cloudy,Partially cloudy,mixed,56.0055,0.652424,8,"[""blend"", ""forecast""]","[0.0, 0.0, 1.0, 0.0, 0.92632397, -0.37672789, 0.21904915, 1.0, 0.56005486, 0.65242366, 0.0, 1.0, 0.0, 0.0, 0.0, 0.0, 0.0, 0.0, 0.0, 0.0, 1.0, 0.0]"
2026-04-26T10:30:03.120224+00:00,2026-04-25,fl,trade,live,85.0000,blend,forecast,84.9050,86.1993,,0.0950,1.1993,,0.990500,0.880070,,0.990500,clear,Sunny,sunny,22.7537,0.365959,8,"[""blend"", ""forecast""]","[0.0, 0.0, 0.0, 1.0, 0.91972044, -0.39257396, 0.2532504, 1.0, 0.22753679, 0.36595937, 1.0, 0.0, 0.0, 0.0, 0.0, 0.0, 0.0, 0.0, 0.0, 1.0, 0.0, 0.0]"
2026-04-26T10:30:03.120224+00:00,2026-04-25,il,trade,live,56.0000,blend,forecast,55.4495,56.0032,,0.5505,0.0032,,0.944950,0.999680,,0.944950,partly_cloudy,Partially cloudy,mixed,48.3162,0.174345,8,"[""blend"", ""forecast""]","[0.0, 1.0, 0.0, 0.0, 0.91972044, -0.39257396, 0.24852643, 1.0, 0.48316185, 0.17434548, 0.0, 1.0, 0.0, 0.0, 0.0, 0.0, 0.0, 0.0, 0.0, 0.0, 1.0, 0.0]"
2026-04-26T10:30:03.120224+00:00,2026-04-25,ny,trade,live,50.0000,forecast,forecast,50.5260,50.8350,,0.5260,0.8350,,0.947400,0.916500,,0.947400,rain,Rain starting in the afternoon.,mixed,59.1264,0.789527,8,"[""blend"", ""forecast""]","[1.0, 0.0, 0.0, 0.0, 0.91972044, -0.39257396, 0.26029915, 1.0, 0.5912643, 0.78952687, 0.0, 0.0, 0.0, 1.0, 0.0, 0.0, 0.0, 0.0, 0.0, 0.0, 1.0, 0.0]"
2026-04-26T10:30:03.120224+00:00,2026-04-25,tx,trade,live,90.0000,blend,forecast,89.9421,90.9336,,0.0579,0.9336,,0.994210,0.906640,,0.994210,other,other,mixed,58.4240,0.764301,8,"[""blend"", ""forecast""]","[0.0, 0.0, 1.0, 0.0, 0.91972044, -0.39257396, 0.28789322, 1.0, 0.58424007, 0.76430133, 0.0, 0.0, 0.0, 0.0, 0.0, 0.0, 0.0, 0.0, 1.0, 0.0, 1.0, 0.0]"
2026-04-27T10:30:03.529264+00:00,2026-04-26,fl,trade,live,88.0000,blend,forecast,85.8974,87.3093,,2.1026,0.6907,,0.789740,0.930930,,0.789740,rain,Moderate rain,mixed,59.9925,0.636871,8,"[""blend"", ""forecast""]","[0.0, 0.0, 0.0, 1.0, 0.91284586, -0.40830434, 0.25587084, 1.0, 0.59992533, 0.63687077, 0.0, 0.0, 0.0, 1.0, 0.0, 0.0, 0.0, 0.0, 0.0, 0.0, 1.0, 0.0]"
2026-04-27T10:30:03.529264+00:00,2026-04-26,il,trade,live,60.0000,blend,blend,59.7145,60.3091,,0.2855,0.3091,,0.971450,0.969090,,0.969090,partly_cloudy,Partially cloudy,mixed,61.6208,0.416490,7,"[""blend"", ""forecast""]","[0.0, 1.0, 0.0, 0.0, 0.91284586, -0.40830434, 0.15072588, 0.875, 0.61620841, 0.41649032, 0.0, 1.0, 0.0, 0.0, 0.0, 0.0, 0.0, 0.0, 0.0, 0.0, 1.0, 0.0]"
2026-04-27T10:30:03.529264+00:00,2026-04-26,ny,trade,live,57.0000,forecast,forecast,54.8155,55.0715,,2.1845,1.9285,,0.781550,0.807150,,0.781550,rain,"Rain, Partially cloudy",mixed,42.6823,0.668865,8,"[""blend"", ""forecast""]","[1.0, 0.0, 0.0, 0.0, 0.91284586, -0.40830434, 0.17577256, 1.0, 0.42682288, 0.66886536, 0.0, 0.0, 0.0, 1.0, 0.0, 0.0, 0.0, 0.0, 0.0, 0.0, 1.0, 0.0]"
2026-04-27T10:30:03.529264+00:00,2026-04-26,tx,trade,live,88.0000,blend,blend,87.9848,88.9746,,0.0152,0.9746,,0.998480,0.902540,,0.902540,other,other,cloudy,80.6482,0.709494,8,"[""blend"", ""forecast""]","[0.0, 0.0, 1.0, 0.0, 0.91284586, -0.40830434, 0.17, 1.0, 0.80648237, 0.70949365, 0.0, 0.0, 0.0, 0.0, 0.0, 0.0, 0.0, 0.0, 1.0, 0.0, 0.0, 1.0]"
2026-04-28T10:30:05.580834+00:00,2026-04-27,fl,trade,live,88.0000,blend,blend,85.6279,86.9515,,2.3721,1.0485,,0.762790,0.895150,,0.895150,clear,Clear,sunny,24.9255,0.414880,8,"[""blend"", ""forecast""]","[0.0, 0.0, 0.0, 1.0, 0.90570226, -0.42391439, 0.19089314, 1.0, 0.24925523, 0.41488022, 1.0, 0.0, 0.0, 0.0, 0.0, 0.0, 0.0, 0.0, 0.0, 1.0, 0.0, 0.0]"
2026-04-28T10:30:05.580834+00:00,2026-04-27,il,trade,live,68.0000,blend,blend,65.1401,65.6831,,2.8599,2.3169,,0.714010,0.768310,,0.768310,rain,"Rain, Overcast",cloudy,71.0374,0.402910,8,"[""blend"", ""forecast""]","[0.0, 1.0, 0.0, 0.0, 0.90570226, -0.42391439, 0.1125, 1.0, 0.71037379, 0.40290974, 0.0, 0.0, 0.0, 1.0, 0.0, 0.0, 0.0, 0.0, 0.0, 0.0, 0.0, 1.0]"
2026-04-28T10:30:05.580834+00:00,2026-04-27,ny,trade,live,68.0000,forecast,forecast,66.6928,67.2650,,1.3072,0.7350,,0.869280,0.926500,,0.869280,clear,Clear,sunny,2.3416,0.899662,7,"[""blend"", ""forecast""]","[1.0, 0.0, 0.0, 0.0, 0.90570226, -0.42391439, 0.18486131, 0.875, 0.02341638, 0.89966234, 1.0, 0.0, 0.0, 0.0, 0.0, 0.0, 0.0, 0.0, 0.0, 1.0, 0.0, 0.0]"
2026-04-28T10:30:05.580834+00:00,2026-04-27,tx,trade,live,89.0000,blend,forecast,90.0977,91.1535,,1.0977,2.1535,,0.890230,0.784650,,0.890230,partly_cloudy,Partially cloudy,mixed,62.1477,0.724373,8,"[""blend"", ""forecast""]","[0.0, 0.0, 1.0, 0.0, 0.90570226, -0.42391439, 0.31911555, 1.0, 0.62147664, 0.7243734, 0.0, 1.0, 0.0, 0.0, 0.0, 0.0, 0.0, 0.0, 0.0, 0.0, 1.0, 0.0]"
2026-04-29T10:30:05.681364+00:00,2026-04-28,fl,trade,live,86.0000,blend,forecast,86.5454,87.2157,,0.5454,1.2157,,0.945460,0.878430,,0.945460,clear,Sunny,sunny,26.1222,0.773023,8,"[""blend"", ""forecast""]","[0.0, 0.0, 0.0, 1.0, 0.89829175, -0.43939951, 0.29176926, 1.0, 0.26122168, 0.77302261, 1.0, 0.0, 0.0, 0.0, 0.0, 0.0, 0.0, 0.0, 0.0, 1.0, 0.0, 0.0]"
2026-04-29T10:30:05.681364+00:00,2026-04-28,il,trade,live,64.0000,blend,blend,61.7332,62.3201,,2.2668,1.6799,,0.773320,0.832010,,0.832010,rain,"Rain, Partially cloudy",cloudy,72.9133,0.406031,7,"[""blend"", ""forecast""]","[0.0, 1.0, 0.0, 0.0, 0.89829175, -0.43939951, 0.0, 0.875, 0.72913293, 0.40603109, 0.0, 0.0, 0.0, 1.0, 0.0, 0.0, 0.0, 0.0, 0.0, 0.0, 0.0, 1.0]"
2026-04-29T10:30:05.681364+00:00,2026-04-28,ny,trade,live,65.0000,forecast,forecast,66.2157,66.9170,,1.2157,1.9170,,0.878430,0.808300,,0.878430,partly_cloudy,Partially cloudy,mixed,39.7586,0.629963,7,"[""blend"", ""forecast""]","[1.0, 0.0, 0.0, 0.0, 0.89829175, -0.43939951, 0.1506084, 0.875, 0.39758627, 0.62996289, 0.0, 1.0, 0.0, 0.0, 0.0, 0.0, 0.0, 0.0, 0.0, 0.0, 1.0, 0.0]"
2026-04-29T10:30:05.681364+00:00,2026-04-28,tx,trade,live,91.0000,blend,blend,89.4432,90.4708,,1.5568,0.5292,,0.844320,0.947080,,0.947080,partly_cloudy,Partially cloudy,cloudy,69.3276,0.661680,8,"[""blend"", ""forecast""]","[0.0, 0.0, 1.0, 0.0, 0.89829175, -0.43939951, 0.21284177, 1.0, 0.69327641, 0.6616798, 0.0, 1.0, 0.0, 0.0, 0.0, 0.0, 0.0, 0.0, 0.0, 0.0, 0.0, 1.0]"
2026-04-30T10:30:05.935837+00:00,2026-04-29,fl,trade,live,84.0000,blend,forecast,85.6092,86.9497,,1.6092,2.9497,,0.839080,0.705030,,0.839080,partly_cloudy,Partially cloudy,mixed,35.1124,0.836378,8,"[""blend"", ""forecast""]","[0.0, 0.0, 0.0, 1.0, 0.89061651, -0.45475514, 0.2808321, 1.0, 0.35112363, 0.83637784, 0.0, 1.0, 0.0, 0.0, 0.0, 0.0, 0.0, 0.0, 0.0, 0.0, 1.0, 0.0]"
2026-04-30T10:30:05.935837+00:00,2026-04-29,il,trade,live,57.0000,blend,forecast,57.2497,57.8358,,0.2497,0.8358,,0.975030,0.916420,,0.975030,partly_cloudy,Partially cloudy,cloudy,67.3388,0.739266,8,"[""blend"", ""forecast""]","[0.0, 1.0, 0.0, 0.0, 0.89061651, -0.45475514, 0.24751724, 1.0, 0.67338837, 0.73926564, 0.0, 1.0, 0.0, 0.0, 0.0, 0.0, 0.0, 0.0, 0.0, 0.0, 0.0, 1.0]"
2026-04-30T10:30:05.935837+00:00,2026-04-29,ny,trade,live,62.0000,forecast,forecast,62.1856,62.2728,,0.1856,0.2728,,0.981440,0.972720,,0.981440,rain,"Rain, Partially cloudy",mixed,63.2061,0.599718,8,"[""blend"", ""forecast""]","[1.0, 0.0, 0.0, 0.0, 0.89061651, -0.45475514, 0.17572079, 1.0, 0.63206063, 0.5997179, 0.0, 0.0, 0.0, 1.0, 0.0, 0.0, 0.0, 0.0, 0.0, 0.0, 1.0, 0.0]"
2026-04-30T10:30:05.935837+00:00,2026-04-29,tx,trade,live,80.0000,forecast,forecast,82.4148,83.4274,,2.4148,3.4274,,0.758520,0.657260,,0.758520,other,other,cloudy,76.6991,0.797019,8,"[""blend"", ""forecast""]","[0.0, 0.0, 1.0, 0.0, 0.89061651, -0.45475514, 0.26426171, 1.0, 0.76699081, 0.79701906, 0.0, 0.0, 0.0, 0.0, 0.0, 0.0, 0.0, 0.0, 1.0, 0.0, 0.0, 1.0]"
2026-05-01T10:30:05.363765+00:00,2026-04-30,fl,trade,live,87.0000,blend,blend,85.3387,86.4551,,1.6613,0.5449,,0.833870,0.945510,,0.945510,partly_cloudy,Partially cloudy,sunny,33.6528,0.805124,8,"[""blend"", ""forecast""]","[0.0, 0.0, 0.0, 1.0, 0.8826788, -0.46997674, 0.22306415, 1.0, 0.33652805, 0.80512437, 0.0, 1.0, 0.0, 0.0, 0.0, 0.0, 0.0, 0.0, 0.0, 1.0, 0.0, 0.0]"
2026-05-01T10:30:05.363765+00:00,2026-04-30,il,trade,live,56.0000,forecast,forecast,53.9250,54.5361,,2.0750,1.4639,,0.792500,0.853610,,0.792500,partly_cloudy,Partially cloudy,mixed,51.2750,0.716874,8,"[""blend"", ""forecast""]","[0.0, 1.0, 0.0, 0.0, 0.8826788, -0.46997674, 0.17375003, 1.0, 0.51274959, 0.71687372, 0.0, 1.0, 0.0, 0.0, 0.0, 0.0, 0.0, 0.0, 0.0, 0.0, 1.0, 0.0]"
2026-05-01T10:30:05.363765+00:00,2026-04-30,ny,trade,live,60.0000,forecast,forecast,60.3955,61.0530,,0.3955,1.0530,,0.960450,0.894700,,0.960450,other,other,mixed,63.2124,0.965789,8,"[""blend"", ""forecast""]","[1.0, 0.0, 0.0, 0.0, 0.8826788, -0.46997674, 0.18143931, 1.0, 0.63212407, 0.96578919, 0.0, 0.0, 0.0, 0.0, 0.0, 0.0, 0.0, 0.0, 1.0, 0.0, 1.0, 0.0]"
2026-05-01T10:30:05.363765+00:00,2026-04-30,tx,trade,live,72.0000,forecast,forecast,76.1055,76.9029,,4.1055,4.9029,,0.589450,0.509710,,0.589450,rain,"Rain, Overcast",cloudy,69.6153,0.481122,8,"[""blend"", ""forecast""]","[0.0, 0.0, 1.0, 0.0, 0.8826788, -0.46997674, 0.3152775, 1.0, 0.69615314, 0.48112243, 0.0, 0.0, 0.0, 1.0, 0.0, 0.0, 0.0, 0.0, 0.0, 0.0, 0.0, 1.0]"
2026-05-02T10:30:06.741371+00:00,2026-05-01,fl,trade,live,87.0000,blend,blend,85.9599,87.0135,,1.0401,0.0135,,0.895990,0.998650,,0.998650,partly_cloudy,Partially cloudy,sunny,33.7598,0.691876,8,"[""blend"", ""forecast""]","[0.0, 0.0, 0.0, 1.0, 0.87448096, -0.48505985, 0.18200649, 1.0, 0.3375975, 0.69187576, 0.0, 1.0, 0.0, 0.0, 0.0, 0.0, 0.0, 0.0, 0.0, 1.0, 0.0, 0.0]"
2026-05-02T10:30:06.741371+00:00,2026-05-01,il,trade,live,50.0000,blend,blend,48.7110,49.3211,,1.2890,0.6789,,0.871100,0.932110,,0.932110,rain,"Rain, Partially cloudy",mixed,57.1314,0.786015,8,"[""blend"", ""forecast""]","[0.0, 1.0, 0.0, 0.0, 0.87448096, -0.48505985, 0.0185, 1.0, 0.5713139, 0.78601455, 0.0, 0.0, 0.0, 1.0, 0.0, 0.0, 0.0, 0.0, 0.0, 0.0, 1.0, 0.0]"
2026-05-02T10:30:06.741371+00:00,2026-05-01,ny,trade,live,64.0000,forecast,forecast,65.1627,65.7213,,1.1627,1.7213,,0.883730,0.827870,,0.883730,other,other,mixed,36.9056,0.983045,8,"[""blend"", ""forecast""]","[1.0, 0.0, 0.0, 0.0, 0.87448096, -0.48505985, 0.09082401, 1.0, 0.36905597, 0.98304528, 0.0, 0.0, 0.0, 0.0, 0.0, 0.0, 0.0, 0.0, 1.0, 0.0, 1.0, 0.0]"
2026-05-02T10:30:06.741371+00:00,2026-05-01,tx,trade,live,64.0000,blend,blend,64.0653,64.8002,,0.0653,0.8002,,0.993470,0.919980,,0.919980,rain,"Rain, Overcast",cloudy,70.3083,0.542301,8,"[""blend"", ""forecast""]","[0.0, 0.0, 1.0, 0.0, 0.87448096, -0.48505985, 0.23809382, 1.0, 0.70308291, 0.5423012, 0.0, 0.0, 0.0, 1.0, 0.0, 0.0, 0.0, 0.0, 0.0, 0.0, 0.0, 1.0]"
2026-05-03T10:30:05.647656+00:00,2026-05-02,fl,trade,live,94.0000,blend,blend,88.6929,89.6349,,5.3071,4.3651,,0.469290,0.563490,,0.563490,partly_cloudy,Partially cloudy,mixed,48.8937,0.487636,8,"[""blend"", ""forecast""]","[0.0, 0.0, 0.0, 1.0, 0.8660254, -0.5, 0.20035696, 1.0, 0.48893749, 0.48763644, 0.0, 1.0, 0.0, 0.0, 0.0, 0.0, 0.0, 0.0, 0.0, 0.0, 1.0, 0.0]"
2026-05-03T10:30:05.647656+00:00,2026-05-02,il,trade,live,56.0000,blend,blend,55.4161,56.1631,,0.5839,0.1631,,0.941610,0.983690,,0.983690,clear,Sunny,sunny,31.3424,0.886208,8,"[""blend"", ""forecast""]","[0.0, 1.0, 0.0, 0.0, 0.8660254, -0.5, 0.06197731, 1.0, 0.31342387, 0.88620783, 1.0, 0.0, 0.0, 0.0, 0.0, 0.0, 0.0, 0.0, 0.0, 1.0, 0.0, 0.0]"
2026-05-03T10:30:05.647656+00:00,2026-05-02,ny,trade,live,61.0000,forecast,forecast,60.6931,61.1957,,0.3069,0.1957,,0.969310,0.980430,,0.969310,other,other,mixed,64.5144,0.976543,8,"[""blend"", ""forecast""]","[1.0, 0.0, 0.0, 0.0, 0.8660254, -0.5, 0.0290979, 1.0, 0.64514448, 0.9765427, 0.0, 0.0, 0.0, 0.0, 0.0, 0.0, 0.0, 0.0, 1.0, 0.0, 1.0, 0.0]"
2026-05-03T10:30:05.647656+00:00,2026-05-02,tx,trade,live,75.0000,forecast,forecast,72.1478,72.9211,,2.8522,2.0789,,0.714780,0.792110,,0.714780,clear,Clear,sunny,13.8277,0.544707,8,"[""blend"", ""forecast""]","[0.0, 0.0, 1.0, 0.0, 0.8660254, -0.5, 0.02, 1.0, 0.13827679, 0.5447072, 1.0, 0.0, 0.0, 0.0, 0.0, 0.0, 0.0, 0.0, 0.0, 1.0, 0.0, 0.0]"
2026-05-04T10:30:06.608514+00:00,2026-05-03,fl,trade,live,82.0000,blend,forecast,81.9919,83.4754,,0.0081,1.4754,,0.999190,0.852460,,0.999190,rain,"Rain, Partially cloudy",cloudy,80.6980,0.099907,8,"[""blend"", ""forecast""]","[0.0, 0.0, 0.0, 1.0, 0.85731463, -0.5147928, 0.3704027, 1.0, 0.80698048, 0.09990675, 0.0, 0.0, 0.0, 1.0, 0.0, 0.0, 0.0, 0.0, 0.0, 0.0, 0.0, 1.0]"
2026-05-04T10:30:06.608514+00:00,2026-05-03,il,trade,live,67.0000,blend,forecast,70.1515,70.9814,,3.1515,3.9814,,0.684850,0.601860,,0.684850,rain,Patchy rain nearby,mixed,58.2995,0.885836,8,"[""blend"", ""forecast""]","[0.0, 1.0, 0.0, 0.0, 0.85731463, -0.5147928, 0.3470751, 1.0, 0.58299512, 0.88583625, 0.0, 0.0, 0.0, 1.0, 0.0, 0.0, 0.0, 0.0, 0.0, 0.0, 1.0, 0.0]"
2026-05-04T10:30:06.608514+00:00,2026-05-03,ny,trade,live,59.0000,forecast,forecast,59.7350,60.2284,,0.7350,1.2284,,0.926500,0.877160,,0.926500,other,other,sunny,28.5870,0.798597,7,"[""blend"", ""forecast""]","[1.0, 0.0, 0.0, 0.0, 0.85731463, -0.5147928, 0.20825147, 0.875, 0.28586994, 0.79859691, 0.0, 0.0, 0.0, 0.0, 0.0, 0.0, 0.0, 0.0, 1.0, 1.0, 0.0, 0.0]"
2026-05-04T10:30:06.608514+00:00,2026-05-03,tx,trade,live,80.0000,blend,blend,78.4646,79.2319,,1.5354,0.7681,,0.846460,0.923190,,0.923190,clear,Clear,sunny,15.4814,0.453825,8,"[""blend"", ""forecast""]","[0.0, 0.0, 1.0, 0.0, 0.85731463, -0.5147928, 0.0, 1.0, 0.1548138, 0.45382494, 1.0, 0.0, 0.0, 0.0, 0.0, 0.0, 0.0, 0.0, 0.0, 1.0, 0.0, 0.0]"
2026-05-05T10:30:06.590519+00:00,2026-05-04,fl,trade,live,82.0000,blend,forecast,80.4439,81.7516,,1.5561,0.2484,,0.844390,0.975160,,0.844390,rain,"Rain, Partially cloudy",cloudy,78.3539,0.294323,8,"[""blend"", ""forecast""]","[0.0, 0.0, 0.0, 1.0, 0.8483512, -0.52943389, 0.30280671, 1.0, 0.78353929, 0.29432337, 0.0, 0.0, 0.0, 1.0, 0.0, 0.0, 0.0, 0.0, 0.0, 0.0, 0.0, 1.0]"
2026-05-05T10:30:06.590519+00:00,2026-05-04,il,trade,live,81.0000,blend,forecast,80.8394,81.5104,,0.1606,0.5104,,0.983940,0.948960,,0.983940,rain,"Rain, Partially cloudy",mixed,44.6220,0.716569,8,"[""blend"", ""forecast""]","[0.0, 1.0, 0.0, 0.0, 0.8483512, -0.52943389, 0.32601977, 1.0, 0.44622045, 0.71656926, 0.0, 0.0, 0.0, 1.0, 0.0, 0.0, 0.0, 0.0, 0.0, 0.0, 1.0, 0.0]"
2026-05-05T10:30:06.590519+00:00,2026-05-04,ny,trade,live,72.0000,forecast,forecast,72.2542,72.9884,,0.2542,0.9884,,0.974580,0.901160,,0.974580,clear,Clear until night.,sunny,6.7580,0.569195,8,"[""blend"", ""forecast""]","[1.0, 0.0, 0.0, 0.0, 0.8483512, -0.52943389, 0.32729037, 1.0, 0.06758018, 0.5691949, 1.0, 0.0, 0.0, 0.0, 0.0, 0.0, 0.0, 0.0, 0.0, 1.0, 0.0, 0.0]"
2026-05-05T10:30:06.590519+00:00,2026-05-04,tx,trade,live,83.0000,blend,blend,84.1833,85.0378,,1.1833,2.0378,,0.881670,0.796220,,0.796220,partly_cloudy,Partially cloudy,mixed,50.4813,0.642766,8,"[""blend"", ""forecast""]","[0.0, 0.0, 1.0, 0.0, 0.8483512, -0.52943389, 0.16083341, 1.0, 0.50481282, 0.64276599, 0.0, 1.0, 0.0, 0.0, 0.0, 0.0, 0.0, 0.0, 0.0, 0.0, 1.0, 0.0]"
2026-05-06T10:30:03.598819+00:00,2026-05-05,fl,trade,live,88.0000,blend,forecast,86.8000,87.7680,,1.2000,0.2320,,0.880000,0.976800,,0.880000,partly_cloudy,Partially cloudy,mixed,42.6556,0.407582,8,"[""blend"", ""forecast""]","[0.0, 0.0, 0.0, 1.0, 0.83913775, -0.54391895, 0.34150109, 1.0, 0.42655629, 0.40758208, 0.0, 1.0, 0.0, 0.0, 0.0, 0.0, 0.0, 0.0, 0.0, 0.0, 1.0, 0.0]"
2026-05-06T10:30:03.598819+00:00,2026-05-05,il,trade,live,60.0000,forecast,forecast,62.9874,63.6200,,2.9874,3.6200,,0.701260,0.638000,,0.701260,rain,"Rain, Partially cloudy",cloudy,72.4288,0.739869,8,"[""blend"", ""forecast""]","[0.0, 1.0, 0.0, 0.0, 0.83913775, -0.54391895, 0.31379399, 1.0, 0.72428826, 0.73986919, 0.0, 0.0, 0.0, 1.0, 0.0, 0.0, 0.0, 0.0, 0.0, 0.0, 0.0, 1.0]"
2026-05-06T10:30:03.598819+00:00,2026-05-05,ny,trade,live,81.0000,forecast,forecast,82.9179,83.3199,,1.9179,2.3199,,0.808210,0.768010,,0.808210,wind,Breezy starting in the afternoon.,sunny,13.8553,0.958907,7,"[""blend"", ""forecast""]","[1.0, 0.0, 0.0, 0.0, 0.83913775, -0.54391895, 0.28910353, 0.875, 0.13855331, 0.9589066, 0.0, 0.0, 0.0, 0.0, 0.0, 0.0, 0.0, 1.0, 0.0, 1.0, 0.0, 0.0]"
2026-05-06T10:30:03.598819+00:00,2026-05-05,tx,trade,live,86.0000,blend,blend,84.3932,85.2426,,1.6068,0.7574,,0.839320,0.924260,,0.924260,partly_cloudy,Partially cloudy,cloudy,72.1423,0.608569,8,"[""blend"", ""forecast""]","[0.0, 0.0, 1.0, 0.0, 0.83913775, -0.54391895, 0.21565967, 1.0, 0.72142329, 0.60856914, 0.0, 1.0, 0.0, 0.0, 0.0, 0.0, 0.0, 0.0, 0.0, 0.0, 0.0, 1.0]"
2026-05-07T10:30:05.043442+00:00,2026-05-06,fl,trade,live,88.0000,blend,blend,86.7813,87.7770,,1.2187,0.2230,,0.878130,0.977700,,0.977700,partly_cloudy,Partially cloudy,mixed,39.9188,0.417623,8,"[""blend"", ""forecast""]","[0.0, 0.0, 0.0, 1.0, 0.82967701, -0.55824372, 0.21456303, 1.0, 0.39918821, 0.4176227, 0.0, 1.0, 0.0, 0.0, 0.0, 0.0, 0.0, 0.0, 0.0, 0.0, 1.0, 0.0]"
2026-05-07T10:30:05.043442+00:00,2026-05-06,il,trade,live,58.0000,blend,blend,57.1036,57.7781,,0.8964,0.2219,,0.910360,0.977810,,0.977810,partly_cloudy,Partially cloudy,mixed,39.3294,0.769242,8,"[""blend"", ""forecast""]","[0.0, 1.0, 0.0, 0.0, 0.82967701, -0.55824372, 0.17481878, 1.0, 0.39329415, 0.76924208, 0.0, 1.0, 0.0, 0.0, 0.0, 0.0, 0.0, 0.0, 0.0, 0.0, 1.0, 0.0]"
2026-05-07T10:30:05.043442+00:00,2026-05-06,ny,trade,live,71.0000,forecast,forecast,71.5388,72.4121,,0.5388,1.4121,,0.946120,0.858790,,0.946120,rain,"Rain, Partially cloudy",mixed,48.4548,0.768436,8,"[""blend"", ""forecast""]","[1.0, 0.0, 0.0, 0.0, 0.82967701, -0.55824372, 0.33644192, 1.0, 0.48454842, 0.76843639, 0.0, 0.0, 0.0, 1.0, 0.0, 0.0, 0.0, 0.0, 0.0, 0.0, 1.0, 0.0]"
2026-05-07T10:30:05.043442+00:00,2026-05-06,tx,trade,live,78.0000,blend,blend,81.1974,82.0772,,3.1974,4.0772,,0.680260,0.592280,,0.592280,partly_cloudy,Partially cloudy,cloudy,81.5773,0.640460,8,"[""blend"", ""forecast""]","[0.0, 0.0, 1.0, 0.0, 0.82967701, -0.55824372, 0.159872, 1.0, 0.81577332, 0.64045958, 0.0, 1.0, 0.0, 0.0, 0.0, 0.0, 0.0, 0.0, 0.0, 0.0, 0.0, 1.0]"
2026-05-08T10:30:05.168105+00:00,2026-05-07,fl,trade,live,91.0000,blend,blend,89.4101,89.3084,,1.5899,1.6916,,0.841010,0.830840,,0.830840,clear,Clear,sunny,13.2759,0.119307,8,"[""blend"", ""forecast""]","[0.0, 0.0, 0.0, 1.0, 0.81997176, -0.57240397, 0.22900318, 1.0, 0.13275941, 0.11930698, 1.0, 0.0, 0.0, 0.0, 0.0, 0.0, 0.0, 0.0, 0.0, 1.0, 0.0, 0.0]"
2026-05-08T10:30:05.168105+00:00,2026-05-07,il,trade,live,61.0000,forecast,forecast,60.2133,60.9459,,0.7867,0.0541,,0.921330,0.994590,,0.921330,other,other,mixed,36.7859,0.778765,7,"[""blend"", ""forecast""]","[0.0, 1.0, 0.0, 0.0, 0.81997176, -0.57240397, 0.2443348, 0.875, 0.36785895, 0.77876518, 0.0, 0.0, 0.0, 0.0, 0.0, 0.0, 0.0, 0.0, 1.0, 0.0, 1.0, 0.0]"
2026-05-08T10:30:05.168105+00:00,2026-05-07,ny,trade,live,64.0000,forecast,forecast,64.3837,65.2454,,0.3837,1.2454,,0.961630,0.875460,,0.961630,rain,rain,cloudy,67.2570,0.145033,8,"[""blend"", ""forecast""]","[1.0, 0.0, 0.0, 0.0, 0.81997176, -0.57240397, 0.23581492, 1.0, 0.67257016, 0.14503335, 0.0, 0.0, 0.0, 1.0, 0.0, 0.0, 0.0, 0.0, 0.0, 0.0, 0.0, 1.0]"
2026-05-08T10:30:05.168105+00:00,2026-05-07,tx,trade,live,69.0000,blend,blend,71.7337,72.6482,,2.7337,3.6482,,0.726630,0.635180,,0.635180,cloudy_overcast,Overcast,cloudy,79.8148,0.799100,8,"[""blend"", ""forecast""]","[0.0, 0.0, 1.0, 0.0, 0.81997176, -0.57240397, 0.15968338, 1.0, 0.79814751, 0.79910018, 0.0, 0.0, 1.0, 0.0, 0.0, 0.0, 0.0, 0.0, 0.0, 0.0, 0.0, 1.0]"
2026-05-09T10:30:05.343071+00:00,2026-05-08,fl,trade,live,93.0000,forecast,forecast,91.6451,91.3955,,1.3549,1.6045,,0.864510,0.839550,,0.864510,clear,Clear,sunny,9.4351,0.149841,8,"[""blend"", ""forecast""]","[0.0, 0.0, 0.0, 1.0, 0.81002486, -0.58639553, 0.33175473, 1.0, 0.09435064, 0.14984071, 1.0, 0.0, 0.0, 0.0, 0.0, 0.0, 0.0, 0.0, 0.0, 1.0, 0.0, 0.0]"
2026-05-09T10:30:05.343071+00:00,2026-05-08,il,trade,live,65.0000,forecast,forecast,66.0560,66.8142,,1.0560,1.8142,,0.894400,0.818580,,0.894400,other,other,mixed,48.3946,0.699370,8,"[""blend"", ""forecast""]","[0.0, 1.0, 0.0, 0.0, 0.81002486, -0.58639553, 0.20720156, 1.0, 0.48394648, 0.69937026, 0.0, 0.0, 0.0, 0.0, 0.0, 0.0, 0.0, 0.0, 1.0, 0.0, 1.0, 0.0]"
2026-05-09T10:30:05.343071+00:00,2026-05-08,ny,trade,live,63.0000,forecast,forecast,63.4943,63.5362,,0.4943,0.5362,,0.950570,0.946380,,0.950570,partly_cloudy,Partially cloudy,mixed,36.4350,0.389795,8,"[""blend"", ""forecast""]","[1.0, 0.0, 0.0, 0.0, 0.81002486, -0.58639553, 0.0335, 1.0, 0.36434963, 0.38979529, 0.0, 1.0, 0.0, 0.0, 0.0, 0.0, 0.0, 0.0, 0.0, 0.0, 1.0, 0.0]"
2026-05-09T10:30:05.343071+00:00,2026-05-08,tx,trade,live,81.0000,forecast,forecast,79.6379,80.5334,,1.3621,0.4666,,0.863790,0.953340,,0.863790,partly_cloudy,Partially cloudy,cloudy,66.4275,0.739348,8,"[""blend"", ""forecast""]","[0.0, 0.0, 1.0, 0.0, 0.81002486, -0.58639553, 0.23989671, 1.0, 0.66427518, 0.73934818, 0.0, 1.0, 0.0, 0.0, 0.0, 0.0, 0.0, 0.0, 0.0, 0.0, 0.0, 1.0]"
2026-05-10T10:30:05.918028+00:00,2026-05-09,fl,trade,live,91.0000,blend,blend,89.4196,90.3489,,1.5804,0.6511,,0.841960,0.934890,,0.934890,partly_cloudy,Partially cloudy,mixed,35.2521,0.571092,8,"[""blend"", ""forecast""]","[0.0, 0.0, 0.0, 1.0, 0.79983924, -0.60021428, 0.20248089, 1.0, 0.35252096, 0.57109199, 0.0, 1.0, 0.0, 0.0, 0.0, 0.0, 0.0, 0.0, 0.0, 0.0, 1.0, 0.0]"
2026-05-10T10:30:05.918028+00:00,2026-05-09,il,trade,live,76.0000,forecast,forecast,72.9370,73.6504,,3.0630,2.3496,,0.693700,0.765040,,0.693700,partly_cloudy,Partially cloudy,mixed,47.4312,0.724324,8,"[""blend"", ""forecast""]","[0.0, 1.0, 0.0, 0.0, 0.79983924, -0.60021428, 0.27315148, 1.0, 0.47431179, 0.72432352, 0.0, 1.0, 0.0, 0.0, 0.0, 0.0, 0.0, 0.0, 0.0, 0.0, 1.0, 0.0]"
2026-05-10T10:30:05.918028+00:00,2026-05-09,ny,trade,live,65.0000,forecast,forecast,64.2308,65.0332,,0.7692,0.0332,,0.923080,0.996680,,0.923080,rain,Rain from afternoon until night and misty overnight.,mixed,47.2875,0.683768,7,"[""blend"", ""forecast""]","[1.0, 0.0, 0.0, 0.0, 0.79983924, -0.60021428, 0.19646225, 0.875, 0.47287463, 0.68376849, 0.0, 0.0, 0.0, 1.0, 0.0, 0.0, 0.0, 0.0, 0.0, 0.0, 1.0, 0.0]"
2026-05-10T10:30:05.918028+00:00,2026-05-09,tx,trade,live,89.0000,blend,blend,88.0096,88.7230,,0.9904,0.2770,,0.900960,0.972300,,0.972300,rain,"Rain, Partially cloudy",mixed,39.9996,0.665353,8,"[""blend"", ""forecast""]","[0.0, 0.0, 1.0, 0.0, 0.79983924, -0.60021428, 0.17751842, 1.0, 0.39999619, 0.66535295, 0.0, 0.0, 0.0, 1.0, 0.0, 0.0, 0.0, 0.0, 0.0, 0.0, 1.0, 0.0]"
2026-05-11T10:30:04.076329+00:00,2026-05-10,fl,trade,live,91.0000,blend,forecast,90.6951,91.5738,,0.3049,0.5738,,0.969510,0.942620,,0.969510,partly_cloudy,Partially cloudy,mixed,58.1491,0.597844,8,"[""blend"", ""forecast""]","[0.0, 0.0, 0.0, 1.0, 0.78941791, -0.61385614, 0.24825565, 1.0, 0.58149096, 0.59784419, 0.0, 1.0, 0.0, 0.0, 0.0, 0.0, 0.0, 0.0, 0.0, 0.0, 1.0, 0.0]"
2026-05-11T10:30:04.076329+00:00,2026-05-10,il,trade,live,62.0000,forecast,forecast,63.0297,63.8064,,1.0297,1.8064,,0.897030,0.819360,,0.897030,partly_cloudy,Partially cloudy,sunny,25.6127,0.688504,8,"[""blend"", ""forecast""]","[0.0, 1.0, 0.0, 0.0, 0.78941791, -0.61385614, 0.36351739, 1.0, 0.25612672, 0.68850379, 0.0, 1.0, 0.0, 0.0, 0.0, 0.0, 0.0, 0.0, 0.0, 1.0, 0.0, 0.0]"
2026-05-11T10:30:04.076329+00:00,2026-05-10,ny,trade,live,73.0000,forecast,forecast,72.6645,72.5762,,0.3355,0.4238,,0.966450,0.957620,,0.966450,partly_cloudy,Partially cloudy,mixed,49.0173,0.655861,8,"[""blend"", ""forecast""]","[1.0, 0.0, 0.0, 0.0, 0.78941791, -0.61385614, 0.170223, 1.0, 0.4901731, 0.65586114, 0.0, 1.0, 0.0, 0.0, 0.0, 0.0, 0.0, 0.0, 0.0, 0.0, 1.0, 0.0]"
2026-05-11T10:30:04.076329+00:00,2026-05-10,tx,trade,live,91.0000,blend,blend,89.7471,90.4238,,1.2529,0.5762,,0.874710,0.942380,,0.942380,rain,"Rain, Partially cloudy",mixed,43.1927,0.756097,8,"[""blend"", ""forecast""]","[0.0, 0.0, 1.0, 0.0, 0.78941791, -0.61385614, 0.128, 1.0, 0.43192741, 0.75609698, 0.0, 0.0, 0.0, 1.0, 0.0, 0.0, 0.0, 0.0, 0.0, 0.0, 1.0, 0.0]"
2026-05-12T10:30:06.342622+00:00,2026-05-11,fl,trade,live,90.0000,blend,blend,89.4185,90.2742,,0.5815,0.2742,,0.941850,0.972580,,0.972580,partly_cloudy,Partially cloudy,mixed,62.0395,0.586984,8,"[""blend"", ""forecast""]","[0.0, 0.0, 0.0, 1.0, 0.77876393, -0.6273171, 0.23842447, 1.0, 0.62039524, 0.58698438, 0.0, 1.0, 0.0, 0.0, 0.0, 0.0, 0.0, 0.0, 0.0, 0.0, 1.0, 0.0]"
2026-05-12T10:30:06.342622+00:00,2026-05-11,il,trade,live,56.0000,forecast,forecast,56.6266,57.3256,,0.6266,1.3256,,0.937340,0.867440,,0.937340,partly_cloudy,Partially cloudy,sunny,17.0858,0.731493,8,"[""blend"", ""forecast""]","[0.0, 1.0, 0.0, 0.0, 0.77876393, -0.6273171, 0.33366906, 1.0, 0.17085782, 0.73149303, 0.0, 1.0, 0.0, 0.0, 0.0, 0.0, 0.0, 0.0, 0.0, 1.0, 0.0, 0.0]"
2026-05-12T10:30:06.342622+00:00,2026-05-11,ny,trade,live,61.0000,forecast,forecast,63.5014,63.4060,,2.5014,2.4060,,0.749860,0.759400,,0.749860,partly_cloudy,Partially cloudy,mixed,49.6152,0.442970,7,"[""blend"", ""forecast""]","[1.0, 0.0, 0.0, 0.0, 0.77876393, -0.6273171, 0.24993092, 0.875, 0.49615192, 0.44297003, 0.0, 1.0, 0.0, 0.0, 0.0, 0.0, 0.0, 0.0, 0.0, 0.0, 1.0, 0.0]"
2026-05-12T10:30:06.342622+00:00,2026-05-11,tx,trade,live,82.0000,forecast,forecast,78.0902,78.8512,,3.9098,3.1488,,0.609020,0.685120,,0.609020,partly_cloudy,Mostly cloudy in the morning.,sunny,30.3653,0.703365,8,"[""blend"", ""forecast""]","[0.0, 0.0, 1.0, 0.0, 0.77876393, -0.6273171, 0.3654922, 1.0, 0.30365339, 0.7033652, 0.0, 1.0, 0.0, 0.0, 0.0, 0.0, 0.0, 0.0, 0.0, 1.0, 0.0, 0.0]"
2026-05-13T10:30:03.374813+00:00,2026-05-12,fl,trade,live,91.0000,blend,blend,89.7829,90.8533,,1.2171,0.1467,,0.878290,0.985330,,0.985330,rain,"Rain, Partially cloudy",cloudy,66.8517,0.311820,8,"[""blend"", ""forecast""]","[0.0, 0.0, 0.0, 1.0, 0.76788045, -0.64059318, 0.23864294, 1.0, 0.66851691, 0.31182029, 0.0, 0.0, 0.0, 1.0, 0.0, 0.0, 0.0, 0.0, 0.0, 0.0, 0.0, 1.0]"
2026-05-13T10:30:03.374813+00:00,2026-05-12,il,trade,live,74.0000,forecast,forecast,78.9630,79.6071,,4.9630,5.6071,,0.503700,0.439290,,0.503700,partly_cloudy,Partially cloudy,mixed,59.1921,0.554754,7,"[""blend"", ""forecast""]","[0.0, 1.0, 0.0, 0.0, 0.76788045, -0.64059318, 0.29685025, 0.875, 0.59192139, 0.55475381, 0.0, 1.0, 0.0, 0.0, 0.0, 0.0, 0.0, 0.0, 0.0, 0.0, 1.0, 0.0]"
2026-05-13T10:30:03.374813+00:00,2026-05-12,ny,trade,live,66.0000,forecast,forecast,66.8658,67.3695,,0.8658,1.3695,,0.913420,0.863050,,0.913420,clear,Clear,sunny,21.5700,0.915428,8,"[""blend"", ""forecast""]","[1.0, 0.0, 0.0, 0.0, 0.76788045, -0.64059318, 0.21170778, 1.0, 0.21570033, 0.91542756, 1.0, 0.0, 0.0, 0.0, 0.0, 0.0, 0.0, 0.0, 0.0, 1.0, 0.0, 0.0]"
2026-05-13T10:30:03.374813+00:00,2026-05-12,tx,trade,live,84.0000,forecast,forecast,83.4913,84.1559,,0.5087,0.1559,,0.949130,0.984410,,0.949130,clear,Clear,sunny,11.9455,0.746480,8,"[""blend"", ""forecast""]","[0.0, 0.0, 1.0, 0.0, 0.76788045, -0.64059318, 0.19043414, 1.0, 0.11945537, 0.74647956, 1.0, 0.0, 0.0, 0.0, 0.0, 0.0, 0.0, 0.0, 0.0, 1.0, 0.0, 0.0]"
2026-05-14T10:30:08.778203+00:00,2026-05-13,fl,trade,live,94.0000,blend,forecast,90.2396,91.1590,,3.7604,2.8410,,0.623960,0.715900,,0.623960,rain,"Rain, Partially cloudy",mixed,59.2064,0.411885,8,"[""blend"", ""forecast""]","[0.0, 0.0, 0.0, 1.0, 0.75677066, -0.65368047, 0.32801991, 1.0, 0.59206378, 0.41188484, 0.0, 0.0, 0.0, 1.0, 0.0, 0.0, 0.0, 0.0, 0.0, 0.0, 1.0, 0.0]"
2026-05-14T10:30:08.778203+00:00,2026-05-13,il,trade,live,59.0000,forecast,forecast,62.3458,62.8499,,3.3458,3.8499,,0.665420,0.615010,,0.665420,partly_cloudy,Partially cloudy,mixed,41.2717,0.609004,8,"[""blend"", ""forecast""]","[0.0, 1.0, 0.0, 0.0, 0.75677066, -0.65368047, 0.31729244, 1.0, 0.41271682, 0.60900446, 0.0, 1.0, 0.0, 0.0, 0.0, 0.0, 0.0, 0.0, 0.0, 0.0, 1.0, 0.0]"
2026-05-14T10:30:08.778203+00:00,2026-05-13,ny,trade,live,72.0000,forecast,forecast,72.3282,73.1374,,0.3282,1.1374,,0.967180,0.886260,,0.967180,rain,Breezy from afternoon until night and light rain overnight.,mixed,50.4256,0.601384,7,"[""blend"", ""forecast""]","[1.0, 0.0, 0.0, 0.0, 0.75677066, -0.65368047, 0.38859191, 0.875, 0.50425612, 0.60138448, 0.0, 0.0, 0.0, 1.0, 0.0, 0.0, 0.0, 0.0, 0.0, 0.0, 1.0, 0.0]"
2026-05-14T10:30:08.778203+00:00,2026-05-13,tx,trade,live,90.0000,forecast,forecast,89.3072,89.3972,,0.6928,0.6028,,0.930720,0.939720,,0.930720,clear,Clear,sunny,8.4083,0.632150,8,"[""blend"", ""forecast""]","[0.0, 0.0, 1.0, 0.0, 0.75677066, -0.65368047, 0.20463824, 1.0, 0.08408296, 0.63215028, 1.0, 0.0, 0.0, 0.0, 0.0, 0.0, 0.0, 0.0, 0.0, 1.0, 0.0, 0.0]"
2026-05-15T10:30:04.039599+00:00,2026-05-14,fl,trade,live,95.0000,blend,blend,89.2939,90.2034,,5.7061,4.7966,,0.429390,0.520340,,0.520340,rain,"Rain, Partially cloudy",mixed,55.7578,0.307356,8,"[""blend"", ""forecast""]","[0.0, 0.0, 0.0, 1.0, 0.74543786, -0.66657513, 0.21419615, 1.0, 0.55757817, 0.30735576, 0.0, 0.0, 0.0, 1.0, 0.0, 0.0, 0.0, 0.0, 0.0, 0.0, 1.0, 0.0]"
2026-05-15T10:30:04.039599+00:00,2026-05-14,il,trade,live,65.0000,forecast,forecast,64.1608,64.6177,,0.8392,0.3823,,0.916080,0.961770,,0.916080,clear,Clear,sunny,15.0797,0.896382,8,"[""blend"", ""forecast""]","[0.0, 1.0, 0.0, 0.0, 0.74543786, -0.66657513, 0.24596104, 1.0, 0.1507971, 0.8963817, 1.0, 0.0, 0.0, 0.0, 0.0, 0.0, 0.0, 0.0, 0.0, 1.0, 0.0, 0.0]"
2026-05-15T10:30:04.039599+00:00,2026-05-14,ny,trade,live,66.0000,forecast,forecast,64.6193,65.3439,,1.3807,0.6561,,0.861930,0.934390,,0.861930,rain,"Rain, Partially cloudy",mixed,52.8043,0.588939,7,"[""blend"", ""forecast""]","[1.0, 0.0, 0.0, 0.0, 0.74543786, -0.66657513, 0.19403405, 0.875, 0.52804329, 0.58893884, 0.0, 0.0, 0.0, 1.0, 0.0, 0.0, 0.0, 0.0, 0.0, 0.0, 1.0, 0.0]"
2026-05-15T10:30:04.039599+00:00,2026-05-14,tx,trade,live,90.0000,blend,blend,90.0403,90.8455,,0.0403,0.8455,,0.995970,0.915450,,0.915450,partly_cloudy,Partially cloudy,sunny,28.0857,0.802020,8,"[""blend"", ""forecast""]","[0.0, 0.0, 1.0, 0.0, 0.74543786, -0.66657513, 0.22298522, 1.0, 0.28085736, 0.80201988, 0.0, 1.0, 0.0, 0.0, 0.0, 0.0, 0.0, 0.0, 0.0, 1.0, 0.0, 0.0]"
2026-05-16T10:30:04.166065+00:00,2026-05-15,fl,trade,live,93.0000,blend,forecast,91.0461,91.8321,,1.9539,1.1679,,0.804610,0.883210,,0.804610,partly_cloudy,Partially cloudy,sunny,27.5974,0.550017,8,"[""blend"", ""forecast""]","[0.0, 0.0, 0.0, 1.0, 0.73388537, -0.67927334, 0.36480711, 1.0, 0.27597427, 0.55001686, 0.0, 1.0, 0.0, 0.0, 0.0, 0.0, 0.0, 0.0, 0.0, 1.0, 0.0, 0.0]"
2026-05-16T10:30:04.166065+00:00,2026-05-15,il,trade,live,76.0000,blend,forecast,74.0705,74.4640,,1.9295,1.5360,,0.807050,0.846400,,0.807050,partly_cloudy,Partially cloudy,mixed,42.6774,0.675168,8,"[""blend"", ""forecast""]","[0.0, 1.0, 0.0, 0.0, 0.73388537, -0.67927334, 0.25353019, 1.0, 0.42677376, 0.67516817, 0.0, 1.0, 0.0, 0.0, 0.0, 0.0, 0.0, 0.0, 0.0, 0.0, 1.0, 0.0]"
2026-05-16T10:30:04.166065+00:00,2026-05-15,ny,trade,live,66.0000,forecast,forecast,67.7399,68.0830,,1.7399,2.0830,,0.826010,0.791700,,0.826010,clear,"Mostly clear until afternoon, returning in the evening.",mixed,37.6226,0.693373,7,"[""blend"", ""forecast""]","[1.0, 0.0, 0.0, 0.0, 0.73388537, -0.67927334, 0.03780946, 0.875, 0.3762257, 0.69337294, 1.0, 0.0, 0.0, 0.0, 0.0, 0.0, 0.0, 0.0, 0.0, 0.0, 1.0, 0.0]"
2026-05-16T10:30:04.166065+00:00,2026-05-15,tx,trade,live,90.0000,blend,blend,90.9336,91.6815,,0.9336,1.6815,,0.906640,0.831850,,0.831850,partly_cloudy,Partially cloudy,cloudy,68.3576,0.639051,8,"[""blend"", ""forecast""]","[0.0, 0.0, 1.0, 0.0, 0.73388537, -0.67927334, 0.19332184, 1.0, 0.68357583, 0.63905095, 0.0, 1.0, 0.0, 0.0, 0.0, 0.0, 0.0, 0.0, 0.0, 0.0, 0.0, 1.0]"
2026-05-17T10:30:05.438549+00:00,2026-05-16,fl,trade,live,90.0000,blend,blend,88.0390,88.7791,,1.9610,1.2209,,0.803900,0.877910,,0.877910,partly_cloudy,Partially cloudy,mixed,46.7060,0.578020,8,"[""blend"", ""forecast""]","[0.0, 0.0, 0.0, 1.0, 0.7221166, -0.69177136, 0.20194967, 1.0, 0.46705987, 0.57802035, 0.0, 1.0, 0.0, 0.0, 0.0, 0.0, 0.0, 0.0, 0.0, 0.0, 1.0, 0.0]"
2026-05-17T10:30:05.438549+00:00,2026-05-16,il,trade,live,83.0000,blend,blend,84.6050,85.1111,,1.6050,2.1111,,0.839500,0.788890,,0.788890,rain,"Rain, Partially cloudy",mixed,57.4523,0.550484,8,"[""blend"", ""forecast""]","[0.0, 1.0, 0.0, 0.0, 0.7221166, -0.69177136, 0.08165918, 1.0, 0.57452347, 0.55048387, 0.0, 0.0, 0.0, 1.0, 0.0, 0.0, 0.0, 0.0, 0.0, 0.0, 1.0, 0.0]"
2026-05-17T10:30:05.438549+00:00,2026-05-16,ny,trade,live,80.0000,forecast,forecast,80.1392,80.2467,,0.1392,0.2467,,0.986080,0.975330,,0.986080,clear,Clear,sunny,12.3329,0.850116,7,"[""blend"", ""forecast""]","[1.0, 0.0, 0.0, 0.0, 0.7221166, -0.69177136, 0.22804208, 0.875, 0.12332926, 0.85011619, 1.0, 0.0, 0.0, 0.0, 0.0, 0.0, 0.0, 0.0, 0.0, 1.0, 0.0, 0.0]"
2026-05-17T10:30:05.438549+00:00,2026-05-16,tx,trade,live,91.0000,blend,blend,89.4555,90.1715,,1.5445,0.8285,,0.845550,0.917150,,0.917150,partly_cloudy,Partially cloudy,mixed,49.1372,0.778006,8,"[""blend"", ""forecast""]","[0.0, 0.0, 1.0, 0.0, 0.7221166, -0.69177136, 0.2045, 1.0, 0.49137176, 0.7780059, 0.0, 1.0, 0.0, 0.0, 0.0, 0.0, 0.0, 0.0, 0.0, 0.0, 1.0, 0.0]"
2026-05-18T10:30:06.023179+00:00,2026-05-17,fl,trade,live,87.0000,blend,forecast,84.9286,85.9654,,2.0714,1.0346,,0.792860,0.896540,,0.792860,rain,"Rain, Partially cloudy",mixed,59.3233,0.579012,8,"[""blend"", ""forecast""]","[0.0, 0.0, 0.0, 1.0, 0.71013502, -0.70406552, 0.31356834, 1.0, 0.59323339, 0.57901243, 0.0, 0.0, 0.0, 1.0, 0.0, 0.0, 0.0, 0.0, 0.0, 0.0, 1.0, 0.0]"
2026-05-18T10:30:06.023179+00:00,2026-05-17,il,trade,live,87.0000,forecast,forecast,87.1869,87.6650,,0.1869,0.6650,,0.981310,0.933500,,0.981310,other,other,mixed,39.8274,0.718857,8,"[""blend"", ""forecast""]","[0.0, 1.0, 0.0, 0.0, 0.71013502, -0.70406552, 0.2806557, 1.0, 0.39827371, 0.71885678, 0.0, 0.0, 0.0, 0.0, 0.0, 0.0, 0.0, 0.0, 1.0, 0.0, 1.0, 0.0]"
2026-05-18T10:30:06.023179+00:00,2026-05-17,ny,trade,live,87.0000,forecast,forecast,89.5302,89.7243,,2.5302,2.7243,,0.746980,0.727570,,0.746980,clear,"Mostly clear until afternoon, returning overnight.",sunny,20.5045,0.947232,8,"[""blend"", ""forecast""]","[1.0, 0.0, 0.0, 0.0, 0.71013502, -0.70406552, 0.20848809, 1.0, 0.20504522, 0.94723161, 1.0, 0.0, 0.0, 0.0, 0.0, 0.0, 0.0, 0.0, 0.0, 1.0, 0.0, 0.0]"
2026-05-18T10:30:06.023179+00:00,2026-05-17,tx,trade,live,89.0000,blend,blend,87.8633,88.6035,,1.1367,0.3965,,0.886330,0.960350,,0.960350,cloudy_overcast,Overcast,cloudy,66.8308,0.833884,7,"[""blend"", ""forecast""]","[0.0, 0.0, 1.0, 0.0, 0.71013502, -0.70406552, 0.15683358, 0.875, 0.66830792, 0.8338844, 0.0, 0.0, 1.0, 0.0, 0.0, 0.0, 0.0, 0.0, 0.0, 0.0, 0.0, 1.0]"
2026-05-19T10:30:07.739427+00:00,2026-05-18,fl,trade,live,87.0000,blend,blend,85.9470,86.9129,,1.0530,0.0871,,0.894700,0.991290,,0.991290,rain,"Rain, Partially cloudy",mixed,63.5287,0.315807,8,"[""blend"", ""forecast""]","[0.0, 0.0, 0.0, 1.0, 0.69794415, -0.71615219, 0.18734859, 1.0, 0.63528702, 0.31580664, 0.0, 0.0, 0.0, 1.0, 0.0, 0.0, 0.0, 0.0, 0.0, 0.0, 1.0, 0.0]"
2026-05-19T10:30:07.739427+00:00,2026-05-18,il,trade,live,80.0000,blend,forecast,80.3561,80.8158,,0.3561,0.8158,,0.964390,0.918420,,0.964390,rain,Breezy until evening and light rain starting in the afternoon.,mixed,60.5711,0.520892,8,"[""blend"", ""forecast""]","[0.0, 1.0, 0.0, 0.0, 0.69794415, -0.71615219, 0.25719355, 1.0, 0.60571141, 0.52089216, 0.0, 0.0, 0.0, 1.0, 0.0, 0.0, 0.0, 0.0, 0.0, 0.0, 1.0, 0.0]"
2026-05-19T10:30:07.739427+00:00,2026-05-18,ny,trade,live,88.0000,forecast,forecast,88.1046,88.0797,,0.1046,0.0797,,0.989540,0.992030,,0.989540,clear,Clear,sunny,3.3201,0.514724,7,"[""blend"", ""forecast""]","[1.0, 0.0, 0.0, 0.0, 0.69794415, -0.71615219, 0.35476864, 0.875, 0.03320081, 0.51472384, 1.0, 0.0, 0.0, 0.0, 0.0, 0.0, 0.0, 0.0, 0.0, 1.0, 0.0, 0.0]"
2026-05-19T10:30:07.739427+00:00,2026-05-18,tx,trade,live,92.0000,blend,blend,91.1094,91.8462,,0.8906,0.1538,,0.910940,0.984620,,0.984620,partly_cloudy,Partially cloudy,mixed,54.7561,0.823103,8,"[""blend"", ""forecast""]","[0.0, 0.0, 1.0, 0.0, 0.69794415, -0.71615219, 0.0615, 1.0, 0.54756071, 0.82310268, 0.0, 1.0, 0.0, 0.0, 0.0, 0.0, 0.0, 0.0, 0.0, 0.0, 1.0, 0.0]"
2026-05-20T10:30:09.564985+00:00,2026-05-19,fl,trade,live,87.0000,blend,blend,84.4647,85.3387,,2.5353,1.6613,,0.746470,0.833870,,0.833870,rain,"Rain, Partially cloudy",cloudy,65.0586,0.276009,8,"[""blend"", ""forecast""]","[0.0, 0.0, 0.0, 1.0, 0.68554761, -0.7280278, 0.055, 1.0, 0.65058614, 0.27600915, 0.0, 0.0, 0.0, 1.0, 0.0, 0.0, 0.0, 0.0, 0.0, 0.0, 0.0, 1.0]"
2026-05-20T10:30:09.564985+00:00,2026-05-19,il,trade,live,79.0000,forecast,forecast,77.5105,77.8712,,1.4895,1.1288,,0.851050,0.887120,,0.851050,other,other,mixed,62.4431,0.965791,8,"[""blend"", ""forecast""]","[0.0, 1.0, 0.0, 0.0, 0.68554761, -0.7280278, 0.13674063, 1.0, 0.62443128, 0.96579117, 0.0, 0.0, 0.0, 0.0, 0.0, 0.0, 0.0, 0.0, 1.0, 0.0, 1.0, 0.0]"
2026-05-20T10:30:09.564985+00:00,2026-05-19,ny,trade,live,93.0000,forecast,forecast,95.3930,95.3864,,2.3930,2.3864,,0.760700,0.761360,,0.760700,clear,Clear,sunny,10.6855,0.766837,7,"[""blend"", ""forecast""]","[1.0, 0.0, 0.0, 0.0, 0.68554761, -0.7280278, 0.37534759, 0.875, 0.1068554, 0.76683655, 1.0, 0.0, 0.0, 0.0, 0.0, 0.0, 0.0, 0.0, 0.0, 1.0, 0.0, 0.0]"
2026-05-20T10:30:09.564985+00:00,2026-05-19,tx,trade,live,92.0000,blend,blend,88.5719,88.7629,,3.4281,3.2371,,0.657190,0.676290,,0.676290,storm,Thunderstorms starting in the afternoon.,sunny,34.3777,0.857809,8,"[""blend"", ""forecast""]","[0.0, 0.0, 1.0, 0.0, 0.68554761, -0.7280278, 0.1645, 1.0, 0.34377656, 0.85780928, 0.0, 0.0, 0.0, 0.0, 0.0, 1.0, 0.0, 0.0, 0.0, 1.0, 0.0, 0.0]"
2026-05-21T10:30:04.053467+00:00,2026-05-20,fl,trade,live,88.0000,blend,blend,85.6511,86.6257,,2.3489,1.3743,,0.765110,0.862570,,0.862570,rain,"Rain, Partially cloudy",mixed,62.2298,0.284200,8,"[""blend"", ""forecast""]","[0.0, 0.0, 0.0, 1.0, 0.67294902, -0.73968886, 0.11, 1.0, 0.62229841, 0.28419963, 0.0, 0.0, 0.0, 1.0, 0.0, 0.0, 0.0, 0.0, 0.0, 0.0, 1.0, 0.0]"
2026-05-21T10:30:04.053467+00:00,2026-05-20,il,trade,live,61.0000,forecast,forecast,61.3251,61.6895,,0.3251,0.6895,,0.967490,0.931050,,0.967490,other,other,sunny,33.6611,0.994459,7,"[""blend"", ""forecast""]","[0.0, 1.0, 0.0, 0.0, 0.67294902, -0.73968886, 0.23625446, 0.875, 0.33661131, 0.99445949, 0.0, 0.0, 0.0, 0.0, 0.0, 0.0, 0.0, 0.0, 1.0, 1.0, 0.0, 0.0]"
2026-05-21T10:30:04.053467+00:00,2026-05-20,ny,trade,live,92.0000,forecast,forecast,92.1223,92.4503,,0.1223,0.4503,,0.987770,0.954970,,0.987770,rain,"Rain, Partially cloudy",mixed,49.7754,0.520748,8,"[""blend"", ""forecast""]","[1.0, 0.0, 0.0, 0.0, 0.67294902, -0.73968886, 0.145, 1.0, 0.49775408, 0.52074762, 0.0, 0.0, 0.0, 1.0, 0.0, 0.0, 0.0, 0.0, 0.0, 0.0, 1.0, 0.0]"
2026-05-21T10:30:04.053467+00:00,2026-05-20,tx,trade,live,85.0000,blend,forecast,81.6842,82.2819,,3.3158,2.7181,,0.668420,0.728190,,0.668420,rain,"Rain, Partially cloudy",cloudy,65.7163,0.647099,8,"[""blend"", ""forecast""]","[0.0, 0.0, 1.0, 0.0, 0.67294902, -0.73968886, 0.27579031, 1.0, 0.65716267, 0.64709851, 0.0, 0.0, 0.0, 1.0, 0.0, 0.0, 0.0, 0.0, 0.0, 0.0, 0.0, 1.0]"
2026-05-22T10:30:04.211288+00:00,2026-05-21,fl,trade,live,89.0000,blend,blend,88.5821,89.4146,,0.4179,0.4146,,0.958210,0.958540,,0.958540,partly_cloudy,Partially cloudy,sunny,33.7154,0.681597,8,"[""blend"", ""forecast""]","[0.0, 0.0, 0.0, 1.0, 0.66015212, -0.75113193, 0.20560661, 1.0, 0.33715354, 0.68159732, 0.0, 1.0, 0.0, 0.0, 0.0, 0.0, 0.0, 0.0, 0.0, 1.0, 0.0, 0.0]"
2026-05-22T10:30:04.211288+00:00,2026-05-21,il,trade,live,61.0000,blend,forecast,60.9336,61.1926,,0.0664,0.1926,,0.993360,0.980740,,0.993360,partly_cloudy,Partially cloudy,mixed,50.8474,0.623690,8,"[""blend"", ""forecast""]","[0.0, 1.0, 0.0, 0.0, 0.66015212, -0.75113193, 0.32831991, 1.0, 0.50847422, 0.62368965, 0.0, 1.0, 0.0, 0.0, 0.0, 0.0, 0.0, 0.0, 0.0, 0.0, 1.0, 0.0]"
2026-05-22T10:30:04.211288+00:00,2026-05-21,ny,trade,live,66.0000,forecast,forecast,69.7575,70.0674,,3.7575,4.0674,,0.624250,0.593260,,0.624250,rain,"Rain, Partially cloudy",cloudy,71.6937,0.519697,8,"[""blend"", ""forecast""]","[1.0, 0.0, 0.0, 0.0, 0.66015212, -0.75113193, 0.4, 1.0, 0.71693707, 0.51969706, 0.0, 0.0, 0.0, 1.0, 0.0, 0.0, 0.0, 0.0, 0.0, 0.0, 0.0, 1.0]"
2026-05-22T10:30:04.211288+00:00,2026-05-21,tx,trade,live,83.0000,blend,blend,79.7400,80.4887,,3.2600,2.5113,,0.674000,0.748870,,0.748870,rain,"Rain, Partially cloudy",cloudy,70.2350,0.671249,8,"[""blend"", ""forecast""]","[0.0, 0.0, 1.0, 0.0, 0.66015212, -0.75113193, 0.008, 1.0, 0.70235008, 0.67124885, 0.0, 0.0, 0.0, 1.0, 0.0, 0.0, 0.0, 0.0, 0.0, 0.0, 0.0, 1.0]"
2026-05-23T10:30:06.194747+00:00,2026-05-22,fl,trade,live,89.0000,blend,blend,87.5536,88.3641,,1.4464,0.6359,,0.855360,0.936410,,0.936410,partly_cloudy,Partially cloudy,mixed,47.1305,0.585961,8,"[""blend"", ""forecast""]","[0.0, 0.0, 0.0, 1.0, 0.64716067, -0.76235364, 0.16317995, 1.0, 0.47130534, 0.5859614, 0.0, 1.0, 0.0, 0.0, 0.0, 0.0, 0.0, 0.0, 0.0, 0.0, 1.0, 0.0]"
2026-05-23T10:30:06.194747+00:00,2026-05-22,il,trade,live,67.0000,forecast,forecast,66.8375,67.0950,,0.1625,0.0950,,0.983750,0.990500,,0.983750,cloudy_overcast,Overcast,cloudy,65.0623,0.808782,8,"[""blend"", ""forecast""]","[0.0, 1.0, 0.0, 0.0, 0.64716067, -0.76235364, 0.18347086, 1.0, 0.65062331, 0.80878247, 0.0, 0.0, 1.0, 0.0, 0.0, 0.0, 0.0, 0.0, 0.0, 0.0, 0.0, 1.0]"
2026-05-23T10:30:06.194747+00:00,2026-05-22,ny,trade,live,68.0000,forecast,forecast,67.3695,67.1345,,0.6305,0.8655,,0.936950,0.913450,,0.936950,cloudy_overcast,overcast,cloudy,70.4495,0.762193,8,"[""blend"", ""forecast""]","[1.0, 0.0, 0.0, 0.0, 0.64716067, -0.76235364, 0.105, 1.0, 0.70449535, 0.7621928, 0.0, 0.0, 1.0, 0.0, 0.0, 0.0, 0.0, 0.0, 0.0, 0.0, 0.0, 1.0]"
2026-05-23T10:30:06.194747+00:00,2026-05-22,tx,trade,live,88.0000,blend,forecast,86.0095,87.0307,,1.9905,0.9693,,0.800950,0.903070,,0.800950,rain,"Rain, Partially cloudy",mixed,58.6777,0.753420,8,"[""blend"", ""forecast""]","[0.0, 0.0, 1.0, 0.0, 0.64716067, -0.76235364, 0.25952325, 1.0, 0.58677659, 0.75341987, 0.0, 0.0, 0.0, 1.0, 0.0, 0.0, 0.0, 0.0, 0.0, 0.0, 1.0, 0.0]"
2026-05-24T10:30:06.879261+00:00,2026-05-23,fl,trade,live,89.0000,forecast,forecast,87.9303,88.7586,,1.0697,0.2414,,0.893030,0.975860,,0.893030,partly_cloudy,Partially cloudy,mixed,50.6545,0.383267,8,"[""blend"", ""forecast""]","[0.0, 0.0, 0.0, 1.0, 0.63397849, -0.77335068, 0.16401409, 1.0, 0.50654463, 0.38326689, 0.0, 1.0, 0.0, 0.0, 0.0, 0.0, 0.0, 0.0, 0.0, 0.0, 1.0, 0.0]"
2026-05-24T10:30:06.879261+00:00,2026-05-23,il,trade,live,70.0000,blend,blend,69.7738,69.8344,,0.2262,0.1656,,0.977380,0.983440,,0.983440,rain,"Rain, Partially cloudy",mixed,55.4209,0.770900,8,"[""blend"", ""forecast""]","[0.0, 1.0, 0.0, 0.0, 0.63397849, -0.77335068, 0.14725564, 1.0, 0.55420879, 0.7709003, 0.0, 0.0, 0.0, 1.0, 0.0, 0.0, 0.0, 0.0, 0.0, 0.0, 1.0, 0.0]"
2026-05-24T10:30:06.879261+00:00,2026-05-23,ny,trade,live,57.0000,forecast,forecast,57.2093,57.4005,,0.2093,0.4005,,0.979070,0.959950,,0.979070,rain,"Rain, Overcast",cloudy,83.2064,0.716944,7,"[""blend"", ""forecast""]","[1.0, 0.0, 0.0, 0.0, 0.63397849, -0.77335068, 0.19846723, 0.875, 0.83206412, 0.71694397, 0.0, 0.0, 0.0, 1.0, 0.0, 0.0, 0.0, 0.0, 0.0, 0.0, 0.0, 1.0]"
2026-05-24T10:30:06.879261+00:00,2026-05-23,tx,trade,live,84.0000,blend,forecast,84.5399,85.7351,,0.5399,1.7351,,0.946010,0.826490,,0.946010,rain,"Rain, Partially cloudy",cloudy,77.0041,0.914794,8,"[""blend"", ""forecast""]","[0.0, 0.0, 1.0, 0.0, 0.63397849, -0.77335068, 0.28699401, 1.0, 0.7700413, 0.91479445, 0.0, 0.0, 0.0, 1.0, 0.0, 0.0, 0.0, 0.0, 0.0, 0.0, 0.0, 1.0]"
2026-05-25T10:30:07.312247+00:00,2026-05-24,fl,trade,live,89.0000,blend,blend,87.1140,88.2426,,1.8860,0.7574,,0.811400,0.924260,,0.924260,rain,"Rain, Partially cloudy",mixed,55.8668,0.283767,8,"[""blend"", ""forecast""]","[0.0, 0.0, 0.0, 1.0, 0.62060948, -0.78411981, 0.0, 1.0, 0.55866792, 0.28376725, 0.0, 0.0, 0.0, 1.0, 0.0, 0.0, 0.0, 0.0, 0.0, 0.0, 1.0, 0.0]"
2026-05-25T10:30:07.312247+00:00,2026-05-24,il,trade,live,74.0000,blend,blend,74.9309,74.9882,,0.9309,0.9882,,0.906910,0.901180,,0.901180,rain,"Rain, Partially cloudy",mixed,35.9653,0.945939,8,"[""blend"", ""forecast""]","[0.0, 1.0, 0.0, 0.0, 0.62060948, -0.78411981, 0.12987259, 1.0, 0.35965301, 0.9459392, 0.0, 0.0, 0.0, 1.0, 0.0, 0.0, 0.0, 0.0, 0.0, 0.0, 1.0, 0.0]"
2026-05-25T10:30:07.312247+00:00,2026-05-24,ny,trade,live,56.0000,forecast,forecast,57.8141,57.7871,,1.8141,1.7871,,0.818590,0.821290,,0.818590,rain,"Rain, Overcast",cloudy,95.2448,0.322385,8,"[""blend"", ""forecast""]","[1.0, 0.0, 0.0, 0.0, 0.62060948, -0.78411981, 0.0, 1.0, 0.95244808, 0.32238549, 0.0, 0.0, 0.0, 1.0, 0.0, 0.0, 0.0, 0.0, 0.0, 0.0, 0.0, 1.0]"
2026-05-25T10:30:07.312247+00:00,2026-05-24,tx,trade,live,89.0000,forecast,forecast,86.9978,87.7156,,2.0022,1.2844,,0.799780,0.871560,,0.799780,other,other,sunny,28.1671,0.698467,8,"[""blend"", ""forecast""]","[0.0, 0.0, 1.0, 0.0, 0.62060948, -0.78411981, 0.36510927, 1.0, 0.28167103, 0.69846736, 0.0, 0.0, 0.0, 0.0, 0.0, 0.0, 0.0, 0.0, 1.0, 1.0, 0.0, 0.0]"
2026-05-26T10:30:04.109695+00:00,2026-05-25,fl,trade,live,88.0000,blend,blend,86.9206,88.0178,,1.0794,0.0178,,0.892060,0.998220,,0.998220,rain,"Rain, Partially cloudy",mixed,59.3106,0.417633,8,"[""blend"", ""forecast""]","[0.0, 0.0, 0.0, 1.0, 0.60705757, -0.79465785, 0.0, 1.0, 0.59310628, 0.41763267, 0.0, 0.0, 0.0, 1.0, 0.0, 0.0, 0.0, 0.0, 0.0, 0.0, 1.0, 0.0]"
2026-05-26T10:30:04.109695+00:00,2026-05-25,il,trade,live,84.0000,forecast,forecast,83.7552,83.9654,,0.2448,0.0346,,0.975520,0.996540,,0.975520,clear,Clear,sunny,13.7962,0.629322,8,"[""blend"", ""forecast""]","[0.0, 1.0, 0.0, 0.0, 0.60705757, -0.79465785, 0.33724164, 1.0, 0.13796208, 0.62932188, 1.0, 0.0, 0.0, 0.0, 0.0, 0.0, 0.0, 0.0, 0.0, 1.0, 0.0, 0.0]"
2026-05-26T10:30:04.109695+00:00,2026-05-25,ny,trade,live,73.0000,forecast,forecast,71.8588,71.8378,,1.1412,1.1622,,0.885880,0.883780,,0.885880,rain,"Rain, Overcast",cloudy,89.4550,0.375824,8,"[""blend"", ""forecast""]","[1.0, 0.0, 0.0, 0.0, 0.60705757, -0.79465785, 0.22005979, 1.0, 0.8945498, 0.3758244, 0.0, 0.0, 0.0, 1.0, 0.0, 0.0, 0.0, 0.0, 0.0, 0.0, 0.0, 1.0]"
2026-05-26T10:30:04.109695+00:00,2026-05-25,tx,trade,live,89.0000,forecast,forecast,87.7242,88.4323,,1.2758,0.5677,,0.872420,0.943230,,0.872420,other,other,mixed,47.2410,0.604857,8,"[""blend"", ""forecast""]","[0.0, 0.0, 1.0, 0.0, 0.60705757, -0.79465785, 0.24878842, 1.0, 0.47241005, 0.60485723, 0.0, 0.0, 0.0, 0.0, 0.0, 0.0, 0.0, 0.0, 1.0, 0.0, 1.0, 0.0]"
2026-05-27T10:30:03.687924+00:00,2026-05-26,fl,trade,live,88.0000,blend,blend,86.9001,87.9816,,1.0999,0.0184,,0.890010,0.998160,,0.998160,rain,"Rain, Partially cloudy",mixed,60.1047,0.185488,8,"[""blend"", ""forecast""]","[0.0, 0.0, 0.0, 1.0, 0.59332676, -0.80496171, 0.0, 1.0, 0.60104653, 0.18548812, 0.0, 0.0, 0.0, 1.0, 0.0, 0.0, 0.0, 0.0, 0.0, 0.0, 1.0, 0.0]"
2026-05-27T10:30:03.687924+00:00,2026-05-26,il,trade,live,83.0000,blend,blend,84.6283,84.9200,,1.6283,1.9200,,0.837170,0.808000,,0.808000,partly_cloudy,Mostly cloudy until night.,mixed,47.5382,0.487726,8,"[""blend"", ""forecast""]","[0.0, 1.0, 0.0, 0.0, 0.59332676, -0.80496171, 0.2095, 1.0, 0.47538222, 0.48772567, 0.0, 1.0, 0.0, 0.0, 0.0, 0.0, 0.0, 0.0, 0.0, 0.0, 1.0, 0.0]"
2026-05-27T10:30:03.687924+00:00,2026-05-26,ny,trade,live,79.0000,forecast,forecast,79.6816,79.4701,,0.6816,0.4701,,0.931840,0.952990,,0.931840,partly_cloudy,Partially cloudy,sunny,27.1928,0.418263,8,"[""blend"", ""forecast""]","[1.0, 0.0, 0.0, 0.0, 0.59332676, -0.80496171, 0.36091816, 1.0, 0.27192765, 0.41826348, 0.0, 1.0, 0.0, 0.0, 0.0, 0.0, 0.0, 0.0, 0.0, 1.0, 0.0, 0.0]"
2026-05-27T10:30:03.687924+00:00,2026-05-26,tx,trade,live,88.0000,forecast,forecast,88.0307,88.7763,,0.0307,0.7763,,0.996930,0.922370,,0.996930,other,other,cloudy,71.5447,0.551554,8,"[""blend"", ""forecast""]","[0.0, 0.0, 1.0, 0.0, 0.59332676, -0.80496171, 0.3234644, 1.0, 0.71544714, 0.5515544, 0.0, 0.0, 0.0, 0.0, 0.0, 0.0, 0.0, 0.0, 1.0, 0.0, 0.0, 1.0]"
2026-05-28T10:30:05.013165+00:00,2026-05-27,fl,trade,live,89.0000,blend,blend,86.5324,87.1729,,2.4676,1.8271,,0.753240,0.817290,,0.817290,partly_cloudy,Partially cloudy,mixed,63.4815,0.448787,8,"[""blend"", ""forecast""]","[0.0, 0.0, 0.0, 1.0, 0.5794211, -0.81502834, 0.0, 1.0, 0.63481494, 0.44878722, 0.0, 1.0, 0.0, 0.0, 0.0, 0.0, 0.0, 0.0, 0.0, 0.0, 1.0, 0.0]"
2026-05-28T10:30:05.013165+00:00,2026-05-27,il,trade,live,82.0000,blend,blend,84.5437,84.7469,,2.5437,2.7469,,0.745630,0.725310,,0.725310,partly_cloudy,Partially cloudy,sunny,14.3331,0.978312,8,"[""blend"", ""forecast""]","[0.0, 1.0, 0.0, 0.0, 0.5794211, -0.81502834, 0.04984197, 1.0, 0.1433314, 0.97831182, 0.0, 1.0, 0.0, 0.0, 0.0, 0.0, 0.0, 0.0, 0.0, 1.0, 0.0, 0.0]"
2026-05-28T10:30:05.013165+00:00,2026-05-27,ny,trade,live,81.0000,forecast,forecast,84.1807,83.9233,,3.1807,2.9233,,0.681930,0.707670,,0.681930,partly_cloudy,Partially cloudy,mixed,45.3530,0.398754,7,"[""blend"", ""forecast""]","[1.0, 0.0, 0.0, 0.0, 0.5794211, -0.81502834, 0.26096468, 0.875, 0.45352965, 0.39875399, 0.0, 1.0, 0.0, 0.0, 0.0, 0.0, 0.0, 0.0, 0.0, 0.0, 1.0, 0.0]"
2026-05-28T10:30:05.013165+00:00,2026-05-27,tx,trade,live,77.0000,blend,blend,79.6237,80.3499,,2.6237,3.3499,,0.737630,0.665010,,0.665010,other,other,mixed,61.1855,0.780341,8,"[""blend"", ""forecast""]","[0.0, 0.0, 1.0, 0.0, 0.5794211, -0.81502834, 0.17381742, 1.0, 0.6118545, 0.78034138, 0.0, 0.0, 0.0, 0.0, 0.0, 0.0, 0.0, 0.0, 1.0, 0.0, 1.0, 0.0]"
2026-05-29T10:30:04.237667+00:00,2026-05-28,fl,trade,live,86.0000,blend,forecast,85.3572,86.4233,,0.6428,0.4233,,0.935720,0.957670,,0.935720,rain,"Rain, Partially cloudy",cloudy,75.6505,0.449121,8,"[""blend"", ""forecast""]","[0.0, 0.0, 0.0, 1.0, 0.56534467, -0.82485477, 0.365, 1.0, 0.75650452, 0.44912059, 0.0, 0.0, 0.0, 1.0, 0.0, 0.0, 0.0, 0.0, 0.0, 0.0, 0.0, 1.0]"
2026-05-29T10:30:04.237667+00:00,2026-05-28,il,trade,live,72.0000,forecast,forecast,72.7223,72.8271,,0.7223,0.8271,,0.927770,0.917290,,0.927770,partly_cloudy,Partially cloudy,mixed,42.8350,0.906493,8,"[""blend"", ""forecast""]","[0.0, 1.0, 0.0, 0.0, 0.56534467, -0.82485477, 0.38388722, 1.0, 0.42834958, 0.9064926, 0.0, 1.0, 0.0, 0.0, 0.0, 0.0, 0.0, 0.0, 0.0, 0.0, 1.0, 0.0]"
2026-05-29T10:30:04.237667+00:00,2026-05-28,ny,trade,live,75.0000,forecast,forecast,77.7319,77.4480,,2.7319,2.4480,,0.726810,0.755200,,0.726810,partly_cloudy,Partially cloudy,sunny,33.4327,0.234042,8,"[""blend"", ""forecast""]","[1.0, 0.0, 0.0, 0.0, 0.56534467, -0.82485477, 0.2084043, 1.0, 0.33432688, 0.23404213, 0.0, 1.0, 0.0, 0.0, 0.0, 0.0, 0.0, 0.0, 0.0, 1.0, 0.0, 0.0]"
2026-05-29T10:30:04.237667+00:00,2026-05-28,tx,trade,live,90.0000,forecast,forecast,87.2929,87.5552,,2.7071,2.4448,,0.729290,0.755520,,0.729290,clear,Clear,sunny,19.3626,0.812174,8,"[""blend"", ""forecast""]","[0.0, 0.0, 1.0, 0.0, 0.56534467, -0.82485477, 0.29535502, 1.0, 0.19362621, 0.81217363, 1.0, 0.0, 0.0, 0.0, 0.0, 0.0, 0.0, 0.0, 0.0, 1.0, 0.0, 0.0]"
2026-05-30T10:30:07.404458+00:00,2026-05-29,fl,trade,live,92.0000,blend,forecast,88.5506,89.6886,,3.4494,2.3114,,0.655060,0.768860,,0.655060,rain,"Rain, Partially cloudy",mixed,64.1802,0.455122,8,"[""blend"", ""forecast""]","[0.0, 0.0, 0.0, 1.0, 0.55110164, -0.83443812, 0.24902959, 1.0, 0.64180154, 0.45512158, 0.0, 0.0, 0.0, 1.0, 0.0, 0.0, 0.0, 0.0, 0.0, 0.0, 1.0, 0.0]"
2026-05-30T10:30:07.404458+00:00,2026-05-29,il,trade,live,84.0000,forecast,forecast,81.2316,81.3829,,2.7684,2.6171,,0.723160,0.738290,,0.723160,partly_cloudy,Partially cloudy,mixed,49.9216,0.692737,7,"[""blend"", ""forecast""]","[0.0, 1.0, 0.0, 0.0, 0.55110164, -0.83443812, 0.237, 0.875, 0.49921614, 0.69273698, 0.0, 1.0, 0.0, 0.0, 0.0, 0.0, 0.0, 0.0, 0.0, 0.0, 1.0, 0.0]"
2026-05-30T10:30:07.404458+00:00,2026-05-29,ny,trade,live,75.0000,forecast,forecast,79.0306,78.5731,,4.0306,3.5731,,0.596940,0.642690,,0.596940,partly_cloudy,Partially cloudy,sunny,20.7881,0.390622,7,"[""blend"", ""forecast""]","[1.0, 0.0, 0.0, 0.0, 0.55110164, -0.83443812, 0.23346843, 0.875, 0.20788083, 0.39062155, 0.0, 1.0, 0.0, 0.0, 0.0, 0.0, 0.0, 0.0, 0.0, 1.0, 0.0, 0.0]"
2026-05-30T10:30:07.404458+00:00,2026-05-29,tx,trade,live,91.0000,blend,forecast,91.4613,92.1009,,0.4613,1.1009,,0.953870,0.889910,,0.953870,partly_cloudy,Partially cloudy,mixed,41.3676,0.604447,8,"[""blend"", ""forecast""]","[0.0, 0.0, 1.0, 0.0, 0.55110164, -0.83443812, 0.24193603, 1.0, 0.41367592, 0.60444743, 0.0, 1.0, 0.0, 0.0, 0.0, 0.0, 0.0, 0.0, 0.0, 0.0, 1.0, 0.0]"
2026-05-31T10:30:05.557791+00:00,2026-05-30,fl,trade,live,87.0000,blend,blend,87.4165,88.6673,,0.4165,1.6673,,0.958350,0.833270,,0.833270,rain,"Rain, Partially cloudy",cloudy,74.1284,0.404289,8,"[""blend"", ""forecast""]","[0.0, 0.0, 0.0, 1.0, 0.53669619, -0.84377556, 0.215, 1.0, 0.74128391, 0.40428941, 0.0, 0.0, 0.0, 1.0, 0.0, 0.0, 0.0, 0.0, 0.0, 0.0, 0.0, 1.0]"
2026-05-31T10:30:05.557791+00:00,2026-05-30,il,trade,live,74.0000,forecast,forecast,75.2125,75.3574,,1.2125,1.3574,,0.878750,0.864260,,0.878750,partly_cloudy,Partially cloudy,mixed,53.7539,0.762537,8,"[""blend"", ""forecast""]","[0.0, 1.0, 0.0, 0.0, 0.53669619, -0.84377556, 0.33437443, 1.0, 0.53753852, 0.76253733, 0.0, 1.0, 0.0, 0.0, 0.0, 0.0, 0.0, 0.0, 0.0, 0.0, 1.0, 0.0]"
2026-05-31T10:30:05.557791+00:00,2026-05-30,ny,trade,live,69.0000,forecast,forecast,67.8735,67.2949,,1.1265,1.7051,,0.887350,0.829490,,0.887350,partly_cloudy,Partially cloudy,mixed,45.3711,0.605045,7,"[""blend"", ""forecast""]","[1.0, 0.0, 0.0, 0.0, 0.53669619, -0.84377556, 0.32667533, 0.875, 0.45371055, 0.60504451, 0.0, 1.0, 0.0, 0.0, 0.0, 0.0, 0.0, 0.0, 0.0, 0.0, 1.0, 0.0]"
2026-05-31T10:30:05.557791+00:00,2026-05-30,tx,trade,live,89.0000,blend,forecast,89.9240,90.5306,,0.9240,1.5306,,0.907600,0.846940,,0.907600,partly_cloudy,Partially cloudy,mixed,55.8576,0.634663,8,"[""blend"", ""forecast""]","[0.0, 0.0, 1.0, 0.0, 0.53669619, -0.84377556, 0.27379849, 1.0, 0.55857591, 0.6346625, 0.0, 1.0, 0.0, 0.0, 0.0, 0.0, 0.0, 0.0, 0.0, 0.0, 1.0, 0.0]"
2026-06-01T10:30:06.089214+00:00,2026-05-31,fl,trade,live,95.0000,blend,blend,89.2031,90.3310,,5.7969,4.6690,,0.420310,0.533100,,0.533100,rain,"Rain, Partially cloudy",cloudy,72.3197,0.480075,8,"[""blend"", ""forecast""]","[0.0, 0.0, 0.0, 1.0, 0.52213258, -0.85286433, 0.18265744, 1.0, 0.72319672, 0.48007547, 0.0, 0.0, 0.0, 1.0, 0.0, 0.0, 0.0, 0.0, 0.0, 0.0, 0.0, 1.0]"
2026-06-01T10:30:06.089214+00:00,2026-05-31,il,trade,live,74.0000,forecast,forecast,73.8662,74.0008,,0.1338,0.0008,,0.986620,0.999920,,0.986620,partly_cloudy,Partially cloudy,mixed,62.2508,0.568879,8,"[""blend"", ""forecast""]","[0.0, 1.0, 0.0, 0.0, 0.52213258, -0.85286433, 0.22168953, 1.0, 0.62250779, 0.56887923, 0.0, 1.0, 0.0, 0.0, 0.0, 0.0, 0.0, 0.0, 0.0, 0.0, 1.0, 0.0]"
2026-06-01T10:30:06.089214+00:00,2026-05-31,ny,trade,live,75.0000,blend,blend,75.4606,74.9206,,0.4606,0.0794,,0.953940,0.992060,,0.992060,partly_cloudy,Partially cloudy,sunny,29.0992,0.425635,8,"[""blend"", ""forecast""]","[1.0, 0.0, 0.0, 0.0, 0.52213258, -0.85286433, 0.0, 1.0, 0.29099221, 0.42563458, 0.0, 1.0, 0.0, 0.0, 0.0, 0.0, 0.0, 0.0, 0.0, 1.0, 0.0, 0.0]"
2026-06-01T10:30:06.089214+00:00,2026-05-31,tx,trade,live,90.0000,blend,blend,91.7924,92.5479,,1.7924,2.5479,,0.820760,0.745210,,0.745210,partly_cloudy,Partially cloudy,mixed,49.4894,0.680139,8,"[""blend"", ""forecast""]","[0.0, 0.0, 1.0, 0.0, 0.52213258, -0.85286433, 0.19537903, 1.0, 0.49489448, 0.68013865, 0.0, 1.0, 0.0, 0.0, 0.0, 0.0, 0.0, 0.0, 0.0, 0.0, 1.0, 0.0]"
2026-06-02T10:30:03.629386+00:00,2026-06-01,fl,trade,live,94.0000,blend,forecast,90.8376,92.0711,,3.1624,1.9289,,0.683760,0.807110,,0.683760,rain,"Rain, Partially cloudy",mixed,63.2558,0.522608,8,"[""blend"", ""forecast""]","[0.0, 0.0, 0.0, 1.0, 0.50741509, -0.86170176, 0.26437779, 1.0, 0.63255782, 0.52260813, 0.0, 0.0, 0.0, 1.0, 0.0, 0.0, 0.0, 0.0, 0.0, 0.0, 1.0, 0.0]"
2026-06-02T10:30:03.629386+00:00,2026-06-01,il,trade,live,71.0000,blend,blend,71.3633,71.1853,,0.3633,0.1853,,0.963670,0.981470,,0.981470,rain,"Rain, Partially cloudy",mixed,53.6151,0.717890,8,"[""blend"", ""forecast""]","[0.0, 1.0, 0.0, 0.0, 0.50741509, -0.86170176, 0.166, 1.0, 0.53615113, 0.71789044, 0.0, 0.0, 0.0, 1.0, 0.0, 0.0, 0.0, 0.0, 0.0, 0.0, 1.0, 0.0]"
2026-06-02T10:30:03.629386+00:00,2026-06-01,ny,trade,live,71.0000,forecast,forecast,72.9983,72.4538,,1.9983,1.4538,,0.800170,0.854620,,0.800170,partly_cloudy,Partially cloudy,mixed,45.5755,0.596200,8,"[""blend"", ""forecast""]","[1.0, 0.0, 0.0, 0.0, 0.50741509, -0.86170176, 0.17091734, 1.0, 0.45575519, 0.59619953, 0.0, 1.0, 0.0, 0.0, 0.0, 0.0, 0.0, 0.0, 0.0, 0.0, 1.0, 0.0]"
2026-06-02T10:30:03.629386+00:00,2026-06-01,tx,trade,live,92.0000,blend,forecast,90.9097,91.6374,,1.0903,0.3626,,0.890970,0.963740,,0.890970,partly_cloudy,Partially cloudy,mixed,48.3642,0.737669,8,"[""blend"", ""forecast""]","[0.0, 0.0, 1.0, 0.0, 0.50741509, -0.86170176, 0.29451311, 1.0, 0.48364187, 0.73766883, 0.0, 1.0, 0.0, 0.0, 0.0, 0.0, 0.0, 0.0, 0.0, 0.0, 1.0, 0.0]"
2026-06-03T10:30:08.089869+00:00,2026-06-02,fl,trade,live,95.0000,forecast,forecast,92.5269,93.8447,,2.4731,1.1553,,0.752690,0.884470,,0.752690,rain,"Rain, Partially cloudy",cloudy,69.3159,0.323127,8,"[""blend"", ""forecast""]","[0.0, 0.0, 0.0, 1.0, 0.49254807, -0.87028524, 0.29484396, 1.0, 0.69315928, 0.32312656, 0.0, 0.0, 0.0, 1.0, 0.0, 0.0, 0.0, 0.0, 0.0, 0.0, 0.0, 1.0]"
2026-06-03T10:30:08.089869+00:00,2026-06-02,il,trade,live,75.0000,forecast,forecast,74.1784,74.6474,,0.8216,0.3526,,0.917840,0.964740,,0.917840,clear,Clear,sunny,11.3042,0.668628,8,"[""blend"", ""forecast""]","[0.0, 1.0, 0.0, 0.0, 0.49254807, -0.87028524, 0.29608104, 1.0, 0.11304171, 0.66862787, 1.0, 0.0, 0.0, 0.0, 0.0, 0.0, 0.0, 0.0, 0.0, 1.0, 0.0, 0.0]"
2026-06-03T10:30:08.089869+00:00,2026-06-02,ny,trade,live,76.0000,forecast,forecast,76.6153,76.1376,,0.6153,0.1376,,0.938470,0.986240,,0.938470,clear,Clear,sunny,14.0141,0.353625,7,"[""blend"", ""forecast""]","[1.0, 0.0, 0.0, 0.0, 0.49254807, -0.87028524, 0.26923317, 0.875, 0.14014146, 0.35362462, 1.0, 0.0, 0.0, 0.0, 0.0, 0.0, 0.0, 0.0, 0.0, 1.0, 0.0, 0.0]"
2026-06-03T10:30:08.089869+00:00,2026-06-02,tx,trade,live,94.0000,blend,forecast,92.4312,93.1482,,1.5688,0.8518,,0.843120,0.914820,,0.843120,partly_cloudy,Partially cloudy,mixed,43.1611,0.630819,8,"[""blend"", ""forecast""]","[0.0, 0.0, 1.0, 0.0, 0.49254807, -0.87028524, 0.28844121, 1.0, 0.431611, 0.63081949, 0.0, 1.0, 0.0, 0.0, 0.0, 0.0, 0.0, 0.0, 0.0, 0.0, 1.0, 0.0]"
2026-06-04T10:30:09.645493+00:00,2026-06-03,fl,trade,live,86.0000,blend,forecast,84.7807,86.1380,,1.2193,0.1380,,0.878070,0.986200,,0.878070,rain,"Rain, Partially cloudy",cloudy,78.1667,0.285903,8,"[""blend"", ""forecast""]","[0.0, 0.0, 0.0, 1.0, 0.47753589, -0.87861225, 0.32703393, 1.0, 0.78166659, 0.28590296, 0.0, 0.0, 0.0, 1.0, 0.0, 0.0, 0.0, 0.0, 0.0, 0.0, 0.0, 1.0]"
2026-06-04T10:30:09.645493+00:00,2026-06-03,il,trade,live,82.0000,blend,forecast,83.0814,83.1579,,1.0814,1.1579,,0.891860,0.884210,,0.891860,partly_cloudy,Partially cloudy,sunny,28.1725,0.855673,8,"[""blend"", ""forecast""]","[0.0, 1.0, 0.0, 0.0, 0.47753589, -0.87861225, 0.2609316, 1.0, 0.28172458, 0.85567254, 0.0, 1.0, 0.0, 0.0, 0.0, 0.0, 0.0, 0.0, 0.0, 1.0, 0.0, 0.0]"
2026-06-04T10:30:09.645493+00:00,2026-06-03,ny,trade,live,83.0000,forecast,forecast,82.2728,81.8078,,0.7272,1.1922,,0.927280,0.880780,,0.927280,clear,Clear,sunny,8.5129,0.451814,8,"[""blend"", ""forecast""]","[1.0, 0.0, 0.0, 0.0, 0.47753589, -0.87861225, 0.3463592, 1.0, 0.08512917, 0.45181366, 1.0, 0.0, 0.0, 0.0, 0.0, 0.0, 0.0, 0.0, 0.0, 1.0, 0.0, 0.0]"
2026-06-04T10:30:09.645493+00:00,2026-06-03,tx,trade,live,89.0000,blend,blend,87.5801,88.3319,,1.4199,0.6681,,0.858010,0.933190,,0.933190,partly_cloudy,Partially cloudy,mixed,54.5874,0.734656,8,"[""blend"", ""forecast""]","[0.0, 0.0, 1.0, 0.0, 0.47753589, -0.87861225, 0.0, 1.0, 0.54587388, 0.73465638, 0.0, 1.0, 0.0, 0.0, 0.0, 0.0, 0.0, 0.0, 0.0, 0.0, 1.0, 0.0]"
2026-06-05T10:30:06.539427+00:00,2026-06-04,fl,trade,live,85.0000,blend,blend,82.3672,83.7980,,2.6328,1.2020,,0.736720,0.879800,,0.879800,rain,"Rain, Partially cloudy",cloudy,84.1095,0.238294,8,"[""blend"", ""forecast""]","[0.0, 0.0, 0.0, 1.0, 0.46238297, -0.88668032, 0.15136014, 1.0, 0.84109523, 0.23829401, 0.0, 0.0, 0.0, 1.0, 0.0, 0.0, 0.0, 0.0, 0.0, 0.0, 0.0, 1.0]"
2026-06-05T10:30:06.539427+00:00,2026-06-04,il,trade,live,87.0000,forecast,forecast,87.3427,87.4201,,0.3427,0.4201,,0.965730,0.957990,,0.965730,partly_cloudy,"Partly cloudy until afternoon, returning overnight.",sunny,22.7019,0.309870,7,"[""blend"", ""forecast""]","[0.0, 1.0, 0.0, 0.0, 0.46238297, -0.88668032, 0.34786261, 0.875, 0.22701923, 0.30986983, 0.0, 1.0, 0.0, 0.0, 0.0, 0.0, 0.0, 0.0, 0.0, 1.0, 0.0, 0.0]"
2026-06-05T10:30:06.539427+00:00,2026-06-04,ny,trade,live,86.0000,forecast,forecast,86.9851,86.5671,,0.9851,0.5671,,0.901490,0.943290,,0.901490,clear,Clear,sunny,10.7255,0.397065,7,"[""blend"", ""forecast""]","[1.0, 0.0, 0.0, 0.0, 0.46238297, -0.88668032, 0.39074364, 0.875, 0.10725455, 0.39706488, 1.0, 0.0, 0.0, 0.0, 0.0, 0.0, 0.0, 0.0, 0.0, 1.0, 0.0, 0.0]"
2026-06-05T10:30:06.539427+00:00,2026-06-04,tx,trade,live,87.0000,blend,blend,83.8531,85.0117,,3.1469,1.9883,,0.685310,0.801170,,0.801170,rain,"Rain, Partially cloudy",mixed,59.4317,0.684653,8,"[""blend"", ""forecast""]","[0.0, 0.0, 1.0, 0.0, 0.46238297, -0.88668032, 0.20734731, 1.0, 0.59431677, 0.68465349, 0.0, 0.0, 0.0, 1.0, 0.0, 0.0, 0.0, 0.0, 0.0, 0.0, 1.0, 0.0]"
2026-06-06T10:30:06.898110+00:00,2026-06-05,fl,trade,live,85.0000,blend,blend,81.5527,82.4512,,3.4473,2.5488,,0.655270,0.745120,,0.745120,partly_cloudy,Partially cloudy,cloudy,79.1528,0.788282,8,"[""blend"", ""forecast""]","[0.0, 0.0, 0.0, 1.0, 0.44709379, -0.89448708, 0.095, 1.0, 0.7915279, 0.78828232, 0.0, 1.0, 0.0, 0.0, 0.0, 0.0, 0.0, 0.0, 0.0, 0.0, 0.0, 1.0]"
2026-06-06T10:30:06.898110+00:00,2026-06-05,il,trade,live,81.0000,blend,forecast,79.4188,78.9750,,1.5812,2.0250,,0.841880,0.797500,,0.841880,rain,Rain starting in the afternoon and breezy in the afternoon.,mixed,39.7385,0.337377,8,"[""blend"", ""forecast""]","[0.0, 1.0, 0.0, 0.0, 0.44709379, -0.89448708, 0.28905794, 1.0, 0.39738535, 0.33737683, 0.0, 0.0, 0.0, 1.0, 0.0, 0.0, 0.0, 0.0, 0.0, 0.0, 1.0, 0.0]"
2026-06-06T10:30:06.898110+00:00,2026-06-05,ny,trade,live,88.0000,forecast,forecast,90.1666,89.7539,,2.1666,1.7539,,0.783340,0.824610,,0.783340,clear,Clear,sunny,12.3520,0.294882,8,"[""blend"", ""forecast""]","[1.0, 0.0, 0.0, 0.0, 0.44709379, -0.89448708, 0.39666886, 1.0, 0.12352011, 0.29488175, 1.0, 0.0, 0.0, 0.0, 0.0, 0.0, 0.0, 0.0, 0.0, 1.0, 0.0, 0.0]"
2026-06-06T10:30:06.898110+00:00,2026-06-05,tx,trade,live,87.0000,blend,forecast,84.0660,85.2778,,2.9340,1.7222,,0.706600,0.827780,,0.706600,rain,"Rain, Partially cloudy",cloudy,66.9308,0.945942,8,"[""blend"", ""forecast""]","[0.0, 0.0, 1.0, 0.0, 0.44709379, -0.89448708, 0.25170049, 1.0, 0.66930831, 0.94594195, 0.0, 0.0, 0.0, 1.0, 0.0, 0.0, 0.0, 0.0, 0.0, 0.0, 0.0, 1.0]"
2026-06-07T10:30:06.030031+00:00,2026-06-06,fl,trade,live,87.0000,blend,blend,84.5043,85.4769,,2.4957,1.5231,,0.750430,0.847690,,0.847690,partly_cloudy,Partially cloudy,sunny,31.6118,0.846570,8,"[""blend"", ""forecast""]","[0.0, 0.0, 0.0, 1.0, 0.43167285, -0.90203024, 0.125, 1.0, 0.31611806, 0.84657008, 0.0, 1.0, 0.0, 0.0, 0.0, 0.0, 0.0, 0.0, 0.0, 1.0, 0.0, 0.0]"
2026-06-07T10:30:06.030031+00:00,2026-06-06,il,trade,live,87.0000,blend,forecast,83.6172,83.7586,,3.3828,3.2414,,0.661720,0.675860,,0.661720,rain,"Rain, Partially cloudy",mixed,41.7153,0.752658,8,"[""blend"", ""forecast""]","[0.0, 1.0, 0.0, 0.0, 0.43167285, -0.90203024, 0.36214099, 1.0, 0.41715342, 0.75265813, 0.0, 0.0, 0.0, 1.0, 0.0, 0.0, 0.0, 0.0, 0.0, 0.0, 1.0, 0.0]"
2026-06-07T10:30:06.030031+00:00,2026-06-06,ny,trade,live,87.0000,forecast,forecast,90.7977,90.5505,,3.7977,3.5505,,0.620230,0.644950,,0.620230,rain,"Rain, Partially cloudy",sunny,25.9782,0.193083,7,"[""blend"", ""forecast""]","[1.0, 0.0, 0.0, 0.0, 0.43167285, -0.90203024, 0.35511279, 0.875, 0.25978208, 0.19308251, 0.0, 0.0, 0.0, 1.0, 0.0, 0.0, 0.0, 0.0, 0.0, 1.0, 0.0, 0.0]"
2026-06-07T10:30:06.030031+00:00,2026-06-06,tx,trade,live,92.0000,blend,forecast,88.4435,89.7143,,3.5565,2.2857,,0.644350,0.771430,,0.644350,rain,"Rain, Partially cloudy",cloudy,68.5769,0.823781,8,"[""blend"", ""forecast""]","[0.0, 0.0, 1.0, 0.0, 0.43167285, -0.90203024, 0.30282426, 1.0, 0.6857689, 0.82378092, 0.0, 0.0, 0.0, 1.0, 0.0, 0.0, 0.0, 0.0, 0.0, 0.0, 0.0, 1.0]"
2026-06-08T10:30:08.263706+00:00,2026-06-07,fl,trade,live,89.0000,blend,blend,86.8948,88.0641,,2.1052,0.9359,,0.789480,0.906410,,0.906410,partly_cloudy,Partially cloudy,cloudy,71.1582,0.824242,8,"[""blend"", ""forecast""]","[0.0, 0.0, 0.0, 1.0, 0.4161247, -0.90930756, 0.115, 1.0, 0.71158245, 0.8242421, 0.0, 1.0, 0.0, 0.0, 0.0, 0.0, 0.0, 0.0, 0.0, 0.0, 0.0, 1.0]"
2026-06-08T10:30:08.263706+00:00,2026-06-07,il,trade,live,83.0000,blend,blend,81.8055,81.8349,,1.1945,1.1651,,0.880550,0.883490,,0.883490,partly_cloudy,Partially cloudy,mixed,60.8417,0.804021,8,"[""blend"", ""forecast""]","[0.0, 1.0, 0.0, 0.0, 0.4161247, -0.90930756, 0.15894863, 1.0, 0.60841706, 0.80402111, 0.0, 1.0, 0.0, 0.0, 0.0, 0.0, 0.0, 0.0, 0.0, 0.0, 1.0, 0.0]"
2026-06-08T10:30:08.263706+00:00,2026-06-07,ny,trade,live,81.0000,forecast,forecast,84.7441,84.2547,,3.7441,3.2547,,0.625590,0.674530,,0.625590,clear,Clear,sunny,17.7198,0.561276,8,"[""blend"", ""forecast""]","[1.0, 0.0, 0.0, 0.0, 0.4161247, -0.90930756, 0.17279563, 1.0, 0.17719799, 0.56127575, 1.0, 0.0, 0.0, 0.0, 0.0, 0.0, 0.0, 0.0, 0.0, 1.0, 0.0, 0.0]"
2026-06-08T10:30:08.263706+00:00,2026-06-07,tx,trade,live,91.0000,blend,forecast,88.4874,89.8446,,2.5126,1.1554,,0.748740,0.884460,,0.748740,rain,"Rain, Partially cloudy",cloudy,83.1761,0.668487,8,"[""blend"", ""forecast""]","[0.0, 0.0, 1.0, 0.0, 0.4161247, -0.90930756, 0.25562823, 1.0, 0.83176084, 0.66848678, 0.0, 0.0, 0.0, 1.0, 0.0, 0.0, 0.0, 0.0, 0.0, 0.0, 0.0, 1.0]"
2026-06-09T10:30:09.271714+00:00,2026-06-08,fl,trade,live,91.0000,blend,blend,88.3668,89.6027,,2.6332,1.3973,,0.736680,0.860270,,0.860270,partly_cloudy,Partially cloudy,mixed,39.9087,0.733915,8,"[""blend"", ""forecast""]","[0.0, 0.0, 0.0, 1.0, 0.40045391, -0.9163169, 0.02, 1.0, 0.39908675, 0.73391484, 0.0, 1.0, 0.0, 0.0, 0.0, 0.0, 0.0, 0.0, 0.0, 0.0, 1.0, 0.0]"
2026-06-09T10:30:09.271714+00:00,2026-06-08,il,trade,live,83.0000,blend,forecast,83.2331,83.5972,,0.2331,0.5972,,0.976690,0.940280,,0.976690,rain,"Rain, Partially cloudy",cloudy,69.8828,0.462488,8,"[""blend"", ""forecast""]","[0.0, 1.0, 0.0, 0.0, 0.40045391, -0.9163169, 0.27334617, 1.0, 0.69882805, 0.4624882, 0.0, 0.0, 0.0, 1.0, 0.0, 0.0, 0.0, 0.0, 0.0, 0.0, 0.0, 1.0]"
2026-06-09T10:30:09.271714+00:00,2026-06-08,ny,trade,live,75.0000,blend,blend,77.4854,76.8431,,2.4854,1.8431,,0.751460,0.815690,,0.815690,partly_cloudy,Partially cloudy,sunny,24.9624,0.633402,7,"[""blend"", ""forecast""]","[1.0, 0.0, 0.0, 0.0, 0.40045391, -0.9163169, 0.17572937, 0.875, 0.24962376, 0.63340153, 0.0, 1.0, 0.0, 0.0, 0.0, 0.0, 0.0, 0.0, 0.0, 1.0, 0.0, 0.0]"
2026-06-09T10:30:09.271714+00:00,2026-06-08,tx,trade,live,89.0000,blend,blend,88.4456,89.8320,,0.5544,0.8320,,0.944560,0.916800,,0.916800,rain,"Rain, Partially cloudy",cloudy,65.5740,0.767971,8,"[""blend"", ""forecast""]","[0.0, 0.0, 1.0, 0.0, 0.40045391, -0.9163169, 0.21772026, 1.0, 0.65574034, 0.76797138, 0.0, 0.0, 0.0, 1.0, 0.0, 0.0, 0.0, 0.0, 0.0, 0.0, 0.0, 1.0]"
2026-06-10T10:30:06.433272+00:00,2026-06-09,fl,trade,live,89.0000,blend,blend,88.1884,89.4785,,0.8116,0.4785,,0.918840,0.952150,,0.952150,partly_cloudy,Partially cloudy,mixed,54.2652,0.675373,8,"[""blend"", ""forecast""]","[0.0, 0.0, 0.0, 1.0, 0.3846651, -0.92305621, 0.095, 1.0, 0.54265196, 0.67537318, 0.0, 1.0, 0.0, 0.0, 0.0, 0.0, 0.0, 0.0, 0.0, 0.0, 1.0, 0.0]"
2026-06-10T10:30:06.433272+00:00,2026-06-09,il,trade,live,88.0000,blend,forecast,86.2349,86.5223,,1.7651,1.4777,,0.823490,0.852230,,0.823490,rain,"Rain, Partially cloudy",mixed,58.5865,0.946070,7,"[""blend"", ""forecast""]","[0.0, 1.0, 0.0, 0.0, 0.3846651, -0.92305621, 0.2482553, 0.875, 0.58586497, 0.94606979, 0.0, 0.0, 0.0, 1.0, 0.0, 0.0, 0.0, 0.0, 0.0, 0.0, 1.0, 0.0]"
2026-06-10T10:30:06.433272+00:00,2026-06-09,ny,trade,live,79.0000,forecast,forecast,78.5643,78.0759,,0.4357,0.9241,,0.956430,0.907590,,0.956430,clear,Clear,sunny,6.0472,0.306647,7,"[""blend"", ""forecast""]","[1.0, 0.0, 0.0, 0.0, 0.3846651, -0.92305621, 0.37178416, 0.875, 0.06047162, 0.3066466, 1.0, 0.0, 0.0, 0.0, 0.0, 0.0, 0.0, 0.0, 0.0, 1.0, 0.0, 0.0]"
2026-06-10T10:30:06.433272+00:00,2026-06-09,tx,trade,live,93.0000,blend,forecast,91.6695,92.5135,,1.3305,0.4865,,0.866950,0.951350,,0.866950,partly_cloudy,Partially cloudy,mixed,51.9035,0.625553,8,"[""blend"", ""forecast""]","[0.0, 0.0, 1.0, 0.0, 0.3846651, -0.92305621, 0.32152693, 1.0, 0.51903501, 0.62555285, 0.0, 1.0, 0.0, 0.0, 0.0, 0.0, 0.0, 0.0, 0.0, 0.0, 1.0, 0.0]"
2026-06-11T10:30:07.885377+00:00,2026-06-10,fl,trade,live,88.0000,blend,blend,86.7707,88.1407,,1.2293,0.1407,,0.877070,0.985930,,0.985930,partly_cloudy,Partially cloudy,mixed,55.2178,0.675846,8,"[""blend"", ""forecast""]","[0.0, 0.0, 0.0, 1.0, 0.36876293, -0.92952348, 0.1510356, 1.0, 0.55217846, 0.67584586, 0.0, 1.0, 0.0, 0.0, 0.0, 0.0, 0.0, 0.0, 0.0, 0.0, 1.0, 0.0]"
2026-06-11T10:30:07.885377+00:00,2026-06-10,il,trade,live,91.0000,blend,blend,90.7795,91.1076,,0.2205,0.1076,,0.977950,0.989240,,0.989240,rain,"Rain, Partially cloudy",mixed,50.6396,0.971969,8,"[""blend"", ""forecast""]","[0.0, 1.0, 0.0, 0.0, 0.36876293, -0.92952348, 0.1775, 1.0, 0.50639619, 0.97196858, 0.0, 0.0, 0.0, 1.0, 0.0, 0.0, 0.0, 0.0, 0.0, 0.0, 1.0, 0.0]"
2026-06-11T10:30:07.885377+00:00,2026-06-10,ny,trade,live,82.0000,forecast,forecast,81.8023,81.1816,,0.1977,0.8184,,0.980230,0.918160,,0.980230,partly_cloudy,Partially cloudy,mixed,48.4570,0.382271,8,"[""blend"", ""forecast""]","[1.0, 0.0, 0.0, 0.0, 0.36876293, -0.92952348, 0.37988268, 1.0, 0.48456976, 0.38227092, 0.0, 1.0, 0.0, 0.0, 0.0, 0.0, 0.0, 0.0, 0.0, 0.0, 1.0, 0.0]"
2026-06-11T10:30:07.885377+00:00,2026-06-10,tx,trade,live,91.0000,blend,blend,91.7850,92.6463,,0.7850,1.6463,,0.921500,0.835370,,0.835370,partly_cloudy,Partially cloudy,mixed,54.4474,0.719630,8,"[""blend"", ""forecast""]","[0.0, 0.0, 1.0, 0.0, 0.36876293, -0.92952348, 0.17925024, 1.0, 0.54447413, 0.71963038, 0.0, 1.0, 0.0, 0.0, 0.0, 0.0, 0.0, 0.0, 0.0, 0.0, 1.0, 0.0]"
2026-06-12T10:30:07.987466+00:00,2026-06-11,fl,trade,live,90.0000,forecast,forecast,88.2126,89.6372,,1.7874,0.3628,,0.821260,0.963720,,0.821260,partly_cloudy,Partially cloudy,mixed,46.9664,0.770572,8,"[""blend"", ""forecast""]","[0.0, 0.0, 0.0, 1.0, 0.35275209, -0.93571682, 0.22436788, 1.0, 0.4696644, 0.77057189, 0.0, 1.0, 0.0, 0.0, 0.0, 0.0, 0.0, 0.0, 0.0, 0.0, 1.0, 0.0]"
2026-06-12T10:30:07.987466+00:00,2026-06-11,il,trade,live,82.0000,forecast,forecast,82.0308,81.9949,,0.0308,0.0051,,0.996920,0.999490,,0.996920,other,other,mixed,60.3556,0.777566,8,"[""blend"", ""forecast""]","[0.0, 1.0, 0.0, 0.0, 0.35275209, -0.93571682, 0.2264598, 1.0, 0.60355613, 0.77756603, 0.0, 0.0, 0.0, 0.0, 0.0, 0.0, 0.0, 0.0, 1.0, 0.0, 1.0, 0.0]"
2026-06-12T10:30:07.987466+00:00,2026-06-11,ny,trade,live,91.0000,forecast,forecast,94.3571,93.7896,,3.3571,2.7896,,0.664290,0.721040,,0.664290,partly_cloudy,Partially cloudy,mixed,43.5859,0.405835,8,"[""blend"", ""forecast""]","[1.0, 0.0, 0.0, 0.0, 0.35275209, -0.93571682, 0.27714639, 1.0, 0.43585947, 0.40583526, 0.0, 1.0, 0.0, 0.0, 0.0, 0.0, 0.0, 0.0, 0.0, 0.0, 1.0, 0.0]"
2026-06-12T10:30:07.987466+00:00,2026-06-11,tx,trade,live,93.0000,blend,blend,93.4230,94.2786,,0.4230,1.2786,,0.957700,0.872140,,0.872140,partly_cloudy,Partially cloudy,mixed,53.0300,0.641276,8,"[""blend"", ""forecast""]","[0.0, 0.0, 1.0, 0.0, 0.35275209, -0.93571682, 0.24865225, 1.0, 0.53029951, 0.64127571, 0.0, 1.0, 0.0, 0.0, 0.0, 0.0, 0.0, 0.0, 0.0, 0.0, 1.0, 0.0]"
2026-06-13T10:30:07.415532+00:00,2026-06-12,fl,trade,live,91.0000,blend,blend,89.8079,91.2899,,1.1921,0.2899,,0.880790,0.971010,,0.971010,partly_cloudy,Partially cloudy,mixed,50.7278,0.667934,8,"[""blend"", ""forecast""]","[0.0, 0.0, 0.0, 1.0, 0.33663728, -0.9416344, 0.18960518, 1.0, 0.50727831, 0.66793417, 0.0, 1.0, 0.0, 0.0, 0.0, 0.0, 0.0, 0.0, 0.0, 0.0, 1.0, 0.0]"
2026-06-13T10:30:07.415532+00:00,2026-06-12,il,trade,live,82.0000,blend,blend,78.1999,78.1706,,3.8001,3.8294,,0.619990,0.617060,,0.617060,other,other,sunny,12.6932,0.819382,8,"[""blend"", ""forecast""]","[0.0, 1.0, 0.0, 0.0, 0.33663728, -0.9416344, 0.18500522, 1.0, 0.12693231, 0.8193817, 0.0, 0.0, 0.0, 0.0, 0.0, 0.0, 0.0, 0.0, 1.0, 1.0, 0.0, 0.0]"
2026-06-13T10:30:07.415532+00:00,2026-06-12,ny,trade,live,90.0000,blend,blend,94.7863,94.0149,,4.7863,4.0149,,0.521370,0.598510,,0.598510,rain,"Rain, Partially cloudy",mixed,58.8644,0.319401,8,"[""blend"", ""forecast""]","[1.0, 0.0, 0.0, 0.0, 0.33663728, -0.9416344, 0.18981406, 1.0, 0.58864434, 0.31940051, 0.0, 0.0, 0.0, 1.0, 0.0, 0.0, 0.0, 0.0, 0.0, 0.0, 1.0, 0.0]"
2026-06-13T10:30:07.415532+00:00,2026-06-12,tx,trade,live,95.0000,blend,forecast,91.1870,91.9671,,3.8130,3.0329,,0.618700,0.696710,,0.618700,partly_cloudy,Partially cloudy,cloudy,67.9309,0.661810,8,"[""blend"", ""forecast""]","[0.0, 0.0, 1.0, 0.0, 0.33663728, -0.9416344, 0.34564816, 1.0, 0.67930905, 0.66181043, 0.0, 1.0, 0.0, 0.0, 0.0, 0.0, 0.0, 0.0, 0.0, 0.0, 0.0, 1.0]"
2026-06-14T10:30:08.785249+00:00,2026-06-13,fl,trade,live,91.0000,blend,blend,90.1118,91.5263,,0.8882,0.5263,,0.911180,0.947370,,0.947370,partly_cloudy,Partially cloudy,mixed,45.9335,0.612990,8,"[""blend"", ""forecast""]","[0.0, 0.0, 0.0, 1.0, 0.32042327, -0.94727447, 0.2215921, 1.0, 0.45933547, 0.61299006, 0.0, 1.0, 0.0, 0.0, 0.0, 0.0, 0.0, 0.0, 0.0, 0.0, 1.0, 0.0]"
2026-06-14T10:30:08.785249+00:00,2026-06-13,il,trade,live,83.0000,forecast,forecast,85.7517,85.7923,,2.7517,2.7923,,0.724830,0.720770,,0.724830,other,other,mixed,55.8744,0.632372,8,"[""blend"", ""forecast""]","[0.0, 1.0, 0.0, 0.0, 0.32042327, -0.94727447, 0.25741747, 1.0, 0.55874374, 0.63237168, 0.0, 0.0, 0.0, 0.0, 0.0, 0.0, 0.0, 0.0, 1.0, 0.0, 1.0, 0.0]"
2026-06-14T10:30:08.785249+00:00,2026-06-13,ny,trade,live,85.0000,blend,forecast,89.0992,88.5834,,4.0992,3.5834,,0.590080,0.641660,,0.590080,clear,Clear,sunny,10.3052,0.234199,8,"[""blend"", ""forecast""]","[1.0, 0.0, 0.0, 0.0, 0.32042327, -0.94727447, 0.32004107, 1.0, 0.10305164, 0.23419946, 1.0, 0.0, 0.0, 0.0, 0.0, 0.0, 0.0, 0.0, 0.0, 1.0, 0.0, 0.0]"
2026-06-14T10:30:08.785249+00:00,2026-06-13,tx,trade,live,94.0000,blend,forecast,93.0487,93.8862,,0.9513,0.1138,,0.904870,0.988620,,0.904870,partly_cloudy,Partially cloudy,mixed,41.8100,0.641745,8,"[""blend"", ""forecast""]","[0.0, 0.0, 1.0, 0.0, 0.32042327, -0.94727447, 0.33256495, 1.0, 0.41809993, 0.64174541, 0.0, 1.0, 0.0, 0.0, 0.0, 0.0, 0.0, 0.0, 0.0, 0.0, 1.0, 0.0]"
2026-06-15T10:30:04.270034+00:00,2026-06-14,fl,trade,live,93.0000,blend,forecast,93.0058,94.3372,,0.0058,1.3372,,0.999420,0.866280,,0.999420,partly_cloudy,Partially cloudy,mixed,35.3603,0.662294,8,"[""blend"", ""forecast""]","[0.0, 0.0, 0.0, 1.0, 0.30411483, -0.95263538, 0.27379036, 1.0, 0.35360294, 0.66229423, 0.0, 1.0, 0.0, 0.0, 0.0, 0.0, 0.0, 0.0, 0.0, 0.0, 1.0, 0.0]"
2026-06-15T10:30:04.270034+00:00,2026-06-14,il,trade,live,71.0000,forecast,forecast,68.7612,68.8995,,2.2388,2.1005,,0.776120,0.789950,,0.776120,other,other,mixed,44.7144,0.457366,8,"[""blend"", ""forecast""]","[0.0, 1.0, 0.0, 0.0, 0.30411483, -0.95263538, 0.3819377, 1.0, 0.44714433, 0.45736581, 0.0, 0.0, 0.0, 0.0, 0.0, 0.0, 0.0, 0.0, 1.0, 0.0, 1.0, 0.0]"
2026-06-15T10:30:04.270034+00:00,2026-06-14,ny,trade,live,87.0000,blend,forecast,89.0683,88.3240,,2.0683,1.3240,,0.793170,0.867600,,0.793170,rain,"Rain, Partially cloudy",mixed,41.9286,0.158098,8,"[""blend"", ""forecast""]","[1.0, 0.0, 0.0, 0.0, 0.30411483, -0.95263538, 0.33158447, 1.0, 0.41928616, 0.15809791, 0.0, 0.0, 0.0, 1.0, 0.0, 0.0, 0.0, 0.0, 0.0, 0.0, 1.0, 0.0]"
2026-06-15T10:30:04.270034+00:00,2026-06-14,tx,trade,live,92.0000,blend,forecast,89.4181,90.9045,,2.5819,1.0955,,0.741810,0.890450,,0.741810,rain,"Rain, Partially cloudy",cloudy,65.3602,0.633631,8,"[""blend"", ""forecast""]","[0.0, 0.0, 1.0, 0.0, 0.30411483, -0.95263538, 0.25909371, 1.0, 0.65360208, 0.63363079, 0.0, 0.0, 0.0, 1.0, 0.0, 0.0, 0.0, 0.0, 0.0, 0.0, 0.0, 1.0]"
2026-06-16T10:30:09.314787+00:00,2026-06-15,fl,trade,live,95.0000,blend,forecast,92.5952,94.1592,,2.4048,0.8408,,0.759520,0.915920,,0.759520,rain,"Rain, Partially cloudy",mixed,55.9449,0.427795,8,"[""blend"", ""forecast""]","[0.0, 0.0, 0.0, 1.0, 0.28771677, -0.95771554, 0.25325885, 1.0, 0.55944901, 0.42779538, 0.0, 0.0, 0.0, 1.0, 0.0, 0.0, 0.0, 0.0, 0.0, 0.0, 1.0, 0.0]"
2026-06-16T10:30:09.314787+00:00,2026-06-15,il,trade,live,76.0000,blend,blend,76.0024,76.2010,,0.0024,0.2010,,0.999760,0.979900,,0.979900,other,other,mixed,39.0656,0.711530,8,"[""blend"", ""forecast""]","[0.0, 1.0, 0.0, 0.0, 0.28771677, -0.95771554, 0.16487963, 1.0, 0.39065615, 0.71153009, 0.0, 0.0, 0.0, 0.0, 0.0, 0.0, 0.0, 0.0, 1.0, 0.0, 1.0, 0.0]"
2026-06-16T10:30:09.314787+00:00,2026-06-15,ny,trade,live,74.0000,blend,forecast,79.8170,79.0910,,5.8170,5.0910,,0.418300,0.490900,,0.418300,rain,"Rain, Partially cloudy",mixed,42.4049,0.261844,8,"[""blend"", ""forecast""]","[1.0, 0.0, 0.0, 0.0, 0.28771677, -0.95771554, 0.23984866, 1.0, 0.42404921, 0.26184411, 0.0, 0.0, 0.0, 1.0, 0.0, 0.0, 0.0, 0.0, 0.0, 0.0, 1.0, 0.0]"
2026-06-16T10:30:09.314787+00:00,2026-06-15,tx,trade,live,84.0000,blend,forecast,81.1915,82.6608,,2.8085,1.3392,,0.719150,0.866080,,0.719150,rain,"Rain, Partially cloudy",cloudy,76.0314,0.565723,8,"[""blend"", ""forecast""]","[0.0, 0.0, 1.0, 0.0, 0.28771677, -0.95771554, 0.35042614, 1.0, 0.76031372, 0.56572333, 0.0, 0.0, 0.0, 1.0, 0.0, 0.0, 0.0, 0.0, 0.0, 0.0, 0.0, 1.0]"
2026-06-17T10:30:06.677340+00:00,2026-06-16,fl,trade,live,95.0000,blend,blend,92.4504,93.6764,,2.5496,1.3236,,0.745040,0.867640,,0.867640,partly_cloudy,Partially cloudy,mixed,36.4991,0.611754,8,"[""blend"", ""forecast""]","[0.0, 0.0, 0.0, 1.0, 0.27123391, -0.96251346, 0.20101908, 1.0, 0.36499072, 0.61175426, 0.0, 1.0, 0.0, 0.0, 0.0, 0.0, 0.0, 0.0, 0.0, 0.0, 1.0, 0.0]"
2026-06-17T10:30:06.677340+00:00,2026-06-16,il,trade,live,77.0000,blend,blend,75.3547,75.5706,,1.6453,1.4294,,0.835470,0.857060,,0.857060,other,other,mixed,48.5623,0.616485,8,"[""blend"", ""forecast""]","[0.0, 1.0, 0.0, 0.0, 0.27123391, -0.96251346, 0.23726551, 1.0, 0.48562292, 0.61648466, 0.0, 0.0, 0.0, 0.0, 0.0, 0.0, 0.0, 0.0, 1.0, 0.0, 1.0, 0.0]"
2026-06-17T10:30:06.677340+00:00,2026-06-16,ny,trade,live,76.0000,blend,forecast,78.0158,77.5516,,2.0158,1.5516,,0.798420,0.844840,,0.798420,clear,Clear,sunny,8.3751,0.081282,8,"[""blend"", ""forecast""]","[1.0, 0.0, 0.0, 0.0, 0.27123391, -0.96251346, 0.29920791, 1.0, 0.08375071, 0.0812824, 1.0, 0.0, 0.0, 0.0, 0.0, 0.0, 0.0, 0.0, 0.0, 1.0, 0.0, 0.0]"
2026-06-17T10:30:06.677340+00:00,2026-06-16,tx,trade,live,91.0000,blend,blend,85.4846,86.9338,,5.5154,4.0662,,0.448460,0.593380,,0.593380,rain,"Rain, Partially cloudy",mixed,53.2414,0.829972,8,"[""blend"", ""forecast""]","[0.0, 0.0, 1.0, 0.0, 0.27123391, -0.96251346, 0.0, 1.0, 0.5324138, 0.82997212, 0.0, 0.0, 0.0, 1.0, 0.0, 0.0, 0.0, 0.0, 0.0, 0.0, 1.0, 0.0]"
2026-06-18T10:30:04.291897+00:00,2026-06-17,fl,trade,live,94.0000,blend,blend,92.6913,93.8953,,1.3087,0.1047,,0.869130,0.989530,,0.989530,partly_cloudy,Partially cloudy,mixed,52.5837,0.723036,8,"[""blend"", ""forecast""]","[0.0, 0.0, 0.0, 1.0, 0.25467112, -0.96702772, 0.20406611, 1.0, 0.52583728, 0.7230359, 0.0, 1.0, 0.0, 0.0, 0.0, 0.0, 0.0, 0.0, 0.0, 0.0, 1.0, 0.0]"
2026-06-18T10:30:04.291897+00:00,2026-06-17,il,trade,live,71.0000,blend,forecast,66.8128,67.1172,,4.1872,3.8828,,0.581280,0.611720,,0.581280,other,other,mixed,62.9402,0.518664,8,"[""blend"", ""forecast""]","[0.0, 1.0, 0.0, 0.0, 0.25467112, -0.96702772, 0.274, 1.0, 0.62940232, 0.51866429, 0.0, 0.0, 0.0, 0.0, 0.0, 0.0, 0.0, 0.0, 1.0, 0.0, 1.0, 0.0]"
2026-06-18T10:30:04.291897+00:00,2026-06-17,ny,trade,live,78.0000,forecast,forecast,78.0315,77.5134,,0.0315,0.4866,,0.996850,0.951340,,0.996850,partly_cloudy,Partially cloudy,sunny,32.5913,0.125818,8,"[""blend"", ""forecast""]","[1.0, 0.0, 0.0, 0.0, 0.25467112, -0.96702772, 0.23842569, 1.0, 0.32591332, 0.12581763, 0.0, 1.0, 0.0, 0.0, 0.0, 0.0, 0.0, 0.0, 0.0, 1.0, 0.0, 0.0]"
2026-06-18T10:30:04.291897+00:00,2026-06-17,tx,trade,live,90.0000,blend,blend,90.7006,91.5674,,0.7006,1.5674,,0.929940,0.843260,,0.843260,partly_cloudy,Partially cloudy,mixed,43.6944,0.671559,8,"[""blend"", ""forecast""]","[0.0, 0.0, 1.0, 0.0, 0.25467112, -0.96702772, 0.21353021, 1.0, 0.4369445, 0.67155905, 0.0, 1.0, 0.0, 0.0, 0.0, 0.0, 0.0, 0.0, 0.0, 0.0, 1.0, 0.0]"
2026-06-19T10:30:08.009647+00:00,2026-06-18,fl,trade,live,93.0000,blend,blend,92.8504,94.0311,,0.1496,1.0311,,0.985040,0.896890,,0.896890,partly_cloudy,Partially cloudy,mixed,45.6667,0.711633,8,"[""blend"", ""forecast""]","[0.0, 0.0, 0.0, 1.0, 0.23803328, -0.971257, 0.23002138, 1.0, 0.45666677, 0.71163255, 0.0, 1.0, 0.0, 0.0, 0.0, 0.0, 0.0, 0.0, 0.0, 0.0, 1.0, 0.0]"
2026-06-19T10:30:08.009647+00:00,2026-06-18,il,trade,live,73.0000,blend,blend,72.2439,72.6941,,0.7561,0.3059,,0.924390,0.969410,,0.969410,partly_cloudy,Partially cloudy,mixed,36.4821,0.811744,8,"[""blend"", ""forecast""]","[0.0, 1.0, 0.0, 0.0, 0.23803328, -0.971257, 0.015, 1.0, 0.36482064, 0.81174433, 0.0, 1.0, 0.0, 0.0, 0.0, 0.0, 0.0, 0.0, 0.0, 0.0, 1.0, 0.0]"
2026-06-19T10:30:08.009647+00:00,2026-06-18,ny,trade,live,86.0000,blend,forecast,90.7702,90.4326,,4.7702,4.4326,,0.522980,0.556740,,0.522980,partly_cloudy,Partially cloudy,mixed,55.3475,0.238107,8,"[""blend"", ""forecast""]","[1.0, 0.0, 0.0, 0.0, 0.23803328, -0.971257, 0.31148868, 1.0, 0.55347546, 0.23810715, 0.0, 1.0, 0.0, 0.0, 0.0, 0.0, 0.0, 0.0, 0.0, 0.0, 1.0, 0.0]"
2026-06-19T10:30:08.009647+00:00,2026-06-18,tx,trade,live,97.0000,blend,blend,97.1225,97.9669,,0.1225,0.9669,,0.987750,0.903310,,0.903310,partly_cloudy,Partially cloudy,mixed,41.7487,0.553870,8,"[""blend"", ""forecast""]","[0.0, 0.0, 1.0, 0.0, 0.23803328, -0.971257, 0.19712728, 1.0, 0.41748728, 0.55386997, 0.0, 1.0, 0.0, 0.0, 0.0, 0.0, 0.0, 0.0, 0.0, 0.0, 1.0, 0.0]"
2026-06-20T10:30:07.446595+00:00,2026-06-19,fl,trade,live,92.0000,blend,blend,92.1286,93.3113,,0.1286,1.3113,,0.987140,0.868870,,0.868870,partly_cloudy,Partially cloudy,mixed,57.4268,0.525138,8,"[""blend"", ""forecast""]","[0.0, 0.0, 0.0, 1.0, 0.22132528, -0.97520004, 0.19857215, 1.0, 0.57426757, 0.52513763, 0.0, 1.0, 0.0, 0.0, 0.0, 0.0, 0.0, 0.0, 0.0, 0.0, 1.0, 0.0]"
2026-06-20T10:30:07.446595+00:00,2026-06-19,il,trade,live,77.0000,blend,forecast,77.6139,78.0704,,0.6139,1.0704,,0.938610,0.892960,,0.938610,rain,"Rain, Partially cloudy",sunny,21.4571,0.748149,8,"[""blend"", ""forecast""]","[0.0, 1.0, 0.0, 0.0, 0.22132528, -0.97520004, 0.24930696, 1.0, 0.21457109, 0.74814856, 0.0, 0.0, 0.0, 1.0, 0.0, 0.0, 0.0, 0.0, 0.0, 1.0, 0.0, 0.0]"
2026-06-20T10:30:07.446595+00:00,2026-06-19,ny,trade,live,81.0000,blend,forecast,83.9300,83.6038,,2.9300,2.6038,,0.707000,0.739620,,0.707000,partly_cloudy,Partially cloudy,sunny,25.8034,0.238631,8,"[""blend"", ""forecast""]","[1.0, 0.0, 0.0, 0.0, 0.22132528, -0.97520004, 0.29350067, 1.0, 0.25803389, 0.23863144, 0.0, 1.0, 0.0, 0.0, 0.0, 0.0, 0.0, 0.0, 0.0, 1.0, 0.0, 0.0]"
2026-06-20T10:30:07.446595+00:00,2026-06-19,tx,trade,live,88.0000,blend,forecast,91.3614,92.2097,,3.3614,4.2097,,0.663860,0.579030,,0.663860,partly_cloudy,Partially cloudy,cloudy,77.6143,0.529413,8,"[""blend"", ""forecast""]","[0.0, 0.0, 1.0, 0.0, 0.22132528, -0.97520004, 0.31507049, 1.0, 0.77614347, 0.52941346, 0.0, 1.0, 0.0, 0.0, 0.0, 0.0, 0.0, 0.0, 0.0, 0.0, 0.0, 1.0]"
2026-06-21T10:30:07.860421+00:00,2026-06-20,fl,trade,live,93.0000,blend,forecast,92.2381,93.3140,,0.7619,0.3140,,0.923810,0.968600,,0.923810,partly_cloudy,Partially cloudy,mixed,57.5517,0.611644,8,"[""blend"", ""forecast""]","[0.0, 0.0, 0.0, 1.0, 0.20455207, -0.97885569, 0.25340278, 1.0, 0.57551666, 0.61164402, 0.0, 1.0, 0.0, 0.0, 0.0, 0.0, 0.0, 0.0, 0.0, 0.0, 1.0, 0.0]"
2026-06-21T10:30:07.860421+00:00,2026-06-20,il,trade,live,77.0000,blend,blend,77.4667,77.9122,,0.4667,0.9122,,0.953330,0.908780,,0.908780,partly_cloudy,Partially cloudy,sunny,31.9320,0.923401,8,"[""blend"", ""forecast""]","[0.0, 1.0, 0.0, 0.0, 0.20455207, -0.97885569, 0.15666441, 1.0, 0.3193204, 0.92340138, 0.0, 1.0, 0.0, 0.0, 0.0, 0.0, 0.0, 0.0, 0.0, 1.0, 0.0, 0.0]"
2026-06-21T10:30:07.860421+00:00,2026-06-20,ny,trade,live,81.0000,forecast,forecast,82.1628,81.8492,,1.1628,0.8492,,0.883720,0.915080,,0.883720,clear,Clear,sunny,11.5471,0.393363,8,"[""blend"", ""forecast""]","[1.0, 0.0, 0.0, 0.0, 0.20455207, -0.97885569, 0.30185879, 1.0, 0.11547137, 0.39336295, 1.0, 0.0, 0.0, 0.0, 0.0, 0.0, 0.0, 0.0, 0.0, 1.0, 0.0, 0.0]"
2026-06-21T10:30:07.860421+00:00,2026-06-20,tx,trade,live,90.0000,blend,blend,88.4307,89.8148,,1.5693,0.1852,,0.843070,0.981480,,0.981480,rain,"Rain, Partially cloudy",cloudy,68.6423,0.331900,8,"[""blend"", ""forecast""]","[0.0, 0.0, 1.0, 0.0, 0.20455207, -0.97885569, 0.18253748, 1.0, 0.68642305, 0.33189957, 0.0, 0.0, 0.0, 1.0, 0.0, 0.0, 0.0, 0.0, 0.0, 0.0, 0.0, 1.0]"
2026-06-22T10:30:07.796021+00:00,2026-06-21,fl,trade,live,94.0000,blend,forecast,92.8216,93.8607,,1.1784,0.1393,,0.882160,0.986070,,0.882160,partly_cloudy,Partially cloudy,mixed,47.2096,0.577008,8,"[""blend"", ""forecast""]","[0.0, 0.0, 0.0, 1.0, 0.18771857, -0.98222286, 0.26457892, 1.0, 0.47209564, 0.57700819, 0.0, 1.0, 0.0, 0.0, 0.0, 0.0, 0.0, 0.0, 0.0, 0.0, 1.0, 0.0]"
2026-06-22T10:30:07.796021+00:00,2026-06-21,il,trade,live,72.0000,blend,forecast,73.1135,73.4982,,1.1135,1.4982,,0.888650,0.850180,,0.888650,rain,Rain starting in the afternoon.,mixed,52.8216,0.393112,8,"[""blend"", ""forecast""]","[0.0, 1.0, 0.0, 0.0, 0.18771857, -0.98222286, 0.25217503, 1.0, 0.52821606, 0.39311174, 0.0, 0.0, 0.0, 1.0, 0.0, 0.0, 0.0, 0.0, 0.0, 0.0, 1.0, 0.0]"
2026-06-22T10:30:07.796021+00:00,2026-06-21,ny,trade,live,82.0000,blend,blend,81.5205,81.2464,,0.4795,0.7536,,0.952050,0.924640,,0.924640,partly_cloudy,Partially cloudy,sunny,29.4887,0.453320,8,"[""blend"", ""forecast""]","[1.0, 0.0, 0.0, 0.0, 0.18771857, -0.98222286, 0.0, 1.0, 0.29488701, 0.45332047, 0.0, 1.0, 0.0, 0.0, 0.0, 0.0, 0.0, 0.0, 0.0, 1.0, 0.0, 0.0]"
2026-06-22T10:30:07.796021+00:00,2026-06-21,tx,trade,live,93.0000,blend,forecast,91.6290,92.4147,,1.3710,0.5853,,0.862900,0.941470,,0.862900,partly_cloudy,Partially cloudy,mixed,60.1638,0.377632,8,"[""blend"", ""forecast""]","[0.0, 0.0, 1.0, 0.0, 0.18771857, -0.98222286, 0.31854936, 1.0, 0.60163781, 0.37763238, 0.0, 1.0, 0.0, 0.0, 0.0, 0.0, 0.0, 0.0, 0.0, 0.0, 1.0, 0.0]"
2026-06-23T10:30:06.099582+00:00,2026-06-22,fl,trade,live,93.0000,blend,blend,91.7727,92.7775,,1.2273,0.2225,,0.877270,0.977750,,0.977750,partly_cloudy,Partially cloudy,sunny,30.3540,0.577582,8,"[""blend"", ""forecast""]","[0.0, 0.0, 0.0, 1.0, 0.17082974, -0.98530056, 0.025, 1.0, 0.30354004, 0.57758195, 0.0, 1.0, 0.0, 0.0, 0.0, 0.0, 0.0, 0.0, 0.0, 1.0, 0.0, 0.0]"
2026-06-23T10:30:06.099582+00:00,2026-06-22,il,trade,live,73.0000,blend,blend,69.6493,69.9167,,3.3507,3.0833,,0.664930,0.691670,,0.691670,rain,"Rain, Partially cloudy",mixed,35.1816,0.953734,8,"[""blend"", ""forecast""]","[0.0, 1.0, 0.0, 0.0, 0.17082974, -0.98530056, 0.15153455, 1.0, 0.35181585, 0.95373356, 0.0, 0.0, 0.0, 1.0, 0.0, 0.0, 0.0, 0.0, 0.0, 0.0, 1.0, 0.0]"
2026-06-23T10:30:06.099582+00:00,2026-06-22,ny,trade,live,73.0000,blend,blend,75.2454,74.5460,,2.2454,1.5460,,0.775460,0.845400,,0.845400,rain,"Rain, Partially cloudy",mixed,62.1410,0.395680,8,"[""blend"", ""forecast""]","[1.0, 0.0, 0.0, 0.0, 0.17082974, -0.98530056, 0.16273214, 1.0, 0.62141024, 0.39568014, 0.0, 0.0, 0.0, 1.0, 0.0, 0.0, 0.0, 0.0, 0.0, 0.0, 1.0, 0.0]"
2026-06-23T10:30:06.099582+00:00,2026-06-22,tx,trade,live,94.0000,blend,blend,92.9422,93.7254,,1.0578,0.2746,,0.894220,0.972540,,0.972540,partly_cloudy,Partially cloudy,mixed,54.5443,0.349483,8,"[""blend"", ""forecast""]","[0.0, 0.0, 1.0, 0.0, 0.17082974, -0.98530056, 0.21288869, 1.0, 0.54544296, 0.3494826, 0.0, 1.0, 0.0, 0.0, 0.0, 0.0, 0.0, 0.0, 0.0, 0.0, 1.0, 0.0]"
2026-06-24T10:30:08.088228+00:00,2026-06-23,fl,trade,live,91.0000,blend,forecast,90.4785,92.1391,,0.5215,1.1391,,0.947850,0.886090,,0.947850,rain,"Rain, Partially cloudy",mixed,42.8657,0.507981,8,"[""blend"", ""forecast""]","[0.0, 0.0, 0.0, 1.0, 0.15389058, -0.9880879, 0.25107722, 1.0, 0.42865738, 0.50798118, 0.0, 0.0, 0.0, 1.0, 0.0, 0.0, 0.0, 0.0, 0.0, 0.0, 1.0, 0.0]"
2026-06-24T10:30:08.088228+00:00,2026-06-23,il,trade,live,73.0000,blend,blend,72.9698,73.4639,,0.0302,0.4639,,0.996980,0.953610,,0.953610,partly_cloudy,Partially cloudy,sunny,19.1239,0.896945,8,"[""blend"", ""forecast""]","[0.0, 1.0, 0.0, 0.0, 0.15389058, -0.9880879, 0.19951227, 1.0, 0.19123891, 0.89694466, 0.0, 1.0, 0.0, 0.0, 0.0, 0.0, 0.0, 0.0, 0.0, 1.0, 0.0, 0.0]"
2026-06-24T10:30:08.088228+00:00,2026-06-23,ny,trade,live,71.0000,blend,blend,71.8300,71.0844,,0.8300,0.0844,,0.917000,0.991560,,0.991560,rain,"Rain, Overcast",cloudy,82.3145,0.510890,8,"[""blend"", ""forecast""]","[1.0, 0.0, 0.0, 0.0, 0.15389058, -0.9880879, 0.19349938, 1.0, 0.82314524, 0.5108901, 0.0, 0.0, 0.0, 1.0, 0.0, 0.0, 0.0, 0.0, 0.0, 0.0, 0.0, 1.0]"
2026-06-24T10:30:08.088228+00:00,2026-06-23,tx,trade,live,94.0000,blend,blend,94.7821,95.5383,,0.7821,1.5383,,0.921790,0.846170,,0.846170,partly_cloudy,Partially cloudy,mixed,53.0119,0.323846,8,"[""blend"", ""forecast""]","[0.0, 0.0, 1.0, 0.0, 0.15389058, -0.9880879, 0.20089339, 1.0, 0.53011879, 0.32384639, 0.0, 1.0, 0.0, 0.0, 0.0, 0.0, 0.0, 0.0, 0.0, 0.0, 1.0, 0.0]"
2026-06-25T10:30:04.523338+00:00,2026-06-24,fl,trade,live,93.0000,blend,blend,91.0929,92.0641,,1.9071,0.9359,,0.809290,0.906410,,0.906410,partly_cloudy,Partially cloudy,mixed,51.1310,0.524935,8,"[""blend"", ""forecast""]","[0.0, 0.0, 0.0, 1.0, 0.13690606, -0.99058404, 0.17814521, 1.0, 0.5113103, 0.52493464, 0.0, 1.0, 0.0, 0.0, 0.0, 0.0, 0.0, 0.0, 0.0, 0.0, 1.0, 0.0]"
2026-06-25T10:30:04.523338+00:00,2026-06-24,il,trade,live,74.0000,blend,blend,76.4680,76.8957,,2.4680,2.8957,,0.753200,0.710430,,0.710430,rain,"Rain, Partially cloudy",mixed,57.1235,0.323669,8,"[""blend"", ""forecast""]","[0.0, 1.0, 0.0, 0.0, 0.13690606, -0.99058404, 0.0, 1.0, 0.57123486, 0.32366936, 0.0, 0.0, 0.0, 1.0, 0.0, 0.0, 0.0, 0.0, 0.0, 0.0, 1.0, 0.0]"
2026-06-25T10:30:04.523338+00:00,2026-06-24,ny,trade,live,82.0000,blend,blend,83.7420,83.3930,,1.7420,1.3930,,0.825800,0.860700,,0.860700,clear,Clear,sunny,12.6763,0.688370,8,"[""blend"", ""forecast""]","[1.0, 0.0, 0.0, 0.0, 0.13690606, -0.99058404, 0.22289862, 1.0, 0.12676308, 0.68837025, 1.0, 0.0, 0.0, 0.0, 0.0, 0.0, 0.0, 0.0, 0.0, 1.0, 0.0, 0.0]"
2026-06-25T10:30:04.523338+00:00,2026-06-24,tx,trade,live,93.0000,blend,blend,95.6472,96.4176,,2.6472,3.4176,,0.735280,0.658240,,0.658240,partly_cloudy,Partially cloudy,mixed,42.9948,0.416897,8,"[""blend"", ""forecast""]","[0.0, 0.0, 1.0, 0.0, 0.13690606, -0.99058404, 0.20263991, 1.0, 0.42994832, 0.41689691, 0.0, 1.0, 0.0, 0.0, 0.0, 0.0, 0.0, 0.0, 0.0, 0.0, 1.0, 0.0]"
2026-06-26T10:30:09.672972+00:00,2026-06-25,fl,trade,live,92.0000,blend,blend,90.9041,91.9109,,1.0959,0.0891,,0.890410,0.991090,,0.991090,partly_cloudy,Partially cloudy,mixed,41.5214,0.618228,8,"[""blend"", ""forecast""]","[0.0, 0.0, 0.0, 1.0, 0.11988119, -0.99278825, 0.15070357, 1.0, 0.41521393, 0.61822799, 0.0, 1.0, 0.0, 0.0, 0.0, 0.0, 0.0, 0.0, 0.0, 0.0, 1.0, 0.0]"
2026-06-26T10:30:09.672972+00:00,2026-06-25,il,trade,live,80.0000,blend,forecast,79.3259,79.8269,,0.6741,0.1731,,0.932590,0.982690,,0.932590,rain,"Rain, Partially cloudy",mixed,53.9638,0.683416,8,"[""blend"", ""forecast""]","[0.0, 1.0, 0.0, 0.0, 0.11988119, -0.99278825, 0.29870285, 1.0, 0.53963841, 0.68341576, 0.0, 0.0, 0.0, 1.0, 0.0, 0.0, 0.0, 0.0, 0.0, 0.0, 1.0, 0.0]"
2026-06-26T10:30:09.672972+00:00,2026-06-25,ny,trade,live,83.0000,blend,forecast,84.1395,83.9214,,1.1395,0.9214,,0.886050,0.907860,,0.886050,partly_cloudy,Partially cloudy,sunny,30.2509,0.569224,8,"[""blend"", ""forecast""]","[1.0, 0.0, 0.0, 0.0, 0.11988119, -0.99278825, 0.29302428, 1.0, 0.30250921, 0.5692244, 0.0, 1.0, 0.0, 0.0, 0.0, 0.0, 0.0, 0.0, 0.0, 1.0, 0.0, 0.0]"
2026-06-26T10:30:09.672972+00:00,2026-06-25,tx,trade,live,93.0000,blend,blend,94.6750,95.4066,,1.6750,2.4066,,0.832500,0.759340,,0.759340,partly_cloudy,Partially cloudy,mixed,39.3200,0.302945,8,"[""blend"", ""forecast""]","[0.0, 0.0, 1.0, 0.0, 0.11988119, -0.99278825, 0.17724781, 1.0, 0.39320039, 0.30294485, 0.0, 1.0, 0.0, 0.0, 0.0, 0.0, 0.0, 0.0, 0.0, 0.0, 1.0, 0.0]"
2026-06-27T10:30:05.691114+00:00,2026-06-26,fl,trade,live,92.0000,blend,blend,89.1058,90.0692,,2.8942,1.9308,,0.710580,0.806920,,0.806920,partly_cloudy,Partially cloudy,mixed,45.7542,0.640974,8,"[""blend"", ""forecast""]","[0.0, 0.0, 0.0, 1.0, 0.102821, -0.99469988, 0.17971147, 1.0, 0.45754211, 0.64097424, 0.0, 1.0, 0.0, 0.0, 0.0, 0.0, 0.0, 0.0, 0.0, 0.0, 1.0, 0.0]"
2026-06-27T10:30:05.691114+00:00,2026-06-26,il,trade,live,67.0000,forecast,forecast,70.5089,71.0089,,3.5089,4.0089,,0.649110,0.599110,,0.649110,partly_cloudy,Partially cloudy,mixed,60.0977,0.678321,8,"[""blend"", ""forecast""]","[0.0, 1.0, 0.0, 0.0, 0.102821, -0.99469988, 0.36455523, 1.0, 0.60097736, 0.67832056, 0.0, 1.0, 0.0, 0.0, 0.0, 0.0, 0.0, 0.0, 0.0, 0.0, 1.0, 0.0]"
2026-06-27T10:30:05.691114+00:00,2026-06-26,ny,trade,live,80.0000,forecast,forecast,85.3807,85.2399,,5.3807,5.2399,,0.461930,0.476010,,0.461930,other,other,cloudy,79.3258,0.811693,8,"[""blend"", ""forecast""]","[1.0, 0.0, 0.0, 0.0, 0.102821, -0.99469988, 0.22, 1.0, 0.79325794, 0.81169266, 0.0, 0.0, 0.0, 0.0, 0.0, 0.0, 0.0, 0.0, 1.0, 0.0, 0.0, 1.0]"
2026-06-27T10:30:05.691114+00:00,2026-06-26,tx,trade,live,95.0000,blend,blend,95.7374,96.4219,,0.7374,1.4219,,0.926260,0.857810,,0.857810,partly_cloudy,Partially cloudy,mixed,47.5750,0.311409,8,"[""blend"", ""forecast""]","[0.0, 0.0, 1.0, 0.0, 0.102821, -0.99469988, 0.1681294, 1.0, 0.47574991, 0.31140931, 0.0, 1.0, 0.0, 0.0, 0.0, 0.0, 0.0, 0.0, 0.0, 0.0, 1.0, 0.0]"
2026-06-28T10:30:04.786698+00:00,2026-06-27,fl,trade,live,92.0000,blend,forecast,90.8568,92.5753,,1.1432,0.5753,,0.885680,0.942470,,0.885680,rain,"Rain, Partially cloudy",mixed,48.8243,0.771143,8,"[""blend"", ""forecast""]","[0.0, 0.0, 0.0, 1.0, 0.0857305, -0.99631836, 0.26215975, 1.0, 0.48824259, 0.77114337, 0.0, 0.0, 0.0, 1.0, 0.0, 0.0, 0.0, 0.0, 0.0, 0.0, 1.0, 0.0]"
2026-06-28T10:30:04.786698+00:00,2026-06-27,il,trade,live,78.0000,forecast,forecast,76.9195,77.4665,,1.0805,0.5335,,0.891950,0.946650,,0.891950,other,other,mixed,56.9609,0.640099,8,"[""blend"", ""forecast""]","[0.0, 1.0, 0.0, 0.0, 0.0857305, -0.99631836, 0.28402549, 1.0, 0.56960943, 0.64009942, 0.0, 0.0, 0.0, 0.0, 0.0, 0.0, 0.0, 0.0, 1.0, 0.0, 1.0, 0.0]"
2026-06-28T10:30:04.786698+00:00,2026-06-27,ny,trade,live,78.0000,blend,forecast,79.5708,79.0670,,1.5708,1.0670,,0.842920,0.893300,,0.842920,rain,"Rain, Partially cloudy",cloudy,66.8651,0.574477,8,"[""blend"", ""forecast""]","[1.0, 0.0, 0.0, 0.0, 0.0857305, -0.99631836, 0.36646248, 1.0, 0.66865064, 0.57447658, 0.0, 0.0, 0.0, 1.0, 0.0, 0.0, 0.0, 0.0, 0.0, 0.0, 0.0, 1.0]"
2026-06-28T10:30:04.786698+00:00,2026-06-27,tx,trade,live,95.0000,blend,blend,95.6448,96.3457,,0.6448,1.3457,,0.935520,0.865430,,0.865430,partly_cloudy,Partially cloudy,mixed,37.0181,0.523101,8,"[""blend"", ""forecast""]","[0.0, 0.0, 1.0, 0.0, 0.0857305, -0.99631836, 0.20275936, 1.0, 0.37018054, 0.52310092, 0.0, 1.0, 0.0, 0.0, 0.0, 0.0, 0.0, 0.0, 0.0, 0.0, 1.0, 0.0]"
2026-06-29T10:30:16.539473+00:00,2026-06-28,fl,trade,live,92.0000,blend,blend,90.0031,91.6484,,1.9969,0.3516,,0.800310,0.964840,,0.964840,storm,thunderstorm,mixed,55.7196,0.778118,8,"[""blend"", ""forecast""]","[0.0, 0.0, 0.0, 1.0, 0.06861474, -0.99764323, 0.015, 1.0, 0.5571957, 0.77811832, 0.0, 0.0, 0.0, 0.0, 0.0, 1.0, 0.0, 0.0, 0.0, 0.0, 1.0, 0.0]"
2026-06-29T10:30:16.539473+00:00,2026-06-28,il,trade,live,82.0000,blend,forecast,85.1994,85.8585,,3.1994,3.8585,,0.680060,0.614150,,0.680060,partly_cloudy,Partially cloudy,mixed,62.2131,0.527499,8,"[""blend"", ""forecast""]","[0.0, 1.0, 0.0, 0.0, 0.06861474, -0.99764323, 0.24002776, 1.0, 0.62213073, 0.52749934, 0.0, 1.0, 0.0, 0.0, 0.0, 0.0, 0.0, 0.0, 0.0, 0.0, 1.0, 0.0]"
2026-06-29T10:30:16.539473+00:00,2026-06-28,ny,trade,live,82.0000,forecast,forecast,80.6885,80.4884,,1.3115,1.5116,,0.868850,0.848840,,0.868850,partly_cloudy,Partially cloudy,mixed,48.1775,0.775290,8,"[""blend"", ""forecast""]","[1.0, 0.0, 0.0, 0.0, 0.06861474, -0.99764323, 0.37557495, 1.0, 0.48177486, 0.77529015, 0.0, 1.0, 0.0, 0.0, 0.0, 0.0, 0.0, 0.0, 0.0, 0.0, 1.0, 0.0]"
2026-06-29T10:30:16.539473+00:00,2026-06-28,tx,trade,live,95.0000,blend,blend,95.7132,96.4480,,0.7132,1.4480,,0.928680,0.855200,,0.855200,partly_cloudy,Partially cloudy,mixed,40.2289,0.509378,8,"[""blend"", ""forecast""]","[0.0, 0.0, 1.0, 0.0, 0.06861474, -0.99764323, 0.23434219, 1.0, 0.40228891, 0.50937786, 0.0, 1.0, 0.0, 0.0, 0.0, 0.0, 0.0, 0.0, 0.0, 0.0, 1.0, 0.0]"
2026-06-30T10:30:04.545497+00:00,2026-06-29,fl,trade,live,93.0000,forecast,forecast,90.8115,92.3399,,2.1885,0.6601,,0.781150,0.933990,,0.781150,storm,thunderstorm,mixed,52.6546,0.792417,8,"[""blend"", ""forecast""]","[0.0, 0.0, 0.0, 1.0, 0.05147875, -0.99867409, 0.015, 1.0, 0.52654602, 0.79241728, 0.0, 0.0, 0.0, 0.0, 0.0, 1.0, 0.0, 0.0, 0.0, 0.0, 1.0, 0.0]"
2026-06-30T10:30:04.545497+00:00,2026-06-29,il,trade,live,93.0000,forecast,forecast,94.3694,94.9976,,1.3694,1.9976,,0.863060,0.800240,,0.863060,other,other,sunny,34.3689,0.809070,8,"[""blend"", ""forecast""]","[0.0, 1.0, 0.0, 0.0, 0.05147875, -0.99867409, 0.27652848, 1.0, 0.34368884, 0.80906986, 0.0, 0.0, 0.0, 0.0, 0.0, 0.0, 0.0, 0.0, 1.0, 1.0, 0.0, 0.0]"
2026-06-30T10:30:04.545497+00:00,2026-06-29,ny,trade,live,88.0000,blend,blend,86.8753,86.6038,,1.1247,1.3962,,0.887530,0.860380,,0.860380,clear,Clear,sunny,21.8513,0.595569,8,"[""blend"", ""forecast""]","[1.0, 0.0, 0.0, 0.0, 0.05147875, -0.99867409, 0.21623728, 1.0, 0.21851345, 0.59556939, 1.0, 0.0, 0.0, 0.0, 0.0, 0.0, 0.0, 0.0, 0.0, 1.0, 0.0, 0.0]"
2026-06-30T10:30:04.545497+00:00,2026-06-29,tx,trade,live,97.0000,blend,forecast,96.3214,97.0375,,0.6786,0.0375,,0.932140,0.996250,,0.932140,partly_cloudy,Partially cloudy,sunny,21.6786,0.516610,8,"[""blend"", ""forecast""]","[0.0, 0.0, 1.0, 0.0, 0.05147875, -0.99867409, 0.28392766, 1.0, 0.21678583, 0.51660964, 0.0, 1.0, 0.0, 0.0, 0.0, 0.0, 0.0, 0.0, 0.0, 1.0, 0.0, 0.0]"
2026-07-01T10:30:07.112797+00:00,2026-06-30,fl,trade,live,94.0000,blend,blend,92.1272,93.5421,,1.8728,0.4579,,0.812720,0.954210,,0.954210,storm,thunderstorm,mixed,53.6815,0.719735,8,"[""blend"", ""forecast""]","[0.0, 0.0, 0.0, 1.0, 0.0343276, -0.99941063, 0.18863926, 1.0, 0.53681532, 0.71973482, 0.0, 0.0, 0.0, 0.0, 0.0, 1.0, 0.0, 0.0, 0.0, 0.0, 1.0, 0.0]"
2026-07-01T10:30:07.112797+00:00,2026-06-30,il,trade,live,94.0000,forecast,forecast,95.3765,96.0333,,1.3765,2.0333,,0.862350,0.796670,,0.862350,other,other,sunny,20.0901,0.658757,8,"[""blend"", ""forecast""]","[0.0, 1.0, 0.0, 0.0, 0.0343276, -0.99941063, 0.2961761, 1.0, 0.2009012, 0.65875739, 0.0, 0.0, 0.0, 0.0, 0.0, 0.0, 0.0, 0.0, 1.0, 1.0, 0.0, 0.0]"
2026-07-01T10:30:07.112797+00:00,2026-06-30,ny,trade,live,87.0000,blend,blend,89.6044,89.7176,,2.6044,2.7176,,0.739560,0.728240,,0.728240,partly_cloudy,Partially cloudy,sunny,30.9281,0.670634,8,"[""blend"", ""forecast""]","[1.0, 0.0, 0.0, 0.0, 0.0343276, -0.99941063, 0.21477866, 1.0, 0.30928101, 0.6706336, 0.0, 1.0, 0.0, 0.0, 0.0, 0.0, 0.0, 0.0, 0.0, 1.0, 0.0, 0.0]"
2026-07-01T10:30:07.112797+00:00,2026-06-30,tx,trade,live,96.0000,blend,forecast,94.4653,95.1869,,1.5347,0.8131,,0.846530,0.918690,,0.846530,partly_cloudy,Partially cloudy,sunny,27.6178,0.613075,8,"[""blend"", ""forecast""]","[0.0, 0.0, 1.0, 0.0, 0.0343276, -0.99941063, 0.30673266, 1.0, 0.2761782, 0.61307491, 0.0, 1.0, 0.0, 0.0, 0.0, 0.0, 0.0, 0.0, 0.0, 1.0, 0.0, 0.0]"
2026-07-02T10:30:04.583223+00:00,2026-07-01,fl,trade,live,93.0000,blend,blend,90.4734,92.1446,,2.5266,0.8554,,0.747340,0.914460,,0.914460,rain,"Rain, Partially cloudy",mixed,51.4488,0.798803,8,"[""blend"", ""forecast""]","[0.0, 0.0, 0.0, 1.0, 0.01716633, -0.99985265, 0.17, 1.0, 0.51448799, 0.79880333, 0.0, 0.0, 0.0, 1.0, 0.0, 0.0, 0.0, 0.0, 0.0, 0.0, 1.0, 0.0]"
2026-07-02T10:30:04.583223+00:00,2026-07-01,il,trade,live,94.0000,forecast,forecast,96.2199,96.9099,,2.2199,2.9099,,0.778010,0.709010,,0.778010,other,other,sunny,4.2784,0.628515,8,"[""blend"", ""forecast""]","[0.0, 1.0, 0.0, 0.0, 0.01716633, -0.99985265, 0.27900674, 1.0, 0.04278444, 0.62851505, 0.0, 0.0, 0.0, 0.0, 0.0, 0.0, 0.0, 0.0, 1.0, 1.0, 0.0, 0.0]"
2026-07-02T10:30:04.583223+00:00,2026-07-01,ny,trade,live,93.0000,blend,forecast,95.6468,95.6488,,2.6468,2.6488,,0.735320,0.735120,,0.735320,partly_cloudy,Partially cloudy,sunny,28.0410,0.651618,8,"[""blend"", ""forecast""]","[1.0, 0.0, 0.0, 0.0, 0.01716633, -0.99985265, 0.24765901, 1.0, 0.28041047, 0.65161809, 0.0, 1.0, 0.0, 0.0, 0.0, 0.0, 0.0, 0.0, 0.0, 1.0, 0.0, 0.0]"
2026-07-02T10:30:04.583223+00:00,2026-07-01,tx,trade,live,96.0000,blend,blend,95.4375,96.1875,,0.5625,0.1875,,0.943750,0.981250,,0.981250,partly_cloudy,Partially cloudy,mixed,35.1419,0.563421,8,"[""blend"", ""forecast""]","[0.0, 0.0, 1.0, 0.0, 0.01716633, -0.99985265, 0.23812367, 1.0, 0.35141936, 0.56342085, 0.0, 1.0, 0.0, 0.0, 0.0, 0.0, 0.0, 0.0, 0.0, 0.0, 1.0, 0.0]"
2026-07-03T10:30:08.393621+00:00,2026-07-02,fl,trade,live,93.0000,blend,blend,88.9892,90.6469,,4.0108,2.3531,,0.598920,0.764690,,0.764690,rain,"Rain, Partially cloudy",mixed,51.3977,0.746951,8,"[""blend"", ""forecast""]","[0.0, 0.0, 0.0, 1.0, 0.0, -1.0, 0.0, 1.0, 0.51397735, 0.7469508, 0.0, 0.0, 0.0, 1.0, 0.0, 0.0, 0.0, 0.0, 0.0, 0.0, 1.0, 0.0]"
2026-07-03T10:30:08.393621+00:00,2026-07-02,il,trade,live,95.0000,forecast,forecast,95.8527,96.5253,,0.8527,1.5253,,0.914730,0.847470,,0.914730,other,other,sunny,31.0822,0.636710,8,"[""blend"", ""forecast""]","[0.0, 1.0, 0.0, 0.0, 0.0, -1.0, 0.29236551, 1.0, 0.31082219, 0.63670972, 0.0, 0.0, 0.0, 0.0, 0.0, 0.0, 0.0, 0.0, 1.0, 1.0, 0.0, 0.0]"
2026-07-03T10:30:08.393621+00:00,2026-07-02,ny,trade,live,100.0000,blend,blend,101.6757,101.4769,,1.6757,1.4769,,0.832430,0.852310,,0.852310,clear,Clear,sunny,11.7614,0.598372,8,"[""blend"", ""forecast""]","[1.0, 0.0, 0.0, 0.0, 0.0, -1.0, 0.0, 1.0, 0.11761386, 0.59837154, 1.0, 0.0, 0.0, 0.0, 0.0, 0.0, 0.0, 0.0, 0.0, 1.0, 0.0, 0.0]"
2026-07-03T10:30:08.393621+00:00,2026-07-02,tx,trade,live,96.0000,blend,forecast,94.6973,95.4611,,1.3027,0.5389,,0.869730,0.946110,,0.869730,partly_cloudy,Partially cloudy,mixed,37.2520,0.521636,8,"[""blend"", ""forecast""]","[0.0, 0.0, 1.0, 0.0, 0.0, -1.0, 0.32013462, 1.0, 0.37251958, 0.52163648, 0.0, 1.0, 0.0, 0.0, 0.0, 0.0, 0.0, 0.0, 0.0, 0.0, 1.0, 0.0]"
2026-07-04T10:30:07.526880+00:00,2026-07-03,fl,trade,live,91.0000,blend,forecast,88.9235,90.5660,,2.0765,0.4340,,0.792350,0.956600,,0.792350,rain,"Rain, Partially cloudy",sunny,31.3330,0.552743,8,"[""blend"", ""forecast""]","[0.0, 0.0, 0.0, 1.0, -0.01716633, -0.99985265, 0.245, 1.0, 0.31333043, 0.55274296, 0.0, 0.0, 0.0, 1.0, 0.0, 0.0, 0.0, 0.0, 0.0, 1.0, 0.0, 0.0]"
2026-07-04T10:30:07.526880+00:00,2026-07-03,il,trade,live,91.0000,forecast,forecast,89.1521,89.7938,,1.8479,1.2062,,0.815210,0.879380,,0.815210,other,other,mixed,56.5800,0.690559,8,"[""blend"", ""forecast""]","[0.0, 1.0, 0.0, 0.0, -0.01716633, -0.99985265, 0.30239469, 1.0, 0.56579987, 0.69055891, 0.0, 0.0, 0.0, 0.0, 0.0, 0.0, 0.0, 0.0, 1.0, 0.0, 1.0, 0.0]"
2026-07-04T10:30:07.526880+00:00,2026-07-03,ny,trade,live,98.0000,forecast,forecast,102.8809,102.6648,,4.8809,4.6648,,0.511910,0.533520,,0.511910,clear,Clear,sunny,20.6720,0.458465,8,"[""blend"", ""forecast""]","[1.0, 0.0, 0.0, 0.0, -0.01716633, -0.99985265, 0.34595506, 1.0, 0.20671981, 0.4584646, 1.0, 0.0, 0.0, 0.0, 0.0, 0.0, 0.0, 0.0, 0.0, 1.0, 0.0, 0.0]"
2026-07-04T10:30:07.526880+00:00,2026-07-03,tx,trade,live,98.0000,blend,forecast,95.7570,96.5511,,2.2430,1.4489,,0.775700,0.855110,,0.775700,partly_cloudy,Partially cloudy,sunny,31.1206,0.588272,8,"[""blend"", ""forecast""]","[0.0, 0.0, 1.0, 0.0, -0.01716633, -0.99985265, 0.27715159, 1.0, 0.31120623, 0.58827204, 0.0, 1.0, 0.0, 0.0, 0.0, 0.0, 0.0, 0.0, 0.0, 1.0, 0.0, 0.0]"
2026-07-05T10:30:10.426980+00:00,2026-07-04,fl,trade,live,93.0000,blend,blend,90.8624,91.8301,,2.1376,1.1699,,0.786240,0.883010,,0.883010,partly_cloudy,Partially cloudy,sunny,31.8592,0.532782,8,"[""blend"", ""forecast""]","[0.0, 0.0, 0.0, 1.0, -0.0343276, -0.99941063, 0.1846221, 1.0, 0.3185922, 0.53278222, 0.0, 1.0, 0.0, 0.0, 0.0, 0.0, 0.0, 0.0, 0.0, 1.0, 0.0, 0.0]"
2026-07-05T10:30:10.426980+00:00,2026-07-04,il,trade,live,85.0000,blend,blend,82.8409,83.3942,,2.1591,1.6058,,0.784090,0.839420,,0.839420,rain,rain showers,cloudy,76.1497,0.593339,8,"[""blend"", ""forecast""]","[0.0, 1.0, 0.0, 0.0, -0.0343276, -0.99941063, 0.086, 1.0, 0.76149706, 0.59333947, 0.0, 0.0, 0.0, 1.0, 0.0, 0.0, 0.0, 0.0, 0.0, 0.0, 0.0, 1.0]"
2026-07-05T10:30:10.426980+00:00,2026-07-04,ny,trade,live,94.0000,blend,blend,97.0713,96.6106,,3.0713,2.6106,,0.692870,0.738940,,0.738940,rain,"Rain, Partially cloudy",sunny,30.6127,0.278532,7,"[""blend"", ""forecast""]","[1.0, 0.0, 0.0, 0.0, -0.0343276, -0.99941063, 0.16643423, 0.875, 0.30612727, 0.27853213, 0.0, 0.0, 0.0, 1.0, 0.0, 0.0, 0.0, 0.0, 0.0, 1.0, 0.0, 0.0]"
2026-07-05T10:30:10.426980+00:00,2026-07-04,tx,trade,live,97.0000,blend,forecast,96.0352,96.8359,,0.9648,0.1641,,0.903520,0.983590,,0.903520,partly_cloudy,Partially cloudy,mixed,37.6972,0.332973,8,"[""blend"", ""forecast""]","[0.0, 0.0, 1.0, 0.0, -0.0343276, -0.99941063, 0.32823969, 1.0, 0.37697164, 0.33297343, 0.0, 1.0, 0.0, 0.0, 0.0, 0.0, 0.0, 0.0, 0.0, 0.0, 1.0, 0.0]"
2026-07-06T10:30:08.985709+00:00,2026-07-05,fl,trade,live,94.0000,blend,forecast,92.1035,93.1184,,1.8965,0.8816,,0.810350,0.911840,,0.810350,partly_cloudy,Partially cloudy,mixed,36.1454,0.633269,8,"[""blend"", ""forecast""]","[0.0, 0.0, 0.0, 1.0, -0.05147875, -0.99867409, 0.25567257, 1.0, 0.36145392, 0.63326919, 0.0, 1.0, 0.0, 0.0, 0.0, 0.0, 0.0, 0.0, 0.0, 0.0, 1.0, 0.0]"
2026-07-06T10:30:08.985709+00:00,2026-07-05,il,trade,live,77.0000,blend,blend,73.5790,74.2373,,3.4210,2.7627,,0.657900,0.723730,,0.723730,other,other,mixed,56.4449,0.626810,8,"[""blend"", ""forecast""]","[0.0, 1.0, 0.0, 0.0, -0.05147875, -0.99867409, 0.19805072, 1.0, 0.56444949, 0.62681036, 0.0, 0.0, 0.0, 0.0, 0.0, 0.0, 0.0, 0.0, 1.0, 0.0, 1.0, 0.0]"
2026-07-06T10:30:08.985709+00:00,2026-07-05,ny,trade,live,81.0000,blend,blend,83.3248,82.8109,,2.3248,1.8109,,0.767520,0.818910,,0.818910,rain,"Rain, Partially cloudy",cloudy,66.9246,0.305900,7,"[""blend"", ""forecast""]","[1.0, 0.0, 0.0, 0.0, -0.05147875, -0.99867409, 0.0, 0.875, 0.66924612, 0.30589967, 0.0, 0.0, 0.0, 1.0, 0.0, 0.0, 0.0, 0.0, 0.0, 0.0, 0.0, 1.0]"
2026-07-06T10:30:08.985709+00:00,2026-07-05,tx,trade,live,96.0000,blend,forecast,97.0399,97.8178,,1.0399,1.8178,,0.896010,0.818220,,0.896010,partly_cloudy,Partially cloudy,mixed,48.4408,0.414407,8,"[""blend"", ""forecast""]","[0.0, 0.0, 1.0, 0.0, -0.05147875, -0.99867409, 0.32800659, 1.0, 0.48440815, 0.41440714, 0.0, 1.0, 0.0, 0.0, 0.0, 0.0, 0.0, 0.0, 0.0, 0.0, 1.0, 0.0]"
2026-07-07T10:30:08.305173+00:00,2026-07-06,fl,trade,live,93.0000,blend,forecast,90.1583,91.5449,,2.8417,1.4551,,0.715830,0.854490,,0.715830,rain,"Rain, Partially cloudy",mixed,37.8428,0.679465,8,"[""blend"", ""forecast""]","[0.0, 0.0, 0.0, 1.0, -0.06861474, -0.99764323, 0.24, 1.0, 0.37842846, 0.67946458, 0.0, 0.0, 0.0, 1.0, 0.0, 0.0, 0.0, 0.0, 0.0, 0.0, 1.0, 0.0]"
2026-07-07T10:30:08.305173+00:00,2026-07-06,il,trade,live,80.0000,blend,blend,76.5010,77.2391,,3.4990,2.7609,,0.650100,0.723910,,0.723910,clear,Clear starting in the afternoon.,sunny,20.5091,0.896667,8,"[""blend"", ""forecast""]","[0.0, 1.0, 0.0, 0.0, -0.06861474, -0.99764323, 0.18894809, 1.0, 0.20509121, 0.89666681, 1.0, 0.0, 0.0, 0.0, 0.0, 0.0, 0.0, 0.0, 0.0, 1.0, 0.0, 0.0]"
2026-07-07T10:30:08.305173+00:00,2026-07-06,ny,trade,live,69.0000,blend,blend,71.9964,71.5746,,2.9964,2.5746,,0.700360,0.742540,,0.742540,rain,"Rain, Overcast",cloudy,91.7699,0.361395,7,"[""blend"", ""forecast""]","[1.0, 0.0, 0.0, 0.0, -0.06861474, -0.99764323, 0.0, 0.875, 0.91769929, 0.36139486, 0.0, 0.0, 0.0, 1.0, 0.0, 0.0, 0.0, 0.0, 0.0, 0.0, 0.0, 1.0]"
2026-07-07T10:30:08.305173+00:00,2026-07-06,tx,trade,live,98.0000,blend,forecast,95.9535,96.7439,,2.0465,1.2561,,0.795350,0.874390,,0.795350,partly_cloudy,Partially cloudy,mixed,37.3572,0.437848,8,"[""blend"", ""forecast""]","[0.0, 0.0, 1.0, 0.0, -0.06861474, -0.99764323, 0.31232605, 1.0, 0.37357225, 0.43784791, 0.0, 1.0, 0.0, 0.0, 0.0, 0.0, 0.0, 0.0, 0.0, 0.0, 1.0, 0.0]"
2026-07-08T10:30:07.760904+00:00,2026-07-07,fl,trade,live,93.0000,blend,blend,91.4577,92.6421,,1.5423,0.3579,,0.845770,0.964210,,0.964210,clear,Sunny,sunny,24.9358,0.739120,8,"[""blend"", ""forecast""]","[0.0, 0.0, 0.0, 1.0, -0.0857305, -0.99631836, 0.20538459, 1.0, 0.24935836, 0.73912013, 1.0, 0.0, 0.0, 0.0, 0.0, 0.0, 0.0, 0.0, 0.0, 1.0, 0.0, 0.0]"
2026-07-08T10:30:07.760904+00:00,2026-07-07,il,trade,live,84.0000,blend,blend,82.3436,83.1164,,1.6564,0.8836,,0.834360,0.911640,,0.911640,clear,"Clear until evening, returning overnight.",sunny,12.8004,0.823132,8,"[""blend"", ""forecast""]","[0.0, 1.0, 0.0, 0.0, -0.0857305, -0.99631836, 0.17281865, 1.0, 0.12800379, 0.82313188, 1.0, 0.0, 0.0, 0.0, 0.0, 0.0, 0.0, 0.0, 0.0, 1.0, 0.0, 0.0]"
2026-07-08T10:30:07.760904+00:00,2026-07-07,ny,trade,live,70.0000,blend,blend,70.0351,69.3706,,0.0351,0.6294,,0.996490,0.937060,,0.937060,rain,"Rain, Overcast",cloudy,85.6156,0.633635,8,"[""blend"", ""forecast""]","[1.0, 0.0, 0.0, 0.0, -0.0857305, -0.99631836, 0.0, 1.0, 0.85615593, 0.63363462, 0.0, 0.0, 0.0, 1.0, 0.0, 0.0, 0.0, 0.0, 0.0, 0.0, 0.0, 1.0]"
2026-07-08T10:30:07.760904+00:00,2026-07-07,tx,trade,live,98.0000,blend,forecast,95.7650,96.5554,,2.2350,1.4446,,0.776500,0.855540,,0.776500,partly_cloudy,Partially cloudy,sunny,32.4230,0.603867,8,"[""blend"", ""forecast""]","[0.0, 0.0, 1.0, 0.0, -0.0857305, -0.99631836, 0.37674773, 1.0, 0.32423013, 0.60386716, 0.0, 1.0, 0.0, 0.0, 0.0, 0.0, 0.0, 0.0, 0.0, 1.0, 0.0, 0.0]"
2026-07-09T10:30:05.288817+00:00,2026-07-08,fl,trade,live,92.0000,blend,blend,93.1346,94.2750,,1.1346,2.2750,,0.886540,0.772500,,0.772500,clear,Sunny,sunny,18.4842,0.691132,8,"[""blend"", ""forecast""]","[0.0, 0.0, 0.0, 1.0, -0.102821, -0.99469988, 0.20822958, 1.0, 0.18484163, 0.69113234, 1.0, 0.0, 0.0, 0.0, 0.0, 0.0, 0.0, 0.0, 0.0, 1.0, 0.0, 0.0]"
2026-07-09T10:30:05.288817+00:00,2026-07-08,il,trade,live,89.0000,blend,blend,89.1774,89.9156,,0.1774,0.9156,,0.982260,0.908440,,0.908440,clear,Clear until night.,sunny,15.6851,0.743405,8,"[""blend"", ""forecast""]","[0.0, 1.0, 0.0, 0.0, -0.102821, -0.99469988, 0.22112879, 1.0, 0.1568509, 0.743405, 1.0, 0.0, 0.0, 0.0, 0.0, 0.0, 0.0, 0.0, 0.0, 1.0, 0.0, 0.0]"
2026-07-09T10:30:05.288817+00:00,2026-07-08,ny,trade,live,85.0000,blend,forecast,83.7075,83.5078,,1.2925,1.4922,,0.870750,0.850780,,0.870750,clear,Clear,sunny,10.6506,0.858981,7,"[""blend"", ""forecast""]","[1.0, 0.0, 0.0, 0.0, -0.102821, -0.99469988, 0.31812518, 0.875, 0.10650627, 0.85898129, 1.0, 0.0, 0.0, 0.0, 0.0, 0.0, 0.0, 0.0, 0.0, 1.0, 0.0, 0.0]"
2026-07-09T10:30:05.288817+00:00,2026-07-08,tx,trade,live,99.0000,blend,forecast,97.0843,97.8928,,1.9157,1.1072,,0.808430,0.889280,,0.808430,partly_cloudy,Partially cloudy,sunny,20.9002,0.473909,8,"[""blend"", ""forecast""]","[0.0, 0.0, 1.0, 0.0, -0.102821, -0.99469988, 0.34578508, 1.0, 0.20900189, 0.47390939, 0.0, 1.0, 0.0, 0.0, 0.0, 0.0, 0.0, 0.0, 0.0, 1.0, 0.0, 0.0]"
2026-07-10T10:30:06.659106+00:00,2026-07-09,fl,trade,live,92.0000,blend,blend,91.1472,92.1888,,0.8528,0.1888,,0.914720,0.981120,,0.981120,clear,Sunny,sunny,19.6148,0.458074,8,"[""blend"", ""forecast""]","[0.0, 0.0, 0.0, 1.0, -0.11988119, -0.99278825, 0.05, 1.0, 0.19614806, 0.45807428, 1.0, 0.0, 0.0, 0.0, 0.0, 0.0, 0.0, 0.0, 0.0, 1.0, 0.0, 0.0]"
2026-07-10T10:30:06.659106+00:00,2026-07-09,il,trade,live,87.0000,forecast,forecast,85.5101,86.0358,,1.4899,0.9642,,0.851010,0.903580,,0.851010,rain,Rain starting in the evening.,mixed,49.6390,0.596273,8,"[""blend"", ""forecast""]","[0.0, 1.0, 0.0, 0.0, -0.11988119, -0.99278825, 0.31949559, 1.0, 0.49639016, 0.59627278, 0.0, 0.0, 0.0, 1.0, 0.0, 0.0, 0.0, 0.0, 0.0, 0.0, 1.0, 0.0]"
2026-07-10T10:30:06.659106+00:00,2026-07-09,ny,trade,live,82.0000,blend,blend,84.2078,83.7014,,2.2078,1.7014,,0.779220,0.829860,,0.829860,rain,"Rain, Partially cloudy",mixed,45.2975,0.461128,8,"[""blend"", ""forecast""]","[1.0, 0.0, 0.0, 0.0, -0.11988119, -0.99278825, 0.1803912, 1.0, 0.45297546, 0.46112785, 0.0, 0.0, 0.0, 1.0, 0.0, 0.0, 0.0, 0.0, 0.0, 0.0, 1.0, 0.0]"
2026-07-10T10:30:06.659106+00:00,2026-07-09,tx,trade,live,98.0000,blend,blend,98.2326,99.1680,,0.2326,1.1680,,0.976740,0.883200,,0.883200,clear,Clear,sunny,11.3805,0.600091,8,"[""blend"", ""forecast""]","[0.0, 0.0, 1.0, 0.0, -0.11988119, -0.99278825, 0.24336865, 1.0, 0.11380507, 0.60009122, 1.0, 0.0, 0.0, 0.0, 0.0, 0.0, 0.0, 0.0, 0.0, 1.0, 0.0, 0.0]"
2026-07-11T10:30:06.201604+00:00,2026-07-10,fl,trade,live,93.0000,blend,blend,91.3673,91.5277,,1.6327,1.4723,,0.836730,0.852770,,0.852770,clear,Sunny,sunny,27.0000,0.665955,8,"[""blend"", ""forecast""]","[0.0, 0.0, 0.0, 1.0, -0.13690606, -0.99058404, 0.04, 1.0, 0.26999954, 0.66595501, 1.0, 0.0, 0.0, 0.0, 0.0, 0.0, 0.0, 0.0, 0.0, 1.0, 0.0, 0.0]"
2026-07-11T10:30:06.201604+00:00,2026-07-10,il,trade,live,82.0000,blend,forecast,80.9478,81.7002,,1.0522,0.2998,,0.894780,0.970020,,0.894780,partly_cloudy,Partly cloudy until evening.,mixed,44.4665,0.521205,8,"[""blend"", ""forecast""]","[0.0, 1.0, 0.0, 0.0, -0.13690606, -0.99058404, 0.30761207, 1.0, 0.44466485, 0.52120464, 0.0, 1.0, 0.0, 0.0, 0.0, 0.0, 0.0, 0.0, 0.0, 0.0, 1.0, 0.0]"
2026-07-11T10:30:06.201604+00:00,2026-07-10,ny,trade,live,85.0000,blend,forecast,87.2445,87.3200,,2.2445,2.3200,,0.775550,0.768000,,0.775550,partly_cloudy,Partially cloudy,mixed,52.6790,0.532483,8,"[""blend"", ""forecast""]","[1.0, 0.0, 0.0, 0.0, -0.13690606, -0.99058404, 0.36277395, 1.0, 0.5267898, 0.53248311, 0.0, 1.0, 0.0, 0.0, 0.0, 0.0, 0.0, 0.0, 0.0, 0.0, 1.0, 0.0]"
2026-07-11T10:30:06.201604+00:00,2026-07-10,tx,trade,live,95.0000,blend,forecast,92.8508,93.6796,,2.1492,1.3204,,0.785080,0.867960,,0.785080,partly_cloudy,Partially cloudy,sunny,25.9769,0.523182,8,"[""blend"", ""forecast""]","[0.0, 0.0, 1.0, 0.0, -0.13690606, -0.99058404, 0.31246178, 1.0, 0.25976854, 0.52318174, 0.0, 1.0, 0.0, 0.0, 0.0, 0.0, 0.0, 0.0, 0.0, 1.0, 0.0, 0.0]"
2026-07-28T10:30:09.138061+00:00,2026-07-27,fl,trade,live,92.0000,blend,blend,89.3509,90.4885,,2.6491,1.5115,,0.735090,0.848850,,0.848850,partly_cloudy,Partially cloudy,mixed,43.2490,0.570084,8,"[""blend"", ""forecast""]","[0.0, 0.0, 0.0, 1.0, -0.4161247, -0.90930756, 0.19004674, 1.0, 0.43249048, 0.5700843, 0.0, 1.0, 0.0, 0.0, 0.0, 0.0, 0.0, 0.0, 0.0, 0.0, 1.0, 0.0]"
2026-07-28T10:30:09.138061+00:00,2026-07-27,il,trade,live,88.0000,blend,blend,88.3644,88.9538,,0.3644,0.9538,,0.963560,0.904620,,0.904620,partly_cloudy,Partially cloudy,mixed,61.8544,0.749553,8,"[""blend"", ""forecast""]","[0.0, 1.0, 0.0, 0.0, -0.4161247, -0.90930756, 0.276, 1.0, 0.61854405, 0.74955265, 0.0, 1.0, 0.0, 0.0, 0.0, 0.0, 0.0, 0.0, 0.0, 0.0, 1.0, 0.0]"
2026-07-28T10:30:09.138061+00:00,2026-07-27,ny,trade,live,83.0000,blend,blend,83.6921,83.4578,,0.6921,0.4578,,0.930790,0.954220,,0.954220,rain,Possible light rain from afternoon until night.,sunny,30.1101,0.727921,8,"[""blend"", ""forecast""]","[1.0, 0.0, 0.0, 0.0, -0.4161247, -0.90930756, 0.07879227, 1.0, 0.30110103, 0.72792096, 0.0, 0.0, 0.0, 1.0, 0.0, 0.0, 0.0, 0.0, 0.0, 1.0, 0.0, 0.0]"
2026-07-28T10:30:09.138061+00:00,2026-07-27,tx,trade,live,98.0000,blend,blend,97.5926,98.6208,,0.4074,0.6208,,0.959260,0.937920,,0.937920,clear,Clear,sunny,10.1982,0.628863,8,"[""blend"", ""forecast""]","[0.0, 0.0, 1.0, 0.0, -0.4161247, -0.90930756, 0.0375, 1.0, 0.10198223, 0.62886347, 1.0, 0.0, 0.0, 0.0, 0.0, 0.0, 0.0, 0.0, 0.0, 1.0, 0.0, 0.0]"
