run_ts,trade_date,city,metric_type,source_name,value
2026-01-25T03:15:03.580000-05:00,2026-01-24,il,mae_f,consensus,0.5231
2026-01-25T03:15:03.580000-05:00,2026-01-24,il,rmse_f,consensus,0.5252
2026-01-25T03:15:03.580000-05:00,2026-01-24,il,mae_f,open-meteo,1.0167
2026-01-25T03:15:03.580000-05:00,2026-01-24,il,rmse_f,open-meteo,1.0239
2026-01-25T03:15:03.580000-05:00,2026-01-24,il,mae_f,visual-crossing,0.0000
2026-01-25T03:15:03.580000-05:00,2026-01-24,il,rmse_f,visual-crossing,0.0000
2026-01-25T03:15:03.580000-05:00,2026-01-24,il,mae_f,tomorrow,0.9800
2026-01-25T03:15:03.580000-05:00,2026-01-24,il,rmse_f,tomorrow,0.9910
2026-01-25T03:15:03.580000-05:00,2026-01-24,il,mae_f,weatherapi,5.0000
2026-01-25T03:15:03.580000-05:00,2026-01-24,il,rmse_f,weatherapi,5.0000
2026-01-25T03:15:03.580000-05:00,2026-01-24,il,mae_f,lstm,8.0007
2026-01-25T03:15:03.580000-05:00,2026-01-24,il,rmse_f,lstm,8.0016
2026-01-25T03:15:03.580000-05:00,2026-01-24,il,bucket_hit_rate,trade,0.8333
2026-01-25T03:15:03.580000-05:00,2026-01-24,il,realized_pnl_dollars,trade,21.68
2026-01-25T03:15:03.593948-05:00,2026-01-24,il,mae_f,consensus,0.5231
2026-01-25T03:15:03.593948-05:00,2026-01-24,il,rmse_f,consensus,0.5252
2026-01-25T03:15:03.593948-05:00,2026-01-24,il,mae_f,open-meteo,1.0167
2026-01-25T03:15:03.593948-05:00,2026-01-24,il,rmse_f,open-meteo,1.0239
2026-01-25T03:15:03.593948-05:00,2026-01-24,il,mae_f,visual-crossing,0.0000
2026-01-25T03:15:03.593948-05:00,2026-01-24,il,rmse_f,visual-crossing,0.0000
2026-01-25T03:15:03.593948-05:00,2026-01-24,il,mae_f,tomorrow,0.9800
2026-01-25T03:15:03.593948-05:00,2026-01-24,il,rmse_f,tomorrow,0.9910
2026-01-25T03:15:03.593948-05:00,2026-01-24,il,mae_f,weatherapi,5.0000
2026-01-25T03:15:03.593948-05:00,2026-01-24,il,rmse_f,weatherapi,5.0000
2026-01-25T03:15:03.593948-05:00,2026-01-24,il,mae_f,lstm,8.0007
2026-01-25T03:15:03.593948-05:00,2026-01-24,il,rmse_f,lstm,8.0016
2026-01-25T03:15:03.593948-05:00,2026-01-24,il,bucket_hit_rate,trade,0.8333
2026-01-25T03:15:03.593948-05:00,2026-01-24,il,realized_pnl_dollars,trade,21.68
2026-01-25T10:13:17.469329-05:00,2026-01-24,fl,mae_f,consensus,6.1713
2026-01-25T10:13:17.469329-05:00,2026-01-24,fl,rmse_f,consensus,6.2644
2026-01-25T10:13:17.469329-05:00,2026-01-24,fl,mae_f,open-meteo,6.4333
2026-01-25T10:13:17.469329-05:00,2026-01-24,fl,rmse_f,open-meteo,6.4548
2026-01-25T10:13:17.469329-05:00,2026-01-24,fl,mae_f,visual-crossing,5.0750
2026-01-25T10:13:17.469329-05:00,2026-01-24,fl,rmse_f,visual-crossing,5.2734
2026-01-25T10:13:17.469329-05:00,2026-01-24,fl,mae_f,tomorrow,6.1994
2026-01-25T10:13:17.469329-05:00,2026-01-24,fl,rmse_f,tomorrow,6.2064
2026-01-25T10:13:17.469329-05:00,2026-01-24,fl,mae_f,weatherapi,7.6500
2026-01-25T10:13:17.469329-05:00,2026-01-24,fl,rmse_f,weatherapi,7.9111
2026-01-25T10:13:17.469329-05:00,2026-01-24,fl,mae_f,lstm,5.5239
2026-01-25T10:13:17.469329-05:00,2026-01-24,fl,rmse_f,lstm,5.5365
2026-01-25T10:13:17.469329-05:00,2026-01-24,il,mae_f,consensus,0.5231
2026-01-25T10:13:17.469329-05:00,2026-01-24,il,rmse_f,consensus,0.5252
2026-01-25T10:13:17.469329-05:00,2026-01-24,il,mae_f,open-meteo,1.0167
2026-01-25T10:13:17.469329-05:00,2026-01-24,il,rmse_f,open-meteo,1.0239
2026-01-25T10:13:17.469329-05:00,2026-01-24,il,mae_f,visual-crossing,0.0000
2026-01-25T10:13:17.469329-05:00,2026-01-24,il,rmse_f,visual-crossing,0.0000
2026-01-25T10:13:17.469329-05:00,2026-01-24,il,mae_f,tomorrow,0.9800
2026-01-25T10:13:17.469329-05:00,2026-01-24,il,rmse_f,tomorrow,0.9910
2026-01-25T10:13:17.469329-05:00,2026-01-24,il,mae_f,weatherapi,5.0000
2026-01-25T10:13:17.469329-05:00,2026-01-24,il,rmse_f,weatherapi,5.0000
2026-01-25T10:13:17.469329-05:00,2026-01-24,il,mae_f,lstm,8.0007
2026-01-25T10:13:17.469329-05:00,2026-01-24,il,rmse_f,lstm,8.0016
2026-01-25T10:13:17.469329-05:00,2026-01-24,fl,bucket_hit_rate,trade,0.0000
2026-01-25T10:13:17.469329-05:00,2026-01-24,il,bucket_hit_rate,trade,0.8333
2026-01-25T10:13:17.469329-05:00,2026-01-24,fl,realized_pnl_dollars,trade,-7.29
2026-01-25T10:13:17.469329-05:00,2026-01-24,il,realized_pnl_dollars,trade,21.68
2026-01-26T03:15:10.748595-05:00,2026-01-25,tx,mae_f,consensus,0.3487
2026-01-26T03:15:10.748595-05:00,2026-01-25,tx,rmse_f,consensus,0.3804
2026-01-26T03:15:10.748595-05:00,2026-01-25,tx,mae_f,open-meteo,0.6400
2026-01-26T03:15:10.748595-05:00,2026-01-25,tx,rmse_f,open-meteo,0.6899
2026-01-26T03:15:10.748595-05:00,2026-01-25,tx,mae_f,visual-crossing,1.1000
2026-01-26T03:15:10.748595-05:00,2026-01-25,tx,rmse_f,visual-crossing,1.1000
2026-01-26T03:15:10.748595-05:00,2026-01-25,tx,mae_f,tomorrow,2.0900
2026-01-26T03:15:10.748595-05:00,2026-01-25,tx,rmse_f,tomorrow,2.0900
2026-01-26T03:15:10.748595-05:00,2026-01-25,tx,mae_f,weatherapi,3.0000
2026-01-26T03:15:10.748595-05:00,2026-01-25,tx,rmse_f,weatherapi,3.0000
2026-01-26T03:15:10.748595-05:00,2026-01-25,tx,mae_f,lstm,35.9943
2026-01-26T03:15:10.748595-05:00,2026-01-25,tx,rmse_f,lstm,36.2520
2026-01-26T03:15:10.748595-05:00,2026-01-25,il,mae_f,consensus,1.0915
2026-01-26T03:15:10.748595-05:00,2026-01-25,il,rmse_f,consensus,1.1658
2026-01-26T03:15:10.748595-05:00,2026-01-25,il,mae_f,open-meteo,1.0600
2026-01-26T03:15:10.748595-05:00,2026-01-25,il,rmse_f,open-meteo,1.1942
2026-01-26T03:15:10.748595-05:00,2026-01-25,il,mae_f,visual-crossing,1.6000
2026-01-26T03:15:10.748595-05:00,2026-01-25,il,rmse_f,visual-crossing,1.6733
2026-01-26T03:15:10.748595-05:00,2026-01-25,il,mae_f,tomorrow,0.5840
2026-01-26T03:15:10.748595-05:00,2026-01-25,il,rmse_f,tomorrow,0.7170
2026-01-26T03:15:10.748595-05:00,2026-01-25,il,mae_f,weatherapi,0.8800
2026-01-26T03:15:10.748595-05:00,2026-01-25,il,rmse_f,weatherapi,1.0257
2026-01-26T03:15:10.748595-05:00,2026-01-25,il,mae_f,lstm,2.1337
2026-01-26T03:15:10.748595-05:00,2026-01-25,il,rmse_f,lstm,2.1419
2026-01-26T03:15:10.748595-05:00,2026-01-25,tx,bucket_hit_rate,trade,1.0000
2026-01-26T03:15:10.748595-05:00,2026-01-25,il,bucket_hit_rate,trade,0.6000
2026-01-26T03:15:10.748595-05:00,2026-01-25,tx,realized_pnl_dollars,trade,105.75
2026-01-26T03:15:10.748595-05:00,2026-01-25,il,realized_pnl_dollars,trade,30.72
2026-01-26T03:15:28.416492-05:00,2026-01-25,tx,mae_f,consensus,0.3487
2026-01-26T03:15:28.416492-05:00,2026-01-25,tx,rmse_f,consensus,0.3804
2026-01-26T03:15:28.416492-05:00,2026-01-25,tx,mae_f,open-meteo,0.6400
2026-01-26T03:15:28.416492-05:00,2026-01-25,tx,rmse_f,open-meteo,0.6899
2026-01-26T03:15:28.416492-05:00,2026-01-25,tx,mae_f,visual-crossing,1.1000
2026-01-26T03:15:28.416492-05:00,2026-01-25,tx,rmse_f,visual-crossing,1.1000
2026-01-26T03:15:28.416492-05:00,2026-01-25,tx,mae_f,tomorrow,2.0900
2026-01-26T03:15:28.416492-05:00,2026-01-25,tx,rmse_f,tomorrow,2.0900
2026-01-26T03:15:28.416492-05:00,2026-01-25,tx,mae_f,weatherapi,3.0000
2026-01-26T03:15:28.416492-05:00,2026-01-25,tx,rmse_f,weatherapi,3.0000
2026-01-26T03:15:28.416492-05:00,2026-01-25,tx,mae_f,lstm,35.9943
2026-01-26T03:15:28.416492-05:00,2026-01-25,tx,rmse_f,lstm,36.2520
2026-01-26T03:15:28.416492-05:00,2026-01-25,il,mae_f,consensus,1.0915
2026-01-26T03:15:28.416492-05:00,2026-01-25,il,rmse_f,consensus,1.1658
2026-01-26T03:15:28.416492-05:00,2026-01-25,il,mae_f,open-meteo,1.0600
2026-01-26T03:15:28.416492-05:00,2026-01-25,il,rmse_f,open-meteo,1.1942
2026-01-26T03:15:28.416492-05:00,2026-01-25,il,mae_f,visual-crossing,1.6000
2026-01-26T03:15:28.416492-05:00,2026-01-25,il,rmse_f,visual-crossing,1.6733
2026-01-26T03:15:28.416492-05:00,2026-01-25,il,mae_f,tomorrow,0.5840
2026-01-26T03:15:28.416492-05:00,2026-01-25,il,rmse_f,tomorrow,0.7170
2026-01-26T03:15:28.416492-05:00,2026-01-25,il,mae_f,weatherapi,0.8800
2026-01-26T03:15:28.416492-05:00,2026-01-25,il,rmse_f,weatherapi,1.0257
2026-01-26T03:15:28.416492-05:00,2026-01-25,il,mae_f,lstm,2.1337
2026-01-26T03:15:28.416492-05:00,2026-01-25,il,rmse_f,lstm,2.1419
2026-01-26T03:15:28.416492-05:00,2026-01-25,tx,bucket_hit_rate,trade,1.0000
2026-01-26T03:15:28.416492-05:00,2026-01-25,il,bucket_hit_rate,trade,0.6000
2026-01-26T03:15:28.416492-05:00,2026-01-25,tx,realized_pnl_dollars,trade,105.75
2026-01-26T03:15:28.416492-05:00,2026-01-25,il,realized_pnl_dollars,trade,30.72
2026-01-26T07:15:03.292817-05:00,2026-01-25,tx,mae_f,consensus,0.3487
2026-01-26T07:15:03.292817-05:00,2026-01-25,tx,rmse_f,consensus,0.3804
2026-01-26T07:15:03.292817-05:00,2026-01-25,tx,mae_f,open-meteo,0.6400
2026-01-26T07:15:03.292817-05:00,2026-01-25,tx,rmse_f,open-meteo,0.6899
2026-01-26T07:15:03.292817-05:00,2026-01-25,tx,mae_f,visual-crossing,1.1000
2026-01-26T07:15:03.292817-05:00,2026-01-25,tx,rmse_f,visual-crossing,1.1000
2026-01-26T07:15:03.292817-05:00,2026-01-25,tx,mae_f,tomorrow,2.0900
2026-01-26T07:15:03.292817-05:00,2026-01-25,tx,rmse_f,tomorrow,2.0900
2026-01-26T07:15:03.292817-05:00,2026-01-25,tx,mae_f,weatherapi,3.0000
2026-01-26T07:15:03.292817-05:00,2026-01-25,tx,rmse_f,weatherapi,3.0000
2026-01-26T07:15:03.292817-05:00,2026-01-25,tx,mae_f,lstm,35.9943
2026-01-26T07:15:03.292817-05:00,2026-01-25,tx,rmse_f,lstm,36.2520
2026-01-26T07:15:03.292817-05:00,2026-01-25,fl,mae_f,consensus,4.7706
2026-01-26T07:15:03.292817-05:00,2026-01-25,fl,rmse_f,consensus,4.8153
2026-01-26T07:15:03.292817-05:00,2026-01-25,fl,mae_f,open-meteo,5.3333
2026-01-26T07:15:03.292817-05:00,2026-01-25,fl,rmse_f,open-meteo,5.3360
2026-01-26T07:15:03.292817-05:00,2026-01-25,fl,mae_f,visual-crossing,3.4500
2026-01-26T07:15:03.292817-05:00,2026-01-25,fl,rmse_f,visual-crossing,3.4936
2026-01-26T07:15:03.292817-05:00,2026-01-25,fl,mae_f,tomorrow,5.2433
2026-01-26T07:15:03.292817-05:00,2026-01-25,fl,rmse_f,tomorrow,5.2484
2026-01-26T07:15:03.292817-05:00,2026-01-25,fl,mae_f,weatherapi,8.2333
2026-01-26T07:15:03.292817-05:00,2026-01-25,fl,rmse_f,weatherapi,8.3624
2026-01-26T07:15:03.292817-05:00,2026-01-25,fl,mae_f,lstm,5.1913
2026-01-26T07:15:03.292817-05:00,2026-01-25,fl,rmse_f,lstm,5.1913
2026-01-26T07:15:03.292817-05:00,2026-01-25,il,mae_f,consensus,1.0915
2026-01-26T07:15:03.292817-05:00,2026-01-25,il,rmse_f,consensus,1.1658
2026-01-26T07:15:03.292817-05:00,2026-01-25,il,mae_f,open-meteo,1.0600
2026-01-26T07:15:03.292817-05:00,2026-01-25,il,rmse_f,open-meteo,1.1942
2026-01-26T07:15:03.292817-05:00,2026-01-25,il,mae_f,visual-crossing,1.6000
2026-01-26T07:15:03.292817-05:00,2026-01-25,il,rmse_f,visual-crossing,1.6733
2026-01-26T07:15:03.292817-05:00,2026-01-25,il,mae_f,tomorrow,0.5840
2026-01-26T07:15:03.292817-05:00,2026-01-25,il,rmse_f,tomorrow,0.7170
2026-01-26T07:15:03.292817-05:00,2026-01-25,il,mae_f,weatherapi,0.8800
2026-01-26T07:15:03.292817-05:00,2026-01-25,il,rmse_f,weatherapi,1.0257
2026-01-26T07:15:03.292817-05:00,2026-01-25,il,mae_f,lstm,2.1337
2026-01-26T07:15:03.292817-05:00,2026-01-25,il,rmse_f,lstm,2.1419
2026-01-26T07:15:03.292817-05:00,2026-01-25,tx,bucket_hit_rate,trade,1.0000
2026-01-26T07:15:03.292817-05:00,2026-01-25,fl,bucket_hit_rate,trade,0.0000
2026-01-26T07:15:03.292817-05:00,2026-01-25,il,bucket_hit_rate,trade,0.6000
2026-01-26T07:15:03.292817-05:00,2026-01-25,tx,realized_pnl_dollars,trade,105.75
2026-01-26T07:15:03.292817-05:00,2026-01-25,fl,realized_pnl_dollars,trade,-18.21
2026-01-26T07:15:03.292817-05:00,2026-01-25,il,realized_pnl_dollars,trade,30.72
2026-01-27T03:15:12.931492-05:00,2026-01-26,ny,mae_f,consensus,0.8820
2026-01-27T03:15:12.931492-05:00,2026-01-26,ny,rmse_f,consensus,0.9676
2026-01-27T03:15:12.931492-05:00,2026-01-26,ny,mae_f,open-meteo,1.2571
2026-01-27T03:15:12.931492-05:00,2026-01-26,ny,rmse_f,open-meteo,1.4619
2026-01-27T03:15:12.931492-05:00,2026-01-26,ny,mae_f,visual-crossing,2.6429
2026-01-27T03:15:12.931492-05:00,2026-01-26,ny,rmse_f,visual-crossing,2.6739
2026-01-27T03:15:12.931492-05:00,2026-01-26,ny,mae_f,tomorrow,1.0543
2026-01-27T03:15:12.931492-05:00,2026-01-26,ny,rmse_f,tomorrow,1.1424
2026-01-27T03:15:12.931492-05:00,2026-01-26,ny,mae_f,weatherapi,0.5286
2026-01-27T03:15:12.931492-05:00,2026-01-26,ny,rmse_f,weatherapi,0.5916
2026-01-27T03:15:12.931492-05:00,2026-01-26,il,mae_f,consensus,0.8482
2026-01-27T03:15:12.931492-05:00,2026-01-26,il,rmse_f,consensus,0.9427
2026-01-27T03:15:12.931492-05:00,2026-01-26,il,mae_f,open-meteo,1.6778
2026-01-27T03:15:12.931492-05:00,2026-01-26,il,rmse_f,open-meteo,1.7991
2026-01-27T03:15:12.931492-05:00,2026-01-26,il,mae_f,visual-crossing,0.4444
2026-01-27T03:15:12.931492-05:00,2026-01-26,il,rmse_f,visual-crossing,0.9428
2026-01-27T03:15:12.931492-05:00,2026-01-26,il,mae_f,tomorrow,2.3233
2026-01-27T03:15:12.931492-05:00,2026-01-26,il,rmse_f,tomorrow,2.3826
2026-01-27T03:15:12.931492-05:00,2026-01-26,il,mae_f,weatherapi,5.8333
2026-01-27T03:15:12.931492-05:00,2026-01-26,il,rmse_f,weatherapi,5.8898
2026-01-27T03:15:12.931492-05:00,2026-01-26,ny,mae_f,lstm,1.4159
2026-01-27T03:15:12.931492-05:00,2026-01-26,ny,rmse_f,lstm,1.4159
2026-01-27T03:15:12.931492-05:00,2026-01-26,il,mae_f,lstm,11.1295
2026-01-27T03:15:12.931492-05:00,2026-01-26,il,rmse_f,lstm,11.1295
2026-01-27T03:15:12.931492-05:00,2026-01-26,tx,mae_f,consensus,1.8729
2026-01-27T03:15:12.931492-05:00,2026-01-26,tx,rmse_f,consensus,1.8775
2026-01-27T03:15:12.931492-05:00,2026-01-26,tx,mae_f,open-meteo,4.6000
2026-01-27T03:15:12.931492-05:00,2026-01-26,tx,rmse_f,open-meteo,4.6000
2026-01-27T03:15:12.931492-05:00,2026-01-26,tx,mae_f,visual-crossing,2.0000
2026-01-27T03:15:12.931492-05:00,2026-01-26,tx,rmse_f,visual-crossing,2.0000
2026-01-27T03:15:12.931492-05:00,2026-01-26,tx,mae_f,tomorrow,4.9600
2026-01-27T03:15:12.931492-05:00,2026-01-26,tx,rmse_f,tomorrow,4.9600
2026-01-27T03:15:12.931492-05:00,2026-01-26,tx,mae_f,weatherapi,3.4000
2026-01-27T03:15:12.931492-05:00,2026-01-26,tx,rmse_f,weatherapi,3.4000
2026-01-27T03:15:12.931492-05:00,2026-01-26,tx,mae_f,lstm,20.0553
2026-01-27T03:15:12.931492-05:00,2026-01-26,tx,rmse_f,lstm,20.0553
2026-01-27T03:15:12.931492-05:00,2026-01-26,ny,bucket_hit_rate,trade,1.0000
2026-01-27T03:15:12.931492-05:00,2026-01-26,il,bucket_hit_rate,trade,0.1111
2026-01-27T03:15:12.931492-05:00,2026-01-26,tx,bucket_hit_rate,trade,0.0000
2026-01-27T03:15:12.931492-05:00,2026-01-26,ny,realized_pnl_dollars,trade,131.36
2026-01-27T03:15:12.931492-05:00,2026-01-26,il,realized_pnl_dollars,trade,-58.57
2026-01-27T03:15:12.931492-05:00,2026-01-26,tx,realized_pnl_dollars,trade,-11.40
2026-01-27T03:15:39.836892-05:00,2026-01-26,ny,mae_f,consensus,0.8820
2026-01-27T03:15:39.836892-05:00,2026-01-26,ny,rmse_f,consensus,0.9676
2026-01-27T03:15:39.836892-05:00,2026-01-26,ny,mae_f,open-meteo,1.2571
2026-01-27T03:15:39.836892-05:00,2026-01-26,ny,rmse_f,open-meteo,1.4619
2026-01-27T03:15:39.836892-05:00,2026-01-26,ny,mae_f,visual-crossing,2.6429
2026-01-27T03:15:39.836892-05:00,2026-01-26,ny,rmse_f,visual-crossing,2.6739
2026-01-27T03:15:39.836892-05:00,2026-01-26,ny,mae_f,tomorrow,1.0543
2026-01-27T03:15:39.836892-05:00,2026-01-26,ny,rmse_f,tomorrow,1.1424
2026-01-27T03:15:39.836892-05:00,2026-01-26,ny,mae_f,weatherapi,0.5286
2026-01-27T03:15:39.836892-05:00,2026-01-26,ny,rmse_f,weatherapi,0.5916
2026-01-27T03:15:39.836892-05:00,2026-01-26,il,mae_f,consensus,0.8482
2026-01-27T03:15:39.836892-05:00,2026-01-26,il,rmse_f,consensus,0.9427
2026-01-27T03:15:39.836892-05:00,2026-01-26,il,mae_f,open-meteo,1.6778
2026-01-27T03:15:39.836892-05:00,2026-01-26,il,rmse_f,open-meteo,1.7991
2026-01-27T03:15:39.836892-05:00,2026-01-26,il,mae_f,visual-crossing,0.4444
2026-01-27T03:15:39.836892-05:00,2026-01-26,il,rmse_f,visual-crossing,0.9428
2026-01-27T03:15:39.836892-05:00,2026-01-26,il,mae_f,tomorrow,2.3233
2026-01-27T03:15:39.836892-05:00,2026-01-26,il,rmse_f,tomorrow,2.3826
2026-01-27T03:15:39.836892-05:00,2026-01-26,il,mae_f,weatherapi,5.8333
2026-01-27T03:15:39.836892-05:00,2026-01-26,il,rmse_f,weatherapi,5.8898
2026-01-27T03:15:39.836892-05:00,2026-01-26,ny,mae_f,lstm,1.4159
2026-01-27T03:15:39.836892-05:00,2026-01-26,ny,rmse_f,lstm,1.4159
2026-01-27T03:15:39.836892-05:00,2026-01-26,il,mae_f,lstm,11.1295
2026-01-27T03:15:39.836892-05:00,2026-01-26,il,rmse_f,lstm,11.1295
2026-01-27T03:15:39.836892-05:00,2026-01-26,tx,mae_f,consensus,1.8729
2026-01-27T03:15:39.836892-05:00,2026-01-26,tx,rmse_f,consensus,1.8775
2026-01-27T03:15:39.836892-05:00,2026-01-26,tx,mae_f,open-meteo,4.6000
2026-01-27T03:15:39.836892-05:00,2026-01-26,tx,rmse_f,open-meteo,4.6000
2026-01-27T03:15:39.836892-05:00,2026-01-26,tx,mae_f,visual-crossing,2.0000
2026-01-27T03:15:39.836892-05:00,2026-01-26,tx,rmse_f,visual-crossing,2.0000
2026-01-27T03:15:39.836892-05:00,2026-01-26,tx,mae_f,tomorrow,4.9600
2026-01-27T03:15:39.836892-05:00,2026-01-26,tx,rmse_f,tomorrow,4.9600
2026-01-27T03:15:39.836892-05:00,2026-01-26,tx,mae_f,weatherapi,3.4000
2026-01-27T03:15:39.836892-05:00,2026-01-26,tx,rmse_f,weatherapi,3.4000
2026-01-27T03:15:39.836892-05:00,2026-01-26,tx,mae_f,lstm,20.0553
2026-01-27T03:15:39.836892-05:00,2026-01-26,tx,rmse_f,lstm,20.0553
2026-01-27T03:15:39.836892-05:00,2026-01-26,ny,bucket_hit_rate,trade,1.0000
2026-01-27T03:15:39.836892-05:00,2026-01-26,il,bucket_hit_rate,trade,0.1111
2026-01-27T03:15:39.836892-05:00,2026-01-26,tx,bucket_hit_rate,trade,0.0000
2026-01-27T03:15:39.836892-05:00,2026-01-26,ny,realized_pnl_dollars,trade,131.36
2026-01-27T03:15:39.836892-05:00,2026-01-26,il,realized_pnl_dollars,trade,-58.57
2026-01-27T03:15:39.836892-05:00,2026-01-26,tx,realized_pnl_dollars,trade,-11.40
2026-01-27T07:15:36.429869-05:00,2026-01-26,ny,mae_f,consensus,0.8820
2026-01-27T07:15:36.429869-05:00,2026-01-26,ny,rmse_f,consensus,0.9676
2026-01-27T07:15:36.429869-05:00,2026-01-26,ny,mae_f,open-meteo,1.2571
2026-01-27T07:15:36.429869-05:00,2026-01-26,ny,rmse_f,open-meteo,1.4619
2026-01-27T07:15:36.429869-05:00,2026-01-26,ny,mae_f,visual-crossing,2.6429
2026-01-27T07:15:36.429869-05:00,2026-01-26,ny,rmse_f,visual-crossing,2.6739
2026-01-27T07:15:36.429869-05:00,2026-01-26,ny,mae_f,tomorrow,1.0543
2026-01-27T07:15:36.429869-05:00,2026-01-26,ny,rmse_f,tomorrow,1.1424
2026-01-27T07:15:36.429869-05:00,2026-01-26,ny,mae_f,weatherapi,0.5286
2026-01-27T07:15:36.429869-05:00,2026-01-26,ny,rmse_f,weatherapi,0.5916
2026-01-27T07:15:36.429869-05:00,2026-01-26,il,mae_f,consensus,0.8482
2026-01-27T07:15:36.429869-05:00,2026-01-26,il,rmse_f,consensus,0.9427
2026-01-27T07:15:36.429869-05:00,2026-01-26,il,mae_f,open-meteo,1.6778
2026-01-27T07:15:36.429869-05:00,2026-01-26,il,rmse_f,open-meteo,1.7991
2026-01-27T07:15:36.429869-05:00,2026-01-26,il,mae_f,visual-crossing,0.4444
2026-01-27T07:15:36.429869-05:00,2026-01-26,il,rmse_f,visual-crossing,0.9428
2026-01-27T07:15:36.429869-05:00,2026-01-26,il,mae_f,tomorrow,2.3233
2026-01-27T07:15:36.429869-05:00,2026-01-26,il,rmse_f,tomorrow,2.3826
2026-01-27T07:15:36.429869-05:00,2026-01-26,il,mae_f,weatherapi,5.8333
2026-01-27T07:15:36.429869-05:00,2026-01-26,il,rmse_f,weatherapi,5.8898
2026-01-27T07:15:36.429869-05:00,2026-01-26,ny,mae_f,lstm,1.4159
2026-01-27T07:15:36.429869-05:00,2026-01-26,ny,rmse_f,lstm,1.4159
2026-01-27T07:15:36.429869-05:00,2026-01-26,il,mae_f,lstm,11.1295
2026-01-27T07:15:36.429869-05:00,2026-01-26,il,rmse_f,lstm,11.1295
2026-01-27T07:15:36.429869-05:00,2026-01-26,tx,mae_f,consensus,1.8729
2026-01-27T07:15:36.429869-05:00,2026-01-26,tx,rmse_f,consensus,1.8775
2026-01-27T07:15:36.429869-05:00,2026-01-26,tx,mae_f,open-meteo,4.6000
2026-01-27T07:15:36.429869-05:00,2026-01-26,tx,rmse_f,open-meteo,4.6000
2026-01-27T07:15:36.429869-05:00,2026-01-26,tx,mae_f,visual-crossing,2.0000
2026-01-27T07:15:36.429869-05:00,2026-01-26,tx,rmse_f,visual-crossing,2.0000
2026-01-27T07:15:36.429869-05:00,2026-01-26,tx,mae_f,tomorrow,4.9600
2026-01-27T07:15:36.429869-05:00,2026-01-26,tx,rmse_f,tomorrow,4.9600
2026-01-27T07:15:36.429869-05:00,2026-01-26,tx,mae_f,weatherapi,3.4000
2026-01-27T07:15:36.429869-05:00,2026-01-26,tx,rmse_f,weatherapi,3.4000
2026-01-27T07:15:36.429869-05:00,2026-01-26,tx,mae_f,lstm,20.0553
2026-01-27T07:15:36.429869-05:00,2026-01-26,tx,rmse_f,lstm,20.0553
2026-01-27T07:15:36.429869-05:00,2026-01-26,ny,bucket_hit_rate,trade,1.0000
2026-01-27T07:15:36.429869-05:00,2026-01-26,il,bucket_hit_rate,trade,0.1111
2026-01-27T07:15:36.429869-05:00,2026-01-26,tx,bucket_hit_rate,trade,0.0000
2026-01-27T07:15:36.429869-05:00,2026-01-26,ny,realized_pnl_dollars,trade,131.36
2026-01-27T07:15:36.429869-05:00,2026-01-26,il,realized_pnl_dollars,trade,-58.57
2026-01-27T07:15:36.429869-05:00,2026-01-26,tx,realized_pnl_dollars,trade,-11.40
2026-01-28T03:15:02.554935-05:00,2026-01-27,ny,mae_f,consensus,4.2127
2026-01-28T03:15:02.554935-05:00,2026-01-27,ny,rmse_f,consensus,4.2128
2026-01-28T03:15:02.554935-05:00,2026-01-27,ny,mae_f,open-meteo,2.7000
2026-01-28T03:15:02.554935-05:00,2026-01-27,ny,rmse_f,open-meteo,3.0414
2026-01-28T03:15:02.554935-05:00,2026-01-27,ny,mae_f,visual-crossing,3.1000
2026-01-28T03:15:02.554935-05:00,2026-01-27,ny,rmse_f,visual-crossing,3.1000
2026-01-28T03:15:02.554935-05:00,2026-01-27,ny,mae_f,tomorrow,5.7400
2026-01-28T03:15:02.554935-05:00,2026-01-27,ny,rmse_f,tomorrow,5.7519
2026-01-28T03:15:02.554935-05:00,2026-01-27,ny,mae_f,weatherapi,1.9000
2026-01-28T03:15:02.554935-05:00,2026-01-27,ny,rmse_f,weatherapi,2.1954
2026-01-28T03:15:02.554935-05:00,2026-01-27,ny,mae_f,lstm,8.0960
2026-01-28T03:15:02.554935-05:00,2026-01-27,ny,rmse_f,lstm,8.0960
2026-01-28T03:15:02.554935-05:00,2026-01-27,il,mae_f,consensus,0.1611
2026-01-28T03:15:02.554935-05:00,2026-01-27,il,rmse_f,consensus,0.1642
2026-01-28T03:15:02.554935-05:00,2026-01-27,il,mae_f,open-meteo,1.7000
2026-01-28T03:15:02.554935-05:00,2026-01-27,il,rmse_f,open-meteo,1.9039
2026-01-28T03:15:02.554935-05:00,2026-01-27,il,mae_f,visual-crossing,0.1000
2026-01-28T03:15:02.554935-05:00,2026-01-27,il,rmse_f,visual-crossing,0.1000
2026-01-28T03:15:02.554935-05:00,2026-01-27,il,mae_f,tomorrow,1.7375
2026-01-28T03:15:02.554935-05:00,2026-01-27,il,rmse_f,tomorrow,1.9030
2026-01-28T03:15:02.554935-05:00,2026-01-27,il,mae_f,weatherapi,0.4250
2026-01-28T03:15:02.554935-05:00,2026-01-27,il,rmse_f,weatherapi,0.4272
2026-01-28T03:15:02.554935-05:00,2026-01-27,il,mae_f,lstm,3.4782
2026-01-28T03:15:02.554935-05:00,2026-01-27,il,rmse_f,lstm,3.4782
2026-01-28T03:15:02.554935-05:00,2026-01-27,tx,mae_f,consensus,2.6770
2026-01-28T03:15:02.554935-05:00,2026-01-27,tx,rmse_f,consensus,2.7511
2026-01-28T03:15:02.554935-05:00,2026-01-27,tx,mae_f,open-meteo,2.9600
2026-01-28T03:15:02.554935-05:00,2026-01-27,tx,rmse_f,open-meteo,3.0874
2026-01-28T03:15:02.554935-05:00,2026-01-27,tx,mae_f,visual-crossing,3.4800
2026-01-28T03:15:02.554935-05:00,2026-01-27,tx,rmse_f,visual-crossing,3.6943
2026-01-28T03:15:02.554935-05:00,2026-01-27,tx,mae_f,tomorrow,4.1400
2026-01-28T03:15:02.554935-05:00,2026-01-27,tx,rmse_f,tomorrow,4.1864
2026-01-28T03:15:02.554935-05:00,2026-01-27,tx,mae_f,weatherapi,1.3800
2026-01-28T03:15:02.554935-05:00,2026-01-27,tx,rmse_f,weatherapi,1.3849
2026-01-28T03:15:02.554935-05:00,2026-01-27,tx,mae_f,lstm,6.3212
2026-01-28T03:15:02.554935-05:00,2026-01-27,tx,rmse_f,lstm,6.3253
2026-01-28T03:15:02.554935-05:00,2026-01-27,ny,bucket_hit_rate,trade,0.0000
2026-01-28T03:15:02.554935-05:00,2026-01-27,il,bucket_hit_rate,trade,1.0000
2026-01-28T03:15:02.554935-05:00,2026-01-27,tx,bucket_hit_rate,trade,0.0000
2026-01-28T03:15:02.554935-05:00,2026-01-27,ny,realized_pnl_dollars,trade,-12.20
2026-01-28T03:15:02.554935-05:00,2026-01-27,il,realized_pnl_dollars,trade,42.84
2026-01-28T03:15:02.554935-05:00,2026-01-27,tx,realized_pnl_dollars,trade,-29.70
2026-01-28T03:15:03.451676-05:00,2026-01-27,ny,mae_f,consensus,4.2127
2026-01-28T03:15:03.451676-05:00,2026-01-27,ny,rmse_f,consensus,4.2128
2026-01-28T03:15:03.451676-05:00,2026-01-27,ny,mae_f,open-meteo,2.7000
2026-01-28T03:15:03.451676-05:00,2026-01-27,ny,rmse_f,open-meteo,3.0414
2026-01-28T03:15:03.451676-05:00,2026-01-27,ny,mae_f,visual-crossing,3.1000
2026-01-28T03:15:03.451676-05:00,2026-01-27,ny,rmse_f,visual-crossing,3.1000
2026-01-28T03:15:03.451676-05:00,2026-01-27,ny,mae_f,tomorrow,5.7400
2026-01-28T03:15:03.451676-05:00,2026-01-27,ny,rmse_f,tomorrow,5.7519
2026-01-28T03:15:03.451676-05:00,2026-01-27,ny,mae_f,weatherapi,1.9000
2026-01-28T03:15:03.451676-05:00,2026-01-27,ny,rmse_f,weatherapi,2.1954
2026-01-28T03:15:03.451676-05:00,2026-01-27,ny,mae_f,lstm,8.0960
2026-01-28T03:15:03.451676-05:00,2026-01-27,ny,rmse_f,lstm,8.0960
2026-01-28T03:15:03.451676-05:00,2026-01-27,il,mae_f,consensus,0.1611
2026-01-28T03:15:03.451676-05:00,2026-01-27,il,rmse_f,consensus,0.1642
2026-01-28T03:15:03.451676-05:00,2026-01-27,il,mae_f,open-meteo,1.7000
2026-01-28T03:15:03.451676-05:00,2026-01-27,il,rmse_f,open-meteo,1.9039
2026-01-28T03:15:03.451676-05:00,2026-01-27,il,mae_f,visual-crossing,0.1000
2026-01-28T03:15:03.451676-05:00,2026-01-27,il,rmse_f,visual-crossing,0.1000
2026-01-28T03:15:03.451676-05:00,2026-01-27,il,mae_f,tomorrow,1.7375
2026-01-28T03:15:03.451676-05:00,2026-01-27,il,rmse_f,tomorrow,1.9030
2026-01-28T03:15:03.451676-05:00,2026-01-27,il,mae_f,weatherapi,0.4250
2026-01-28T03:15:03.451676-05:00,2026-01-27,il,rmse_f,weatherapi,0.4272
2026-01-28T03:15:03.451676-05:00,2026-01-27,il,mae_f,lstm,3.4782
2026-01-28T03:15:03.451676-05:00,2026-01-27,il,rmse_f,lstm,3.4782
2026-01-28T03:15:03.451676-05:00,2026-01-27,tx,mae_f,consensus,2.6770
2026-01-28T03:15:03.451676-05:00,2026-01-27,tx,rmse_f,consensus,2.7511
2026-01-28T03:15:03.451676-05:00,2026-01-27,tx,mae_f,open-meteo,2.9600
2026-01-28T03:15:03.451676-05:00,2026-01-27,tx,rmse_f,open-meteo,3.0874
2026-01-28T03:15:03.451676-05:00,2026-01-27,tx,mae_f,visual-crossing,3.4800
2026-01-28T03:15:03.451676-05:00,2026-01-27,tx,rmse_f,visual-crossing,3.6943
2026-01-28T03:15:03.451676-05:00,2026-01-27,tx,mae_f,tomorrow,4.1400
2026-01-28T03:15:03.451676-05:00,2026-01-27,tx,rmse_f,tomorrow,4.1864
2026-01-28T03:15:03.451676-05:00,2026-01-27,tx,mae_f,weatherapi,1.3800
2026-01-28T03:15:03.451676-05:00,2026-01-27,tx,rmse_f,weatherapi,1.3849
2026-01-28T03:15:03.451676-05:00,2026-01-27,tx,mae_f,lstm,6.3212
2026-01-28T03:15:03.451676-05:00,2026-01-27,tx,rmse_f,lstm,6.3253
2026-01-28T03:15:03.451676-05:00,2026-01-27,ny,bucket_hit_rate,trade,0.0000
2026-01-28T03:15:03.451676-05:00,2026-01-27,il,bucket_hit_rate,trade,1.0000
2026-01-28T03:15:03.451676-05:00,2026-01-27,tx,bucket_hit_rate,trade,0.0000
2026-01-28T03:15:03.451676-05:00,2026-01-27,ny,realized_pnl_dollars,trade,-12.20
2026-01-28T03:15:03.451676-05:00,2026-01-27,il,realized_pnl_dollars,trade,42.84
2026-01-28T03:15:03.451676-05:00,2026-01-27,tx,realized_pnl_dollars,trade,-29.70
2026-01-28T07:15:01.275601-05:00,2026-01-27,ny,mae_f,consensus,4.2127
2026-01-28T07:15:01.275601-05:00,2026-01-27,ny,rmse_f,consensus,4.2128
2026-01-28T07:15:01.275601-05:00,2026-01-27,ny,mae_f,open-meteo,2.7000
2026-01-28T07:15:01.275601-05:00,2026-01-27,ny,rmse_f,open-meteo,3.0414
2026-01-28T07:15:01.275601-05:00,2026-01-27,ny,mae_f,visual-crossing,3.1000
2026-01-28T07:15:01.275601-05:00,2026-01-27,ny,rmse_f,visual-crossing,3.1000
2026-01-28T07:15:01.275601-05:00,2026-01-27,ny,mae_f,tomorrow,5.7400
2026-01-28T07:15:01.275601-05:00,2026-01-27,ny,rmse_f,tomorrow,5.7519
2026-01-28T07:15:01.275601-05:00,2026-01-27,ny,mae_f,weatherapi,1.9000
2026-01-28T07:15:01.275601-05:00,2026-01-27,ny,rmse_f,weatherapi,2.1954
2026-01-28T07:15:01.275601-05:00,2026-01-27,ny,mae_f,lstm,8.0960
2026-01-28T07:15:01.275601-05:00,2026-01-27,ny,rmse_f,lstm,8.0960
2026-01-28T07:15:01.275601-05:00,2026-01-27,il,mae_f,consensus,0.1611
2026-01-28T07:15:01.275601-05:00,2026-01-27,il,rmse_f,consensus,0.1642
2026-01-28T07:15:01.275601-05:00,2026-01-27,il,mae_f,open-meteo,1.7000
2026-01-28T07:15:01.275601-05:00,2026-01-27,il,rmse_f,open-meteo,1.9039
2026-01-28T07:15:01.275601-05:00,2026-01-27,il,mae_f,visual-crossing,0.1000
2026-01-28T07:15:01.275601-05:00,2026-01-27,il,rmse_f,visual-crossing,0.1000
2026-01-28T07:15:01.275601-05:00,2026-01-27,il,mae_f,tomorrow,1.7375
2026-01-28T07:15:01.275601-05:00,2026-01-27,il,rmse_f,tomorrow,1.9030
2026-01-28T07:15:01.275601-05:00,2026-01-27,il,mae_f,weatherapi,0.4250
2026-01-28T07:15:01.275601-05:00,2026-01-27,il,rmse_f,weatherapi,0.4272
2026-01-28T07:15:01.275601-05:00,2026-01-27,il,mae_f,lstm,3.4782
2026-01-28T07:15:01.275601-05:00,2026-01-27,il,rmse_f,lstm,3.4782
2026-01-28T07:15:01.275601-05:00,2026-01-27,tx,mae_f,consensus,2.6770
2026-01-28T07:15:01.275601-05:00,2026-01-27,tx,rmse_f,consensus,2.7511
2026-01-28T07:15:01.275601-05:00,2026-01-27,tx,mae_f,open-meteo,2.9600
2026-01-28T07:15:01.275601-05:00,2026-01-27,tx,rmse_f,open-meteo,3.0874
2026-01-28T07:15:01.275601-05:00,2026-01-27,tx,mae_f,visual-crossing,3.4800
2026-01-28T07:15:01.275601-05:00,2026-01-27,tx,rmse_f,visual-crossing,3.6943
2026-01-28T07:15:01.275601-05:00,2026-01-27,tx,mae_f,tomorrow,4.1400
2026-01-28T07:15:01.275601-05:00,2026-01-27,tx,rmse_f,tomorrow,4.1864
2026-01-28T07:15:01.275601-05:00,2026-01-27,tx,mae_f,weatherapi,1.3800
2026-01-28T07:15:01.275601-05:00,2026-01-27,tx,rmse_f,weatherapi,1.3849
2026-01-28T07:15:01.275601-05:00,2026-01-27,tx,mae_f,lstm,6.3212
2026-01-28T07:15:01.275601-05:00,2026-01-27,tx,rmse_f,lstm,6.3253
2026-01-28T07:15:01.275601-05:00,2026-01-27,ny,bucket_hit_rate,trade,0.0000
2026-01-28T07:15:01.275601-05:00,2026-01-27,il,bucket_hit_rate,trade,1.0000
2026-01-28T07:15:01.275601-05:00,2026-01-27,tx,bucket_hit_rate,trade,0.0000
2026-01-28T07:15:01.275601-05:00,2026-01-27,ny,realized_pnl_dollars,trade,-12.20
2026-01-28T07:15:01.275601-05:00,2026-01-27,il,realized_pnl_dollars,trade,42.84
2026-01-28T07:15:01.275601-05:00,2026-01-27,tx,realized_pnl_dollars,trade,-29.70
2026-01-29T03:15:10.645990-05:00,2026-01-28,ny,mae_f,consensus,1.0516
2026-01-29T03:15:10.645990-05:00,2026-01-28,ny,rmse_f,consensus,1.0524
2026-01-29T03:15:10.645990-05:00,2026-01-28,ny,mae_f,open-meteo,0.7000
2026-01-29T03:15:10.645990-05:00,2026-01-28,ny,rmse_f,open-meteo,0.7000
2026-01-29T03:15:10.645990-05:00,2026-01-28,ny,mae_f,visual-crossing,1.0000
2026-01-29T03:15:10.645990-05:00,2026-01-28,ny,rmse_f,visual-crossing,1.0000
2026-01-29T03:15:10.645990-05:00,2026-01-28,ny,mae_f,tomorrow,0.3400
2026-01-29T03:15:10.645990-05:00,2026-01-28,ny,rmse_f,tomorrow,0.3471
2026-01-29T03:15:10.645990-05:00,2026-01-28,ny,mae_f,weatherapi,0.3500
2026-01-29T03:15:10.645990-05:00,2026-01-28,ny,rmse_f,weatherapi,0.3808
2026-01-29T03:15:10.645990-05:00,2026-01-28,ny,mae_f,lstm,4.9237
2026-01-29T03:15:10.645990-05:00,2026-01-28,ny,rmse_f,lstm,4.9237
2026-01-29T03:15:10.645990-05:00,2026-01-28,ny,bucket_hit_rate,trade,0.0000
2026-01-29T03:15:10.645990-05:00,2026-01-28,ny,realized_pnl_dollars,trade,-10.09
2026-01-29T03:15:13.102614-05:00,2026-01-28,ny,mae_f,consensus,1.0516
2026-01-29T03:15:13.102614-05:00,2026-01-28,ny,rmse_f,consensus,1.0524
2026-01-29T03:15:13.102614-05:00,2026-01-28,ny,mae_f,open-meteo,0.7000
2026-01-29T03:15:13.102614-05:00,2026-01-28,ny,rmse_f,open-meteo,0.7000
2026-01-29T03:15:13.102614-05:00,2026-01-28,ny,mae_f,visual-crossing,1.0000
2026-01-29T03:15:13.102614-05:00,2026-01-28,ny,rmse_f,visual-crossing,1.0000
2026-01-29T03:15:13.102614-05:00,2026-01-28,ny,mae_f,tomorrow,0.3400
2026-01-29T03:15:13.102614-05:00,2026-01-28,ny,rmse_f,tomorrow,0.3471
2026-01-29T03:15:13.102614-05:00,2026-01-28,ny,mae_f,weatherapi,0.3500
2026-01-29T03:15:13.102614-05:00,2026-01-28,ny,rmse_f,weatherapi,0.3808
2026-01-29T03:15:13.102614-05:00,2026-01-28,ny,mae_f,lstm,4.9237
2026-01-29T03:15:13.102614-05:00,2026-01-28,ny,rmse_f,lstm,4.9237
2026-01-29T03:15:13.102614-05:00,2026-01-28,ny,bucket_hit_rate,trade,0.0000
2026-01-29T03:15:13.102614-05:00,2026-01-28,ny,realized_pnl_dollars,trade,-10.09
2026-01-29T07:15:02.371149-05:00,2026-01-28,ny,mae_f,consensus,1.0516
2026-01-29T07:15:02.371149-05:00,2026-01-28,ny,rmse_f,consensus,1.0524
2026-01-29T07:15:02.371149-05:00,2026-01-28,ny,mae_f,open-meteo,0.7000
2026-01-29T07:15:02.371149-05:00,2026-01-28,ny,rmse_f,open-meteo,0.7000
2026-01-29T07:15:02.371149-05:00,2026-01-28,ny,mae_f,visual-crossing,1.0000
2026-01-29T07:15:02.371149-05:00,2026-01-28,ny,rmse_f,visual-crossing,1.0000
2026-01-29T07:15:02.371149-05:00,2026-01-28,ny,mae_f,tomorrow,0.3400
2026-01-29T07:15:02.371149-05:00,2026-01-28,ny,rmse_f,tomorrow,0.3471
2026-01-29T07:15:02.371149-05:00,2026-01-28,ny,mae_f,weatherapi,0.3500
2026-01-29T07:15:02.371149-05:00,2026-01-28,ny,rmse_f,weatherapi,0.3808
2026-01-29T07:15:02.371149-05:00,2026-01-28,ny,mae_f,lstm,4.9237
2026-01-29T07:15:02.371149-05:00,2026-01-28,ny,rmse_f,lstm,4.9237
2026-01-29T07:15:02.371149-05:00,2026-01-28,tx,mae_f,consensus,4.9007
2026-01-29T07:15:02.371149-05:00,2026-01-28,tx,rmse_f,consensus,4.9007
2026-01-29T07:15:02.371149-05:00,2026-01-28,tx,mae_f,open-meteo,3.9000
2026-01-29T07:15:02.371149-05:00,2026-01-28,tx,rmse_f,open-meteo,3.9000
2026-01-29T07:15:02.371149-05:00,2026-01-28,tx,mae_f,visual-crossing,5.0000
2026-01-29T07:15:02.371149-05:00,2026-01-28,tx,rmse_f,visual-crossing,5.0000
2026-01-29T07:15:02.371149-05:00,2026-01-28,tx,mae_f,tomorrow,5.1400
2026-01-29T07:15:02.371149-05:00,2026-01-28,tx,rmse_f,tomorrow,5.1400
2026-01-29T07:15:02.371149-05:00,2026-01-28,tx,mae_f,weatherapi,0.4000
2026-01-29T07:15:02.371149-05:00,2026-01-28,tx,rmse_f,weatherapi,0.4000
2026-01-29T07:15:02.371149-05:00,2026-01-28,ny,bucket_hit_rate,trade,0.0000
2026-01-29T07:15:02.371149-05:00,2026-01-28,tx,bucket_hit_rate,trade,0.0000
2026-01-29T07:15:02.371149-05:00,2026-01-28,ny,realized_pnl_dollars,trade,-10.09
2026-01-29T07:15:02.371149-05:00,2026-01-28,tx,realized_pnl_dollars,trade,-4.94
2026-01-30T03:15:37.849729-05:00,2026-01-29,ny,mae_f,consensus,1.7651
2026-01-30T03:15:37.849729-05:00,2026-01-29,ny,rmse_f,consensus,1.7723
2026-01-30T03:15:37.849729-05:00,2026-01-29,ny,mae_f,open-meteo,1.8143
2026-01-30T03:15:37.849729-05:00,2026-01-29,ny,rmse_f,open-meteo,1.9298
2026-01-30T03:15:37.849729-05:00,2026-01-29,ny,mae_f,visual-crossing,1.1571
2026-01-30T03:15:37.849729-05:00,2026-01-29,ny,rmse_f,visual-crossing,1.2195
2026-01-30T03:15:37.849729-05:00,2026-01-29,ny,mae_f,tomorrow,2.0157
2026-01-30T03:15:37.849729-05:00,2026-01-29,ny,rmse_f,tomorrow,2.1183
2026-01-30T03:15:37.849729-05:00,2026-01-29,ny,mae_f,weatherapi,1.9714
2026-01-30T03:15:37.849729-05:00,2026-01-29,ny,rmse_f,weatherapi,2.0983
2026-01-30T03:15:37.849729-05:00,2026-01-29,ny,mae_f,lstm,4.5203
2026-01-30T03:15:37.849729-05:00,2026-01-29,ny,rmse_f,lstm,4.5246
2026-01-30T03:15:37.849729-05:00,2026-01-29,il,mae_f,consensus,1.3350
2026-01-30T03:15:37.849729-05:00,2026-01-29,il,rmse_f,consensus,1.3370
2026-01-30T03:15:37.849729-05:00,2026-01-29,il,mae_f,open-meteo,0.9500
2026-01-30T03:15:37.849729-05:00,2026-01-29,il,rmse_f,open-meteo,1.0336
2026-01-30T03:15:37.849729-05:00,2026-01-29,il,mae_f,visual-crossing,2.0000
2026-01-30T03:15:37.849729-05:00,2026-01-29,il,rmse_f,visual-crossing,2.0000
2026-01-30T03:15:37.849729-05:00,2026-01-29,il,mae_f,tomorrow,1.0067
2026-01-30T03:15:37.849729-05:00,2026-01-29,il,rmse_f,tomorrow,1.1087
2026-01-30T03:15:37.849729-05:00,2026-01-29,il,mae_f,weatherapi,0.8500
2026-01-30T03:15:37.849729-05:00,2026-01-29,il,rmse_f,weatherapi,0.8631
2026-01-30T03:15:37.849729-05:00,2026-01-29,il,mae_f,lstm,4.9839
2026-01-30T03:15:37.849729-05:00,2026-01-29,il,rmse_f,lstm,4.9839
2026-01-30T03:15:37.849729-05:00,2026-01-29,ny,bucket_hit_rate,trade,0.0000
2026-01-30T03:15:37.849729-05:00,2026-01-29,il,bucket_hit_rate,trade,1.0000
2026-01-30T03:15:37.849729-05:00,2026-01-29,ny,realized_pnl_dollars,trade,-26.27
2026-01-30T03:15:37.849729-05:00,2026-01-29,il,realized_pnl_dollars,trade,32.50
2026-01-30T03:16:53.480505-05:00,2026-01-29,ny,mae_f,consensus,1.7651
2026-01-30T03:16:53.480505-05:00,2026-01-29,ny,rmse_f,consensus,1.7723
2026-01-30T03:16:53.480505-05:00,2026-01-29,ny,mae_f,open-meteo,1.8143
2026-01-30T03:16:53.480505-05:00,2026-01-29,ny,rmse_f,open-meteo,1.9298
2026-01-30T03:16:53.480505-05:00,2026-01-29,ny,mae_f,visual-crossing,1.1571
2026-01-30T03:16:53.480505-05:00,2026-01-29,ny,rmse_f,visual-crossing,1.2195
2026-01-30T03:16:53.480505-05:00,2026-01-29,ny,mae_f,tomorrow,2.0157
2026-01-30T03:16:53.480505-05:00,2026-01-29,ny,rmse_f,tomorrow,2.1183
2026-01-30T03:16:53.480505-05:00,2026-01-29,ny,mae_f,weatherapi,1.9714
2026-01-30T03:16:53.480505-05:00,2026-01-29,ny,rmse_f,weatherapi,2.0983
2026-01-30T03:16:53.480505-05:00,2026-01-29,ny,mae_f,lstm,4.5203
2026-01-30T03:16:53.480505-05:00,2026-01-29,ny,rmse_f,lstm,4.5246
2026-01-30T03:16:53.480505-05:00,2026-01-29,il,mae_f,consensus,1.3350
2026-01-30T03:16:53.480505-05:00,2026-01-29,il,rmse_f,consensus,1.3370
2026-01-30T03:16:53.480505-05:00,2026-01-29,il,mae_f,open-meteo,0.9500
2026-01-30T03:16:53.480505-05:00,2026-01-29,il,rmse_f,open-meteo,1.0336
2026-01-30T03:16:53.480505-05:00,2026-01-29,il,mae_f,visual-crossing,2.0000
2026-01-30T03:16:53.480505-05:00,2026-01-29,il,rmse_f,visual-crossing,2.0000
2026-01-30T03:16:53.480505-05:00,2026-01-29,il,mae_f,tomorrow,1.0067
2026-01-30T03:16:53.480505-05:00,2026-01-29,il,rmse_f,tomorrow,1.1087
2026-01-30T03:16:53.480505-05:00,2026-01-29,il,mae_f,weatherapi,0.8500
2026-01-30T03:16:53.480505-05:00,2026-01-29,il,rmse_f,weatherapi,0.8631
2026-01-30T03:16:53.480505-05:00,2026-01-29,il,mae_f,lstm,4.9839
2026-01-30T03:16:53.480505-05:00,2026-01-29,il,rmse_f,lstm,4.9839
2026-01-30T03:16:53.480505-05:00,2026-01-29,ny,bucket_hit_rate,trade,0.0000
2026-01-30T03:16:53.480505-05:00,2026-01-29,il,bucket_hit_rate,trade,1.0000
2026-01-30T03:16:53.480505-05:00,2026-01-29,ny,realized_pnl_dollars,trade,-26.27
2026-01-30T03:16:53.480505-05:00,2026-01-29,il,realized_pnl_dollars,trade,32.50
2026-01-30T07:15:03.098373-05:00,2026-01-29,ny,mae_f,consensus,1.7651
2026-01-30T07:15:03.098373-05:00,2026-01-29,ny,rmse_f,consensus,1.7723
2026-01-30T07:15:03.098373-05:00,2026-01-29,ny,mae_f,open-meteo,1.8143
2026-01-30T07:15:03.098373-05:00,2026-01-29,ny,rmse_f,open-meteo,1.9298
2026-01-30T07:15:03.098373-05:00,2026-01-29,ny,mae_f,visual-crossing,1.1571
2026-01-30T07:15:03.098373-05:00,2026-01-29,ny,rmse_f,visual-crossing,1.2195
2026-01-30T07:15:03.098373-05:00,2026-01-29,ny,mae_f,tomorrow,2.0157
2026-01-30T07:15:03.098373-05:00,2026-01-29,ny,rmse_f,tomorrow,2.1183
2026-01-30T07:15:03.098373-05:00,2026-01-29,ny,mae_f,weatherapi,1.9714
2026-01-30T07:15:03.098373-05:00,2026-01-29,ny,rmse_f,weatherapi,2.0983
2026-01-30T07:15:03.098373-05:00,2026-01-29,ny,mae_f,lstm,4.5203
2026-01-30T07:15:03.098373-05:00,2026-01-29,ny,rmse_f,lstm,4.5246
2026-01-30T07:15:03.098373-05:00,2026-01-29,il,mae_f,consensus,1.3350
2026-01-30T07:15:03.098373-05:00,2026-01-29,il,rmse_f,consensus,1.3370
2026-01-30T07:15:03.098373-05:00,2026-01-29,il,mae_f,open-meteo,0.9500
2026-01-30T07:15:03.098373-05:00,2026-01-29,il,rmse_f,open-meteo,1.0336
2026-01-30T07:15:03.098373-05:00,2026-01-29,il,mae_f,visual-crossing,2.0000
2026-01-30T07:15:03.098373-05:00,2026-01-29,il,rmse_f,visual-crossing,2.0000
2026-01-30T07:15:03.098373-05:00,2026-01-29,il,mae_f,tomorrow,1.0067
2026-01-30T07:15:03.098373-05:00,2026-01-29,il,rmse_f,tomorrow,1.1087
2026-01-30T07:15:03.098373-05:00,2026-01-29,il,mae_f,weatherapi,0.8500
2026-01-30T07:15:03.098373-05:00,2026-01-29,il,rmse_f,weatherapi,0.8631
2026-01-30T07:15:03.098373-05:00,2026-01-29,il,mae_f,lstm,4.9839
2026-01-30T07:15:03.098373-05:00,2026-01-29,il,rmse_f,lstm,4.9839
2026-01-30T07:15:03.098373-05:00,2026-01-29,tx,mae_f,consensus,5.9511
2026-01-30T07:15:03.098373-05:00,2026-01-29,tx,rmse_f,consensus,5.9547
2026-01-30T07:15:03.098373-05:00,2026-01-29,tx,mae_f,open-meteo,5.3500
2026-01-30T07:15:03.098373-05:00,2026-01-29,tx,rmse_f,open-meteo,5.4171
2026-01-30T07:15:03.098373-05:00,2026-01-29,tx,mae_f,visual-crossing,6.0000
2026-01-30T07:15:03.098373-05:00,2026-01-29,tx,rmse_f,visual-crossing,6.0000
2026-01-30T07:15:03.098373-05:00,2026-01-29,tx,mae_f,tomorrow,6.2050
2026-01-30T07:15:03.098373-05:00,2026-01-29,tx,rmse_f,tomorrow,6.2557
2026-01-30T07:15:03.098373-05:00,2026-01-29,tx,mae_f,weatherapi,5.7000
2026-01-30T07:15:03.098373-05:00,2026-01-29,tx,rmse_f,weatherapi,5.7000
2026-01-30T07:15:03.098373-05:00,2026-01-29,tx,mae_f,lstm,9.2242
2026-01-30T07:15:03.098373-05:00,2026-01-29,tx,rmse_f,lstm,9.2242
2026-01-30T07:15:03.098373-05:00,2026-01-29,fl,mae_f,consensus,2.1285
2026-01-30T07:15:03.098373-05:00,2026-01-29,fl,rmse_f,consensus,2.1291
2026-01-30T07:15:03.098373-05:00,2026-01-29,fl,mae_f,open-meteo,3.9714
2026-01-30T07:15:03.098373-05:00,2026-01-29,fl,rmse_f,open-meteo,3.9832
2026-01-30T07:15:03.098373-05:00,2026-01-29,fl,mae_f,visual-crossing,1.9000
2026-01-30T07:15:03.098373-05:00,2026-01-29,fl,rmse_f,visual-crossing,1.9000
2026-01-30T07:15:03.098373-05:00,2026-01-29,fl,mae_f,tomorrow,3.9643
2026-01-30T07:15:03.098373-05:00,2026-01-29,fl,rmse_f,tomorrow,3.9728
2026-01-30T07:15:03.098373-05:00,2026-01-29,fl,mae_f,weatherapi,2.1714
2026-01-30T07:15:03.098373-05:00,2026-01-29,fl,rmse_f,weatherapi,2.1804
2026-01-30T07:15:03.098373-05:00,2026-01-29,fl,mae_f,lstm,1.3491
2026-01-30T07:15:03.098373-05:00,2026-01-29,fl,rmse_f,lstm,1.3504
2026-01-30T07:15:03.098373-05:00,2026-01-29,ny,bucket_hit_rate,trade,0.0000
2026-01-30T07:15:03.098373-05:00,2026-01-29,il,bucket_hit_rate,trade,1.0000
2026-01-30T07:15:03.098373-05:00,2026-01-29,tx,bucket_hit_rate,trade,0.0000
2026-01-30T07:15:03.098373-05:00,2026-01-29,fl,bucket_hit_rate,trade,0.0000
2026-01-30T07:15:03.098373-05:00,2026-01-29,ny,realized_pnl_dollars,trade,-26.27
2026-01-30T07:15:03.098373-05:00,2026-01-29,il,realized_pnl_dollars,trade,32.50
2026-01-30T07:15:03.098373-05:00,2026-01-29,tx,realized_pnl_dollars,trade,-7.40
2026-01-30T07:15:03.098373-05:00,2026-01-29,fl,realized_pnl_dollars,trade,-26.04
2026-01-31T03:15:02.743588-05:00,2026-01-30,il,mae_f,consensus,2.1792
2026-01-31T03:15:02.743588-05:00,2026-01-30,il,rmse_f,consensus,2.1792
2026-01-31T03:15:02.743588-05:00,2026-01-30,il,mae_f,open-meteo,1.1000
2026-01-31T03:15:02.743588-05:00,2026-01-30,il,rmse_f,open-meteo,1.1000
2026-01-31T03:15:02.743588-05:00,2026-01-30,il,mae_f,visual-crossing,2.1000
2026-01-31T03:15:02.743588-05:00,2026-01-30,il,rmse_f,visual-crossing,2.1000
2026-01-31T03:15:02.743588-05:00,2026-01-30,il,mae_f,tomorrow,0.9700
2026-01-31T03:15:02.743588-05:00,2026-01-30,il,rmse_f,tomorrow,0.9700
2026-01-31T03:15:02.743588-05:00,2026-01-30,il,mae_f,weatherapi,4.7000
2026-01-31T03:15:02.743588-05:00,2026-01-30,il,rmse_f,weatherapi,4.7000
2026-01-31T03:15:02.743588-05:00,2026-01-30,il,mae_f,lstm,1.4132
2026-01-31T03:15:02.743588-05:00,2026-01-30,il,rmse_f,lstm,1.4132
2026-01-31T03:15:02.743588-05:00,2026-01-30,ny,mae_f,consensus,2.4167
2026-01-31T03:15:02.743588-05:00,2026-01-30,ny,rmse_f,consensus,2.4167
2026-01-31T03:15:02.743588-05:00,2026-01-30,ny,mae_f,open-meteo,0.0000
2026-01-31T03:15:02.743588-05:00,2026-01-30,ny,rmse_f,open-meteo,0.0000
2026-01-31T03:15:02.743588-05:00,2026-01-30,ny,mae_f,visual-crossing,1.0000
2026-01-31T03:15:02.743588-05:00,2026-01-30,ny,rmse_f,visual-crossing,1.0000
2026-01-31T03:15:02.743588-05:00,2026-01-30,ny,mae_f,tomorrow,2.7900
2026-01-31T03:15:02.743588-05:00,2026-01-30,ny,rmse_f,tomorrow,2.7900
2026-01-31T03:15:02.743588-05:00,2026-01-30,ny,mae_f,weatherapi,2.9000
2026-01-31T03:15:02.743588-05:00,2026-01-30,ny,rmse_f,weatherapi,2.9000
2026-01-31T03:15:02.743588-05:00,2026-01-30,il,bucket_hit_rate,trade,0.0000
2026-01-31T03:15:02.743588-05:00,2026-01-30,ny,bucket_hit_rate,trade,0.0000
2026-01-31T03:15:02.743588-05:00,2026-01-30,il,realized_pnl_dollars,trade,-2.15
2026-01-31T03:15:02.743588-05:00,2026-01-30,ny,realized_pnl_dollars,trade,-7.41
2026-01-31T07:15:02.113582-05:00,2026-01-30,il,mae_f,consensus,2.1792
2026-01-31T07:15:02.113582-05:00,2026-01-30,il,rmse_f,consensus,2.1792
2026-01-31T07:15:02.113582-05:00,2026-01-30,il,mae_f,open-meteo,1.1000
2026-01-31T07:15:02.113582-05:00,2026-01-30,il,rmse_f,open-meteo,1.1000
2026-01-31T07:15:02.113582-05:00,2026-01-30,il,mae_f,visual-crossing,2.1000
2026-01-31T07:15:02.113582-05:00,2026-01-30,il,rmse_f,visual-crossing,2.1000
2026-01-31T07:15:02.113582-05:00,2026-01-30,il,mae_f,tomorrow,0.9700
2026-01-31T07:15:02.113582-05:00,2026-01-30,il,rmse_f,tomorrow,0.9700
2026-01-31T07:15:02.113582-05:00,2026-01-30,il,mae_f,weatherapi,4.7000
2026-01-31T07:15:02.113582-05:00,2026-01-30,il,rmse_f,weatherapi,4.7000
2026-01-31T07:15:02.113582-05:00,2026-01-30,il,mae_f,lstm,1.4132
2026-01-31T07:15:02.113582-05:00,2026-01-30,il,rmse_f,lstm,1.4132
2026-01-31T07:15:02.113582-05:00,2026-01-30,ny,mae_f,consensus,2.4167
2026-01-31T07:15:02.113582-05:00,2026-01-30,ny,rmse_f,consensus,2.4167
2026-01-31T07:15:02.113582-05:00,2026-01-30,ny,mae_f,open-meteo,0.0000
2026-01-31T07:15:02.113582-05:00,2026-01-30,ny,rmse_f,open-meteo,0.0000
2026-01-31T07:15:02.113582-05:00,2026-01-30,ny,mae_f,visual-crossing,1.0000
2026-01-31T07:15:02.113582-05:00,2026-01-30,ny,rmse_f,visual-crossing,1.0000
2026-01-31T07:15:02.113582-05:00,2026-01-30,ny,mae_f,tomorrow,2.7900
2026-01-31T07:15:02.113582-05:00,2026-01-30,ny,rmse_f,tomorrow,2.7900
2026-01-31T07:15:02.113582-05:00,2026-01-30,ny,mae_f,weatherapi,2.9000
2026-01-31T07:15:02.113582-05:00,2026-01-30,ny,rmse_f,weatherapi,2.9000
2026-01-31T07:15:02.113582-05:00,2026-01-30,il,bucket_hit_rate,trade,0.0000
2026-01-31T07:15:02.113582-05:00,2026-01-30,ny,bucket_hit_rate,trade,0.0000
2026-01-31T07:15:02.113582-05:00,2026-01-30,il,realized_pnl_dollars,trade,-2.15
2026-01-31T07:15:02.113582-05:00,2026-01-30,ny,realized_pnl_dollars,trade,-7.41
2026-02-01T03:15:18.875763-05:00,2026-01-31,il,mae_f,consensus,2.0365
2026-02-01T03:15:18.875763-05:00,2026-01-31,il,rmse_f,consensus,2.0365
2026-02-01T03:15:18.875763-05:00,2026-01-31,il,mae_f,open-meteo,1.8000
2026-02-01T03:15:18.875763-05:00,2026-01-31,il,rmse_f,open-meteo,1.8000
2026-02-01T03:15:18.875763-05:00,2026-01-31,il,mae_f,visual-crossing,1.9000
2026-02-01T03:15:18.875763-05:00,2026-01-31,il,rmse_f,visual-crossing,1.9000
2026-02-01T03:15:18.875763-05:00,2026-01-31,il,mae_f,tomorrow,1.8000
2026-02-01T03:15:18.875763-05:00,2026-01-31,il,rmse_f,tomorrow,1.8000
2026-02-01T03:15:18.875763-05:00,2026-01-31,il,mae_f,weatherapi,1.5000
2026-02-01T03:15:18.875763-05:00,2026-01-31,il,rmse_f,weatherapi,1.5000
2026-02-01T03:15:18.875763-05:00,2026-01-31,il,bucket_hit_rate,trade,0.0000
2026-02-01T03:15:18.875763-05:00,2026-01-31,il,realized_pnl_dollars,trade,-7.42
2026-02-01T07:15:02.242794-05:00,2026-01-31,il,mae_f,consensus,2.0365
2026-02-01T07:15:02.242794-05:00,2026-01-31,il,rmse_f,consensus,2.0365
2026-02-01T07:15:02.242794-05:00,2026-01-31,il,mae_f,open-meteo,1.8000
2026-02-01T07:15:02.242794-05:00,2026-01-31,il,rmse_f,open-meteo,1.8000
2026-02-01T07:15:02.242794-05:00,2026-01-31,il,mae_f,visual-crossing,1.9000
2026-02-01T07:15:02.242794-05:00,2026-01-31,il,rmse_f,visual-crossing,1.9000
2026-02-01T07:15:02.242794-05:00,2026-01-31,il,mae_f,tomorrow,1.8000
2026-02-01T07:15:02.242794-05:00,2026-01-31,il,rmse_f,tomorrow,1.8000
2026-02-01T07:15:02.242794-05:00,2026-01-31,il,mae_f,weatherapi,1.5000
2026-02-01T07:15:02.242794-05:00,2026-01-31,il,rmse_f,weatherapi,1.5000
2026-02-01T07:15:02.242794-05:00,2026-01-31,fl,mae_f,consensus,2.8307
2026-02-01T07:15:02.242794-05:00,2026-01-31,fl,rmse_f,consensus,2.8307
2026-02-01T07:15:02.242794-05:00,2026-01-31,fl,mae_f,open-meteo,2.4000
2026-02-01T07:15:02.242794-05:00,2026-01-31,fl,rmse_f,open-meteo,2.4000
2026-02-01T07:15:02.242794-05:00,2026-01-31,fl,mae_f,visual-crossing,2.0000
2026-02-01T07:15:02.242794-05:00,2026-01-31,fl,rmse_f,visual-crossing,2.0000
2026-02-01T07:15:02.242794-05:00,2026-01-31,fl,mae_f,tomorrow,2.4700
2026-02-01T07:15:02.242794-05:00,2026-01-31,fl,rmse_f,tomorrow,2.4700
2026-02-01T07:15:02.242794-05:00,2026-01-31,fl,mae_f,weatherapi,3.3000
2026-02-01T07:15:02.242794-05:00,2026-01-31,fl,rmse_f,weatherapi,3.3000
2026-02-01T07:15:02.242794-05:00,2026-01-31,il,bucket_hit_rate,trade,0.0000
2026-02-01T07:15:02.242794-05:00,2026-01-31,fl,bucket_hit_rate,trade,0.0000
2026-02-01T07:15:02.242794-05:00,2026-01-31,il,realized_pnl_dollars,trade,-7.42
2026-02-01T07:15:02.242794-05:00,2026-01-31,fl,realized_pnl_dollars,trade,-7.29
2026-02-02T03:15:02.712462-05:00,2026-02-01,ny,mae_f,consensus,0.6758
2026-02-02T03:15:02.712462-05:00,2026-02-01,ny,rmse_f,consensus,0.6831
2026-02-02T03:15:02.712462-05:00,2026-02-01,ny,mae_f,open-meteo,0.7500
2026-02-02T03:15:02.712462-05:00,2026-02-01,ny,rmse_f,open-meteo,0.7906
2026-02-02T03:15:02.712462-05:00,2026-02-01,ny,mae_f,visual-crossing,0.5500
2026-02-02T03:15:02.712462-05:00,2026-02-01,ny,rmse_f,visual-crossing,0.7778
2026-02-02T03:15:02.712462-05:00,2026-02-01,ny,mae_f,tomorrow,1.0900
2026-02-02T03:15:02.712462-05:00,2026-02-01,ny,rmse_f,tomorrow,1.1718
2026-02-02T03:15:02.712462-05:00,2026-02-01,ny,mae_f,weatherapi,1.9000
2026-02-02T03:15:02.712462-05:00,2026-02-01,ny,rmse_f,weatherapi,2.0248
2026-02-02T03:15:02.712462-05:00,2026-02-01,ny,mae_f,lstm,2.1525
2026-02-02T03:15:02.712462-05:00,2026-02-01,ny,rmse_f,lstm,2.1525
2026-02-02T03:15:02.712462-05:00,2026-02-01,ny,bucket_hit_rate,trade,0.0000
2026-02-02T03:15:02.712462-05:00,2026-02-01,ny,realized_pnl_dollars,trade,-9.54
2026-02-02T07:15:01.308059-05:00,2026-02-01,ny,mae_f,consensus,0.6758
2026-02-02T07:15:01.308059-05:00,2026-02-01,ny,rmse_f,consensus,0.6831
2026-02-02T07:15:01.308059-05:00,2026-02-01,ny,mae_f,open-meteo,0.7500
2026-02-02T07:15:01.308059-05:00,2026-02-01,ny,rmse_f,open-meteo,0.7906
2026-02-02T07:15:01.308059-05:00,2026-02-01,ny,mae_f,visual-crossing,0.5500
2026-02-02T07:15:01.308059-05:00,2026-02-01,ny,rmse_f,visual-crossing,0.7778
2026-02-02T07:15:01.308059-05:00,2026-02-01,ny,mae_f,tomorrow,1.0900
2026-02-02T07:15:01.308059-05:00,2026-02-01,ny,rmse_f,tomorrow,1.1718
2026-02-02T07:15:01.308059-05:00,2026-02-01,ny,mae_f,weatherapi,1.9000
2026-02-02T07:15:01.308059-05:00,2026-02-01,ny,rmse_f,weatherapi,2.0248
2026-02-02T07:15:01.308059-05:00,2026-02-01,ny,mae_f,lstm,2.1525
2026-02-02T07:15:01.308059-05:00,2026-02-01,ny,rmse_f,lstm,2.1525
2026-02-02T07:15:01.308059-05:00,2026-02-01,ny,bucket_hit_rate,trade,0.0000
2026-02-02T07:15:01.308059-05:00,2026-02-01,ny,realized_pnl_dollars,trade,-9.54
2026-02-03T03:15:02.532442-05:00,2026-02-02,ny,mae_f,consensus,4.8611
2026-02-03T03:15:02.532442-05:00,2026-02-02,ny,rmse_f,consensus,4.8611
2026-02-03T03:15:02.532442-05:00,2026-02-02,ny,mae_f,open-meteo,4.3000
2026-02-03T03:15:02.532442-05:00,2026-02-02,ny,rmse_f,open-meteo,4.3000
2026-02-03T03:15:02.532442-05:00,2026-02-02,ny,mae_f,visual-crossing,5.1000
2026-02-03T03:15:02.532442-05:00,2026-02-02,ny,rmse_f,visual-crossing,5.1000
2026-02-03T03:15:02.532442-05:00,2026-02-02,ny,mae_f,tomorrow,4.5700
2026-02-03T03:15:02.532442-05:00,2026-02-02,ny,rmse_f,tomorrow,4.5700
2026-02-03T03:15:02.532442-05:00,2026-02-02,ny,mae_f,weatherapi,3.7000
2026-02-03T03:15:02.532442-05:00,2026-02-02,ny,rmse_f,weatherapi,3.7000
2026-02-03T03:15:02.532442-05:00,2026-02-02,il,mae_f,consensus,0.7183
2026-02-03T03:15:02.532442-05:00,2026-02-02,il,rmse_f,consensus,0.7183
2026-02-03T03:15:02.532442-05:00,2026-02-02,il,mae_f,open-meteo,0.3000
2026-02-03T03:15:02.532442-05:00,2026-02-02,il,rmse_f,open-meteo,0.3000
2026-02-03T03:15:02.532442-05:00,2026-02-02,il,mae_f,visual-crossing,0.9000
2026-02-03T03:15:02.532442-05:00,2026-02-02,il,rmse_f,visual-crossing,0.9000
2026-02-03T03:15:02.532442-05:00,2026-02-02,il,mae_f,tomorrow,0.7500
2026-02-03T03:15:02.532442-05:00,2026-02-02,il,rmse_f,tomorrow,0.7500
2026-02-03T03:15:02.532442-05:00,2026-02-02,il,mae_f,weatherapi,1.3000
2026-02-03T03:15:02.532442-05:00,2026-02-02,il,rmse_f,weatherapi,1.3000
2026-02-03T03:15:02.532442-05:00,2026-02-02,ny,bucket_hit_rate,trade,0.0000
2026-02-03T03:15:02.532442-05:00,2026-02-02,il,bucket_hit_rate,trade,1.0000
2026-02-03T03:15:02.532442-05:00,2026-02-02,ny,realized_pnl_dollars,trade,-5.58
2026-02-03T03:15:02.532442-05:00,2026-02-02,il,realized_pnl_dollars,trade,0.00
2026-02-03T07:15:01.423151-05:00,2026-02-02,ny,mae_f,consensus,4.8611
2026-02-03T07:15:01.423151-05:00,2026-02-02,ny,rmse_f,consensus,4.8611
2026-02-03T07:15:01.423151-05:00,2026-02-02,ny,mae_f,open-meteo,4.3000
2026-02-03T07:15:01.423151-05:00,2026-02-02,ny,rmse_f,open-meteo,4.3000
2026-02-03T07:15:01.423151-05:00,2026-02-02,ny,mae_f,visual-crossing,5.1000
2026-02-03T07:15:01.423151-05:00,2026-02-02,ny,rmse_f,visual-crossing,5.1000
2026-02-03T07:15:01.423151-05:00,2026-02-02,ny,mae_f,tomorrow,4.5700
2026-02-03T07:15:01.423151-05:00,2026-02-02,ny,rmse_f,tomorrow,4.5700
2026-02-03T07:15:01.423151-05:00,2026-02-02,ny,mae_f,weatherapi,3.7000
2026-02-03T07:15:01.423151-05:00,2026-02-02,ny,rmse_f,weatherapi,3.7000
2026-02-03T07:15:01.423151-05:00,2026-02-02,il,mae_f,consensus,0.7183
2026-02-03T07:15:01.423151-05:00,2026-02-02,il,rmse_f,consensus,0.7183
2026-02-03T07:15:01.423151-05:00,2026-02-02,il,mae_f,open-meteo,0.3000
2026-02-03T07:15:01.423151-05:00,2026-02-02,il,rmse_f,open-meteo,0.3000
2026-02-03T07:15:01.423151-05:00,2026-02-02,il,mae_f,visual-crossing,0.9000
2026-02-03T07:15:01.423151-05:00,2026-02-02,il,rmse_f,visual-crossing,0.9000
2026-02-03T07:15:01.423151-05:00,2026-02-02,il,mae_f,tomorrow,0.7500
2026-02-03T07:15:01.423151-05:00,2026-02-02,il,rmse_f,tomorrow,0.7500
2026-02-03T07:15:01.423151-05:00,2026-02-02,il,mae_f,weatherapi,1.3000
2026-02-03T07:15:01.423151-05:00,2026-02-02,il,rmse_f,weatherapi,1.3000
2026-02-03T07:15:01.423151-05:00,2026-02-02,ny,bucket_hit_rate,trade,0.0000
2026-02-03T07:15:01.423151-05:00,2026-02-02,il,bucket_hit_rate,trade,1.0000
2026-02-03T07:15:01.423151-05:00,2026-02-02,ny,realized_pnl_dollars,trade,-5.58
2026-02-03T07:15:01.423151-05:00,2026-02-02,il,realized_pnl_dollars,trade,0.00
2026-02-05T03:15:02.809667-05:00,2026-02-04,il,mae_f,consensus,0.6629
2026-02-05T03:15:02.809667-05:00,2026-02-04,il,rmse_f,consensus,0.6629
2026-02-05T03:15:02.809667-05:00,2026-02-04,il,mae_f,open-meteo,0.5000
2026-02-05T03:15:02.809667-05:00,2026-02-04,il,rmse_f,open-meteo,0.5000
2026-02-05T03:15:02.809667-05:00,2026-02-04,il,mae_f,visual-crossing,1.0000
2026-02-05T03:15:02.809667-05:00,2026-02-04,il,rmse_f,visual-crossing,1.0000
2026-02-05T03:15:02.809667-05:00,2026-02-04,il,mae_f,tomorrow,0.4200
2026-02-05T03:15:02.809667-05:00,2026-02-04,il,rmse_f,tomorrow,0.4200
2026-02-05T03:15:02.809667-05:00,2026-02-04,il,mae_f,weatherapi,0.4000
2026-02-05T03:15:02.809667-05:00,2026-02-04,il,rmse_f,weatherapi,0.4000
2026-02-05T03:15:02.809667-05:00,2026-02-04,il,bucket_hit_rate,trade,0.0000
2026-02-05T03:15:02.809667-05:00,2026-02-04,il,realized_pnl_dollars,trade,-5.84
2026-02-05T07:15:02.013819-05:00,2026-02-04,il,mae_f,consensus,0.6629
2026-02-05T07:15:02.013819-05:00,2026-02-04,il,rmse_f,consensus,0.6629
2026-02-05T07:15:02.013819-05:00,2026-02-04,il,mae_f,open-meteo,0.5000
2026-02-05T07:15:02.013819-05:00,2026-02-04,il,rmse_f,open-meteo,0.5000
2026-02-05T07:15:02.013819-05:00,2026-02-04,il,mae_f,visual-crossing,1.0000
2026-02-05T07:15:02.013819-05:00,2026-02-04,il,rmse_f,visual-crossing,1.0000
2026-02-05T07:15:02.013819-05:00,2026-02-04,il,mae_f,tomorrow,0.4200
2026-02-05T07:15:02.013819-05:00,2026-02-04,il,rmse_f,tomorrow,0.4200
2026-02-05T07:15:02.013819-05:00,2026-02-04,il,mae_f,weatherapi,0.4000
2026-02-05T07:15:02.013819-05:00,2026-02-04,il,rmse_f,weatherapi,0.4000
2026-02-05T07:15:02.013819-05:00,2026-02-04,il,bucket_hit_rate,trade,0.0000
2026-02-05T07:15:02.013819-05:00,2026-02-04,il,realized_pnl_dollars,trade,-5.84
2026-02-06T03:15:03.652040-05:00,2026-02-05,il,mae_f,consensus,0.8758
2026-02-06T03:15:03.652040-05:00,2026-02-05,il,rmse_f,consensus,0.8758
2026-02-06T03:15:03.652040-05:00,2026-02-05,il,mae_f,open-meteo,1.7000
2026-02-06T03:15:03.652040-05:00,2026-02-05,il,rmse_f,open-meteo,1.7000
2026-02-06T03:15:03.652040-05:00,2026-02-05,il,mae_f,visual-crossing,0.1000
2026-02-06T03:15:03.652040-05:00,2026-02-05,il,rmse_f,visual-crossing,0.1000
2026-02-06T03:15:03.652040-05:00,2026-02-05,il,mae_f,tomorrow,0.5400
2026-02-06T03:15:03.652040-05:00,2026-02-05,il,rmse_f,tomorrow,0.5400
2026-02-06T03:15:03.652040-05:00,2026-02-05,il,mae_f,weatherapi,3.2000
2026-02-06T03:15:03.652040-05:00,2026-02-05,il,rmse_f,weatherapi,3.2000
2026-02-06T03:15:03.652040-05:00,2026-02-05,il,bucket_hit_rate,trade,1.0000
2026-02-06T03:15:03.652040-05:00,2026-02-05,il,realized_pnl_dollars,trade,2.52
2026-02-06T07:15:03.212862-05:00,2026-02-05,il,mae_f,consensus,0.8758
2026-02-06T07:15:03.212862-05:00,2026-02-05,il,rmse_f,consensus,0.8758
2026-02-06T07:15:03.212862-05:00,2026-02-05,il,mae_f,open-meteo,1.7000
2026-02-06T07:15:03.212862-05:00,2026-02-05,il,rmse_f,open-meteo,1.7000
2026-02-06T07:15:03.212862-05:00,2026-02-05,il,mae_f,visual-crossing,0.1000
2026-02-06T07:15:03.212862-05:00,2026-02-05,il,rmse_f,visual-crossing,0.1000
2026-02-06T07:15:03.212862-05:00,2026-02-05,il,mae_f,tomorrow,0.5400
2026-02-06T07:15:03.212862-05:00,2026-02-05,il,rmse_f,tomorrow,0.5400
2026-02-06T07:15:03.212862-05:00,2026-02-05,il,mae_f,weatherapi,3.2000
2026-02-06T07:15:03.212862-05:00,2026-02-05,il,rmse_f,weatherapi,3.2000
2026-02-06T07:15:03.212862-05:00,2026-02-05,il,bucket_hit_rate,trade,1.0000
2026-02-06T07:15:03.212862-05:00,2026-02-05,il,realized_pnl_dollars,trade,2.52
2026-02-07T03:15:02.261097-05:00,2026-02-06,il,mae_f,consensus,0.1793
2026-02-07T03:15:02.261097-05:00,2026-02-06,il,rmse_f,consensus,0.1793
2026-02-07T03:15:02.261097-05:00,2026-02-06,il,mae_f,open-meteo,0.8000
2026-02-07T03:15:02.261097-05:00,2026-02-06,il,rmse_f,open-meteo,0.8000
2026-02-07T03:15:02.261097-05:00,2026-02-06,il,mae_f,visual-crossing,1.9000
2026-02-07T03:15:02.261097-05:00,2026-02-06,il,rmse_f,visual-crossing,1.9000
2026-02-07T03:15:02.261097-05:00,2026-02-06,il,mae_f,tomorrow,0.5300
2026-02-07T03:15:02.261097-05:00,2026-02-06,il,rmse_f,tomorrow,0.5300
2026-02-07T03:15:02.261097-05:00,2026-02-06,il,mae_f,weatherapi,1.0000
2026-02-07T03:15:02.261097-05:00,2026-02-06,il,rmse_f,weatherapi,1.0000
2026-02-07T03:15:02.261097-05:00,2026-02-06,il,bucket_hit_rate,trade,1.0000
2026-02-07T03:15:02.261097-05:00,2026-02-06,il,realized_pnl_dollars,trade,0.66
2026-02-07T07:15:01.916477-05:00,2026-02-06,il,mae_f,consensus,0.1793
2026-02-07T07:15:01.916477-05:00,2026-02-06,il,rmse_f,consensus,0.1793
2026-02-07T07:15:01.916477-05:00,2026-02-06,il,mae_f,open-meteo,0.8000
2026-02-07T07:15:01.916477-05:00,2026-02-06,il,rmse_f,open-meteo,0.8000
2026-02-07T07:15:01.916477-05:00,2026-02-06,il,mae_f,visual-crossing,1.9000
2026-02-07T07:15:01.916477-05:00,2026-02-06,il,rmse_f,visual-crossing,1.9000
2026-02-07T07:15:01.916477-05:00,2026-02-06,il,mae_f,tomorrow,0.5300
2026-02-07T07:15:01.916477-05:00,2026-02-06,il,rmse_f,tomorrow,0.5300
2026-02-07T07:15:01.916477-05:00,2026-02-06,il,mae_f,weatherapi,1.0000
2026-02-07T07:15:01.916477-05:00,2026-02-06,il,rmse_f,weatherapi,1.0000
2026-02-07T07:15:01.916477-05:00,2026-02-06,il,bucket_hit_rate,trade,1.0000
2026-02-07T07:15:01.916477-05:00,2026-02-06,il,realized_pnl_dollars,trade,0.66
2026-02-09T03:15:19.252818-05:00,2026-02-08,il,mae_f,consensus,0.9845
2026-02-09T03:15:19.252818-05:00,2026-02-08,il,rmse_f,consensus,0.9845
2026-02-09T03:15:19.252818-05:00,2026-02-08,il,mae_f,open-meteo,1.4000
2026-02-09T03:15:19.252818-05:00,2026-02-08,il,rmse_f,open-meteo,1.4000
2026-02-09T03:15:19.252818-05:00,2026-02-08,il,mae_f,visual-crossing,1.0000
2026-02-09T03:15:19.252818-05:00,2026-02-08,il,rmse_f,visual-crossing,1.0000
2026-02-09T03:15:19.252818-05:00,2026-02-08,il,mae_f,tomorrow,1.0600
2026-02-09T03:15:19.252818-05:00,2026-02-08,il,rmse_f,tomorrow,1.0600
2026-02-09T03:15:19.252818-05:00,2026-02-08,il,mae_f,weatherapi,0.6000
2026-02-09T03:15:19.252818-05:00,2026-02-08,il,rmse_f,weatherapi,0.6000
2026-02-09T03:15:19.252818-05:00,2026-02-08,il,bucket_hit_rate,trade,1.0000
2026-02-09T03:15:19.252818-05:00,2026-02-08,il,realized_pnl_dollars,trade,3.24
2026-02-09T07:15:02.557961-05:00,2026-02-08,il,mae_f,consensus,0.9845
2026-02-09T07:15:02.557961-05:00,2026-02-08,il,rmse_f,consensus,0.9845
2026-02-09T07:15:02.557961-05:00,2026-02-08,il,mae_f,open-meteo,1.4000
2026-02-09T07:15:02.557961-05:00,2026-02-08,il,rmse_f,open-meteo,1.4000
2026-02-09T07:15:02.557961-05:00,2026-02-08,il,mae_f,visual-crossing,1.0000
2026-02-09T07:15:02.557961-05:00,2026-02-08,il,rmse_f,visual-crossing,1.0000
2026-02-09T07:15:02.557961-05:00,2026-02-08,il,mae_f,tomorrow,1.0600
2026-02-09T07:15:02.557961-05:00,2026-02-08,il,rmse_f,tomorrow,1.0600
2026-02-09T07:15:02.557961-05:00,2026-02-08,il,mae_f,weatherapi,0.6000
2026-02-09T07:15:02.557961-05:00,2026-02-08,il,rmse_f,weatherapi,0.6000
2026-02-09T07:15:02.557961-05:00,2026-02-08,tx,mae_f,consensus,1.5129
2026-02-09T07:15:02.557961-05:00,2026-02-08,tx,rmse_f,consensus,1.5129
2026-02-09T07:15:02.557961-05:00,2026-02-08,tx,mae_f,open-meteo,1.4000
2026-02-09T07:15:02.557961-05:00,2026-02-08,tx,rmse_f,open-meteo,1.4000
2026-02-09T07:15:02.557961-05:00,2026-02-08,tx,mae_f,visual-crossing,0.9000
2026-02-09T07:15:02.557961-05:00,2026-02-08,tx,rmse_f,visual-crossing,0.9000
2026-02-09T07:15:02.557961-05:00,2026-02-08,tx,mae_f,tomorrow,3.0200
2026-02-09T07:15:02.557961-05:00,2026-02-08,tx,rmse_f,tomorrow,3.0200
2026-02-09T07:15:02.557961-05:00,2026-02-08,tx,mae_f,weatherapi,2.8000
2026-02-09T07:15:02.557961-05:00,2026-02-08,tx,rmse_f,weatherapi,2.8000
2026-02-09T07:15:02.557961-05:00,2026-02-08,il,bucket_hit_rate,trade,1.0000
2026-02-09T07:15:02.557961-05:00,2026-02-08,tx,bucket_hit_rate,trade,0.0000
2026-02-09T07:15:02.557961-05:00,2026-02-08,il,realized_pnl_dollars,trade,3.24
2026-02-09T07:15:02.557961-05:00,2026-02-08,tx,realized_pnl_dollars,trade,-6.16
2026-02-10T03:15:17.292697-05:00,2026-02-09,il,mae_f,consensus,0.2176
2026-02-10T03:15:17.292697-05:00,2026-02-09,il,rmse_f,consensus,0.2176
2026-02-10T03:15:17.292697-05:00,2026-02-09,il,mae_f,open-meteo,1.4000
2026-02-10T03:15:17.292697-05:00,2026-02-09,il,rmse_f,open-meteo,1.4000
2026-02-10T03:15:17.292697-05:00,2026-02-09,il,mae_f,visual-crossing,1.1000
2026-02-10T03:15:17.292697-05:00,2026-02-09,il,rmse_f,visual-crossing,1.1000
2026-02-10T03:15:17.292697-05:00,2026-02-09,il,mae_f,tomorrow,1.4900
2026-02-10T03:15:17.292697-05:00,2026-02-09,il,rmse_f,tomorrow,1.4900
2026-02-10T03:15:17.292697-05:00,2026-02-09,il,mae_f,weatherapi,8.0000
2026-02-10T03:15:17.292697-05:00,2026-02-09,il,rmse_f,weatherapi,8.0000
2026-02-10T03:15:17.292697-05:00,2026-02-09,il,bucket_hit_rate,trade,1.0000
2026-02-10T03:15:17.292697-05:00,2026-02-09,il,realized_pnl_dollars,trade,8.80
2026-02-10T07:15:02.583672-05:00,2026-02-09,il,mae_f,consensus,0.2176
2026-02-10T07:15:02.583672-05:00,2026-02-09,il,rmse_f,consensus,0.2176
2026-02-10T07:15:02.583672-05:00,2026-02-09,il,mae_f,open-meteo,1.4000
2026-02-10T07:15:02.583672-05:00,2026-02-09,il,rmse_f,open-meteo,1.4000
2026-02-10T07:15:02.583672-05:00,2026-02-09,il,mae_f,visual-crossing,1.1000
2026-02-10T07:15:02.583672-05:00,2026-02-09,il,rmse_f,visual-crossing,1.1000
2026-02-10T07:15:02.583672-05:00,2026-02-09,il,mae_f,tomorrow,1.4900
2026-02-10T07:15:02.583672-05:00,2026-02-09,il,rmse_f,tomorrow,1.4900
2026-02-10T07:15:02.583672-05:00,2026-02-09,il,mae_f,weatherapi,8.0000
2026-02-10T07:15:02.583672-05:00,2026-02-09,il,rmse_f,weatherapi,8.0000
2026-02-10T07:15:02.583672-05:00,2026-02-09,tx,mae_f,consensus,2.3786
2026-02-10T07:15:02.583672-05:00,2026-02-09,tx,rmse_f,consensus,2.3786
2026-02-10T07:15:02.583672-05:00,2026-02-09,tx,mae_f,open-meteo,2.1000
2026-02-10T07:15:02.583672-05:00,2026-02-09,tx,rmse_f,open-meteo,2.1000
2026-02-10T07:15:02.583672-05:00,2026-02-09,tx,mae_f,visual-crossing,1.1000
2026-02-10T07:15:02.583672-05:00,2026-02-09,tx,rmse_f,visual-crossing,1.1000
2026-02-10T07:15:02.583672-05:00,2026-02-09,tx,mae_f,tomorrow,2.6500
2026-02-10T07:15:02.583672-05:00,2026-02-09,tx,rmse_f,tomorrow,2.6500
2026-02-10T07:15:02.583672-05:00,2026-02-09,tx,mae_f,weatherapi,2.8000
2026-02-10T07:15:02.583672-05:00,2026-02-09,tx,rmse_f,weatherapi,2.8000
2026-02-10T07:15:02.583672-05:00,2026-02-09,il,bucket_hit_rate,trade,1.0000
2026-02-10T07:15:02.583672-05:00,2026-02-09,tx,bucket_hit_rate,trade,0.0000
2026-02-10T07:15:02.583672-05:00,2026-02-09,il,realized_pnl_dollars,trade,8.80
2026-02-10T07:15:02.583672-05:00,2026-02-09,tx,realized_pnl_dollars,trade,-1.14
2026-02-19T03:15:02.086484-05:00,2026-02-18,tx,mae_f,consensus,4.8360
2026-02-19T03:15:02.086484-05:00,2026-02-18,tx,rmse_f,consensus,4.8360
2026-02-19T03:15:02.086484-05:00,2026-02-18,tx,mae_f,open-meteo,3.1000
2026-02-19T03:15:02.086484-05:00,2026-02-18,tx,rmse_f,open-meteo,3.1000
2026-02-19T03:15:02.086484-05:00,2026-02-18,tx,mae_f,visual-crossing,6.0000
2026-02-19T03:15:02.086484-05:00,2026-02-18,tx,rmse_f,visual-crossing,6.0000
2026-02-19T03:15:02.086484-05:00,2026-02-18,tx,mae_f,tomorrow,1.9300
2026-02-19T03:15:02.086484-05:00,2026-02-18,tx,rmse_f,tomorrow,1.9300
2026-02-19T03:15:02.086484-05:00,2026-02-18,tx,mae_f,weatherapi,7.7000
2026-02-19T03:15:02.086484-05:00,2026-02-18,tx,rmse_f,weatherapi,7.7000
2026-02-19T03:15:02.086484-05:00,2026-02-18,tx,bucket_hit_rate,trade,0.0000
2026-02-19T03:15:02.086484-05:00,2026-02-18,tx,realized_pnl_dollars,trade,-4.30
2026-02-19T07:15:02.331961-05:00,2026-02-18,tx,mae_f,consensus,4.8360
2026-02-19T07:15:02.331961-05:00,2026-02-18,tx,rmse_f,consensus,4.8360
2026-02-19T07:15:02.331961-05:00,2026-02-18,tx,mae_f,open-meteo,3.1000
2026-02-19T07:15:02.331961-05:00,2026-02-18,tx,rmse_f,open-meteo,3.1000
2026-02-19T07:15:02.331961-05:00,2026-02-18,tx,mae_f,visual-crossing,6.0000
2026-02-19T07:15:02.331961-05:00,2026-02-18,tx,rmse_f,visual-crossing,6.0000
2026-02-19T07:15:02.331961-05:00,2026-02-18,tx,mae_f,tomorrow,1.9300
2026-02-19T07:15:02.331961-05:00,2026-02-18,tx,rmse_f,tomorrow,1.9300
2026-02-19T07:15:02.331961-05:00,2026-02-18,tx,mae_f,weatherapi,7.7000
2026-02-19T07:15:02.331961-05:00,2026-02-18,tx,rmse_f,weatherapi,7.7000
2026-02-19T07:15:02.331961-05:00,2026-02-18,tx,bucket_hit_rate,trade,0.0000
2026-02-19T07:15:02.331961-05:00,2026-02-18,tx,realized_pnl_dollars,trade,-4.30
2026-02-22T03:15:18.710989-05:00,2026-02-21,ny,mae_f,consensus,0.8206
2026-02-22T03:15:18.710989-05:00,2026-02-21,ny,rmse_f,consensus,0.8206
2026-02-22T03:15:18.710989-05:00,2026-02-21,ny,mae_f,open-meteo,1.1000
2026-02-22T03:15:18.710989-05:00,2026-02-21,ny,rmse_f,open-meteo,1.1000
2026-02-22T03:15:18.710989-05:00,2026-02-21,ny,mae_f,visual-crossing,0.1000
2026-02-22T03:15:18.710989-05:00,2026-02-21,ny,rmse_f,visual-crossing,0.1000
2026-02-22T03:15:18.710989-05:00,2026-02-21,ny,mae_f,tomorrow,1.3100
2026-02-22T03:15:18.710989-05:00,2026-02-21,ny,rmse_f,tomorrow,1.3100
2026-02-22T03:15:18.710989-05:00,2026-02-21,ny,mae_f,weatherapi,1.2000
2026-02-22T03:15:18.710989-05:00,2026-02-21,ny,rmse_f,weatherapi,1.2000
2026-02-22T03:15:18.710989-05:00,2026-02-21,ny,mae_f,lstm,19.8475
2026-02-22T03:15:18.710989-05:00,2026-02-21,ny,rmse_f,lstm,19.8475
2026-02-22T03:15:18.710989-05:00,2026-02-21,il,mae_f,consensus,4.2431
2026-02-22T03:15:18.710989-05:00,2026-02-21,il,rmse_f,consensus,4.2431
2026-02-22T03:15:18.710989-05:00,2026-02-21,il,mae_f,open-meteo,3.1000
2026-02-22T03:15:18.710989-05:00,2026-02-21,il,rmse_f,open-meteo,3.1000
2026-02-22T03:15:18.710989-05:00,2026-02-21,il,mae_f,visual-crossing,5.1000
2026-02-22T03:15:18.710989-05:00,2026-02-21,il,rmse_f,visual-crossing,5.1000
2026-02-22T03:15:18.710989-05:00,2026-02-21,il,mae_f,tomorrow,2.3500
2026-02-22T03:15:18.710989-05:00,2026-02-21,il,rmse_f,tomorrow,2.3500
2026-02-22T03:15:18.710989-05:00,2026-02-21,il,mae_f,weatherapi,3.9000
2026-02-22T03:15:18.710989-05:00,2026-02-21,il,rmse_f,weatherapi,3.9000
2026-02-22T03:15:18.710989-05:00,2026-02-21,il,mae_f,lstm,4.6200
2026-02-22T03:15:18.710989-05:00,2026-02-21,il,rmse_f,lstm,4.6200
2026-02-22T03:15:18.710989-05:00,2026-02-21,ny,bucket_hit_rate,trade,1.0000
2026-02-22T03:15:18.710989-05:00,2026-02-21,il,bucket_hit_rate,trade,1.0000
2026-02-22T03:15:18.710989-05:00,2026-02-21,ny,realized_pnl_dollars,trade,0.56
2026-02-22T03:15:18.710989-05:00,2026-02-21,il,realized_pnl_dollars,trade,0.06
2026-02-22T07:15:02.207849-05:00,2026-02-21,ny,mae_f,consensus,0.8206
2026-02-22T07:15:02.207849-05:00,2026-02-21,ny,rmse_f,consensus,0.8206
2026-02-22T07:15:02.207849-05:00,2026-02-21,ny,mae_f,open-meteo,1.1000
2026-02-22T07:15:02.207849-05:00,2026-02-21,ny,rmse_f,open-meteo,1.1000
2026-02-22T07:15:02.207849-05:00,2026-02-21,ny,mae_f,visual-crossing,0.1000
2026-02-22T07:15:02.207849-05:00,2026-02-21,ny,rmse_f,visual-crossing,0.1000
2026-02-22T07:15:02.207849-05:00,2026-02-21,ny,mae_f,tomorrow,1.3100
2026-02-22T07:15:02.207849-05:00,2026-02-21,ny,rmse_f,tomorrow,1.3100
2026-02-22T07:15:02.207849-05:00,2026-02-21,ny,mae_f,weatherapi,1.2000
2026-02-22T07:15:02.207849-05:00,2026-02-21,ny,rmse_f,weatherapi,1.2000
2026-02-22T07:15:02.207849-05:00,2026-02-21,ny,mae_f,lstm,19.8475
2026-02-22T07:15:02.207849-05:00,2026-02-21,ny,rmse_f,lstm,19.8475
2026-02-22T07:15:02.207849-05:00,2026-02-21,il,mae_f,consensus,4.2431
2026-02-22T07:15:02.207849-05:00,2026-02-21,il,rmse_f,consensus,4.2431
2026-02-22T07:15:02.207849-05:00,2026-02-21,il,mae_f,open-meteo,3.1000
2026-02-22T07:15:02.207849-05:00,2026-02-21,il,rmse_f,open-meteo,3.1000
2026-02-22T07:15:02.207849-05:00,2026-02-21,il,mae_f,visual-crossing,5.1000
2026-02-22T07:15:02.207849-05:00,2026-02-21,il,rmse_f,visual-crossing,5.1000
2026-02-22T07:15:02.207849-05:00,2026-02-21,il,mae_f,tomorrow,2.3500
2026-02-22T07:15:02.207849-05:00,2026-02-21,il,rmse_f,tomorrow,2.3500
2026-02-22T07:15:02.207849-05:00,2026-02-21,il,mae_f,weatherapi,3.9000
2026-02-22T07:15:02.207849-05:00,2026-02-21,il,rmse_f,weatherapi,3.9000
2026-02-22T07:15:02.207849-05:00,2026-02-21,il,mae_f,lstm,4.6200
2026-02-22T07:15:02.207849-05:00,2026-02-21,il,rmse_f,lstm,4.6200
2026-02-22T07:15:02.207849-05:00,2026-02-21,tx,mae_f,consensus,0.9166
2026-02-22T07:15:02.207849-05:00,2026-02-21,tx,rmse_f,consensus,0.9166
2026-02-22T07:15:02.207849-05:00,2026-02-21,tx,mae_f,open-meteo,1.6000
2026-02-22T07:15:02.207849-05:00,2026-02-21,tx,rmse_f,open-meteo,1.6000
2026-02-22T07:15:02.207849-05:00,2026-02-21,tx,mae_f,visual-crossing,0.0000
2026-02-22T07:15:02.207849-05:00,2026-02-21,tx,rmse_f,visual-crossing,0.0000
2026-02-22T07:15:02.207849-05:00,2026-02-21,tx,mae_f,tomorrow,1.9100
2026-02-22T07:15:02.207849-05:00,2026-02-21,tx,rmse_f,tomorrow,1.9100
2026-02-22T07:15:02.207849-05:00,2026-02-21,tx,mae_f,weatherapi,0.4000
2026-02-22T07:15:02.207849-05:00,2026-02-21,tx,rmse_f,weatherapi,0.4000
2026-02-22T07:15:02.207849-05:00,2026-02-21,tx,mae_f,lstm,24.1335
2026-02-22T07:15:02.207849-05:00,2026-02-21,tx,rmse_f,lstm,24.1335
2026-02-22T07:15:02.207849-05:00,2026-02-21,ny,bucket_hit_rate,trade,1.0000
2026-02-22T07:15:02.207849-05:00,2026-02-21,il,bucket_hit_rate,trade,1.0000
2026-02-22T07:15:02.207849-05:00,2026-02-21,tx,bucket_hit_rate,trade,1.0000
2026-02-22T07:15:02.207849-05:00,2026-02-21,ny,realized_pnl_dollars,trade,0.56
2026-02-22T07:15:02.207849-05:00,2026-02-21,il,realized_pnl_dollars,trade,0.06
2026-02-22T07:15:02.207849-05:00,2026-02-21,tx,realized_pnl_dollars,trade,0.09
2026-02-23T03:15:02.558219-05:00,2026-02-22,il,mae_f,consensus,1.2877
2026-02-23T03:15:02.558219-05:00,2026-02-22,il,rmse_f,consensus,1.2877
2026-02-23T03:15:02.558219-05:00,2026-02-22,il,mae_f,open-meteo,1.9000
2026-02-23T03:15:02.558219-05:00,2026-02-22,il,rmse_f,open-meteo,1.9000
2026-02-23T03:15:02.558219-05:00,2026-02-22,il,mae_f,visual-crossing,0.9000
2026-02-23T03:15:02.558219-05:00,2026-02-22,il,rmse_f,visual-crossing,0.9000
2026-02-23T03:15:02.558219-05:00,2026-02-22,il,mae_f,tomorrow,0.9500
2026-02-23T03:15:02.558219-05:00,2026-02-22,il,rmse_f,tomorrow,0.9500
2026-02-23T03:15:02.558219-05:00,2026-02-22,il,mae_f,lstm,2.6200
2026-02-23T03:15:02.558219-05:00,2026-02-22,il,rmse_f,lstm,2.6200
2026-02-23T03:15:02.558219-05:00,2026-02-22,il,bucket_hit_rate,trade,0.0000
2026-02-23T03:15:02.558219-05:00,2026-02-22,il,realized_pnl_dollars,trade,-3.57
2026-02-23T07:15:02.390308-05:00,2026-02-22,il,mae_f,consensus,1.2877
2026-02-23T07:15:02.390308-05:00,2026-02-22,il,rmse_f,consensus,1.2877
2026-02-23T07:15:02.390308-05:00,2026-02-22,il,mae_f,open-meteo,1.9000
2026-02-23T07:15:02.390308-05:00,2026-02-22,il,rmse_f,open-meteo,1.9000
2026-02-23T07:15:02.390308-05:00,2026-02-22,il,mae_f,visual-crossing,0.9000
2026-02-23T07:15:02.390308-05:00,2026-02-22,il,rmse_f,visual-crossing,0.9000
2026-02-23T07:15:02.390308-05:00,2026-02-22,il,mae_f,tomorrow,0.9500
2026-02-23T07:15:02.390308-05:00,2026-02-22,il,rmse_f,tomorrow,0.9500
2026-02-23T07:15:02.390308-05:00,2026-02-22,il,mae_f,lstm,2.6200
2026-02-23T07:15:02.390308-05:00,2026-02-22,il,rmse_f,lstm,2.6200
2026-02-23T07:15:02.390308-05:00,2026-02-22,il,bucket_hit_rate,trade,0.0000
2026-02-23T07:15:02.390308-05:00,2026-02-22,il,realized_pnl_dollars,trade,-3.57
2026-02-24T03:15:04.717958-05:00,2026-02-23,ny,mae_f,consensus,0.3904
2026-02-24T03:15:04.717958-05:00,2026-02-23,ny,rmse_f,consensus,0.3904
2026-02-24T03:15:04.717958-05:00,2026-02-23,ny,mae_f,open-meteo,0.8000
2026-02-24T03:15:04.717958-05:00,2026-02-23,ny,rmse_f,open-meteo,0.8000
2026-02-24T03:15:04.717958-05:00,2026-02-23,ny,mae_f,visual-crossing,0.9000
2026-02-24T03:15:04.717958-05:00,2026-02-23,ny,rmse_f,visual-crossing,0.9000
2026-02-24T03:15:04.717958-05:00,2026-02-23,ny,mae_f,tomorrow,1.0200
2026-02-24T03:15:04.717958-05:00,2026-02-23,ny,rmse_f,tomorrow,1.0200
2026-02-24T03:15:04.717958-05:00,2026-02-23,ny,mae_f,weatherapi,0.8000
2026-02-24T03:15:04.717958-05:00,2026-02-23,ny,rmse_f,weatherapi,0.8000
2026-02-24T03:15:04.717958-05:00,2026-02-23,ny,mae_f,lstm,8.8475
2026-02-24T03:15:04.717958-05:00,2026-02-23,ny,rmse_f,lstm,8.8475
2026-02-24T03:15:04.717958-05:00,2026-02-23,il,mae_f,consensus,0.8767
2026-02-24T03:15:04.717958-05:00,2026-02-23,il,rmse_f,consensus,0.8767
2026-02-24T03:15:04.717958-05:00,2026-02-23,il,mae_f,open-meteo,0.6000
2026-02-24T03:15:04.717958-05:00,2026-02-23,il,rmse_f,open-meteo,0.6000
2026-02-24T03:15:04.717958-05:00,2026-02-23,il,mae_f,visual-crossing,1.1000
2026-02-24T03:15:04.717958-05:00,2026-02-23,il,rmse_f,visual-crossing,1.1000
2026-02-24T03:15:04.717958-05:00,2026-02-23,il,mae_f,tomorrow,0.8000
2026-02-24T03:15:04.717958-05:00,2026-02-23,il,rmse_f,tomorrow,0.8000
2026-02-24T03:15:04.717958-05:00,2026-02-23,il,mae_f,weatherapi,0.8000
2026-02-24T03:15:04.717958-05:00,2026-02-23,il,rmse_f,weatherapi,0.8000
2026-02-24T03:15:04.717958-05:00,2026-02-23,il,mae_f,lstm,4.6200
2026-02-24T03:15:04.717958-05:00,2026-02-23,il,rmse_f,lstm,4.6200
2026-02-24T03:15:04.717958-05:00,2026-02-23,ny,bucket_hit_rate,trade,1.0000
2026-02-24T03:15:04.717958-05:00,2026-02-23,il,bucket_hit_rate,trade,1.0000
2026-02-24T03:15:04.717958-05:00,2026-02-23,ny,realized_pnl_dollars,trade,8.36
2026-02-24T03:15:04.717958-05:00,2026-02-23,il,realized_pnl_dollars,trade,1.80
2026-02-24T07:15:01.779816-05:00,2026-02-23,ny,mae_f,consensus,0.3904
2026-02-24T07:15:01.779816-05:00,2026-02-23,ny,rmse_f,consensus,0.3904
2026-02-24T07:15:01.779816-05:00,2026-02-23,ny,mae_f,open-meteo,0.8000
2026-02-24T07:15:01.779816-05:00,2026-02-23,ny,rmse_f,open-meteo,0.8000
2026-02-24T07:15:01.779816-05:00,2026-02-23,ny,mae_f,visual-crossing,0.9000
2026-02-24T07:15:01.779816-05:00,2026-02-23,ny,rmse_f,visual-crossing,0.9000
2026-02-24T07:15:01.779816-05:00,2026-02-23,ny,mae_f,tomorrow,1.0200
2026-02-24T07:15:01.779816-05:00,2026-02-23,ny,rmse_f,tomorrow,1.0200
2026-02-24T07:15:01.779816-05:00,2026-02-23,ny,mae_f,weatherapi,0.8000
2026-02-24T07:15:01.779816-05:00,2026-02-23,ny,rmse_f,weatherapi,0.8000
2026-02-24T07:15:01.779816-05:00,2026-02-23,ny,mae_f,lstm,8.8475
2026-02-24T07:15:01.779816-05:00,2026-02-23,ny,rmse_f,lstm,8.8475
2026-02-24T07:15:01.779816-05:00,2026-02-23,il,mae_f,consensus,0.8767
2026-02-24T07:15:01.779816-05:00,2026-02-23,il,rmse_f,consensus,0.8767
2026-02-24T07:15:01.779816-05:00,2026-02-23,il,mae_f,open-meteo,0.6000
2026-02-24T07:15:01.779816-05:00,2026-02-23,il,rmse_f,open-meteo,0.6000
2026-02-24T07:15:01.779816-05:00,2026-02-23,il,mae_f,visual-crossing,1.1000
2026-02-24T07:15:01.779816-05:00,2026-02-23,il,rmse_f,visual-crossing,1.1000
2026-02-24T07:15:01.779816-05:00,2026-02-23,il,mae_f,tomorrow,0.8000
2026-02-24T07:15:01.779816-05:00,2026-02-23,il,rmse_f,tomorrow,0.8000
2026-02-24T07:15:01.779816-05:00,2026-02-23,il,mae_f,weatherapi,0.8000
2026-02-24T07:15:01.779816-05:00,2026-02-23,il,rmse_f,weatherapi,0.8000
2026-02-24T07:15:01.779816-05:00,2026-02-23,il,mae_f,lstm,4.6200
2026-02-24T07:15:01.779816-05:00,2026-02-23,il,rmse_f,lstm,4.6200
2026-02-24T07:15:01.779816-05:00,2026-02-23,ny,bucket_hit_rate,trade,1.0000
2026-02-24T07:15:01.779816-05:00,2026-02-23,il,bucket_hit_rate,trade,1.0000
2026-02-24T07:15:01.779816-05:00,2026-02-23,ny,realized_pnl_dollars,trade,8.36
2026-02-24T07:15:01.779816-05:00,2026-02-23,il,realized_pnl_dollars,trade,1.80
2026-02-25T03:15:02.229469-05:00,2026-02-24,il,mae_f,consensus,1.2999
2026-02-25T03:15:02.229469-05:00,2026-02-24,il,rmse_f,consensus,1.2999
2026-02-25T03:15:02.229469-05:00,2026-02-24,il,mae_f,open-meteo,2.3000
2026-02-25T03:15:02.229469-05:00,2026-02-24,il,rmse_f,open-meteo,2.3000
2026-02-25T03:15:02.229469-05:00,2026-02-24,il,mae_f,visual-crossing,0.9000
2026-02-25T03:15:02.229469-05:00,2026-02-24,il,rmse_f,visual-crossing,0.9000
2026-02-25T03:15:02.229469-05:00,2026-02-24,il,mae_f,tomorrow,2.0600
2026-02-25T03:15:02.229469-05:00,2026-02-24,il,rmse_f,tomorrow,2.0600
2026-02-25T03:15:02.229469-05:00,2026-02-24,il,mae_f,weatherapi,8.4000
2026-02-25T03:15:02.229469-05:00,2026-02-24,il,rmse_f,weatherapi,8.4000
2026-02-25T03:15:02.229469-05:00,2026-02-24,il,mae_f,lstm,15.6200
2026-02-25T03:15:02.229469-05:00,2026-02-24,il,rmse_f,lstm,15.6200
2026-02-25T03:15:02.229469-05:00,2026-02-24,il,bucket_hit_rate,trade,1.0000
2026-02-25T03:15:02.229469-05:00,2026-02-24,il,realized_pnl_dollars,trade,10.08
2026-02-25T07:15:01.917036-05:00,2026-02-24,il,mae_f,consensus,1.2999
2026-02-25T07:15:01.917036-05:00,2026-02-24,il,rmse_f,consensus,1.2999
2026-02-25T07:15:01.917036-05:00,2026-02-24,il,mae_f,open-meteo,2.3000
2026-02-25T07:15:01.917036-05:00,2026-02-24,il,rmse_f,open-meteo,2.3000
2026-02-25T07:15:01.917036-05:00,2026-02-24,il,mae_f,visual-crossing,0.9000
2026-02-25T07:15:01.917036-05:00,2026-02-24,il,rmse_f,visual-crossing,0.9000
2026-02-25T07:15:01.917036-05:00,2026-02-24,il,mae_f,tomorrow,2.0600
2026-02-25T07:15:01.917036-05:00,2026-02-24,il,rmse_f,tomorrow,2.0600
2026-02-25T07:15:01.917036-05:00,2026-02-24,il,mae_f,weatherapi,8.4000
2026-02-25T07:15:01.917036-05:00,2026-02-24,il,rmse_f,weatherapi,8.4000
2026-02-25T07:15:01.917036-05:00,2026-02-24,il,mae_f,lstm,15.6200
2026-02-25T07:15:01.917036-05:00,2026-02-24,il,rmse_f,lstm,15.6200
2026-02-25T07:15:01.917036-05:00,2026-02-24,il,bucket_hit_rate,trade,1.0000
2026-02-25T07:15:01.917036-05:00,2026-02-24,il,realized_pnl_dollars,trade,10.08
2026-02-26T03:15:02.425245-05:00,2026-02-25,ny,mae_f,consensus,4.2879
2026-02-26T03:15:02.425245-05:00,2026-02-25,ny,rmse_f,consensus,4.2879
2026-02-26T03:15:02.425245-05:00,2026-02-25,ny,mae_f,open-meteo,4.6000
2026-02-26T03:15:02.425245-05:00,2026-02-25,ny,rmse_f,open-meteo,4.6000
2026-02-26T03:15:02.425245-05:00,2026-02-25,ny,mae_f,visual-crossing,4.0000
2026-02-26T03:15:02.425245-05:00,2026-02-25,ny,rmse_f,visual-crossing,4.0000
2026-02-26T03:15:02.425245-05:00,2026-02-25,ny,mae_f,tomorrow,4.9000
2026-02-26T03:15:02.425245-05:00,2026-02-25,ny,rmse_f,tomorrow,4.9000
2026-02-26T03:15:02.425245-05:00,2026-02-25,ny,mae_f,weatherapi,3.9000
2026-02-26T03:15:02.425245-05:00,2026-02-25,ny,rmse_f,weatherapi,3.9000
2026-02-26T03:15:02.425245-05:00,2026-02-25,ny,mae_f,lstm,17.8475
2026-02-26T03:15:02.425245-05:00,2026-02-25,ny,rmse_f,lstm,17.8475
2026-02-26T03:15:02.425245-05:00,2026-02-25,ny,bucket_hit_rate,trade,0.0000
2026-02-26T03:15:02.425245-05:00,2026-02-25,ny,realized_pnl_dollars,trade,-3.24
2026-02-26T07:15:01.585280-05:00,2026-02-25,ny,mae_f,consensus,4.2879
2026-02-26T07:15:01.585280-05:00,2026-02-25,ny,rmse_f,consensus,4.2879
2026-02-26T07:15:01.585280-05:00,2026-02-25,ny,mae_f,open-meteo,4.6000
2026-02-26T07:15:01.585280-05:00,2026-02-25,ny,rmse_f,open-meteo,4.6000
2026-02-26T07:15:01.585280-05:00,2026-02-25,ny,mae_f,visual-crossing,4.0000
2026-02-26T07:15:01.585280-05:00,2026-02-25,ny,rmse_f,visual-crossing,4.0000
2026-02-26T07:15:01.585280-05:00,2026-02-25,ny,mae_f,tomorrow,4.9000
2026-02-26T07:15:01.585280-05:00,2026-02-25,ny,rmse_f,tomorrow,4.9000
2026-02-26T07:15:01.585280-05:00,2026-02-25,ny,mae_f,weatherapi,3.9000
2026-02-26T07:15:01.585280-05:00,2026-02-25,ny,rmse_f,weatherapi,3.9000
2026-02-26T07:15:01.585280-05:00,2026-02-25,ny,mae_f,lstm,17.8475
2026-02-26T07:15:01.585280-05:00,2026-02-25,ny,rmse_f,lstm,17.8475
2026-02-26T07:15:01.585280-05:00,2026-02-25,ny,bucket_hit_rate,trade,0.0000
2026-02-26T07:15:01.585280-05:00,2026-02-25,ny,realized_pnl_dollars,trade,-3.24
2026-02-27T03:15:02.615261-05:00,2026-02-26,ny,mae_f,consensus,7.1015
2026-02-27T03:15:02.615261-05:00,2026-02-26,ny,rmse_f,consensus,7.1015
2026-02-27T03:15:02.615261-05:00,2026-02-26,ny,mae_f,open-meteo,8.1000
2026-02-27T03:15:02.615261-05:00,2026-02-26,ny,rmse_f,open-meteo,8.1000
2026-02-27T03:15:02.615261-05:00,2026-02-26,ny,mae_f,visual-crossing,6.8000
2026-02-27T03:15:02.615261-05:00,2026-02-26,ny,rmse_f,visual-crossing,6.8000
2026-02-27T03:15:02.615261-05:00,2026-02-26,ny,mae_f,tomorrow,6.8000
2026-02-27T03:15:02.615261-05:00,2026-02-26,ny,rmse_f,tomorrow,6.8000
2026-02-27T03:15:02.615261-05:00,2026-02-26,ny,mae_f,weatherapi,2.6000
2026-02-27T03:15:02.615261-05:00,2026-02-26,ny,rmse_f,weatherapi,2.6000
2026-02-27T03:15:02.615261-05:00,2026-02-26,ny,mae_f,lstm,22.8475
2026-02-27T03:15:02.615261-05:00,2026-02-26,ny,rmse_f,lstm,22.8475
2026-02-27T03:15:02.615261-05:00,2026-02-26,il,mae_f,consensus,0.4855
2026-02-27T03:15:02.615261-05:00,2026-02-26,il,rmse_f,consensus,0.4855
2026-02-27T03:15:02.615261-05:00,2026-02-26,il,mae_f,open-meteo,1.3000
2026-02-27T03:15:02.615261-05:00,2026-02-26,il,rmse_f,open-meteo,1.3000
2026-02-27T03:15:02.615261-05:00,2026-02-26,il,mae_f,visual-crossing,0.1000
2026-02-27T03:15:02.615261-05:00,2026-02-26,il,rmse_f,visual-crossing,0.1000
2026-02-27T03:15:02.615261-05:00,2026-02-26,il,mae_f,tomorrow,1.4000
2026-02-27T03:15:02.615261-05:00,2026-02-26,il,rmse_f,tomorrow,1.4000
2026-02-27T03:15:02.615261-05:00,2026-02-26,il,mae_f,weatherapi,1.6000
2026-02-27T03:15:02.615261-05:00,2026-02-26,il,rmse_f,weatherapi,1.6000
2026-02-27T03:15:02.615261-05:00,2026-02-26,il,mae_f,lstm,18.6200
2026-02-27T03:15:02.615261-05:00,2026-02-26,il,rmse_f,lstm,18.6200
2026-02-27T03:15:02.615261-05:00,2026-02-26,ny,bucket_hit_rate,trade,0.0000
2026-02-27T03:15:02.615261-05:00,2026-02-26,il,bucket_hit_rate,trade,1.0000
2026-02-27T03:15:02.615261-05:00,2026-02-26,ny,realized_pnl_dollars,trade,-2.82
2026-02-27T03:15:02.615261-05:00,2026-02-26,il,realized_pnl_dollars,trade,1.92
2026-02-27T07:15:02.591367-05:00,2026-02-26,ny,mae_f,consensus,7.1015
2026-02-27T07:15:02.591367-05:00,2026-02-26,ny,rmse_f,consensus,7.1015
2026-02-27T07:15:02.591367-05:00,2026-02-26,ny,mae_f,open-meteo,8.1000
2026-02-27T07:15:02.591367-05:00,2026-02-26,ny,rmse_f,open-meteo,8.1000
2026-02-27T07:15:02.591367-05:00,2026-02-26,ny,mae_f,visual-crossing,6.8000
2026-02-27T07:15:02.591367-05:00,2026-02-26,ny,rmse_f,visual-crossing,6.8000
2026-02-27T07:15:02.591367-05:00,2026-02-26,ny,mae_f,tomorrow,6.8000
2026-02-27T07:15:02.591367-05:00,2026-02-26,ny,rmse_f,tomorrow,6.8000
2026-02-27T07:15:02.591367-05:00,2026-02-26,ny,mae_f,weatherapi,2.6000
2026-02-27T07:15:02.591367-05:00,2026-02-26,ny,rmse_f,weatherapi,2.6000
2026-02-27T07:15:02.591367-05:00,2026-02-26,ny,mae_f,lstm,22.8475
2026-02-27T07:15:02.591367-05:00,2026-02-26,ny,rmse_f,lstm,22.8475
2026-02-27T07:15:02.591367-05:00,2026-02-26,il,mae_f,consensus,0.4855
2026-02-27T07:15:02.591367-05:00,2026-02-26,il,rmse_f,consensus,0.4855
2026-02-27T07:15:02.591367-05:00,2026-02-26,il,mae_f,open-meteo,1.3000
2026-02-27T07:15:02.591367-05:00,2026-02-26,il,rmse_f,open-meteo,1.3000
2026-02-27T07:15:02.591367-05:00,2026-02-26,il,mae_f,visual-crossing,0.1000
2026-02-27T07:15:02.591367-05:00,2026-02-26,il,rmse_f,visual-crossing,0.1000
2026-02-27T07:15:02.591367-05:00,2026-02-26,il,mae_f,tomorrow,1.4000
2026-02-27T07:15:02.591367-05:00,2026-02-26,il,rmse_f,tomorrow,1.4000
2026-02-27T07:15:02.591367-05:00,2026-02-26,il,mae_f,weatherapi,1.6000
2026-02-27T07:15:02.591367-05:00,2026-02-26,il,rmse_f,weatherapi,1.6000
2026-02-27T07:15:02.591367-05:00,2026-02-26,il,mae_f,lstm,18.6200
2026-02-27T07:15:02.591367-05:00,2026-02-26,il,rmse_f,lstm,18.6200
2026-02-27T07:15:02.591367-05:00,2026-02-26,ny,bucket_hit_rate,trade,0.0000
2026-02-27T07:15:02.591367-05:00,2026-02-26,il,bucket_hit_rate,trade,1.0000
2026-02-27T07:15:02.591367-05:00,2026-02-26,ny,realized_pnl_dollars,trade,-2.82
2026-02-27T07:15:02.591367-05:00,2026-02-26,il,realized_pnl_dollars,trade,1.92
2026-02-28T07:15:02.591379-05:00,2026-02-27,tx,mae_f,consensus,1.2627
2026-02-28T07:15:02.591379-05:00,2026-02-27,tx,rmse_f,consensus,1.2627
2026-02-28T07:15:02.591379-05:00,2026-02-27,tx,mae_f,open-meteo,2.6000
2026-02-28T07:15:02.591379-05:00,2026-02-27,tx,rmse_f,open-meteo,2.6000
2026-02-28T07:15:02.591379-05:00,2026-02-27,tx,mae_f,visual-crossing,1.1000
2026-02-28T07:15:02.591379-05:00,2026-02-27,tx,rmse_f,visual-crossing,1.1000
2026-02-28T07:15:02.591379-05:00,2026-02-27,tx,mae_f,tomorrow,1.8000
2026-02-28T07:15:02.591379-05:00,2026-02-27,tx,rmse_f,tomorrow,1.8000
2026-02-28T07:15:02.591379-05:00,2026-02-27,tx,mae_f,weatherapi,2.8000
2026-02-28T07:15:02.591379-05:00,2026-02-27,tx,rmse_f,weatherapi,2.8000
2026-02-28T07:15:02.591379-05:00,2026-02-27,tx,mae_f,lstm,37.1335
2026-02-28T07:15:02.591379-05:00,2026-02-27,tx,rmse_f,lstm,37.1335
2026-02-28T07:15:02.591379-05:00,2026-02-27,tx,bucket_hit_rate,trade,0.0000
2026-02-28T07:15:02.591379-05:00,2026-02-27,tx,realized_pnl_dollars,trade,-3.60
2026-03-01T03:15:03.098903-05:00,2026-02-28,il,mae_f,consensus,0.5479
2026-03-01T03:15:03.098903-05:00,2026-02-28,il,rmse_f,consensus,0.5479
2026-03-01T03:15:03.098903-05:00,2026-02-28,il,mae_f,open-meteo,11.9000
2026-03-01T03:15:03.098903-05:00,2026-02-28,il,rmse_f,open-meteo,11.9000
2026-03-01T03:15:03.098903-05:00,2026-02-28,il,mae_f,visual-crossing,0.9000
2026-03-01T03:15:03.098903-05:00,2026-02-28,il,rmse_f,visual-crossing,0.9000
2026-03-01T03:15:03.098903-05:00,2026-02-28,il,mae_f,tomorrow,9.3000
2026-03-01T03:15:03.098903-05:00,2026-02-28,il,rmse_f,tomorrow,9.3000
2026-03-01T03:15:03.098903-05:00,2026-02-28,il,mae_f,weatherapi,4.2000
2026-03-01T03:15:03.098903-05:00,2026-02-28,il,rmse_f,weatherapi,4.2000
2026-03-01T03:15:03.098903-05:00,2026-02-28,tx,mae_f,consensus,2.0730
2026-03-01T03:15:03.098903-05:00,2026-02-28,tx,rmse_f,consensus,2.0730
2026-03-01T03:15:03.098903-05:00,2026-02-28,tx,mae_f,open-meteo,4.3000
2026-03-01T03:15:03.098903-05:00,2026-02-28,tx,rmse_f,open-meteo,4.3000
2026-03-01T03:15:03.098903-05:00,2026-02-28,tx,mae_f,visual-crossing,2.0000
2026-03-01T03:15:03.098903-05:00,2026-02-28,tx,rmse_f,visual-crossing,2.0000
2026-03-01T03:15:03.098903-05:00,2026-02-28,tx,mae_f,tomorrow,3.1000
2026-03-01T03:15:03.098903-05:00,2026-02-28,tx,rmse_f,tomorrow,3.1000
2026-03-01T03:15:03.098903-05:00,2026-02-28,tx,mae_f,weatherapi,2.2000
2026-03-01T03:15:03.098903-05:00,2026-02-28,tx,rmse_f,weatherapi,2.2000
2026-03-01T03:15:03.098903-05:00,2026-02-28,il,bucket_hit_rate,trade,0.0000
2026-03-01T03:15:03.098903-05:00,2026-02-28,tx,bucket_hit_rate,trade,0.0000
2026-03-01T03:15:03.098903-05:00,2026-02-28,il,realized_pnl_dollars,trade,-3.40
2026-03-01T03:15:03.098903-05:00,2026-02-28,tx,realized_pnl_dollars,trade,-0.65
2026-03-01T07:15:01.695789-05:00,2026-02-28,il,mae_f,consensus,0.5479
2026-03-01T07:15:01.695789-05:00,2026-02-28,il,rmse_f,consensus,0.5479
2026-03-01T07:15:01.695789-05:00,2026-02-28,il,mae_f,open-meteo,11.9000
2026-03-01T07:15:01.695789-05:00,2026-02-28,il,rmse_f,open-meteo,11.9000
2026-03-01T07:15:01.695789-05:00,2026-02-28,il,mae_f,visual-crossing,0.9000
2026-03-01T07:15:01.695789-05:00,2026-02-28,il,rmse_f,visual-crossing,0.9000
2026-03-01T07:15:01.695789-05:00,2026-02-28,il,mae_f,tomorrow,9.3000
2026-03-01T07:15:01.695789-05:00,2026-02-28,il,rmse_f,tomorrow,9.3000
2026-03-01T07:15:01.695789-05:00,2026-02-28,il,mae_f,weatherapi,4.2000
2026-03-01T07:15:01.695789-05:00,2026-02-28,il,rmse_f,weatherapi,4.2000
2026-03-01T07:15:01.695789-05:00,2026-02-28,tx,mae_f,consensus,2.0730
2026-03-01T07:15:01.695789-05:00,2026-02-28,tx,rmse_f,consensus,2.0730
2026-03-01T07:15:01.695789-05:00,2026-02-28,tx,mae_f,open-meteo,4.3000
2026-03-01T07:15:01.695789-05:00,2026-02-28,tx,rmse_f,open-meteo,4.3000
2026-03-01T07:15:01.695789-05:00,2026-02-28,tx,mae_f,visual-crossing,2.0000
2026-03-01T07:15:01.695789-05:00,2026-02-28,tx,rmse_f,visual-crossing,2.0000
2026-03-01T07:15:01.695789-05:00,2026-02-28,tx,mae_f,tomorrow,3.1000
2026-03-01T07:15:01.695789-05:00,2026-02-28,tx,rmse_f,tomorrow,3.1000
2026-03-01T07:15:01.695789-05:00,2026-02-28,tx,mae_f,weatherapi,2.2000
2026-03-01T07:15:01.695789-05:00,2026-02-28,tx,rmse_f,weatherapi,2.2000
2026-03-01T07:15:01.695789-05:00,2026-02-28,il,bucket_hit_rate,trade,0.0000
2026-03-01T07:15:01.695789-05:00,2026-02-28,tx,bucket_hit_rate,trade,0.0000
2026-03-01T07:15:01.695789-05:00,2026-02-28,il,realized_pnl_dollars,trade,-3.40
2026-03-01T07:15:01.695789-05:00,2026-02-28,tx,realized_pnl_dollars,trade,-0.65
2026-03-03T03:15:03.083992-05:00,2026-03-02,tx,mae_f,consensus,3.2456
2026-03-03T03:15:03.083992-05:00,2026-03-02,tx,rmse_f,consensus,3.2456
2026-03-03T03:15:03.083992-05:00,2026-03-02,tx,mae_f,open-meteo,5.1000
2026-03-03T03:15:03.083992-05:00,2026-03-02,tx,rmse_f,open-meteo,5.1000
2026-03-03T03:15:03.083992-05:00,2026-03-02,tx,mae_f,visual-crossing,3.0000
2026-03-03T03:15:03.083992-05:00,2026-03-02,tx,rmse_f,visual-crossing,3.0000
2026-03-03T03:15:03.083992-05:00,2026-03-02,tx,mae_f,tomorrow,4.1000
2026-03-03T03:15:03.083992-05:00,2026-03-02,tx,rmse_f,tomorrow,4.1000
2026-03-03T03:15:03.083992-05:00,2026-03-02,tx,mae_f,weatherapi,1.1000
2026-03-03T03:15:03.083992-05:00,2026-03-02,tx,rmse_f,weatherapi,1.1000
2026-03-03T03:15:03.083992-05:00,2026-03-02,tx,bucket_hit_rate,trade,0.0000
2026-03-03T03:15:03.083992-05:00,2026-03-02,tx,realized_pnl_dollars,trade,-0.48
2026-03-03T07:15:02.593497-05:00,2026-03-02,tx,mae_f,consensus,3.2456
2026-03-03T07:15:02.593497-05:00,2026-03-02,tx,rmse_f,consensus,3.2456
2026-03-03T07:15:02.593497-05:00,2026-03-02,tx,mae_f,open-meteo,5.1000
2026-03-03T07:15:02.593497-05:00,2026-03-02,tx,rmse_f,open-meteo,5.1000
2026-03-03T07:15:02.593497-05:00,2026-03-02,tx,mae_f,visual-crossing,3.0000
2026-03-03T07:15:02.593497-05:00,2026-03-02,tx,rmse_f,visual-crossing,3.0000
2026-03-03T07:15:02.593497-05:00,2026-03-02,tx,mae_f,tomorrow,4.1000
2026-03-03T07:15:02.593497-05:00,2026-03-02,tx,rmse_f,tomorrow,4.1000
2026-03-03T07:15:02.593497-05:00,2026-03-02,tx,mae_f,weatherapi,1.1000
2026-03-03T07:15:02.593497-05:00,2026-03-02,tx,rmse_f,weatherapi,1.1000
2026-03-03T07:15:02.593497-05:00,2026-03-02,tx,bucket_hit_rate,trade,0.0000
2026-03-03T07:15:02.593497-05:00,2026-03-02,tx,realized_pnl_dollars,trade,-0.48
2026-03-04T03:15:21.713696-05:00,2026-03-03,tx,mae_f,consensus,1.2669
2026-03-04T03:15:21.713696-05:00,2026-03-03,tx,rmse_f,consensus,1.2669
2026-03-04T03:15:21.713696-05:00,2026-03-03,tx,mae_f,open-meteo,4.5000
2026-03-04T03:15:21.713696-05:00,2026-03-03,tx,rmse_f,open-meteo,4.5000
2026-03-04T03:15:21.713696-05:00,2026-03-03,tx,mae_f,visual-crossing,0.9000
2026-03-04T03:15:21.713696-05:00,2026-03-03,tx,rmse_f,visual-crossing,0.9000
2026-03-04T03:15:21.713696-05:00,2026-03-03,tx,mae_f,tomorrow,3.3200
2026-03-04T03:15:21.713696-05:00,2026-03-03,tx,rmse_f,tomorrow,3.3200
2026-03-04T03:15:21.713696-05:00,2026-03-03,tx,mae_f,weatherapi,0.2000
2026-03-04T03:15:21.713696-05:00,2026-03-03,tx,rmse_f,weatherapi,0.2000
2026-03-04T03:15:21.713696-05:00,2026-03-03,tx,bucket_hit_rate,trade,0.0000
2026-03-04T03:15:21.713696-05:00,2026-03-03,tx,realized_pnl_dollars,trade,-0.35
2026-03-04T07:15:02.331251-05:00,2026-03-03,fl,mae_f,consensus,2.1330
2026-03-04T07:15:02.331251-05:00,2026-03-03,fl,rmse_f,consensus,2.1330
2026-03-04T07:15:02.331251-05:00,2026-03-03,fl,mae_f,open-meteo,3.8000
2026-03-04T07:15:02.331251-05:00,2026-03-03,fl,rmse_f,open-meteo,3.8000
2026-03-04T07:15:02.331251-05:00,2026-03-03,fl,mae_f,visual-crossing,1.6000
2026-03-04T07:15:02.331251-05:00,2026-03-03,fl,rmse_f,visual-crossing,1.6000
2026-03-04T07:15:02.331251-05:00,2026-03-03,fl,mae_f,tomorrow,3.7900
2026-03-04T07:15:02.331251-05:00,2026-03-03,fl,rmse_f,tomorrow,3.7900
2026-03-04T07:15:02.331251-05:00,2026-03-03,fl,mae_f,weatherapi,2.0000
2026-03-04T07:15:02.331251-05:00,2026-03-03,fl,rmse_f,weatherapi,2.0000
2026-03-04T07:15:02.331251-05:00,2026-03-03,tx,mae_f,consensus,1.2669
2026-03-04T07:15:02.331251-05:00,2026-03-03,tx,rmse_f,consensus,1.2669
2026-03-04T07:15:02.331251-05:00,2026-03-03,tx,mae_f,open-meteo,4.5000
2026-03-04T07:15:02.331251-05:00,2026-03-03,tx,rmse_f,open-meteo,4.5000
2026-03-04T07:15:02.331251-05:00,2026-03-03,tx,mae_f,visual-crossing,0.9000
2026-03-04T07:15:02.331251-05:00,2026-03-03,tx,rmse_f,visual-crossing,0.9000
2026-03-04T07:15:02.331251-05:00,2026-03-03,tx,mae_f,tomorrow,3.3200
2026-03-04T07:15:02.331251-05:00,2026-03-03,tx,rmse_f,tomorrow,3.3200
2026-03-04T07:15:02.331251-05:00,2026-03-03,tx,mae_f,weatherapi,0.2000
2026-03-04T07:15:02.331251-05:00,2026-03-03,tx,rmse_f,weatherapi,0.2000
2026-03-04T07:15:02.331251-05:00,2026-03-03,fl,bucket_hit_rate,trade,0.0000
2026-03-04T07:15:02.331251-05:00,2026-03-03,tx,bucket_hit_rate,trade,0.0000
2026-03-04T07:15:02.331251-05:00,2026-03-03,fl,realized_pnl_dollars,trade,-5.00
2026-03-04T07:15:02.331251-05:00,2026-03-03,tx,realized_pnl_dollars,trade,-0.35
2026-03-05T07:15:02.377313-05:00,2026-03-04,fl,mae_f,consensus,0.3979
2026-03-05T07:15:02.377313-05:00,2026-03-04,fl,rmse_f,consensus,0.3979
2026-03-05T07:15:02.377313-05:00,2026-03-04,fl,mae_f,open-meteo,1.5000
2026-03-05T07:15:02.377313-05:00,2026-03-04,fl,rmse_f,open-meteo,1.5000
2026-03-05T07:15:02.377313-05:00,2026-03-04,fl,mae_f,visual-crossing,0.2000
2026-03-05T07:15:02.377313-05:00,2026-03-04,fl,rmse_f,visual-crossing,0.2000
2026-03-05T07:15:02.377313-05:00,2026-03-04,fl,mae_f,tomorrow,1.5000
2026-03-05T07:15:02.377313-05:00,2026-03-04,fl,rmse_f,tomorrow,1.5000
2026-03-05T07:15:02.377313-05:00,2026-03-04,fl,mae_f,weatherapi,0.2000
2026-03-05T07:15:02.377313-05:00,2026-03-04,fl,rmse_f,weatherapi,0.2000
2026-03-05T07:15:02.377313-05:00,2026-03-04,fl,bucket_hit_rate,trade,1.0000
2026-03-05T07:15:02.377313-05:00,2026-03-04,fl,realized_pnl_dollars,trade,0.32
2026-03-06T03:15:19.972224-05:00,2026-03-05,tx,mae_f,consensus,3.4979
2026-03-06T03:15:19.972224-05:00,2026-03-05,tx,rmse_f,consensus,3.4979
2026-03-06T03:15:19.972224-05:00,2026-03-05,tx,mae_f,open-meteo,4.5000
2026-03-06T03:15:19.972224-05:00,2026-03-05,tx,rmse_f,open-meteo,4.5000
2026-03-06T03:15:19.972224-05:00,2026-03-05,tx,mae_f,visual-crossing,3.0000
2026-03-06T03:15:19.972224-05:00,2026-03-05,tx,rmse_f,visual-crossing,3.0000
2026-03-06T03:15:19.972224-05:00,2026-03-05,tx,mae_f,tomorrow,3.6000
2026-03-06T03:15:19.972224-05:00,2026-03-05,tx,rmse_f,tomorrow,3.6000
2026-03-06T03:15:19.972224-05:00,2026-03-05,tx,mae_f,weatherapi,4.3000
2026-03-06T03:15:19.972224-05:00,2026-03-05,tx,rmse_f,weatherapi,4.3000
2026-03-06T03:15:19.972224-05:00,2026-03-05,tx,bucket_hit_rate,trade,0.0000
2026-03-06T03:15:19.972224-05:00,2026-03-05,tx,realized_pnl_dollars,trade,-1.38
2026-03-06T07:15:02.138595-05:00,2026-03-05,fl,mae_f,consensus,2.4726
2026-03-06T07:15:02.138595-05:00,2026-03-05,fl,rmse_f,consensus,2.4726
2026-03-06T07:15:02.138595-05:00,2026-03-05,fl,mae_f,open-meteo,4.2000
2026-03-06T07:15:02.138595-05:00,2026-03-05,fl,rmse_f,open-meteo,4.2000
2026-03-06T07:15:02.138595-05:00,2026-03-05,fl,mae_f,visual-crossing,2.3000
2026-03-06T07:15:02.138595-05:00,2026-03-05,fl,rmse_f,visual-crossing,2.3000
2026-03-06T07:15:02.138595-05:00,2026-03-05,fl,mae_f,tomorrow,4.1400
2026-03-06T07:15:02.138595-05:00,2026-03-05,fl,rmse_f,tomorrow,4.1400
2026-03-06T07:15:02.138595-05:00,2026-03-05,fl,mae_f,weatherapi,2.1000
2026-03-06T07:15:02.138595-05:00,2026-03-05,fl,rmse_f,weatherapi,2.1000
2026-03-06T07:15:02.138595-05:00,2026-03-05,tx,mae_f,consensus,3.4979
2026-03-06T07:15:02.138595-05:00,2026-03-05,tx,rmse_f,consensus,3.4979
2026-03-06T07:15:02.138595-05:00,2026-03-05,tx,mae_f,open-meteo,4.5000
2026-03-06T07:15:02.138595-05:00,2026-03-05,tx,rmse_f,open-meteo,4.5000
2026-03-06T07:15:02.138595-05:00,2026-03-05,tx,mae_f,visual-crossing,3.0000
2026-03-06T07:15:02.138595-05:00,2026-03-05,tx,rmse_f,visual-crossing,3.0000
2026-03-06T07:15:02.138595-05:00,2026-03-05,tx,mae_f,tomorrow,3.6000
2026-03-06T07:15:02.138595-05:00,2026-03-05,tx,rmse_f,tomorrow,3.6000
2026-03-06T07:15:02.138595-05:00,2026-03-05,tx,mae_f,weatherapi,4.3000
2026-03-06T07:15:02.138595-05:00,2026-03-05,tx,rmse_f,weatherapi,4.3000
2026-03-06T07:15:02.138595-05:00,2026-03-05,fl,bucket_hit_rate,trade,0.0000
2026-03-06T07:15:02.138595-05:00,2026-03-05,tx,bucket_hit_rate,trade,0.0000
2026-03-06T07:15:02.138595-05:00,2026-03-05,fl,realized_pnl_dollars,trade,-5.58
2026-03-06T07:15:02.138595-05:00,2026-03-05,tx,realized_pnl_dollars,trade,-1.38
2026-03-07T03:15:02.608009-05:00,2026-03-06,ny,mae_f,consensus,1.5236
2026-03-07T03:15:02.608009-05:00,2026-03-06,ny,rmse_f,consensus,1.5236
2026-03-07T03:15:02.608009-05:00,2026-03-06,ny,mae_f,visual-crossing,2.1000
2026-03-07T03:15:02.608009-05:00,2026-03-06,ny,rmse_f,visual-crossing,2.1000
2026-03-07T03:15:02.608009-05:00,2026-03-06,ny,mae_f,tomorrow,1.1500
2026-03-07T03:15:02.608009-05:00,2026-03-06,ny,rmse_f,tomorrow,1.1500
2026-03-07T03:15:02.608009-05:00,2026-03-06,ny,mae_f,weatherapi,0.0000
2026-03-07T03:15:02.608009-05:00,2026-03-06,ny,rmse_f,weatherapi,0.0000
2026-03-07T03:15:02.608009-05:00,2026-03-06,ny,bucket_hit_rate,trade,0.0000
2026-03-07T03:15:02.608009-05:00,2026-03-06,ny,realized_pnl_dollars,trade,-1.20
2026-03-07T07:15:01.783142-05:00,2026-03-06,ny,mae_f,consensus,1.5236
2026-03-07T07:15:01.783142-05:00,2026-03-06,ny,rmse_f,consensus,1.5236
2026-03-07T07:15:01.783142-05:00,2026-03-06,ny,mae_f,visual-crossing,2.1000
2026-03-07T07:15:01.783142-05:00,2026-03-06,ny,rmse_f,visual-crossing,2.1000
2026-03-07T07:15:01.783142-05:00,2026-03-06,ny,mae_f,tomorrow,1.1500
2026-03-07T07:15:01.783142-05:00,2026-03-06,ny,rmse_f,tomorrow,1.1500
2026-03-07T07:15:01.783142-05:00,2026-03-06,ny,mae_f,weatherapi,0.0000
2026-03-07T07:15:01.783142-05:00,2026-03-06,ny,rmse_f,weatherapi,0.0000
2026-03-07T07:15:01.783142-05:00,2026-03-06,ny,bucket_hit_rate,trade,0.0000
2026-03-07T07:15:01.783142-05:00,2026-03-06,ny,realized_pnl_dollars,trade,-1.20
2026-03-08T03:15:04.551560-04:00,2026-03-07,ny,mae_f,consensus,4.6863
2026-03-08T03:15:04.551560-04:00,2026-03-07,ny,rmse_f,consensus,4.6863
2026-03-08T03:15:04.551560-04:00,2026-03-07,ny,mae_f,open-meteo,6.7000
2026-03-08T03:15:04.551560-04:00,2026-03-07,ny,rmse_f,open-meteo,6.7000
2026-03-08T03:15:04.551560-04:00,2026-03-07,ny,mae_f,visual-crossing,3.0000
2026-03-08T03:15:04.551560-04:00,2026-03-07,ny,rmse_f,visual-crossing,3.0000
2026-03-08T03:15:04.551560-04:00,2026-03-07,ny,mae_f,tomorrow,5.5500
2026-03-08T03:15:04.551560-04:00,2026-03-07,ny,rmse_f,tomorrow,5.5500
2026-03-08T03:15:04.551560-04:00,2026-03-07,ny,mae_f,weatherapi,7.8000
2026-03-08T03:15:04.551560-04:00,2026-03-07,ny,rmse_f,weatherapi,7.8000
2026-03-08T03:15:04.551560-04:00,2026-03-07,ny,bucket_hit_rate,trade,0.0000
2026-03-08T03:15:04.551560-04:00,2026-03-07,ny,realized_pnl_dollars,trade,-1.44
2026-03-08T07:15:03.377495-04:00,2026-03-07,ny,mae_f,consensus,4.6863
2026-03-08T07:15:03.377495-04:00,2026-03-07,ny,rmse_f,consensus,4.6863
2026-03-08T07:15:03.377495-04:00,2026-03-07,ny,mae_f,open-meteo,6.7000
2026-03-08T07:15:03.377495-04:00,2026-03-07,ny,rmse_f,open-meteo,6.7000
2026-03-08T07:15:03.377495-04:00,2026-03-07,ny,mae_f,visual-crossing,3.0000
2026-03-08T07:15:03.377495-04:00,2026-03-07,ny,rmse_f,visual-crossing,3.0000
2026-03-08T07:15:03.377495-04:00,2026-03-07,ny,mae_f,tomorrow,5.5500
2026-03-08T07:15:03.377495-04:00,2026-03-07,ny,rmse_f,tomorrow,5.5500
2026-03-08T07:15:03.377495-04:00,2026-03-07,ny,mae_f,weatherapi,7.8000
2026-03-08T07:15:03.377495-04:00,2026-03-07,ny,rmse_f,weatherapi,7.8000
2026-03-08T07:15:03.377495-04:00,2026-03-07,fl,mae_f,consensus,1.2685
2026-03-08T07:15:03.377495-04:00,2026-03-07,fl,rmse_f,consensus,1.2685
2026-03-08T07:15:03.377495-04:00,2026-03-07,fl,mae_f,open-meteo,2.7000
2026-03-08T07:15:03.377495-04:00,2026-03-07,fl,rmse_f,open-meteo,2.7000
2026-03-08T07:15:03.377495-04:00,2026-03-07,fl,mae_f,visual-crossing,1.2000
2026-03-08T07:15:03.377495-04:00,2026-03-07,fl,rmse_f,visual-crossing,1.2000
2026-03-08T07:15:03.377495-04:00,2026-03-07,fl,mae_f,tomorrow,4.4900
2026-03-08T07:15:03.377495-04:00,2026-03-07,fl,rmse_f,tomorrow,4.4900
2026-03-08T07:15:03.377495-04:00,2026-03-07,fl,mae_f,weatherapi,0.6000
2026-03-08T07:15:03.377495-04:00,2026-03-07,fl,rmse_f,weatherapi,0.6000
2026-03-08T07:15:03.377495-04:00,2026-03-07,ny,bucket_hit_rate,trade,0.0000
2026-03-08T07:15:03.377495-04:00,2026-03-07,fl,bucket_hit_rate,trade,1.0000
2026-03-08T07:15:03.377495-04:00,2026-03-07,ny,realized_pnl_dollars,trade,-1.44
2026-03-08T07:15:03.377495-04:00,2026-03-07,fl,realized_pnl_dollars,trade,0.72
2026-03-09T03:15:04.189545-04:00,2026-03-08,ny,mae_f,consensus,3.4246
2026-03-09T03:15:04.189545-04:00,2026-03-08,ny,rmse_f,consensus,3.4246
2026-03-09T03:15:04.189545-04:00,2026-03-08,ny,mae_f,open-meteo,3.3000
2026-03-09T03:15:04.189545-04:00,2026-03-08,ny,rmse_f,open-meteo,3.3000
2026-03-09T03:15:04.189545-04:00,2026-03-08,ny,mae_f,visual-crossing,3.1000
2026-03-09T03:15:04.189545-04:00,2026-03-08,ny,rmse_f,visual-crossing,3.1000
2026-03-09T03:15:04.189545-04:00,2026-03-08,ny,mae_f,tomorrow,3.7500
2026-03-09T03:15:04.189545-04:00,2026-03-08,ny,rmse_f,tomorrow,3.7500
2026-03-09T03:15:04.189545-04:00,2026-03-08,il,mae_f,consensus,1.3908
2026-03-09T03:15:04.189545-04:00,2026-03-08,il,rmse_f,consensus,1.3908
2026-03-09T03:15:04.189545-04:00,2026-03-08,il,mae_f,open-meteo,2.4000
2026-03-09T03:15:04.189545-04:00,2026-03-08,il,rmse_f,open-meteo,2.4000
2026-03-09T03:15:04.189545-04:00,2026-03-08,il,mae_f,visual-crossing,1.0000
2026-03-09T03:15:04.189545-04:00,2026-03-08,il,rmse_f,visual-crossing,1.0000
2026-03-09T03:15:04.189545-04:00,2026-03-08,il,mae_f,tomorrow,0.9400
2026-03-09T03:15:04.189545-04:00,2026-03-08,il,rmse_f,tomorrow,0.9400
2026-03-09T03:15:04.189545-04:00,2026-03-08,il,mae_f,weatherapi,0.9000
2026-03-09T03:15:04.189545-04:00,2026-03-08,il,rmse_f,weatherapi,0.9000
2026-03-09T03:15:04.189545-04:00,2026-03-08,ny,bucket_hit_rate,trade,0.0000
2026-03-09T03:15:04.189545-04:00,2026-03-08,il,bucket_hit_rate,trade,0.0000
2026-03-09T03:15:04.189545-04:00,2026-03-08,ny,realized_pnl_dollars,trade,-1.10
2026-03-09T03:15:04.189545-04:00,2026-03-08,il,realized_pnl_dollars,trade,-1.17
2026-03-09T07:15:02.144468-04:00,2026-03-08,ny,mae_f,consensus,3.4246
2026-03-09T07:15:02.144468-04:00,2026-03-08,ny,rmse_f,consensus,3.4246
2026-03-09T07:15:02.144468-04:00,2026-03-08,ny,mae_f,open-meteo,3.3000
2026-03-09T07:15:02.144468-04:00,2026-03-08,ny,rmse_f,open-meteo,3.3000
2026-03-09T07:15:02.144468-04:00,2026-03-08,ny,mae_f,visual-crossing,3.1000
2026-03-09T07:15:02.144468-04:00,2026-03-08,ny,rmse_f,visual-crossing,3.1000
2026-03-09T07:15:02.144468-04:00,2026-03-08,ny,mae_f,tomorrow,3.7500
2026-03-09T07:15:02.144468-04:00,2026-03-08,ny,rmse_f,tomorrow,3.7500
2026-03-09T07:15:02.144468-04:00,2026-03-08,il,mae_f,consensus,1.3908
2026-03-09T07:15:02.144468-04:00,2026-03-08,il,rmse_f,consensus,1.3908
2026-03-09T07:15:02.144468-04:00,2026-03-08,il,mae_f,open-meteo,2.4000
2026-03-09T07:15:02.144468-04:00,2026-03-08,il,rmse_f,open-meteo,2.4000
2026-03-09T07:15:02.144468-04:00,2026-03-08,il,mae_f,visual-crossing,1.0000
2026-03-09T07:15:02.144468-04:00,2026-03-08,il,rmse_f,visual-crossing,1.0000
2026-03-09T07:15:02.144468-04:00,2026-03-08,il,mae_f,tomorrow,0.9400
2026-03-09T07:15:02.144468-04:00,2026-03-08,il,rmse_f,tomorrow,0.9400
2026-03-09T07:15:02.144468-04:00,2026-03-08,il,mae_f,weatherapi,0.9000
2026-03-09T07:15:02.144468-04:00,2026-03-08,il,rmse_f,weatherapi,0.9000
2026-03-09T07:15:02.144468-04:00,2026-03-08,ny,bucket_hit_rate,trade,0.0000
2026-03-09T07:15:02.144468-04:00,2026-03-08,il,bucket_hit_rate,trade,0.0000
2026-03-09T07:15:02.144468-04:00,2026-03-08,ny,realized_pnl_dollars,trade,-1.10
2026-03-09T07:15:02.144468-04:00,2026-03-08,il,realized_pnl_dollars,trade,-1.17
2026-03-10T03:15:01.975150-04:00,2026-03-09,tx,mae_f,consensus,0.1222
2026-03-10T03:15:01.975150-04:00,2026-03-09,tx,rmse_f,consensus,0.1222
2026-03-10T03:15:01.975150-04:00,2026-03-09,tx,mae_f,open-meteo,3.0000
2026-03-10T03:15:01.975150-04:00,2026-03-09,tx,rmse_f,open-meteo,3.0000
2026-03-10T03:15:01.975150-04:00,2026-03-09,tx,mae_f,visual-crossing,3.0000
2026-03-10T03:15:01.975150-04:00,2026-03-09,tx,rmse_f,visual-crossing,3.0000
2026-03-10T03:15:01.975150-04:00,2026-03-09,tx,mae_f,tomorrow,4.1000
2026-03-10T03:15:01.975150-04:00,2026-03-09,tx,rmse_f,tomorrow,4.1000
2026-03-10T03:15:01.975150-04:00,2026-03-09,tx,mae_f,weatherapi,0.1000
2026-03-10T03:15:01.975150-04:00,2026-03-09,tx,rmse_f,weatherapi,0.1000
2026-03-10T03:15:01.975150-04:00,2026-03-09,tx,bucket_hit_rate,trade,1.0000
2026-03-10T03:15:01.975150-04:00,2026-03-09,tx,realized_pnl_dollars,trade,7.65
2026-03-10T07:15:01.489384-04:00,2026-03-09,tx,mae_f,consensus,0.1222
2026-03-10T07:15:01.489384-04:00,2026-03-09,tx,rmse_f,consensus,0.1222
2026-03-10T07:15:01.489384-04:00,2026-03-09,tx,mae_f,open-meteo,3.0000
2026-03-10T07:15:01.489384-04:00,2026-03-09,tx,rmse_f,open-meteo,3.0000
2026-03-10T07:15:01.489384-04:00,2026-03-09,tx,mae_f,visual-crossing,3.0000
2026-03-10T07:15:01.489384-04:00,2026-03-09,tx,rmse_f,visual-crossing,3.0000
2026-03-10T07:15:01.489384-04:00,2026-03-09,tx,mae_f,tomorrow,4.1000
2026-03-10T07:15:01.489384-04:00,2026-03-09,tx,rmse_f,tomorrow,4.1000
2026-03-10T07:15:01.489384-04:00,2026-03-09,tx,mae_f,weatherapi,0.1000
2026-03-10T07:15:01.489384-04:00,2026-03-09,tx,rmse_f,weatherapi,0.1000
2026-03-10T07:15:01.489384-04:00,2026-03-09,tx,bucket_hit_rate,trade,1.0000
2026-03-10T07:15:01.489384-04:00,2026-03-09,tx,realized_pnl_dollars,trade,7.65
2026-03-11T03:15:02.556603-04:00,2026-03-10,tx,mae_f,consensus,3.1496
2026-03-11T03:15:02.556603-04:00,2026-03-10,tx,rmse_f,consensus,3.1496
2026-03-11T03:15:02.556603-04:00,2026-03-10,tx,mae_f,open-meteo,4.9000
2026-03-11T03:15:02.556603-04:00,2026-03-10,tx,rmse_f,open-meteo,4.9000
2026-03-11T03:15:02.556603-04:00,2026-03-10,tx,mae_f,visual-crossing,2.0000
2026-03-11T03:15:02.556603-04:00,2026-03-10,tx,rmse_f,visual-crossing,2.0000
2026-03-11T03:15:02.556603-04:00,2026-03-10,tx,mae_f,tomorrow,5.4400
2026-03-11T03:15:02.556603-04:00,2026-03-10,tx,rmse_f,tomorrow,5.4400
2026-03-11T03:15:02.556603-04:00,2026-03-10,tx,mae_f,weatherapi,1.2000
2026-03-11T03:15:02.556603-04:00,2026-03-10,tx,rmse_f,weatherapi,1.2000
2026-03-11T03:15:02.556603-04:00,2026-03-10,tx,bucket_hit_rate,trade,0.0000
2026-03-11T03:15:02.556603-04:00,2026-03-10,tx,realized_pnl_dollars,trade,-1.44
2026-03-11T07:15:01.432960-04:00,2026-03-10,tx,mae_f,consensus,3.1496
2026-03-11T07:15:01.432960-04:00,2026-03-10,tx,rmse_f,consensus,3.1496
2026-03-11T07:15:01.432960-04:00,2026-03-10,tx,mae_f,open-meteo,4.9000
2026-03-11T07:15:01.432960-04:00,2026-03-10,tx,rmse_f,open-meteo,4.9000
2026-03-11T07:15:01.432960-04:00,2026-03-10,tx,mae_f,visual-crossing,2.0000
2026-03-11T07:15:01.432960-04:00,2026-03-10,tx,rmse_f,visual-crossing,2.0000
2026-03-11T07:15:01.432960-04:00,2026-03-10,tx,mae_f,tomorrow,5.4400
2026-03-11T07:15:01.432960-04:00,2026-03-10,tx,rmse_f,tomorrow,5.4400
2026-03-11T07:15:01.432960-04:00,2026-03-10,tx,mae_f,weatherapi,1.2000
2026-03-11T07:15:01.432960-04:00,2026-03-10,tx,rmse_f,weatherapi,1.2000
2026-03-11T07:15:01.432960-04:00,2026-03-10,tx,bucket_hit_rate,trade,0.0000
2026-03-11T07:15:01.432960-04:00,2026-03-10,tx,realized_pnl_dollars,trade,-1.44
2026-03-26T03:15:34.880809-04:00,2026-03-25,ny,mae_f,consensus,0.9114
2026-03-26T03:15:34.880809-04:00,2026-03-25,ny,rmse_f,consensus,0.9114
2026-03-26T03:15:34.880809-04:00,2026-03-25,ny,mae_f,open-meteo,1.2000
2026-03-26T03:15:34.880809-04:00,2026-03-25,ny,rmse_f,open-meteo,1.2000
2026-03-26T03:15:34.880809-04:00,2026-03-25,ny,mae_f,visual-crossing,0.1000
2026-03-26T03:15:34.880809-04:00,2026-03-25,ny,rmse_f,visual-crossing,0.1000
2026-03-26T03:15:34.880809-04:00,2026-03-25,ny,mae_f,tomorrow,0.7900
2026-03-26T03:15:34.880809-04:00,2026-03-25,ny,rmse_f,tomorrow,0.7900
2026-03-26T03:15:34.880809-04:00,2026-03-25,ny,mae_f,weatherapi,1.8000
2026-03-26T03:15:34.880809-04:00,2026-03-25,ny,rmse_f,weatherapi,1.8000
2026-03-26T03:15:34.880809-04:00,2026-03-25,ny,bucket_hit_rate,trade,0.0000
2026-03-26T03:15:34.880809-04:00,2026-03-25,ny,realized_pnl_dollars,trade,-2.80
2026-03-26T07:15:02.622368-04:00,2026-03-25,ny,mae_f,consensus,0.9114
2026-03-26T07:15:02.622368-04:00,2026-03-25,ny,rmse_f,consensus,0.9114
2026-03-26T07:15:02.622368-04:00,2026-03-25,ny,mae_f,open-meteo,1.2000
2026-03-26T07:15:02.622368-04:00,2026-03-25,ny,rmse_f,open-meteo,1.2000
2026-03-26T07:15:02.622368-04:00,2026-03-25,ny,mae_f,visual-crossing,0.1000
2026-03-26T07:15:02.622368-04:00,2026-03-25,ny,rmse_f,visual-crossing,0.1000
2026-03-26T07:15:02.622368-04:00,2026-03-25,ny,mae_f,tomorrow,0.7900
2026-03-26T07:15:02.622368-04:00,2026-03-25,ny,rmse_f,tomorrow,0.7900
2026-03-26T07:15:02.622368-04:00,2026-03-25,ny,mae_f,weatherapi,1.8000
2026-03-26T07:15:02.622368-04:00,2026-03-25,ny,rmse_f,weatherapi,1.8000
2026-03-26T07:15:02.622368-04:00,2026-03-25,fl,mae_f,consensus,0.0649
2026-03-26T07:15:02.622368-04:00,2026-03-25,fl,rmse_f,consensus,0.0649
2026-03-26T07:15:02.622368-04:00,2026-03-25,fl,mae_f,open-meteo,1.8000
2026-03-26T07:15:02.622368-04:00,2026-03-25,fl,rmse_f,open-meteo,1.8000
2026-03-26T07:15:02.622368-04:00,2026-03-25,fl,mae_f,visual-crossing,1.5000
2026-03-26T07:15:02.622368-04:00,2026-03-25,fl,rmse_f,visual-crossing,1.5000
2026-03-26T07:15:02.622368-04:00,2026-03-25,fl,mae_f,tomorrow,1.8000
2026-03-26T07:15:02.622368-04:00,2026-03-25,fl,rmse_f,tomorrow,1.8000
2026-03-26T07:15:02.622368-04:00,2026-03-25,fl,mae_f,weatherapi,2.7000
2026-03-26T07:15:02.622368-04:00,2026-03-25,fl,rmse_f,weatherapi,2.7000
2026-03-26T07:15:02.622368-04:00,2026-03-25,tx,mae_f,consensus,0.5536
2026-03-26T07:15:02.622368-04:00,2026-03-25,tx,rmse_f,consensus,0.5536
2026-03-26T07:15:02.622368-04:00,2026-03-25,tx,mae_f,visual-crossing,1.0000
2026-03-26T07:15:02.622368-04:00,2026-03-25,tx,rmse_f,visual-crossing,1.0000
2026-03-26T07:15:02.622368-04:00,2026-03-25,tx,mae_f,tomorrow,4.9500
2026-03-26T07:15:02.622368-04:00,2026-03-25,tx,rmse_f,tomorrow,4.9500
2026-03-26T07:15:02.622368-04:00,2026-03-25,tx,mae_f,weatherapi,0.8000
2026-03-26T07:15:02.622368-04:00,2026-03-25,tx,rmse_f,weatherapi,0.8000
2026-03-26T07:15:02.622368-04:00,2026-03-25,ny,bucket_hit_rate,trade,0.0000
2026-03-26T07:15:02.622368-04:00,2026-03-25,fl,bucket_hit_rate,trade,1.0000
2026-03-26T07:15:02.622368-04:00,2026-03-25,tx,bucket_hit_rate,trade,0.0000
2026-03-26T07:15:02.622368-04:00,2026-03-25,ny,realized_pnl_dollars,trade,-2.80
2026-03-26T07:15:02.622368-04:00,2026-03-25,fl,realized_pnl_dollars,trade,3.42
2026-03-26T07:15:02.622368-04:00,2026-03-25,tx,realized_pnl_dollars,trade,-2.12
2026-03-27T03:15:19.141759-04:00,2026-03-26,ny,mae_f,consensus,2.8579
2026-03-27T03:15:19.141759-04:00,2026-03-26,ny,rmse_f,consensus,2.8579
2026-03-27T03:15:19.141759-04:00,2026-03-26,ny,mae_f,visual-crossing,3.9000
2026-03-27T03:15:19.141759-04:00,2026-03-26,ny,rmse_f,visual-crossing,3.9000
2026-03-27T03:15:19.141759-04:00,2026-03-26,ny,mae_f,tomorrow,0.2400
2026-03-27T03:15:19.141759-04:00,2026-03-26,ny,rmse_f,tomorrow,0.2400
2026-03-27T03:15:19.141759-04:00,2026-03-26,ny,mae_f,weatherapi,5.7000
2026-03-27T03:15:19.141759-04:00,2026-03-26,ny,rmse_f,weatherapi,5.7000
2026-03-27T03:15:19.141759-04:00,2026-03-26,ny,bucket_hit_rate,trade,1.0000
2026-03-27T03:15:19.141759-04:00,2026-03-26,ny,realized_pnl_dollars,trade,0.09
2026-03-27T07:15:01.485344-04:00,2026-03-26,ny,mae_f,consensus,2.8579
2026-03-27T07:15:01.485344-04:00,2026-03-26,ny,rmse_f,consensus,2.8579
2026-03-27T07:15:01.485344-04:00,2026-03-26,ny,mae_f,visual-crossing,3.9000
2026-03-27T07:15:01.485344-04:00,2026-03-26,ny,rmse_f,visual-crossing,3.9000
2026-03-27T07:15:01.485344-04:00,2026-03-26,ny,mae_f,tomorrow,0.2400
2026-03-27T07:15:01.485344-04:00,2026-03-26,ny,rmse_f,tomorrow,0.2400
2026-03-27T07:15:01.485344-04:00,2026-03-26,ny,mae_f,weatherapi,5.7000
2026-03-27T07:15:01.485344-04:00,2026-03-26,ny,rmse_f,weatherapi,5.7000
2026-03-27T07:15:01.485344-04:00,2026-03-26,tx,mae_f,consensus,0.5643
2026-03-27T07:15:01.485344-04:00,2026-03-26,tx,rmse_f,consensus,0.5643
2026-03-27T07:15:01.485344-04:00,2026-03-26,tx,mae_f,open-meteo,3.8000
2026-03-27T07:15:01.485344-04:00,2026-03-26,tx,rmse_f,open-meteo,3.8000
2026-03-27T07:15:01.485344-04:00,2026-03-26,tx,mae_f,visual-crossing,0.0000
2026-03-27T07:15:01.485344-04:00,2026-03-26,tx,rmse_f,visual-crossing,0.0000
2026-03-27T07:15:01.485344-04:00,2026-03-26,tx,mae_f,tomorrow,4.0300
2026-03-27T07:15:01.485344-04:00,2026-03-26,tx,rmse_f,tomorrow,4.0300
2026-03-27T07:15:01.485344-04:00,2026-03-26,tx,mae_f,weatherapi,0.4000
2026-03-27T07:15:01.485344-04:00,2026-03-26,tx,rmse_f,weatherapi,0.4000
2026-03-27T07:15:01.485344-04:00,2026-03-26,ny,bucket_hit_rate,trade,1.0000
2026-03-27T07:15:01.485344-04:00,2026-03-26,tx,bucket_hit_rate,trade,1.0000
2026-03-27T07:15:01.485344-04:00,2026-03-26,ny,realized_pnl_dollars,trade,0.09
2026-03-27T07:15:01.485344-04:00,2026-03-26,tx,realized_pnl_dollars,trade,1.59
2026-03-28T03:15:02.790985-04:00,2026-03-27,tx,mae_f,consensus,0.3946
2026-03-28T03:15:02.790985-04:00,2026-03-27,tx,rmse_f,consensus,0.3946
2026-03-28T03:15:02.790985-04:00,2026-03-27,tx,mae_f,open-meteo,2.3000
2026-03-28T03:15:02.790985-04:00,2026-03-27,tx,rmse_f,open-meteo,2.3000
2026-03-28T03:15:02.790985-04:00,2026-03-27,tx,mae_f,visual-crossing,1.0000
2026-03-28T03:15:02.790985-04:00,2026-03-27,tx,rmse_f,visual-crossing,1.0000
2026-03-28T03:15:02.790985-04:00,2026-03-27,tx,mae_f,tomorrow,2.5600
2026-03-28T03:15:02.790985-04:00,2026-03-27,tx,rmse_f,tomorrow,2.5600
2026-03-28T03:15:02.790985-04:00,2026-03-27,tx,mae_f,weatherapi,1.4000
2026-03-28T03:15:02.790985-04:00,2026-03-27,tx,rmse_f,weatherapi,1.4000
2026-03-28T03:15:02.790985-04:00,2026-03-27,tx,bucket_hit_rate,trade,1.0000
2026-03-28T03:15:02.790985-04:00,2026-03-27,tx,realized_pnl_dollars,trade,1.84
2026-03-28T07:15:01.631839-04:00,2026-03-27,tx,mae_f,consensus,0.3946
2026-03-28T07:15:01.631839-04:00,2026-03-27,tx,rmse_f,consensus,0.3946
2026-03-28T07:15:01.631839-04:00,2026-03-27,tx,mae_f,open-meteo,2.3000
2026-03-28T07:15:01.631839-04:00,2026-03-27,tx,rmse_f,open-meteo,2.3000
2026-03-28T07:15:01.631839-04:00,2026-03-27,tx,mae_f,visual-crossing,1.0000
2026-03-28T07:15:01.631839-04:00,2026-03-27,tx,rmse_f,visual-crossing,1.0000
2026-03-28T07:15:01.631839-04:00,2026-03-27,tx,mae_f,tomorrow,2.5600
2026-03-28T07:15:01.631839-04:00,2026-03-27,tx,rmse_f,tomorrow,2.5600
2026-03-28T07:15:01.631839-04:00,2026-03-27,tx,mae_f,weatherapi,1.4000
2026-03-28T07:15:01.631839-04:00,2026-03-27,tx,rmse_f,weatherapi,1.4000
2026-03-28T07:15:01.631839-04:00,2026-03-27,tx,bucket_hit_rate,trade,1.0000
2026-03-28T07:15:01.631839-04:00,2026-03-27,tx,realized_pnl_dollars,trade,1.84
2026-03-29T03:15:02.373107-04:00,2026-03-28,ny,mae_f,consensus,0.6727
2026-03-29T03:15:02.373107-04:00,2026-03-28,ny,rmse_f,consensus,0.6727
2026-03-29T03:15:02.373107-04:00,2026-03-28,ny,mae_f,open-meteo,2.0000
2026-03-29T03:15:02.373107-04:00,2026-03-28,ny,rmse_f,open-meteo,2.0000
2026-03-29T03:15:02.373107-04:00,2026-03-28,ny,mae_f,visual-crossing,1.0000
2026-03-29T03:15:02.373107-04:00,2026-03-28,ny,rmse_f,visual-crossing,1.0000
2026-03-29T03:15:02.373107-04:00,2026-03-28,ny,mae_f,tomorrow,0.7000
2026-03-29T03:15:02.373107-04:00,2026-03-28,ny,rmse_f,tomorrow,0.7000
2026-03-29T03:15:02.373107-04:00,2026-03-28,ny,mae_f,weatherapi,1.2000
2026-03-29T03:15:02.373107-04:00,2026-03-28,ny,rmse_f,weatherapi,1.2000
2026-03-29T03:15:02.373107-04:00,2026-03-28,tx,mae_f,consensus,4.8195
2026-03-29T03:15:02.373107-04:00,2026-03-28,tx,rmse_f,consensus,4.8195
2026-03-29T03:15:02.373107-04:00,2026-03-28,tx,mae_f,visual-crossing,6.1000
2026-03-29T03:15:02.373107-04:00,2026-03-28,tx,rmse_f,visual-crossing,6.1000
2026-03-29T03:15:02.373107-04:00,2026-03-28,tx,mae_f,tomorrow,2.8900
2026-03-29T03:15:02.373107-04:00,2026-03-28,tx,rmse_f,tomorrow,2.8900
2026-03-29T03:15:02.373107-04:00,2026-03-28,tx,mae_f,weatherapi,4.2000
2026-03-29T03:15:02.373107-04:00,2026-03-28,tx,rmse_f,weatherapi,4.2000
2026-03-29T03:15:02.373107-04:00,2026-03-28,ny,bucket_hit_rate,trade,1.0000
2026-03-29T03:15:02.373107-04:00,2026-03-28,tx,bucket_hit_rate,trade,0.0000
2026-03-29T03:15:02.373107-04:00,2026-03-28,ny,realized_pnl_dollars,trade,0.45
2026-03-29T03:15:02.373107-04:00,2026-03-28,tx,realized_pnl_dollars,trade,-3.74
2026-03-29T07:15:01.464900-04:00,2026-03-28,ny,mae_f,consensus,0.6727
2026-03-29T07:15:01.464900-04:00,2026-03-28,ny,rmse_f,consensus,0.6727
2026-03-29T07:15:01.464900-04:00,2026-03-28,ny,mae_f,open-meteo,2.0000
2026-03-29T07:15:01.464900-04:00,2026-03-28,ny,rmse_f,open-meteo,2.0000
2026-03-29T07:15:01.464900-04:00,2026-03-28,ny,mae_f,visual-crossing,1.0000
2026-03-29T07:15:01.464900-04:00,2026-03-28,ny,rmse_f,visual-crossing,1.0000
2026-03-29T07:15:01.464900-04:00,2026-03-28,ny,mae_f,tomorrow,0.7000
2026-03-29T07:15:01.464900-04:00,2026-03-28,ny,rmse_f,tomorrow,0.7000
2026-03-29T07:15:01.464900-04:00,2026-03-28,ny,mae_f,weatherapi,1.2000
2026-03-29T07:15:01.464900-04:00,2026-03-28,ny,rmse_f,weatherapi,1.2000
2026-03-29T07:15:01.464900-04:00,2026-03-28,tx,mae_f,consensus,4.8195
2026-03-29T07:15:01.464900-04:00,2026-03-28,tx,rmse_f,consensus,4.8195
2026-03-29T07:15:01.464900-04:00,2026-03-28,tx,mae_f,visual-crossing,6.1000
2026-03-29T07:15:01.464900-04:00,2026-03-28,tx,rmse_f,visual-crossing,6.1000
2026-03-29T07:15:01.464900-04:00,2026-03-28,tx,mae_f,tomorrow,2.8900
2026-03-29T07:15:01.464900-04:00,2026-03-28,tx,rmse_f,tomorrow,2.8900
2026-03-29T07:15:01.464900-04:00,2026-03-28,tx,mae_f,weatherapi,4.2000
2026-03-29T07:15:01.464900-04:00,2026-03-28,tx,rmse_f,weatherapi,4.2000
2026-03-29T07:15:01.464900-04:00,2026-03-28,ny,bucket_hit_rate,trade,1.0000
2026-03-29T07:15:01.464900-04:00,2026-03-28,tx,bucket_hit_rate,trade,0.0000
2026-03-29T07:15:01.464900-04:00,2026-03-28,ny,realized_pnl_dollars,trade,0.45
2026-03-29T07:15:01.464900-04:00,2026-03-28,tx,realized_pnl_dollars,trade,-3.74
2026-03-30T03:15:22.097783-04:00,2026-03-29,il,mae_f,consensus,1.2856
2026-03-30T03:15:22.097783-04:00,2026-03-29,il,rmse_f,consensus,1.2856
2026-03-30T03:15:22.097783-04:00,2026-03-29,il,mae_f,visual-crossing,0.1000
2026-03-30T03:15:22.097783-04:00,2026-03-29,il,rmse_f,visual-crossing,0.1000
2026-03-30T03:15:22.097783-04:00,2026-03-29,il,mae_f,tomorrow,3.4500
2026-03-30T03:15:22.097783-04:00,2026-03-29,il,rmse_f,tomorrow,3.4500
2026-03-30T03:15:22.097783-04:00,2026-03-29,il,mae_f,weatherapi,9.3000
2026-03-30T03:15:22.097783-04:00,2026-03-29,il,rmse_f,weatherapi,9.3000
2026-03-30T03:15:22.097783-04:00,2026-03-29,tx,mae_f,consensus,0.2360
2026-03-30T03:15:22.097783-04:00,2026-03-29,tx,rmse_f,consensus,0.2360
2026-03-30T03:15:22.097783-04:00,2026-03-29,tx,mae_f,visual-crossing,0.0000
2026-03-30T03:15:22.097783-04:00,2026-03-29,tx,rmse_f,visual-crossing,0.0000
2026-03-30T03:15:22.097783-04:00,2026-03-29,tx,mae_f,tomorrow,3.7200
2026-03-30T03:15:22.097783-04:00,2026-03-29,tx,rmse_f,tomorrow,3.7200
2026-03-30T03:15:22.097783-04:00,2026-03-29,tx,mae_f,weatherapi,1.4000
2026-03-30T03:15:22.097783-04:00,2026-03-29,tx,rmse_f,weatherapi,1.4000
2026-03-30T03:15:22.097783-04:00,2026-03-29,il,bucket_hit_rate,trade,1.0000
2026-03-30T03:15:22.097783-04:00,2026-03-29,tx,bucket_hit_rate,trade,1.0000
2026-03-30T03:15:22.097783-04:00,2026-03-29,il,realized_pnl_dollars,trade,1.62
2026-03-30T03:15:22.097783-04:00,2026-03-29,tx,realized_pnl_dollars,trade,1.50
2026-03-30T07:15:02.061201-04:00,2026-03-29,fl,mae_f,consensus,1.4829
2026-03-30T07:15:02.061201-04:00,2026-03-29,fl,rmse_f,consensus,1.4829
2026-03-30T07:15:02.061201-04:00,2026-03-29,fl,mae_f,open-meteo,3.2000
2026-03-30T07:15:02.061201-04:00,2026-03-29,fl,rmse_f,open-meteo,3.2000
2026-03-30T07:15:02.061201-04:00,2026-03-29,fl,mae_f,visual-crossing,2.8000
2026-03-30T07:15:02.061201-04:00,2026-03-29,fl,rmse_f,visual-crossing,2.8000
2026-03-30T07:15:02.061201-04:00,2026-03-29,fl,mae_f,tomorrow,3.1800
2026-03-30T07:15:02.061201-04:00,2026-03-29,fl,rmse_f,tomorrow,3.1800
2026-03-30T07:15:02.061201-04:00,2026-03-29,fl,mae_f,weatherapi,0.7000
2026-03-30T07:15:02.061201-04:00,2026-03-29,fl,rmse_f,weatherapi,0.7000
2026-03-30T07:15:02.061201-04:00,2026-03-29,il,mae_f,consensus,1.2856
2026-03-30T07:15:02.061201-04:00,2026-03-29,il,rmse_f,consensus,1.2856
2026-03-30T07:15:02.061201-04:00,2026-03-29,il,mae_f,visual-crossing,0.1000
2026-03-30T07:15:02.061201-04:00,2026-03-29,il,rmse_f,visual-crossing,0.1000
2026-03-30T07:15:02.061201-04:00,2026-03-29,il,mae_f,tomorrow,3.4500
2026-03-30T07:15:02.061201-04:00,2026-03-29,il,rmse_f,tomorrow,3.4500
2026-03-30T07:15:02.061201-04:00,2026-03-29,il,mae_f,weatherapi,9.3000
2026-03-30T07:15:02.061201-04:00,2026-03-29,il,rmse_f,weatherapi,9.3000
2026-03-30T07:15:02.061201-04:00,2026-03-29,tx,mae_f,consensus,0.2360
2026-03-30T07:15:02.061201-04:00,2026-03-29,tx,rmse_f,consensus,0.2360
2026-03-30T07:15:02.061201-04:00,2026-03-29,tx,mae_f,visual-crossing,0.0000
2026-03-30T07:15:02.061201-04:00,2026-03-29,tx,rmse_f,visual-crossing,0.0000
2026-03-30T07:15:02.061201-04:00,2026-03-29,tx,mae_f,tomorrow,3.7200
2026-03-30T07:15:02.061201-04:00,2026-03-29,tx,rmse_f,tomorrow,3.7200
2026-03-30T07:15:02.061201-04:00,2026-03-29,tx,mae_f,weatherapi,1.4000
2026-03-30T07:15:02.061201-04:00,2026-03-29,tx,rmse_f,weatherapi,1.4000
2026-03-30T07:15:02.061201-04:00,2026-03-29,fl,bucket_hit_rate,trade,1.0000
2026-03-30T07:15:02.061201-04:00,2026-03-29,il,bucket_hit_rate,trade,1.0000
2026-03-30T07:15:02.061201-04:00,2026-03-29,tx,bucket_hit_rate,trade,1.0000
2026-03-30T07:15:02.061201-04:00,2026-03-29,fl,realized_pnl_dollars,trade,1.53
2026-03-30T07:15:02.061201-04:00,2026-03-29,il,realized_pnl_dollars,trade,1.62
2026-03-30T07:15:02.061201-04:00,2026-03-29,tx,realized_pnl_dollars,trade,1.50
2026-04-06T03:15:21.196049-04:00,2026-04-05,il,mae_f,consensus,2.0452
2026-04-06T03:15:21.196049-04:00,2026-04-05,il,rmse_f,consensus,2.0452
2026-04-06T03:15:21.196049-04:00,2026-04-05,il,mae_f,open-meteo,4.2000
2026-04-06T03:15:21.196049-04:00,2026-04-05,il,rmse_f,open-meteo,4.2000
2026-04-06T03:15:21.196049-04:00,2026-04-05,il,mae_f,visual-crossing,2.0000
2026-04-06T03:15:21.196049-04:00,2026-04-05,il,rmse_f,visual-crossing,2.0000
2026-04-06T03:15:21.196049-04:00,2026-04-05,il,mae_f,tomorrow,4.1200
2026-04-06T03:15:21.196049-04:00,2026-04-05,il,rmse_f,tomorrow,4.1200
2026-04-06T03:15:21.196049-04:00,2026-04-05,il,mae_f,weatherapi,3.5000
2026-04-06T03:15:21.196049-04:00,2026-04-05,il,rmse_f,weatherapi,3.5000
2026-04-06T03:15:21.196049-04:00,2026-04-05,il,bucket_hit_rate,trade,0.0000
2026-04-06T03:15:21.196049-04:00,2026-04-05,il,realized_pnl_dollars,trade,-1.68
2026-04-06T07:15:02.021990-04:00,2026-04-05,fl,mae_f,consensus,2.8643
2026-04-06T07:15:02.021990-04:00,2026-04-05,fl,rmse_f,consensus,2.8643
2026-04-06T07:15:02.021990-04:00,2026-04-05,fl,mae_f,open-meteo,3.5000
2026-04-06T07:15:02.021990-04:00,2026-04-05,fl,rmse_f,open-meteo,3.5000
2026-04-06T07:15:02.021990-04:00,2026-04-05,fl,mae_f,visual-crossing,4.3000
2026-04-06T07:15:02.021990-04:00,2026-04-05,fl,rmse_f,visual-crossing,4.3000
2026-04-06T07:15:02.021990-04:00,2026-04-05,fl,mae_f,tomorrow,3.5100
2026-04-06T07:15:02.021990-04:00,2026-04-05,fl,rmse_f,tomorrow,3.5100
2026-04-06T07:15:02.021990-04:00,2026-04-05,fl,mae_f,weatherapi,0.9000
2026-04-06T07:15:02.021990-04:00,2026-04-05,fl,rmse_f,weatherapi,0.9000
2026-04-06T07:15:02.021990-04:00,2026-04-05,il,mae_f,consensus,2.0452
2026-04-06T07:15:02.021990-04:00,2026-04-05,il,rmse_f,consensus,2.0452
2026-04-06T07:15:02.021990-04:00,2026-04-05,il,mae_f,open-meteo,4.2000
2026-04-06T07:15:02.021990-04:00,2026-04-05,il,rmse_f,open-meteo,4.2000
2026-04-06T07:15:02.021990-04:00,2026-04-05,il,mae_f,visual-crossing,2.0000
2026-04-06T07:15:02.021990-04:00,2026-04-05,il,rmse_f,visual-crossing,2.0000
2026-04-06T07:15:02.021990-04:00,2026-04-05,il,mae_f,tomorrow,4.1200
2026-04-06T07:15:02.021990-04:00,2026-04-05,il,rmse_f,tomorrow,4.1200
2026-04-06T07:15:02.021990-04:00,2026-04-05,il,mae_f,weatherapi,3.5000
2026-04-06T07:15:02.021990-04:00,2026-04-05,il,rmse_f,weatherapi,3.5000
2026-04-06T07:15:02.021990-04:00,2026-04-05,fl,bucket_hit_rate,trade,0.0000
2026-04-06T07:15:02.021990-04:00,2026-04-05,il,bucket_hit_rate,trade,0.0000
2026-04-06T07:15:02.021990-04:00,2026-04-05,fl,realized_pnl_dollars,trade,-4.92
2026-04-06T07:15:02.021990-04:00,2026-04-05,il,realized_pnl_dollars,trade,-1.68
2026-04-07T03:15:03.737636-04:00,2026-04-06,ny,mae_f,consensus,0.7108
2026-04-07T03:15:03.737636-04:00,2026-04-06,ny,rmse_f,consensus,0.7108
2026-04-07T03:15:03.737636-04:00,2026-04-06,ny,mae_f,open-meteo,1.1000
2026-04-07T03:15:03.737636-04:00,2026-04-06,ny,rmse_f,open-meteo,1.1000
2026-04-07T03:15:03.737636-04:00,2026-04-06,ny,mae_f,visual-crossing,0.0000
2026-04-07T03:15:03.737636-04:00,2026-04-06,ny,rmse_f,visual-crossing,0.0000
2026-04-07T03:15:03.737636-04:00,2026-04-06,ny,mae_f,tomorrow,1.3400
2026-04-07T03:15:03.737636-04:00,2026-04-06,ny,rmse_f,tomorrow,1.3400
2026-04-07T03:15:03.737636-04:00,2026-04-06,ny,mae_f,weatherapi,1.9000
2026-04-07T03:15:03.737636-04:00,2026-04-06,ny,rmse_f,weatherapi,1.9000
2026-04-07T03:15:03.737636-04:00,2026-04-06,ny,bucket_hit_rate,trade,0.0000
2026-04-07T03:15:03.737636-04:00,2026-04-06,ny,realized_pnl_dollars,trade,-1.80
2026-04-07T07:15:02.101619-04:00,2026-04-06,ny,mae_f,consensus,0.7108
2026-04-07T07:15:02.101619-04:00,2026-04-06,ny,rmse_f,consensus,0.7108
2026-04-07T07:15:02.101619-04:00,2026-04-06,ny,mae_f,open-meteo,1.1000
2026-04-07T07:15:02.101619-04:00,2026-04-06,ny,rmse_f,open-meteo,1.1000
2026-04-07T07:15:02.101619-04:00,2026-04-06,ny,mae_f,visual-crossing,0.0000
2026-04-07T07:15:02.101619-04:00,2026-04-06,ny,rmse_f,visual-crossing,0.0000
2026-04-07T07:15:02.101619-04:00,2026-04-06,ny,mae_f,tomorrow,1.3400
2026-04-07T07:15:02.101619-04:00,2026-04-06,ny,rmse_f,tomorrow,1.3400
2026-04-07T07:15:02.101619-04:00,2026-04-06,ny,mae_f,weatherapi,1.9000
2026-04-07T07:15:02.101619-04:00,2026-04-06,ny,rmse_f,weatherapi,1.9000
2026-04-07T07:15:02.101619-04:00,2026-04-06,ny,bucket_hit_rate,trade,0.0000
2026-04-07T07:15:02.101619-04:00,2026-04-06,ny,realized_pnl_dollars,trade,-1.80
2026-04-08T03:15:02.770957-04:00,2026-04-07,ny,mae_f,consensus,2.4970
2026-04-08T03:15:02.770957-04:00,2026-04-07,ny,rmse_f,consensus,2.4970
2026-04-08T03:15:02.770957-04:00,2026-04-07,ny,mae_f,visual-crossing,4.8000
2026-04-08T03:15:02.770957-04:00,2026-04-07,ny,rmse_f,visual-crossing,4.8000
2026-04-08T03:15:02.770957-04:00,2026-04-07,ny,mae_f,tomorrow,1.9000
2026-04-08T03:15:02.770957-04:00,2026-04-07,ny,rmse_f,tomorrow,1.9000
2026-04-08T03:15:02.770957-04:00,2026-04-07,ny,mae_f,weatherapi,2.4000
2026-04-08T03:15:02.770957-04:00,2026-04-07,ny,rmse_f,weatherapi,2.4000
2026-04-08T03:15:02.770957-04:00,2026-04-07,tx,mae_f,consensus,0.6326
2026-04-08T03:15:02.770957-04:00,2026-04-07,tx,rmse_f,consensus,0.6326
2026-04-08T03:15:02.770957-04:00,2026-04-07,tx,mae_f,open-meteo,2.8000
2026-04-08T03:15:02.770957-04:00,2026-04-07,tx,rmse_f,open-meteo,2.8000
2026-04-08T03:15:02.770957-04:00,2026-04-07,tx,mae_f,visual-crossing,1.0000
2026-04-08T03:15:02.770957-04:00,2026-04-07,tx,rmse_f,visual-crossing,1.0000
2026-04-08T03:15:02.770957-04:00,2026-04-07,tx,mae_f,tomorrow,3.1700
2026-04-08T03:15:02.770957-04:00,2026-04-07,tx,rmse_f,tomorrow,3.1700
2026-04-08T03:15:02.770957-04:00,2026-04-07,tx,mae_f,weatherapi,0.2000
2026-04-08T03:15:02.770957-04:00,2026-04-07,tx,rmse_f,weatherapi,0.2000
2026-04-08T03:15:02.770957-04:00,2026-04-07,ny,bucket_hit_rate,trade,0.0000
2026-04-08T03:15:02.770957-04:00,2026-04-07,tx,bucket_hit_rate,trade,0.0000
2026-04-08T03:15:02.770957-04:00,2026-04-07,ny,realized_pnl_dollars,trade,-1.65
2026-04-08T03:15:02.770957-04:00,2026-04-07,tx,realized_pnl_dollars,trade,-1.08
2026-04-08T07:15:01.484222-04:00,2026-04-07,ny,mae_f,consensus,2.4970
2026-04-08T07:15:01.484222-04:00,2026-04-07,ny,rmse_f,consensus,2.4970
2026-04-08T07:15:01.484222-04:00,2026-04-07,ny,mae_f,visual-crossing,4.8000
2026-04-08T07:15:01.484222-04:00,2026-04-07,ny,rmse_f,visual-crossing,4.8000
2026-04-08T07:15:01.484222-04:00,2026-04-07,ny,mae_f,tomorrow,1.9000
2026-04-08T07:15:01.484222-04:00,2026-04-07,ny,rmse_f,tomorrow,1.9000
2026-04-08T07:15:01.484222-04:00,2026-04-07,ny,mae_f,weatherapi,2.4000
2026-04-08T07:15:01.484222-04:00,2026-04-07,ny,rmse_f,weatherapi,2.4000
2026-04-08T07:15:01.484222-04:00,2026-04-07,tx,mae_f,consensus,0.6326
2026-04-08T07:15:01.484222-04:00,2026-04-07,tx,rmse_f,consensus,0.6326
2026-04-08T07:15:01.484222-04:00,2026-04-07,tx,mae_f,open-meteo,2.8000
2026-04-08T07:15:01.484222-04:00,2026-04-07,tx,rmse_f,open-meteo,2.8000
2026-04-08T07:15:01.484222-04:00,2026-04-07,tx,mae_f,visual-crossing,1.0000
2026-04-08T07:15:01.484222-04:00,2026-04-07,tx,rmse_f,visual-crossing,1.0000
2026-04-08T07:15:01.484222-04:00,2026-04-07,tx,mae_f,tomorrow,3.1700
2026-04-08T07:15:01.484222-04:00,2026-04-07,tx,rmse_f,tomorrow,3.1700
2026-04-08T07:15:01.484222-04:00,2026-04-07,tx,mae_f,weatherapi,0.2000
2026-04-08T07:15:01.484222-04:00,2026-04-07,tx,rmse_f,weatherapi,0.2000
2026-04-08T07:15:01.484222-04:00,2026-04-07,ny,bucket_hit_rate,trade,0.0000
2026-04-08T07:15:01.484222-04:00,2026-04-07,tx,bucket_hit_rate,trade,0.0000
2026-04-08T07:15:01.484222-04:00,2026-04-07,ny,realized_pnl_dollars,trade,-1.65
2026-04-08T07:15:01.484222-04:00,2026-04-07,tx,realized_pnl_dollars,trade,-1.08
2026-04-09T07:15:03.391815-04:00,2026-04-08,fl,mae_f,consensus,5.5241
2026-04-09T07:15:03.391815-04:00,2026-04-08,fl,rmse_f,consensus,5.5241
2026-04-09T07:15:03.391815-04:00,2026-04-08,fl,mae_f,open-meteo,6.6000
2026-04-09T07:15:03.391815-04:00,2026-04-08,fl,rmse_f,open-meteo,6.6000
2026-04-09T07:15:03.391815-04:00,2026-04-08,fl,mae_f,visual-crossing,6.1000
2026-04-09T07:15:03.391815-04:00,2026-04-08,fl,rmse_f,visual-crossing,6.1000
2026-04-09T07:15:03.391815-04:00,2026-04-08,fl,mae_f,tomorrow,6.9400
2026-04-09T07:15:03.391815-04:00,2026-04-08,fl,rmse_f,tomorrow,6.9400
2026-04-09T07:15:03.391815-04:00,2026-04-08,fl,mae_f,weatherapi,7.4000
2026-04-09T07:15:03.391815-04:00,2026-04-08,fl,rmse_f,weatherapi,7.4000
2026-04-09T07:15:03.391815-04:00,2026-04-08,fl,bucket_hit_rate,trade,0.0000
2026-04-09T07:15:03.391815-04:00,2026-04-08,fl,realized_pnl_dollars,trade,-1.48
2026-04-10T03:15:03.342585-04:00,2026-04-09,ny,mae_f,consensus,0.1126
2026-04-10T03:15:03.342585-04:00,2026-04-09,ny,rmse_f,consensus,0.1126
2026-04-10T03:15:03.342585-04:00,2026-04-09,ny,mae_f,visual-crossing,0.0000
2026-04-10T03:15:03.342585-04:00,2026-04-09,ny,rmse_f,visual-crossing,0.0000
2026-04-10T03:15:03.342585-04:00,2026-04-09,ny,mae_f,tomorrow,0.3500
2026-04-10T03:15:03.342585-04:00,2026-04-09,ny,rmse_f,tomorrow,0.3500
2026-04-10T03:15:03.342585-04:00,2026-04-09,ny,mae_f,weatherapi,1.7000
2026-04-10T03:15:03.342585-04:00,2026-04-09,ny,rmse_f,weatherapi,1.7000
2026-04-10T03:15:03.342585-04:00,2026-04-09,ny,bucket_hit_rate,trade,1.0000
2026-04-10T03:15:03.342585-04:00,2026-04-09,ny,realized_pnl_dollars,trade,0.28
2026-04-10T07:15:02.640498-04:00,2026-04-09,ny,mae_f,consensus,0.1126
2026-04-10T07:15:02.640498-04:00,2026-04-09,ny,rmse_f,consensus,0.1126
2026-04-10T07:15:02.640498-04:00,2026-04-09,ny,mae_f,visual-crossing,0.0000
2026-04-10T07:15:02.640498-04:00,2026-04-09,ny,rmse_f,visual-crossing,0.0000
2026-04-10T07:15:02.640498-04:00,2026-04-09,ny,mae_f,tomorrow,0.3500
2026-04-10T07:15:02.640498-04:00,2026-04-09,ny,rmse_f,tomorrow,0.3500
2026-04-10T07:15:02.640498-04:00,2026-04-09,ny,mae_f,weatherapi,1.7000
2026-04-10T07:15:02.640498-04:00,2026-04-09,ny,rmse_f,weatherapi,1.7000
2026-04-10T07:15:02.640498-04:00,2026-04-09,ny,bucket_hit_rate,trade,1.0000
2026-04-10T07:15:02.640498-04:00,2026-04-09,ny,realized_pnl_dollars,trade,0.28
2026-04-12T03:15:19.691417-04:00,2026-04-11,il,mae_f,consensus,1.1029
2026-04-12T03:15:19.691417-04:00,2026-04-11,il,rmse_f,consensus,1.1029
2026-04-12T03:15:19.691417-04:00,2026-04-11,il,mae_f,open-meteo,0.7000
2026-04-12T03:15:19.691417-04:00,2026-04-11,il,rmse_f,open-meteo,0.7000
2026-04-12T03:15:19.691417-04:00,2026-04-11,il,mae_f,visual-crossing,3.9000
2026-04-12T03:15:19.691417-04:00,2026-04-11,il,rmse_f,visual-crossing,3.9000
2026-04-12T03:15:19.691417-04:00,2026-04-11,il,mae_f,tomorrow,1.0000
2026-04-12T03:15:19.691417-04:00,2026-04-11,il,rmse_f,tomorrow,1.0000
2026-04-12T03:15:19.691417-04:00,2026-04-11,il,mae_f,weatherapi,2.6000
2026-04-12T03:15:19.691417-04:00,2026-04-11,il,rmse_f,weatherapi,2.6000
2026-04-12T03:15:19.691417-04:00,2026-04-11,il,bucket_hit_rate,trade,1.0000
2026-04-12T03:15:19.691417-04:00,2026-04-11,il,realized_pnl_dollars,trade,2.72
2026-04-12T07:15:19.551160-04:00,2026-04-11,il,mae_f,consensus,1.1029
2026-04-12T07:15:19.551160-04:00,2026-04-11,il,rmse_f,consensus,1.1029
2026-04-12T07:15:19.551160-04:00,2026-04-11,il,mae_f,open-meteo,0.7000
2026-04-12T07:15:19.551160-04:00,2026-04-11,il,rmse_f,open-meteo,0.7000
2026-04-12T07:15:19.551160-04:00,2026-04-11,il,mae_f,visual-crossing,3.9000
2026-04-12T07:15:19.551160-04:00,2026-04-11,il,rmse_f,visual-crossing,3.9000
2026-04-12T07:15:19.551160-04:00,2026-04-11,il,mae_f,tomorrow,1.0000
2026-04-12T07:15:19.551160-04:00,2026-04-11,il,rmse_f,tomorrow,1.0000
2026-04-12T07:15:19.551160-04:00,2026-04-11,il,mae_f,weatherapi,2.6000
2026-04-12T07:15:19.551160-04:00,2026-04-11,il,rmse_f,weatherapi,2.6000
2026-04-12T07:15:19.551160-04:00,2026-04-11,il,bucket_hit_rate,trade,1.0000
2026-04-12T07:15:19.551160-04:00,2026-04-11,il,realized_pnl_dollars,trade,2.72
2026-04-13T03:15:05.468147-04:00,2026-04-12,ny,mae_f,consensus,2.6829
2026-04-13T03:15:05.468147-04:00,2026-04-12,ny,rmse_f,consensus,2.6829
2026-04-13T03:15:05.468147-04:00,2026-04-12,ny,mae_f,open-meteo,3.0000
2026-04-13T03:15:05.468147-04:00,2026-04-12,ny,rmse_f,open-meteo,3.0000
2026-04-13T03:15:05.468147-04:00,2026-04-12,ny,mae_f,visual-crossing,1.9000
2026-04-13T03:15:05.468147-04:00,2026-04-12,ny,rmse_f,visual-crossing,1.9000
2026-04-13T03:15:05.468147-04:00,2026-04-12,ny,mae_f,tomorrow,1.7100
2026-04-13T03:15:05.468147-04:00,2026-04-12,ny,rmse_f,tomorrow,1.7100
2026-04-13T03:15:05.468147-04:00,2026-04-12,ny,mae_f,weatherapi,6.2000
2026-04-13T03:15:05.468147-04:00,2026-04-12,ny,rmse_f,weatherapi,6.2000
2026-04-13T03:15:05.468147-04:00,2026-04-12,ny,bucket_hit_rate,trade,0.0000
2026-04-13T03:15:05.468147-04:00,2026-04-12,ny,realized_pnl_dollars,trade,-1.16
2026-04-13T07:15:01.579041-04:00,2026-04-12,ny,mae_f,consensus,2.6829
2026-04-13T07:15:01.579041-04:00,2026-04-12,ny,rmse_f,consensus,2.6829
2026-04-13T07:15:01.579041-04:00,2026-04-12,ny,mae_f,open-meteo,3.0000
2026-04-13T07:15:01.579041-04:00,2026-04-12,ny,rmse_f,open-meteo,3.0000
2026-04-13T07:15:01.579041-04:00,2026-04-12,ny,mae_f,visual-crossing,1.9000
2026-04-13T07:15:01.579041-04:00,2026-04-12,ny,rmse_f,visual-crossing,1.9000
2026-04-13T07:15:01.579041-04:00,2026-04-12,ny,mae_f,tomorrow,1.7100
2026-04-13T07:15:01.579041-04:00,2026-04-12,ny,rmse_f,tomorrow,1.7100
2026-04-13T07:15:01.579041-04:00,2026-04-12,ny,mae_f,weatherapi,6.2000
2026-04-13T07:15:01.579041-04:00,2026-04-12,ny,rmse_f,weatherapi,6.2000
2026-04-13T07:15:01.579041-04:00,2026-04-12,ny,bucket_hit_rate,trade,0.0000
2026-04-13T07:15:01.579041-04:00,2026-04-12,ny,realized_pnl_dollars,trade,-1.16
2026-04-15T03:15:23.062137-04:00,2026-04-14,il,mae_f,consensus,1.6656
2026-04-15T03:15:23.062137-04:00,2026-04-14,il,rmse_f,consensus,1.6656
2026-04-15T03:15:23.062137-04:00,2026-04-14,il,mae_f,open-meteo,1.7000
2026-04-15T03:15:23.062137-04:00,2026-04-14,il,rmse_f,open-meteo,1.7000
2026-04-15T03:15:23.062137-04:00,2026-04-14,il,mae_f,visual-crossing,0.9000
2026-04-15T03:15:23.062137-04:00,2026-04-14,il,rmse_f,visual-crossing,0.9000
2026-04-15T03:15:23.062137-04:00,2026-04-14,il,mae_f,tomorrow,1.6200
2026-04-15T03:15:23.062137-04:00,2026-04-14,il,rmse_f,tomorrow,1.6200
2026-04-15T03:15:23.062137-04:00,2026-04-14,il,mae_f,weatherapi,0.6000
2026-04-15T03:15:23.062137-04:00,2026-04-14,il,rmse_f,weatherapi,0.6000
2026-04-15T03:15:23.062137-04:00,2026-04-14,il,bucket_hit_rate,trade,0.0000
2026-04-15T03:15:23.062137-04:00,2026-04-14,il,realized_pnl_dollars,trade,-0.90
2026-04-15T07:15:02.110547-04:00,2026-04-14,fl,mae_f,consensus,1.0757
2026-04-15T07:15:02.110547-04:00,2026-04-14,fl,rmse_f,consensus,1.0757
2026-04-15T07:15:02.110547-04:00,2026-04-14,fl,mae_f,open-meteo,3.9000
2026-04-15T07:15:02.110547-04:00,2026-04-14,fl,rmse_f,open-meteo,3.9000
2026-04-15T07:15:02.110547-04:00,2026-04-14,fl,mae_f,visual-crossing,2.3000
2026-04-15T07:15:02.110547-04:00,2026-04-14,fl,rmse_f,visual-crossing,2.3000
2026-04-15T07:15:02.110547-04:00,2026-04-14,fl,mae_f,tomorrow,3.9700
2026-04-15T07:15:02.110547-04:00,2026-04-14,fl,rmse_f,tomorrow,3.9700
2026-04-15T07:15:02.110547-04:00,2026-04-14,fl,mae_f,weatherapi,1.1000
2026-04-15T07:15:02.110547-04:00,2026-04-14,fl,rmse_f,weatherapi,1.1000
2026-04-15T07:15:02.110547-04:00,2026-04-14,il,mae_f,consensus,1.6656
2026-04-15T07:15:02.110547-04:00,2026-04-14,il,rmse_f,consensus,1.6656
2026-04-15T07:15:02.110547-04:00,2026-04-14,il,mae_f,open-meteo,1.7000
2026-04-15T07:15:02.110547-04:00,2026-04-14,il,rmse_f,open-meteo,1.7000
2026-04-15T07:15:02.110547-04:00,2026-04-14,il,mae_f,visual-crossing,0.9000
2026-04-15T07:15:02.110547-04:00,2026-04-14,il,rmse_f,visual-crossing,0.9000
2026-04-15T07:15:02.110547-04:00,2026-04-14,il,mae_f,tomorrow,1.6200
2026-04-15T07:15:02.110547-04:00,2026-04-14,il,rmse_f,tomorrow,1.6200
2026-04-15T07:15:02.110547-04:00,2026-04-14,il,mae_f,weatherapi,0.6000
2026-04-15T07:15:02.110547-04:00,2026-04-14,il,rmse_f,weatherapi,0.6000
2026-04-15T07:15:02.110547-04:00,2026-04-14,tx,mae_f,consensus,2.8265
2026-04-15T07:15:02.110547-04:00,2026-04-14,tx,rmse_f,consensus,2.8265
2026-04-15T07:15:02.110547-04:00,2026-04-14,tx,mae_f,open-meteo,4.1000
2026-04-15T07:15:02.110547-04:00,2026-04-14,tx,rmse_f,open-meteo,4.1000
2026-04-15T07:15:02.110547-04:00,2026-04-14,tx,mae_f,visual-crossing,4.1000
2026-04-15T07:15:02.110547-04:00,2026-04-14,tx,rmse_f,visual-crossing,4.1000
2026-04-15T07:15:02.110547-04:00,2026-04-14,tx,mae_f,tomorrow,4.8100
2026-04-15T07:15:02.110547-04:00,2026-04-14,tx,rmse_f,tomorrow,4.8100
2026-04-15T07:15:02.110547-04:00,2026-04-14,tx,mae_f,weatherapi,0.6000
2026-04-15T07:15:02.110547-04:00,2026-04-14,tx,rmse_f,weatherapi,0.6000
2026-04-15T07:15:02.110547-04:00,2026-04-14,fl,bucket_hit_rate,trade,0.0000
2026-04-15T07:15:02.110547-04:00,2026-04-14,il,bucket_hit_rate,trade,0.0000
2026-04-15T07:15:02.110547-04:00,2026-04-14,tx,bucket_hit_rate,trade,0.0000
2026-04-15T07:15:02.110547-04:00,2026-04-14,fl,realized_pnl_dollars,trade,-0.78
2026-04-15T07:15:02.110547-04:00,2026-04-14,il,realized_pnl_dollars,trade,-0.90
2026-04-15T07:15:02.110547-04:00,2026-04-14,tx,realized_pnl_dollars,trade,-0.70
2026-04-16T03:15:02.658106-04:00,2026-04-15,tx,mae_f,consensus,1.5424
2026-04-16T03:15:02.658106-04:00,2026-04-15,tx,rmse_f,consensus,1.5424
2026-04-16T03:15:02.658106-04:00,2026-04-15,tx,mae_f,open-meteo,1.6000
2026-04-16T03:15:02.658106-04:00,2026-04-15,tx,rmse_f,open-meteo,1.6000
2026-04-16T03:15:02.658106-04:00,2026-04-15,tx,mae_f,visual-crossing,2.1000
2026-04-16T03:15:02.658106-04:00,2026-04-15,tx,rmse_f,visual-crossing,2.1000
2026-04-16T03:15:02.658106-04:00,2026-04-15,tx,mae_f,tomorrow,1.2400
2026-04-16T03:15:02.658106-04:00,2026-04-15,tx,rmse_f,tomorrow,1.2400
2026-04-16T03:15:02.658106-04:00,2026-04-15,tx,mae_f,weatherapi,1.8000
2026-04-16T03:15:02.658106-04:00,2026-04-15,tx,rmse_f,weatherapi,1.8000
2026-04-16T03:15:02.658106-04:00,2026-04-15,tx,bucket_hit_rate,trade,0.0000
2026-04-16T03:15:02.658106-04:00,2026-04-15,tx,realized_pnl_dollars,trade,-1.00
2026-04-16T07:15:02.344126-04:00,2026-04-15,tx,mae_f,consensus,1.5424
2026-04-16T07:15:02.344126-04:00,2026-04-15,tx,rmse_f,consensus,1.5424
2026-04-16T07:15:02.344126-04:00,2026-04-15,tx,mae_f,open-meteo,1.6000
2026-04-16T07:15:02.344126-04:00,2026-04-15,tx,rmse_f,open-meteo,1.6000
2026-04-16T07:15:02.344126-04:00,2026-04-15,tx,mae_f,visual-crossing,2.1000
2026-04-16T07:15:02.344126-04:00,2026-04-15,tx,rmse_f,visual-crossing,2.1000
2026-04-16T07:15:02.344126-04:00,2026-04-15,tx,mae_f,tomorrow,1.2400
2026-04-16T07:15:02.344126-04:00,2026-04-15,tx,rmse_f,tomorrow,1.2400
2026-04-16T07:15:02.344126-04:00,2026-04-15,tx,mae_f,weatherapi,1.8000
2026-04-16T07:15:02.344126-04:00,2026-04-15,tx,rmse_f,weatherapi,1.8000
2026-04-16T07:15:02.344126-04:00,2026-04-15,tx,bucket_hit_rate,trade,0.0000
2026-04-16T07:15:02.344126-04:00,2026-04-15,tx,realized_pnl_dollars,trade,-1.00
2026-04-18T03:15:05.128642-04:00,2026-04-17,il,mae_f,consensus,0.3444
2026-04-18T03:15:05.128642-04:00,2026-04-17,il,rmse_f,consensus,0.3444
2026-04-18T03:15:05.128642-04:00,2026-04-17,il,mae_f,open-meteo,0.5000
2026-04-18T03:15:05.128642-04:00,2026-04-17,il,rmse_f,open-meteo,0.5000
2026-04-18T03:15:05.128642-04:00,2026-04-17,il,mae_f,visual-crossing,0.9000
2026-04-18T03:15:05.128642-04:00,2026-04-17,il,rmse_f,visual-crossing,0.9000
2026-04-18T03:15:05.128642-04:00,2026-04-17,il,mae_f,tomorrow,1.0700
2026-04-18T03:15:05.128642-04:00,2026-04-17,il,rmse_f,tomorrow,1.0700
2026-04-18T03:15:05.128642-04:00,2026-04-17,il,mae_f,weatherapi,3.3000
2026-04-18T03:15:05.128642-04:00,2026-04-17,il,rmse_f,weatherapi,3.3000
2026-04-18T03:15:05.128642-04:00,2026-04-17,il,bucket_hit_rate,trade,1.0000
2026-04-18T03:15:05.128642-04:00,2026-04-17,il,realized_pnl_dollars,trade,1.20
2026-04-18T07:15:01.876665-04:00,2026-04-17,il,mae_f,consensus,0.3444
2026-04-18T07:15:01.876665-04:00,2026-04-17,il,rmse_f,consensus,0.3444
2026-04-18T07:15:01.876665-04:00,2026-04-17,il,mae_f,open-meteo,0.5000
2026-04-18T07:15:01.876665-04:00,2026-04-17,il,rmse_f,open-meteo,0.5000
2026-04-18T07:15:01.876665-04:00,2026-04-17,il,mae_f,visual-crossing,0.9000
2026-04-18T07:15:01.876665-04:00,2026-04-17,il,rmse_f,visual-crossing,0.9000
2026-04-18T07:15:01.876665-04:00,2026-04-17,il,mae_f,tomorrow,1.0700
2026-04-18T07:15:01.876665-04:00,2026-04-17,il,rmse_f,tomorrow,1.0700
2026-04-18T07:15:01.876665-04:00,2026-04-17,il,mae_f,weatherapi,3.3000
2026-04-18T07:15:01.876665-04:00,2026-04-17,il,rmse_f,weatherapi,3.3000
2026-04-18T07:15:01.876665-04:00,2026-04-17,il,bucket_hit_rate,trade,1.0000
2026-04-18T07:15:01.876665-04:00,2026-04-17,il,realized_pnl_dollars,trade,1.20
2026-04-20T03:15:02.346186-04:00,2026-04-19,il,mae_f,consensus,1.1766
2026-04-20T03:15:02.346186-04:00,2026-04-19,il,rmse_f,consensus,1.1766
2026-04-20T03:15:02.346186-04:00,2026-04-19,il,mae_f,open-meteo,1.3000
2026-04-20T03:15:02.346186-04:00,2026-04-19,il,rmse_f,open-meteo,1.3000
2026-04-20T03:15:02.346186-04:00,2026-04-19,il,mae_f,visual-crossing,1.1000
2026-04-20T03:15:02.346186-04:00,2026-04-19,il,rmse_f,visual-crossing,1.1000
2026-04-20T03:15:02.346186-04:00,2026-04-19,il,mae_f,tomorrow,1.2300
2026-04-20T03:15:02.346186-04:00,2026-04-19,il,rmse_f,tomorrow,1.2300
2026-04-20T03:15:02.346186-04:00,2026-04-19,il,mae_f,weatherapi,0.8000
2026-04-20T03:15:02.346186-04:00,2026-04-19,il,rmse_f,weatherapi,0.8000
2026-04-20T03:15:02.346186-04:00,2026-04-19,il,bucket_hit_rate,trade,1.0000
2026-04-20T03:15:02.346186-04:00,2026-04-19,il,realized_pnl_dollars,trade,0.32
2026-04-20T07:15:02.007641-04:00,2026-04-19,il,mae_f,consensus,1.1766
2026-04-20T07:15:02.007641-04:00,2026-04-19,il,rmse_f,consensus,1.1766
2026-04-20T07:15:02.007641-04:00,2026-04-19,il,mae_f,open-meteo,1.3000
2026-04-20T07:15:02.007641-04:00,2026-04-19,il,rmse_f,open-meteo,1.3000
2026-04-20T07:15:02.007641-04:00,2026-04-19,il,mae_f,visual-crossing,1.1000
2026-04-20T07:15:02.007641-04:00,2026-04-19,il,rmse_f,visual-crossing,1.1000
2026-04-20T07:15:02.007641-04:00,2026-04-19,il,mae_f,tomorrow,1.2300
2026-04-20T07:15:02.007641-04:00,2026-04-19,il,rmse_f,tomorrow,1.2300
2026-04-20T07:15:02.007641-04:00,2026-04-19,il,mae_f,weatherapi,0.8000
2026-04-20T07:15:02.007641-04:00,2026-04-19,il,rmse_f,weatherapi,0.8000
2026-04-20T07:15:02.007641-04:00,2026-04-19,il,bucket_hit_rate,trade,1.0000
2026-04-20T07:15:02.007641-04:00,2026-04-19,il,realized_pnl_dollars,trade,0.32
2026-04-21T03:15:02.483424-04:00,2026-04-20,ny,mae_f,consensus,0.4681
2026-04-21T03:15:02.483424-04:00,2026-04-20,ny,rmse_f,consensus,0.4681
2026-04-21T03:15:02.483424-04:00,2026-04-20,ny,mae_f,open-meteo,0.5000
2026-04-21T03:15:02.483424-04:00,2026-04-20,ny,rmse_f,open-meteo,0.5000
2026-04-21T03:15:02.483424-04:00,2026-04-20,ny,mae_f,visual-crossing,1.1000
2026-04-21T03:15:02.483424-04:00,2026-04-20,ny,rmse_f,visual-crossing,1.1000
2026-04-21T03:15:02.483424-04:00,2026-04-20,ny,mae_f,tomorrow,0.1900
2026-04-21T03:15:02.483424-04:00,2026-04-20,ny,rmse_f,tomorrow,0.1900
2026-04-21T03:15:02.483424-04:00,2026-04-20,ny,mae_f,weatherapi,0.5000
2026-04-21T03:15:02.483424-04:00,2026-04-20,ny,rmse_f,weatherapi,0.5000
2026-04-21T03:15:02.483424-04:00,2026-04-20,ny,bucket_hit_rate,trade,1.0000
2026-04-21T03:15:02.483424-04:00,2026-04-20,ny,realized_pnl_dollars,trade,0.41
2026-04-21T07:15:02.310591-04:00,2026-04-20,ny,mae_f,consensus,0.4681
2026-04-21T07:15:02.310591-04:00,2026-04-20,ny,rmse_f,consensus,0.4681
2026-04-21T07:15:02.310591-04:00,2026-04-20,ny,mae_f,open-meteo,0.5000
2026-04-21T07:15:02.310591-04:00,2026-04-20,ny,rmse_f,open-meteo,0.5000
2026-04-21T07:15:02.310591-04:00,2026-04-20,ny,mae_f,visual-crossing,1.1000
2026-04-21T07:15:02.310591-04:00,2026-04-20,ny,rmse_f,visual-crossing,1.1000
2026-04-21T07:15:02.310591-04:00,2026-04-20,ny,mae_f,tomorrow,0.1900
2026-04-21T07:15:02.310591-04:00,2026-04-20,ny,rmse_f,tomorrow,0.1900
2026-04-21T07:15:02.310591-04:00,2026-04-20,ny,mae_f,weatherapi,0.5000
2026-04-21T07:15:02.310591-04:00,2026-04-20,ny,rmse_f,weatherapi,0.5000
2026-04-21T07:15:02.310591-04:00,2026-04-20,ny,bucket_hit_rate,trade,1.0000
2026-04-21T07:15:02.310591-04:00,2026-04-20,ny,realized_pnl_dollars,trade,0.41
2026-04-23T03:15:02.337946-04:00,2026-04-22,tx,mae_f,consensus,4.8818
2026-04-23T03:15:02.337946-04:00,2026-04-22,tx,rmse_f,consensus,4.8818
2026-04-23T03:15:02.337946-04:00,2026-04-22,tx,mae_f,open-meteo,7.3000
2026-04-23T03:15:02.337946-04:00,2026-04-22,tx,rmse_f,open-meteo,7.3000
2026-04-23T03:15:02.337946-04:00,2026-04-22,tx,mae_f,visual-crossing,3.9000
2026-04-23T03:15:02.337946-04:00,2026-04-22,tx,rmse_f,visual-crossing,3.9000
2026-04-23T03:15:02.337946-04:00,2026-04-22,tx,mae_f,tomorrow,7.7700
2026-04-23T03:15:02.337946-04:00,2026-04-22,tx,rmse_f,tomorrow,7.7700
2026-04-23T03:15:02.337946-04:00,2026-04-22,tx,mae_f,weatherapi,8.0000
2026-04-23T03:15:02.337946-04:00,2026-04-22,tx,rmse_f,weatherapi,8.0000
2026-04-23T03:15:02.337946-04:00,2026-04-22,tx,bucket_hit_rate,trade,0.0000
2026-04-23T03:15:02.337946-04:00,2026-04-22,tx,realized_pnl_dollars,trade,-0.81
2026-04-23T07:15:01.516684-04:00,2026-04-22,tx,mae_f,consensus,4.8818
2026-04-23T07:15:01.516684-04:00,2026-04-22,tx,rmse_f,consensus,4.8818
2026-04-23T07:15:01.516684-04:00,2026-04-22,tx,mae_f,open-meteo,7.3000
2026-04-23T07:15:01.516684-04:00,2026-04-22,tx,rmse_f,open-meteo,7.3000
2026-04-23T07:15:01.516684-04:00,2026-04-22,tx,mae_f,visual-crossing,3.9000
2026-04-23T07:15:01.516684-04:00,2026-04-22,tx,rmse_f,visual-crossing,3.9000
2026-04-23T07:15:01.516684-04:00,2026-04-22,tx,mae_f,tomorrow,7.7700
2026-04-23T07:15:01.516684-04:00,2026-04-22,tx,rmse_f,tomorrow,7.7700
2026-04-23T07:15:01.516684-04:00,2026-04-22,tx,mae_f,weatherapi,8.0000
2026-04-23T07:15:01.516684-04:00,2026-04-22,tx,rmse_f,weatherapi,8.0000
2026-04-23T07:15:01.516684-04:00,2026-04-22,tx,bucket_hit_rate,trade,0.0000
2026-04-23T07:15:01.516684-04:00,2026-04-22,tx,realized_pnl_dollars,trade,-0.81
2026-04-24T07:15:02.101468-04:00,2026-04-23,fl,mae_f,consensus,1.3071
2026-04-24T07:15:02.101468-04:00,2026-04-23,fl,rmse_f,consensus,1.3071
2026-04-24T07:15:02.101468-04:00,2026-04-23,fl,mae_f,open-meteo,1.6000
2026-04-24T07:15:02.101468-04:00,2026-04-23,fl,rmse_f,open-meteo,1.6000
2026-04-24T07:15:02.101468-04:00,2026-04-23,fl,mae_f,visual-crossing,1.4000
2026-04-24T07:15:02.101468-04:00,2026-04-23,fl,rmse_f,visual-crossing,1.4000
2026-04-24T07:15:02.101468-04:00,2026-04-23,fl,mae_f,tomorrow,1.6900
2026-04-24T07:15:02.101468-04:00,2026-04-23,fl,rmse_f,tomorrow,1.6900
2026-04-24T07:15:02.101468-04:00,2026-04-23,fl,mae_f,weatherapi,0.0000
2026-04-24T07:15:02.101468-04:00,2026-04-23,fl,rmse_f,weatherapi,0.0000
2026-04-24T07:15:02.101468-04:00,2026-04-23,fl,bucket_hit_rate,trade,0.0000
2026-04-24T07:15:02.101468-04:00,2026-04-23,fl,realized_pnl_dollars,trade,-0.60
2026-04-27T03:15:02.325525-04:00,2026-04-26,il,mae_f,consensus,0.1956
2026-04-27T03:15:02.325525-04:00,2026-04-26,il,rmse_f,consensus,0.1956
2026-04-27T03:15:02.325525-04:00,2026-04-26,il,mae_f,open-meteo,1.7000
2026-04-27T03:15:02.325525-04:00,2026-04-26,il,rmse_f,open-meteo,1.7000
2026-04-27T03:15:02.325525-04:00,2026-04-26,il,mae_f,visual-crossing,0.0000
2026-04-27T03:15:02.325525-04:00,2026-04-26,il,rmse_f,visual-crossing,0.0000
2026-04-27T03:15:02.325525-04:00,2026-04-26,il,mae_f,tomorrow,1.9500
2026-04-27T03:15:02.325525-04:00,2026-04-26,il,rmse_f,tomorrow,1.9500
2026-04-27T03:15:02.325525-04:00,2026-04-26,il,mae_f,weatherapi,3.3000
2026-04-27T03:15:02.325525-04:00,2026-04-26,il,rmse_f,weatherapi,3.3000
2026-04-27T03:15:02.325525-04:00,2026-04-26,il,bucket_hit_rate,trade,1.0000
2026-04-27T03:15:02.325525-04:00,2026-04-26,il,realized_pnl_dollars,trade,1.68
2026-04-27T07:15:01.568709-04:00,2026-04-26,il,mae_f,consensus,0.1956
2026-04-27T07:15:01.568709-04:00,2026-04-26,il,rmse_f,consensus,0.1956
2026-04-27T07:15:01.568709-04:00,2026-04-26,il,mae_f,open-meteo,1.7000
2026-04-27T07:15:01.568709-04:00,2026-04-26,il,rmse_f,open-meteo,1.7000
2026-04-27T07:15:01.568709-04:00,2026-04-26,il,mae_f,visual-crossing,0.0000
2026-04-27T07:15:01.568709-04:00,2026-04-26,il,rmse_f,visual-crossing,0.0000
2026-04-27T07:15:01.568709-04:00,2026-04-26,il,mae_f,tomorrow,1.9500
2026-04-27T07:15:01.568709-04:00,2026-04-26,il,rmse_f,tomorrow,1.9500
2026-04-27T07:15:01.568709-04:00,2026-04-26,il,mae_f,weatherapi,3.3000
2026-04-27T07:15:01.568709-04:00,2026-04-26,il,rmse_f,weatherapi,3.3000
2026-04-27T07:15:01.568709-04:00,2026-04-26,il,bucket_hit_rate,trade,1.0000
2026-04-27T07:15:01.568709-04:00,2026-04-26,il,realized_pnl_dollars,trade,1.68
2026-04-28T03:15:18.062631-04:00,2026-04-27,ny,mae_f,consensus,1.2377
2026-04-28T03:15:18.062631-04:00,2026-04-27,ny,rmse_f,consensus,1.2377
2026-04-28T03:15:18.062631-04:00,2026-04-27,ny,mae_f,open-meteo,0.6000
2026-04-28T03:15:18.062631-04:00,2026-04-27,ny,rmse_f,open-meteo,0.6000
2026-04-28T03:15:18.062631-04:00,2026-04-27,ny,mae_f,visual-crossing,2.1000
2026-04-28T03:15:18.062631-04:00,2026-04-27,ny,rmse_f,visual-crossing,2.1000
2026-04-28T03:15:18.062631-04:00,2026-04-27,ny,mae_f,tomorrow,0.2900
2026-04-28T03:15:18.062631-04:00,2026-04-27,ny,rmse_f,tomorrow,0.2900
2026-04-28T03:15:18.062631-04:00,2026-04-27,ny,mae_f,weatherapi,1.3000
2026-04-28T03:15:18.062631-04:00,2026-04-27,ny,rmse_f,weatherapi,1.3000
2026-04-28T03:15:18.062631-04:00,2026-04-27,ny,bucket_hit_rate,trade,0.0000
2026-04-28T03:15:18.062631-04:00,2026-04-27,ny,realized_pnl_dollars,trade,-0.81
2026-04-28T07:15:01.873482-04:00,2026-04-27,ny,mae_f,consensus,1.2377
2026-04-28T07:15:01.873482-04:00,2026-04-27,ny,rmse_f,consensus,1.2377
2026-04-28T07:15:01.873482-04:00,2026-04-27,ny,mae_f,open-meteo,0.6000
2026-04-28T07:15:01.873482-04:00,2026-04-27,ny,rmse_f,open-meteo,0.6000
2026-04-28T07:15:01.873482-04:00,2026-04-27,ny,mae_f,visual-crossing,2.1000
2026-04-28T07:15:01.873482-04:00,2026-04-27,ny,rmse_f,visual-crossing,2.1000
2026-04-28T07:15:01.873482-04:00,2026-04-27,ny,mae_f,tomorrow,0.2900
2026-04-28T07:15:01.873482-04:00,2026-04-27,ny,rmse_f,tomorrow,0.2900
2026-04-28T07:15:01.873482-04:00,2026-04-27,ny,mae_f,weatherapi,1.3000
2026-04-28T07:15:01.873482-04:00,2026-04-27,ny,rmse_f,weatherapi,1.3000
2026-04-28T07:15:01.873482-04:00,2026-04-27,fl,mae_f,consensus,3.3058
2026-04-28T07:15:01.873482-04:00,2026-04-27,fl,rmse_f,consensus,3.3058
2026-04-28T07:15:01.873482-04:00,2026-04-27,fl,mae_f,open-meteo,4.9000
2026-04-28T07:15:01.873482-04:00,2026-04-27,fl,rmse_f,open-meteo,4.9000
2026-04-28T07:15:01.873482-04:00,2026-04-27,fl,mae_f,visual-crossing,4.6000
2026-04-28T07:15:01.873482-04:00,2026-04-27,fl,rmse_f,visual-crossing,4.6000
2026-04-28T07:15:01.873482-04:00,2026-04-27,fl,mae_f,tomorrow,3.5500
2026-04-28T07:15:01.873482-04:00,2026-04-27,fl,rmse_f,tomorrow,3.5500
2026-04-28T07:15:01.873482-04:00,2026-04-27,fl,mae_f,weatherapi,0.9000
2026-04-28T07:15:01.873482-04:00,2026-04-27,fl,rmse_f,weatherapi,0.9000
2026-04-28T07:15:01.873482-04:00,2026-04-27,ny,bucket_hit_rate,trade,0.0000
2026-04-28T07:15:01.873482-04:00,2026-04-27,fl,bucket_hit_rate,trade,0.0000
2026-04-28T07:15:01.873482-04:00,2026-04-27,ny,realized_pnl_dollars,trade,-0.81
2026-04-28T07:15:01.873482-04:00,2026-04-27,fl,realized_pnl_dollars,trade,-0.85
2026-04-29T03:15:01.875602-04:00,2026-04-28,ny,mae_f,consensus,1.6761
2026-04-29T03:15:01.875602-04:00,2026-04-28,ny,rmse_f,consensus,1.6761
2026-04-29T03:15:01.875602-04:00,2026-04-28,ny,mae_f,open-meteo,4.1000
2026-04-29T03:15:01.875602-04:00,2026-04-28,ny,rmse_f,open-meteo,4.1000
2026-04-29T03:15:01.875602-04:00,2026-04-28,ny,mae_f,visual-crossing,0.0000
2026-04-29T03:15:01.875602-04:00,2026-04-28,ny,rmse_f,visual-crossing,0.0000
2026-04-29T03:15:01.875602-04:00,2026-04-28,ny,mae_f,tomorrow,3.7900
2026-04-29T03:15:01.875602-04:00,2026-04-28,ny,rmse_f,tomorrow,3.7900
2026-04-29T03:15:01.875602-04:00,2026-04-28,ny,mae_f,weatherapi,3.4000
2026-04-29T03:15:01.875602-04:00,2026-04-28,ny,rmse_f,weatherapi,3.4000
2026-04-29T03:15:01.875602-04:00,2026-04-28,ny,bucket_hit_rate,trade,0.0000
2026-04-29T03:15:01.875602-04:00,2026-04-28,ny,realized_pnl_dollars,trade,-0.60
2026-04-29T07:15:01.978851-04:00,2026-04-28,ny,mae_f,consensus,1.6761
2026-04-29T07:15:01.978851-04:00,2026-04-28,ny,rmse_f,consensus,1.6761
2026-04-29T07:15:01.978851-04:00,2026-04-28,ny,mae_f,open-meteo,4.1000
2026-04-29T07:15:01.978851-04:00,2026-04-28,ny,rmse_f,open-meteo,4.1000
2026-04-29T07:15:01.978851-04:00,2026-04-28,ny,mae_f,visual-crossing,0.0000
2026-04-29T07:15:01.978851-04:00,2026-04-28,ny,rmse_f,visual-crossing,0.0000
2026-04-29T07:15:01.978851-04:00,2026-04-28,ny,mae_f,tomorrow,3.7900
2026-04-29T07:15:01.978851-04:00,2026-04-28,ny,rmse_f,tomorrow,3.7900
2026-04-29T07:15:01.978851-04:00,2026-04-28,ny,mae_f,weatherapi,3.4000
2026-04-29T07:15:01.978851-04:00,2026-04-28,ny,rmse_f,weatherapi,3.4000
2026-04-29T07:15:01.978851-04:00,2026-04-28,ny,bucket_hit_rate,trade,0.0000
2026-04-29T07:15:01.978851-04:00,2026-04-28,ny,realized_pnl_dollars,trade,-0.60
2026-05-01T03:15:02.383532-04:00,2026-04-30,ny,mae_f,consensus,0.5396
2026-05-01T03:15:02.383532-04:00,2026-04-30,ny,rmse_f,consensus,0.5396
2026-05-01T03:15:02.383532-04:00,2026-04-30,ny,mae_f,visual-crossing,3.1000
2026-05-01T03:15:02.383532-04:00,2026-04-30,ny,rmse_f,visual-crossing,3.1000
2026-05-01T03:15:02.383532-04:00,2026-04-30,ny,mae_f,tomorrow,1.3400
2026-05-01T03:15:02.383532-04:00,2026-04-30,ny,rmse_f,tomorrow,1.3400
2026-05-01T03:15:02.383532-04:00,2026-04-30,ny,mae_f,weatherapi,1.3000
2026-05-01T03:15:02.383532-04:00,2026-04-30,ny,rmse_f,weatherapi,1.3000
2026-05-01T03:15:02.383532-04:00,2026-04-30,ny,bucket_hit_rate,trade,0.0000
2026-05-01T03:15:02.383532-04:00,2026-04-30,ny,realized_pnl_dollars,trade,-1.14
2026-05-01T07:15:01.914636-04:00,2026-04-30,ny,mae_f,consensus,0.5396
2026-05-01T07:15:01.914636-04:00,2026-04-30,ny,rmse_f,consensus,0.5396
2026-05-01T07:15:01.914636-04:00,2026-04-30,ny,mae_f,visual-crossing,3.1000
2026-05-01T07:15:01.914636-04:00,2026-04-30,ny,rmse_f,visual-crossing,3.1000
2026-05-01T07:15:01.914636-04:00,2026-04-30,ny,mae_f,tomorrow,1.3400
2026-05-01T07:15:01.914636-04:00,2026-04-30,ny,rmse_f,tomorrow,1.3400
2026-05-01T07:15:01.914636-04:00,2026-04-30,ny,mae_f,weatherapi,1.3000
2026-05-01T07:15:01.914636-04:00,2026-04-30,ny,rmse_f,weatherapi,1.3000
2026-05-01T07:15:01.914636-04:00,2026-04-30,ny,bucket_hit_rate,trade,0.0000
2026-05-01T07:15:01.914636-04:00,2026-04-30,ny,realized_pnl_dollars,trade,-1.14
2026-05-02T03:15:01.736785-04:00,2026-05-01,ny,mae_f,consensus,1.0843
2026-05-02T03:15:01.736785-04:00,2026-05-01,ny,rmse_f,consensus,1.0843
2026-05-02T03:15:01.736785-04:00,2026-05-01,ny,mae_f,visual-crossing,1.0000
2026-05-02T03:15:01.736785-04:00,2026-05-01,ny,rmse_f,visual-crossing,1.0000
2026-05-02T03:15:01.736785-04:00,2026-05-01,ny,mae_f,tomorrow,1.8000
2026-05-02T03:15:01.736785-04:00,2026-05-01,ny,rmse_f,tomorrow,1.8000
2026-05-02T03:15:01.736785-04:00,2026-05-01,ny,mae_f,weatherapi,2.9000
2026-05-02T03:15:01.736785-04:00,2026-05-01,ny,rmse_f,weatherapi,2.9000
2026-05-02T03:15:01.736785-04:00,2026-05-01,ny,bucket_hit_rate,trade,1.0000
2026-05-02T03:15:01.736785-04:00,2026-05-01,ny,realized_pnl_dollars,trade,0.45
2026-05-02T07:15:02.144446-04:00,2026-05-01,ny,mae_f,consensus,1.0843
2026-05-02T07:15:02.144446-04:00,2026-05-01,ny,rmse_f,consensus,1.0843
2026-05-02T07:15:02.144446-04:00,2026-05-01,ny,mae_f,visual-crossing,1.0000
2026-05-02T07:15:02.144446-04:00,2026-05-01,ny,rmse_f,visual-crossing,1.0000
2026-05-02T07:15:02.144446-04:00,2026-05-01,ny,mae_f,tomorrow,1.8000
2026-05-02T07:15:02.144446-04:00,2026-05-01,ny,rmse_f,tomorrow,1.8000
2026-05-02T07:15:02.144446-04:00,2026-05-01,ny,mae_f,weatherapi,2.9000
2026-05-02T07:15:02.144446-04:00,2026-05-01,ny,rmse_f,weatherapi,2.9000
2026-05-02T07:15:02.144446-04:00,2026-05-01,ny,bucket_hit_rate,trade,1.0000
2026-05-02T07:15:02.144446-04:00,2026-05-01,ny,realized_pnl_dollars,trade,0.45
2026-05-03T03:15:03.141303-04:00,2026-05-02,ny,mae_f,consensus,0.3649
2026-05-03T03:15:03.141303-04:00,2026-05-02,ny,rmse_f,consensus,0.3649
2026-05-03T03:15:03.141303-04:00,2026-05-02,ny,mae_f,visual-crossing,0.1000
2026-05-03T03:15:03.141303-04:00,2026-05-02,ny,rmse_f,visual-crossing,0.1000
2026-05-03T03:15:03.141303-04:00,2026-05-02,ny,mae_f,tomorrow,0.4300
2026-05-03T03:15:03.141303-04:00,2026-05-02,ny,rmse_f,tomorrow,0.4300
2026-05-03T03:15:03.141303-04:00,2026-05-02,ny,mae_f,weatherapi,0.7000
2026-05-03T03:15:03.141303-04:00,2026-05-02,ny,rmse_f,weatherapi,0.7000
2026-05-03T03:15:03.141303-04:00,2026-05-02,il,mae_f,consensus,0.5839
2026-05-03T03:15:03.141303-04:00,2026-05-02,il,rmse_f,consensus,0.5839
2026-05-03T03:15:03.141303-04:00,2026-05-02,il,mae_f,open-meteo,0.2000
2026-05-03T03:15:03.141303-04:00,2026-05-02,il,rmse_f,open-meteo,0.2000
2026-05-03T03:15:03.141303-04:00,2026-05-02,il,mae_f,visual-crossing,1.1000
2026-05-03T03:15:03.141303-04:00,2026-05-02,il,rmse_f,visual-crossing,1.1000
2026-05-03T03:15:03.141303-04:00,2026-05-02,il,mae_f,tomorrow,0.1300
2026-05-03T03:15:03.141303-04:00,2026-05-02,il,rmse_f,tomorrow,0.1300
2026-05-03T03:15:03.141303-04:00,2026-05-02,il,mae_f,weatherapi,0.1000
2026-05-03T03:15:03.141303-04:00,2026-05-02,il,rmse_f,weatherapi,0.1000
2026-05-03T03:15:03.141303-04:00,2026-05-02,tx,mae_f,consensus,2.8522
2026-05-03T03:15:03.141303-04:00,2026-05-02,tx,rmse_f,consensus,2.8522
2026-05-03T03:15:03.141303-04:00,2026-05-02,tx,mae_f,open-meteo,5.5000
2026-05-03T03:15:03.141303-04:00,2026-05-02,tx,rmse_f,open-meteo,5.5000
2026-05-03T03:15:03.141303-04:00,2026-05-02,tx,mae_f,visual-crossing,2.1000
2026-05-03T03:15:03.141303-04:00,2026-05-02,tx,rmse_f,visual-crossing,2.1000
2026-05-03T03:15:03.141303-04:00,2026-05-02,tx,mae_f,tomorrow,5.7600
2026-05-03T03:15:03.141303-04:00,2026-05-02,tx,rmse_f,tomorrow,5.7600
2026-05-03T03:15:03.141303-04:00,2026-05-02,tx,mae_f,weatherapi,0.2000
2026-05-03T03:15:03.141303-04:00,2026-05-02,tx,rmse_f,weatherapi,0.2000
2026-05-03T03:15:03.141303-04:00,2026-05-02,ny,bucket_hit_rate,trade,1.0000
2026-05-03T03:15:03.141303-04:00,2026-05-02,il,bucket_hit_rate,trade,1.0000
2026-05-03T03:15:03.141303-04:00,2026-05-02,tx,bucket_hit_rate,trade,0.0000
2026-05-03T03:15:03.141303-04:00,2026-05-02,ny,realized_pnl_dollars,trade,0.37
2026-05-03T03:15:03.141303-04:00,2026-05-02,il,realized_pnl_dollars,trade,0.40
2026-05-03T03:15:03.141303-04:00,2026-05-02,tx,realized_pnl_dollars,trade,-0.60
2026-05-03T07:15:01.710148-04:00,2026-05-02,ny,mae_f,consensus,0.3649
2026-05-03T07:15:01.710148-04:00,2026-05-02,ny,rmse_f,consensus,0.3649
2026-05-03T07:15:01.710148-04:00,2026-05-02,ny,mae_f,visual-crossing,0.1000
2026-05-03T07:15:01.710148-04:00,2026-05-02,ny,rmse_f,visual-crossing,0.1000
2026-05-03T07:15:01.710148-04:00,2026-05-02,ny,mae_f,tomorrow,0.4300
2026-05-03T07:15:01.710148-04:00,2026-05-02,ny,rmse_f,tomorrow,0.4300
2026-05-03T07:15:01.710148-04:00,2026-05-02,ny,mae_f,weatherapi,0.7000
2026-05-03T07:15:01.710148-04:00,2026-05-02,ny,rmse_f,weatherapi,0.7000
2026-05-03T07:15:01.710148-04:00,2026-05-02,il,mae_f,consensus,0.5839
2026-05-03T07:15:01.710148-04:00,2026-05-02,il,rmse_f,consensus,0.5839
2026-05-03T07:15:01.710148-04:00,2026-05-02,il,mae_f,open-meteo,0.2000
2026-05-03T07:15:01.710148-04:00,2026-05-02,il,rmse_f,open-meteo,0.2000
2026-05-03T07:15:01.710148-04:00,2026-05-02,il,mae_f,visual-crossing,1.1000
2026-05-03T07:15:01.710148-04:00,2026-05-02,il,rmse_f,visual-crossing,1.1000
2026-05-03T07:15:01.710148-04:00,2026-05-02,il,mae_f,tomorrow,0.1300
2026-05-03T07:15:01.710148-04:00,2026-05-02,il,rmse_f,tomorrow,0.1300
2026-05-03T07:15:01.710148-04:00,2026-05-02,il,mae_f,weatherapi,0.1000
2026-05-03T07:15:01.710148-04:00,2026-05-02,il,rmse_f,weatherapi,0.1000
2026-05-03T07:15:01.710148-04:00,2026-05-02,tx,mae_f,consensus,2.8522
2026-05-03T07:15:01.710148-04:00,2026-05-02,tx,rmse_f,consensus,2.8522
2026-05-03T07:15:01.710148-04:00,2026-05-02,tx,mae_f,open-meteo,5.5000
2026-05-03T07:15:01.710148-04:00,2026-05-02,tx,rmse_f,open-meteo,5.5000
2026-05-03T07:15:01.710148-04:00,2026-05-02,tx,mae_f,visual-crossing,2.1000
2026-05-03T07:15:01.710148-04:00,2026-05-02,tx,rmse_f,visual-crossing,2.1000
2026-05-03T07:15:01.710148-04:00,2026-05-02,tx,mae_f,tomorrow,5.7600
2026-05-03T07:15:01.710148-04:00,2026-05-02,tx,rmse_f,tomorrow,5.7600
2026-05-03T07:15:01.710148-04:00,2026-05-02,tx,mae_f,weatherapi,0.2000
2026-05-03T07:15:01.710148-04:00,2026-05-02,tx,rmse_f,weatherapi,0.2000
2026-05-03T07:15:01.710148-04:00,2026-05-02,ny,bucket_hit_rate,trade,1.0000
2026-05-03T07:15:01.710148-04:00,2026-05-02,il,bucket_hit_rate,trade,1.0000
2026-05-03T07:15:01.710148-04:00,2026-05-02,tx,bucket_hit_rate,trade,0.0000
2026-05-03T07:15:01.710148-04:00,2026-05-02,ny,realized_pnl_dollars,trade,0.37
2026-05-03T07:15:01.710148-04:00,2026-05-02,il,realized_pnl_dollars,trade,0.40
2026-05-03T07:15:01.710148-04:00,2026-05-02,tx,realized_pnl_dollars,trade,-0.60
2026-05-04T03:15:02.565311-04:00,2026-05-03,tx,mae_f,consensus,1.5354
2026-05-04T03:15:02.565311-04:00,2026-05-03,tx,rmse_f,consensus,1.5354
2026-05-04T03:15:02.565311-04:00,2026-05-03,tx,mae_f,open-meteo,3.9000
2026-05-04T03:15:02.565311-04:00,2026-05-03,tx,rmse_f,open-meteo,3.9000
2026-05-04T03:15:02.565311-04:00,2026-05-03,tx,mae_f,visual-crossing,0.9000
2026-05-04T03:15:02.565311-04:00,2026-05-03,tx,rmse_f,visual-crossing,0.9000
2026-05-04T03:15:02.565311-04:00,2026-05-03,tx,mae_f,tomorrow,2.7300
2026-05-04T03:15:02.565311-04:00,2026-05-03,tx,rmse_f,tomorrow,2.7300
2026-05-04T03:15:02.565311-04:00,2026-05-03,tx,mae_f,weatherapi,0.8000
2026-05-04T03:15:02.565311-04:00,2026-05-03,tx,rmse_f,weatherapi,0.8000
2026-05-04T03:15:02.565311-04:00,2026-05-03,tx,bucket_hit_rate,trade,0.0000
2026-05-04T03:15:02.565311-04:00,2026-05-03,tx,realized_pnl_dollars,trade,-0.66
2026-05-04T07:15:01.730625-04:00,2026-05-03,tx,mae_f,consensus,1.5354
2026-05-04T07:15:01.730625-04:00,2026-05-03,tx,rmse_f,consensus,1.5354
2026-05-04T07:15:01.730625-04:00,2026-05-03,tx,mae_f,open-meteo,3.9000
2026-05-04T07:15:01.730625-04:00,2026-05-03,tx,rmse_f,open-meteo,3.9000
2026-05-04T07:15:01.730625-04:00,2026-05-03,tx,mae_f,visual-crossing,0.9000
2026-05-04T07:15:01.730625-04:00,2026-05-03,tx,rmse_f,visual-crossing,0.9000
2026-05-04T07:15:01.730625-04:00,2026-05-03,tx,mae_f,tomorrow,2.7300
2026-05-04T07:15:01.730625-04:00,2026-05-03,tx,rmse_f,tomorrow,2.7300
2026-05-04T07:15:01.730625-04:00,2026-05-03,tx,mae_f,weatherapi,0.8000
2026-05-04T07:15:01.730625-04:00,2026-05-03,tx,rmse_f,weatherapi,0.8000
2026-05-04T07:15:01.730625-04:00,2026-05-03,tx,bucket_hit_rate,trade,0.0000
2026-05-04T07:15:01.730625-04:00,2026-05-03,tx,realized_pnl_dollars,trade,-0.66
2026-05-08T03:15:01.872191-04:00,2026-05-07,tx,mae_f,consensus,3.6482
2026-05-08T03:15:01.872191-04:00,2026-05-07,tx,rmse_f,consensus,3.6482
2026-05-08T03:15:01.872191-04:00,2026-05-07,tx,mae_f,open-meteo,3.5000
2026-05-08T03:15:01.872191-04:00,2026-05-07,tx,rmse_f,open-meteo,3.5000
2026-05-08T03:15:01.872191-04:00,2026-05-07,tx,mae_f,visual-crossing,2.0000
2026-05-08T03:15:01.872191-04:00,2026-05-07,tx,rmse_f,visual-crossing,2.0000
2026-05-08T03:15:01.872191-04:00,2026-05-07,tx,mae_f,tomorrow,3.3700
2026-05-08T03:15:01.872191-04:00,2026-05-07,tx,rmse_f,tomorrow,3.3700
2026-05-08T03:15:01.872191-04:00,2026-05-07,tx,mae_f,weatherapi,10.9000
2026-05-08T03:15:01.872191-04:00,2026-05-07,tx,rmse_f,weatherapi,10.9000
2026-05-08T03:15:01.872191-04:00,2026-05-07,tx,bucket_hit_rate,trade,0.0000
2026-05-08T03:15:01.872191-04:00,2026-05-07,tx,realized_pnl_dollars,trade,-0.12
2026-05-08T07:15:01.966706-04:00,2026-05-07,tx,mae_f,consensus,3.6482
2026-05-08T07:15:01.966706-04:00,2026-05-07,tx,rmse_f,consensus,3.6482
2026-05-08T07:15:01.966706-04:00,2026-05-07,tx,mae_f,open-meteo,3.5000
2026-05-08T07:15:01.966706-04:00,2026-05-07,tx,rmse_f,open-meteo,3.5000
2026-05-08T07:15:01.966706-04:00,2026-05-07,tx,mae_f,visual-crossing,2.0000
2026-05-08T07:15:01.966706-04:00,2026-05-07,tx,rmse_f,visual-crossing,2.0000
2026-05-08T07:15:01.966706-04:00,2026-05-07,tx,mae_f,tomorrow,3.3700
2026-05-08T07:15:01.966706-04:00,2026-05-07,tx,rmse_f,tomorrow,3.3700
2026-05-08T07:15:01.966706-04:00,2026-05-07,tx,mae_f,weatherapi,10.9000
2026-05-08T07:15:01.966706-04:00,2026-05-07,tx,rmse_f,weatherapi,10.9000
2026-05-08T07:15:01.966706-04:00,2026-05-07,tx,bucket_hit_rate,trade,0.0000
2026-05-08T07:15:01.966706-04:00,2026-05-07,tx,realized_pnl_dollars,trade,-0.12
2026-05-10T03:15:05.322067-04:00,2026-05-09,tx,mae_f,consensus,0.9904
2026-05-10T03:15:05.322067-04:00,2026-05-09,tx,rmse_f,consensus,0.9904
2026-05-10T03:15:05.322067-04:00,2026-05-09,tx,mae_f,open-meteo,0.4000
2026-05-10T03:15:05.322067-04:00,2026-05-09,tx,rmse_f,open-meteo,0.4000
2026-05-10T03:15:05.322067-04:00,2026-05-09,tx,mae_f,visual-crossing,2.0000
2026-05-10T03:15:05.322067-04:00,2026-05-09,tx,rmse_f,visual-crossing,2.0000
2026-05-10T03:15:05.322067-04:00,2026-05-09,tx,mae_f,tomorrow,0.1000
2026-05-10T03:15:05.322067-04:00,2026-05-09,tx,rmse_f,tomorrow,0.1000
2026-05-10T03:15:05.322067-04:00,2026-05-09,tx,mae_f,weatherapi,7.1000
2026-05-10T03:15:05.322067-04:00,2026-05-09,tx,rmse_f,weatherapi,7.1000
2026-05-10T03:15:05.322067-04:00,2026-05-09,tx,bucket_hit_rate,trade,0.0000
2026-05-10T03:15:05.322067-04:00,2026-05-09,tx,realized_pnl_dollars,trade,-0.55
2026-05-10T07:15:01.911709-04:00,2026-05-09,tx,mae_f,consensus,0.9904
2026-05-10T07:15:01.911709-04:00,2026-05-09,tx,rmse_f,consensus,0.9904
2026-05-10T07:15:01.911709-04:00,2026-05-09,tx,mae_f,open-meteo,0.4000
2026-05-10T07:15:01.911709-04:00,2026-05-09,tx,rmse_f,open-meteo,0.4000
2026-05-10T07:15:01.911709-04:00,2026-05-09,tx,mae_f,visual-crossing,2.0000
2026-05-10T07:15:01.911709-04:00,2026-05-09,tx,rmse_f,visual-crossing,2.0000
2026-05-10T07:15:01.911709-04:00,2026-05-09,tx,mae_f,tomorrow,0.1000
2026-05-10T07:15:01.911709-04:00,2026-05-09,tx,rmse_f,tomorrow,0.1000
2026-05-10T07:15:01.911709-04:00,2026-05-09,tx,mae_f,weatherapi,7.1000
2026-05-10T07:15:01.911709-04:00,2026-05-09,tx,rmse_f,weatherapi,7.1000
2026-05-10T07:15:01.911709-04:00,2026-05-09,tx,bucket_hit_rate,trade,0.0000
2026-05-10T07:15:01.911709-04:00,2026-05-09,tx,realized_pnl_dollars,trade,-0.55
2026-05-13T03:15:05.345918-04:00,2026-05-12,tx,mae_f,consensus,0.5087
2026-05-13T03:15:05.345918-04:00,2026-05-12,tx,rmse_f,consensus,0.5087
2026-05-13T03:15:05.345918-04:00,2026-05-12,tx,mae_f,open-meteo,1.5000
2026-05-13T03:15:05.345918-04:00,2026-05-12,tx,rmse_f,open-meteo,1.5000
2026-05-13T03:15:05.345918-04:00,2026-05-12,tx,mae_f,visual-crossing,0.1000
2026-05-13T03:15:05.345918-04:00,2026-05-12,tx,rmse_f,visual-crossing,0.1000
2026-05-13T03:15:05.345918-04:00,2026-05-12,tx,mae_f,tomorrow,1.3700
2026-05-13T03:15:05.345918-04:00,2026-05-12,tx,rmse_f,tomorrow,1.3700
2026-05-13T03:15:05.345918-04:00,2026-05-12,tx,mae_f,weatherapi,3.3000
2026-05-13T03:15:05.345918-04:00,2026-05-12,tx,rmse_f,weatherapi,3.3000
2026-05-13T03:15:05.345918-04:00,2026-05-12,tx,bucket_hit_rate,trade,0.0000
2026-05-13T03:15:05.345918-04:00,2026-05-12,tx,realized_pnl_dollars,trade,-0.06
2026-05-13T07:15:02.209398-04:00,2026-05-12,tx,mae_f,consensus,0.5087
2026-05-13T07:15:02.209398-04:00,2026-05-12,tx,rmse_f,consensus,0.5087
2026-05-13T07:15:02.209398-04:00,2026-05-12,tx,mae_f,open-meteo,1.5000
2026-05-13T07:15:02.209398-04:00,2026-05-12,tx,rmse_f,open-meteo,1.5000
2026-05-13T07:15:02.209398-04:00,2026-05-12,tx,mae_f,visual-crossing,0.1000
2026-05-13T07:15:02.209398-04:00,2026-05-12,tx,rmse_f,visual-crossing,0.1000
2026-05-13T07:15:02.209398-04:00,2026-05-12,tx,mae_f,tomorrow,1.3700
2026-05-13T07:15:02.209398-04:00,2026-05-12,tx,rmse_f,tomorrow,1.3700
2026-05-13T07:15:02.209398-04:00,2026-05-12,tx,mae_f,weatherapi,3.3000
2026-05-13T07:15:02.209398-04:00,2026-05-12,tx,rmse_f,weatherapi,3.3000
2026-05-13T07:15:02.209398-04:00,2026-05-12,tx,bucket_hit_rate,trade,0.0000
2026-05-13T07:15:02.209398-04:00,2026-05-12,tx,realized_pnl_dollars,trade,-0.06
2026-05-14T03:15:05.145958-04:00,2026-05-13,ny,mae_f,consensus,0.1484
2026-05-14T03:15:05.145958-04:00,2026-05-13,ny,rmse_f,consensus,0.1484
2026-05-14T03:15:05.145958-04:00,2026-05-13,ny,mae_f,open-meteo,1.2000
2026-05-14T03:15:05.145958-04:00,2026-05-13,ny,rmse_f,open-meteo,1.2000
2026-05-14T03:15:05.145958-04:00,2026-05-13,ny,mae_f,visual-crossing,0.1000
2026-05-14T03:15:05.145958-04:00,2026-05-13,ny,rmse_f,visual-crossing,0.1000
2026-05-14T03:15:05.145958-04:00,2026-05-13,ny,mae_f,tomorrow,0.6500
2026-05-14T03:15:05.145958-04:00,2026-05-13,ny,rmse_f,tomorrow,0.6500
2026-05-14T03:15:05.145958-04:00,2026-05-13,ny,mae_f,weatherapi,8.2000
2026-05-14T03:15:05.145958-04:00,2026-05-13,ny,rmse_f,weatherapi,8.2000
2026-05-14T03:15:05.145958-04:00,2026-05-13,ny,bucket_hit_rate,trade,1.0000
2026-05-14T03:15:05.145958-04:00,2026-05-13,ny,realized_pnl_dollars,trade,2.19
2026-05-14T07:15:01.523884-04:00,2026-05-13,ny,mae_f,consensus,0.1484
2026-05-14T07:15:01.523884-04:00,2026-05-13,ny,rmse_f,consensus,0.1484
2026-05-14T07:15:01.523884-04:00,2026-05-13,ny,mae_f,open-meteo,1.2000
2026-05-14T07:15:01.523884-04:00,2026-05-13,ny,rmse_f,open-meteo,1.2000
2026-05-14T07:15:01.523884-04:00,2026-05-13,ny,mae_f,visual-crossing,0.1000
2026-05-14T07:15:01.523884-04:00,2026-05-13,ny,rmse_f,visual-crossing,0.1000
2026-05-14T07:15:01.523884-04:00,2026-05-13,ny,mae_f,tomorrow,0.6500
2026-05-14T07:15:01.523884-04:00,2026-05-13,ny,rmse_f,tomorrow,0.6500
2026-05-14T07:15:01.523884-04:00,2026-05-13,ny,mae_f,weatherapi,8.2000
2026-05-14T07:15:01.523884-04:00,2026-05-13,ny,rmse_f,weatherapi,8.2000
2026-05-14T07:15:01.523884-04:00,2026-05-13,ny,bucket_hit_rate,trade,1.0000
2026-05-14T07:15:01.523884-04:00,2026-05-13,ny,realized_pnl_dollars,trade,2.19
2026-05-16T03:15:25.763626-04:00,2026-05-15,ny,mae_f,consensus,1.8216
2026-05-16T03:15:25.763626-04:00,2026-05-15,ny,rmse_f,consensus,1.8216
2026-05-16T03:15:25.763626-04:00,2026-05-15,ny,mae_f,open-meteo,1.8000
2026-05-16T03:15:25.763626-04:00,2026-05-15,ny,rmse_f,open-meteo,1.8000
2026-05-16T03:15:25.763626-04:00,2026-05-15,ny,mae_f,visual-crossing,1.9000
2026-05-16T03:15:25.763626-04:00,2026-05-15,ny,rmse_f,visual-crossing,1.9000
2026-05-16T03:15:25.763626-04:00,2026-05-15,ny,mae_f,tomorrow,1.6800
2026-05-16T03:15:25.763626-04:00,2026-05-15,ny,rmse_f,tomorrow,1.6800
2026-05-16T03:15:25.763626-04:00,2026-05-15,ny,mae_f,weatherapi,1.3000
2026-05-16T03:15:25.763626-04:00,2026-05-15,ny,rmse_f,weatherapi,1.3000
2026-05-16T03:15:25.763626-04:00,2026-05-15,ny,bucket_hit_rate,trade,0.0000
2026-05-16T03:15:25.763626-04:00,2026-05-15,ny,realized_pnl_dollars,trade,-0.43
2026-05-16T07:15:02.151259-04:00,2026-05-15,ny,mae_f,consensus,1.8216
2026-05-16T07:15:02.151259-04:00,2026-05-15,ny,rmse_f,consensus,1.8216
2026-05-16T07:15:02.151259-04:00,2026-05-15,ny,mae_f,open-meteo,1.8000
2026-05-16T07:15:02.151259-04:00,2026-05-15,ny,rmse_f,open-meteo,1.8000
2026-05-16T07:15:02.151259-04:00,2026-05-15,ny,mae_f,visual-crossing,1.9000
2026-05-16T07:15:02.151259-04:00,2026-05-15,ny,rmse_f,visual-crossing,1.9000
2026-05-16T07:15:02.151259-04:00,2026-05-15,ny,mae_f,tomorrow,1.6800
2026-05-16T07:15:02.151259-04:00,2026-05-15,ny,rmse_f,tomorrow,1.6800
2026-05-16T07:15:02.151259-04:00,2026-05-15,ny,mae_f,weatherapi,1.3000
2026-05-16T07:15:02.151259-04:00,2026-05-15,ny,rmse_f,weatherapi,1.3000
2026-05-16T07:15:02.151259-04:00,2026-05-15,tx,mae_f,consensus,1.6815
2026-05-16T07:15:02.151259-04:00,2026-05-15,tx,rmse_f,consensus,1.6815
2026-05-16T07:15:02.151259-04:00,2026-05-15,tx,mae_f,open-meteo,1.0000
2026-05-16T07:15:02.151259-04:00,2026-05-15,tx,rmse_f,open-meteo,1.0000
2026-05-16T07:15:02.151259-04:00,2026-05-15,tx,mae_f,visual-crossing,2.0000
2026-05-16T07:15:02.151259-04:00,2026-05-15,tx,rmse_f,visual-crossing,2.0000
2026-05-16T07:15:02.151259-04:00,2026-05-15,tx,mae_f,tomorrow,1.3900
2026-05-16T07:15:02.151259-04:00,2026-05-15,tx,rmse_f,tomorrow,1.3900
2026-05-16T07:15:02.151259-04:00,2026-05-15,tx,mae_f,weatherapi,4.8000
2026-05-16T07:15:02.151259-04:00,2026-05-15,tx,rmse_f,weatherapi,4.8000
2026-05-16T07:15:02.151259-04:00,2026-05-15,ny,bucket_hit_rate,trade,0.0000
2026-05-16T07:15:02.151259-04:00,2026-05-15,tx,bucket_hit_rate,trade,0.0000
2026-05-16T07:15:02.151259-04:00,2026-05-15,ny,realized_pnl_dollars,trade,-0.43
2026-05-16T07:15:02.151259-04:00,2026-05-15,tx,realized_pnl_dollars,trade,-0.55
2026-05-17T03:15:25.824045-04:00,2026-05-16,ny,mae_f,consensus,0.8533
2026-05-17T03:15:25.824045-04:00,2026-05-16,ny,rmse_f,consensus,0.8533
2026-05-17T03:15:25.824045-04:00,2026-05-16,ny,mae_f,open-meteo,2.6000
2026-05-17T03:15:25.824045-04:00,2026-05-16,ny,rmse_f,open-meteo,2.6000
2026-05-17T03:15:25.824045-04:00,2026-05-16,ny,mae_f,visual-crossing,0.0000
2026-05-17T03:15:25.824045-04:00,2026-05-16,ny,rmse_f,visual-crossing,0.0000
2026-05-17T03:15:25.824045-04:00,2026-05-16,ny,mae_f,tomorrow,2.2700
2026-05-17T03:15:25.824045-04:00,2026-05-16,ny,rmse_f,tomorrow,2.2700
2026-05-17T03:15:25.824045-04:00,2026-05-16,ny,mae_f,weatherapi,4.7000
2026-05-17T03:15:25.824045-04:00,2026-05-16,ny,rmse_f,weatherapi,4.7000
2026-05-17T03:15:25.824045-04:00,2026-05-16,il,mae_f,consensus,2.1111
2026-05-17T03:15:25.824045-04:00,2026-05-16,il,rmse_f,consensus,2.1111
2026-05-17T03:15:25.824045-04:00,2026-05-16,il,mae_f,open-meteo,2.3000
2026-05-17T03:15:25.824045-04:00,2026-05-16,il,rmse_f,open-meteo,2.3000
2026-05-17T03:15:25.824045-04:00,2026-05-16,il,mae_f,visual-crossing,0.9000
2026-05-17T03:15:25.824045-04:00,2026-05-16,il,rmse_f,visual-crossing,0.9000
2026-05-17T03:15:25.824045-04:00,2026-05-16,il,mae_f,tomorrow,2.3200
2026-05-17T03:15:25.824045-04:00,2026-05-16,il,rmse_f,tomorrow,2.3200
2026-05-17T03:15:25.824045-04:00,2026-05-16,il,mae_f,weatherapi,10.0000
2026-05-17T03:15:25.824045-04:00,2026-05-16,il,rmse_f,weatherapi,10.0000
2026-05-17T03:15:25.824045-04:00,2026-05-16,ny,bucket_hit_rate,trade,1.0000
2026-05-17T03:15:25.824045-04:00,2026-05-16,il,bucket_hit_rate,trade,0.0000
2026-05-17T03:15:25.824045-04:00,2026-05-16,ny,realized_pnl_dollars,trade,0.48
2026-05-17T03:15:25.824045-04:00,2026-05-16,il,realized_pnl_dollars,trade,-0.38
2026-05-17T07:15:01.693304-04:00,2026-05-16,ny,mae_f,consensus,0.8533
2026-05-17T07:15:01.693304-04:00,2026-05-16,ny,rmse_f,consensus,0.8533
2026-05-17T07:15:01.693304-04:00,2026-05-16,ny,mae_f,open-meteo,2.6000
2026-05-17T07:15:01.693304-04:00,2026-05-16,ny,rmse_f,open-meteo,2.6000
2026-05-17T07:15:01.693304-04:00,2026-05-16,ny,mae_f,visual-crossing,0.0000
2026-05-17T07:15:01.693304-04:00,2026-05-16,ny,rmse_f,visual-crossing,0.0000
2026-05-17T07:15:01.693304-04:00,2026-05-16,ny,mae_f,tomorrow,2.2700
2026-05-17T07:15:01.693304-04:00,2026-05-16,ny,rmse_f,tomorrow,2.2700
2026-05-17T07:15:01.693304-04:00,2026-05-16,ny,mae_f,weatherapi,4.7000
2026-05-17T07:15:01.693304-04:00,2026-05-16,ny,rmse_f,weatherapi,4.7000
2026-05-17T07:15:01.693304-04:00,2026-05-16,fl,mae_f,consensus,2.3551
2026-05-17T07:15:01.693304-04:00,2026-05-16,fl,rmse_f,consensus,2.3551
2026-05-17T07:15:01.693304-04:00,2026-05-16,fl,mae_f,open-meteo,4.3000
2026-05-17T07:15:01.693304-04:00,2026-05-16,fl,rmse_f,open-meteo,4.3000
2026-05-17T07:15:01.693304-04:00,2026-05-16,fl,mae_f,visual-crossing,2.7000
2026-05-17T07:15:01.693304-04:00,2026-05-16,fl,rmse_f,visual-crossing,2.7000
2026-05-17T07:15:01.693304-04:00,2026-05-16,fl,mae_f,tomorrow,3.8900
2026-05-17T07:15:01.693304-04:00,2026-05-16,fl,rmse_f,tomorrow,3.8900
2026-05-17T07:15:01.693304-04:00,2026-05-16,fl,mae_f,weatherapi,0.4000
2026-05-17T07:15:01.693304-04:00,2026-05-16,fl,rmse_f,weatherapi,0.4000
2026-05-17T07:15:01.693304-04:00,2026-05-16,il,mae_f,consensus,2.1111
2026-05-17T07:15:01.693304-04:00,2026-05-16,il,rmse_f,consensus,2.1111
2026-05-17T07:15:01.693304-04:00,2026-05-16,il,mae_f,open-meteo,2.3000
2026-05-17T07:15:01.693304-04:00,2026-05-16,il,rmse_f,open-meteo,2.3000
2026-05-17T07:15:01.693304-04:00,2026-05-16,il,mae_f,visual-crossing,0.9000
2026-05-17T07:15:01.693304-04:00,2026-05-16,il,rmse_f,visual-crossing,0.9000
2026-05-17T07:15:01.693304-04:00,2026-05-16,il,mae_f,tomorrow,2.3200
2026-05-17T07:15:01.693304-04:00,2026-05-16,il,rmse_f,tomorrow,2.3200
2026-05-17T07:15:01.693304-04:00,2026-05-16,il,mae_f,weatherapi,10.0000
2026-05-17T07:15:01.693304-04:00,2026-05-16,il,rmse_f,weatherapi,10.0000
2026-05-17T07:15:01.693304-04:00,2026-05-16,ny,bucket_hit_rate,trade,1.0000
2026-05-17T07:15:01.693304-04:00,2026-05-16,fl,bucket_hit_rate,trade,0.0000
2026-05-17T07:15:01.693304-04:00,2026-05-16,il,bucket_hit_rate,trade,0.0000
2026-05-17T07:15:01.693304-04:00,2026-05-16,ny,realized_pnl_dollars,trade,0.48
2026-05-17T07:15:01.693304-04:00,2026-05-16,fl,realized_pnl_dollars,trade,-0.52
2026-05-17T07:15:01.693304-04:00,2026-05-16,il,realized_pnl_dollars,trade,-0.38
2026-05-19T03:15:02.732581-04:00,2026-05-18,tx,mae_f,consensus,0.8906
2026-05-19T03:15:02.732581-04:00,2026-05-18,tx,rmse_f,consensus,0.8906
2026-05-19T03:15:02.732581-04:00,2026-05-18,tx,mae_f,open-meteo,2.0000
2026-05-19T03:15:02.732581-04:00,2026-05-18,tx,rmse_f,open-meteo,2.0000
2026-05-19T03:15:02.732581-04:00,2026-05-18,tx,mae_f,visual-crossing,0.0000
2026-05-19T03:15:02.732581-04:00,2026-05-18,tx,rmse_f,visual-crossing,0.0000
2026-05-19T03:15:02.732581-04:00,2026-05-18,tx,mae_f,tomorrow,2.3300
2026-05-19T03:15:02.732581-04:00,2026-05-18,tx,rmse_f,tomorrow,2.3300
2026-05-19T03:15:02.732581-04:00,2026-05-18,tx,mae_f,weatherapi,0.3000
2026-05-19T03:15:02.732581-04:00,2026-05-18,tx,rmse_f,weatherapi,0.3000
2026-05-19T03:15:02.732581-04:00,2026-05-18,tx,bucket_hit_rate,trade,0.0000
2026-05-19T03:15:02.732581-04:00,2026-05-18,tx,realized_pnl_dollars,trade,-0.32
2026-05-19T07:15:01.768060-04:00,2026-05-18,tx,mae_f,consensus,0.8906
2026-05-19T07:15:01.768060-04:00,2026-05-18,tx,rmse_f,consensus,0.8906
2026-05-19T07:15:01.768060-04:00,2026-05-18,tx,mae_f,open-meteo,2.0000
2026-05-19T07:15:01.768060-04:00,2026-05-18,tx,rmse_f,open-meteo,2.0000
2026-05-19T07:15:01.768060-04:00,2026-05-18,tx,mae_f,visual-crossing,0.0000
2026-05-19T07:15:01.768060-04:00,2026-05-18,tx,rmse_f,visual-crossing,0.0000
2026-05-19T07:15:01.768060-04:00,2026-05-18,tx,mae_f,tomorrow,2.3300
2026-05-19T07:15:01.768060-04:00,2026-05-18,tx,rmse_f,tomorrow,2.3300
2026-05-19T07:15:01.768060-04:00,2026-05-18,tx,mae_f,weatherapi,0.3000
2026-05-19T07:15:01.768060-04:00,2026-05-18,tx,rmse_f,weatherapi,0.3000
2026-05-19T07:15:01.768060-04:00,2026-05-18,tx,bucket_hit_rate,trade,0.0000
2026-05-19T07:15:01.768060-04:00,2026-05-18,tx,realized_pnl_dollars,trade,-0.32
2026-05-21T03:15:04.974988-04:00,2026-05-20,ny,mae_f,consensus,0.1223
2026-05-21T03:15:04.974988-04:00,2026-05-20,ny,rmse_f,consensus,0.1223
2026-05-21T03:15:04.974988-04:00,2026-05-20,ny,mae_f,open-meteo,1.8000
2026-05-21T03:15:04.974988-04:00,2026-05-20,ny,rmse_f,open-meteo,1.8000
2026-05-21T03:15:04.974988-04:00,2026-05-20,ny,mae_f,visual-crossing,1.1000
2026-05-21T03:15:04.974988-04:00,2026-05-20,ny,rmse_f,visual-crossing,1.1000
2026-05-21T03:15:04.974988-04:00,2026-05-20,ny,mae_f,tomorrow,1.5600
2026-05-21T03:15:04.974988-04:00,2026-05-20,ny,rmse_f,tomorrow,1.5600
2026-05-21T03:15:04.974988-04:00,2026-05-20,ny,mae_f,weatherapi,0.2000
2026-05-21T03:15:04.974988-04:00,2026-05-20,ny,rmse_f,weatherapi,0.2000
2026-05-21T03:15:04.974988-04:00,2026-05-20,ny,bucket_hit_rate,trade,1.0000
2026-05-21T03:15:04.974988-04:00,2026-05-20,ny,realized_pnl_dollars,trade,1.60
2026-05-21T07:15:01.906444-04:00,2026-05-20,ny,mae_f,consensus,0.1223
2026-05-21T07:15:01.906444-04:00,2026-05-20,ny,rmse_f,consensus,0.1223
2026-05-21T07:15:01.906444-04:00,2026-05-20,ny,mae_f,open-meteo,1.8000
2026-05-21T07:15:01.906444-04:00,2026-05-20,ny,rmse_f,open-meteo,1.8000
2026-05-21T07:15:01.906444-04:00,2026-05-20,ny,mae_f,visual-crossing,1.1000
2026-05-21T07:15:01.906444-04:00,2026-05-20,ny,rmse_f,visual-crossing,1.1000
2026-05-21T07:15:01.906444-04:00,2026-05-20,ny,mae_f,tomorrow,1.5600
2026-05-21T07:15:01.906444-04:00,2026-05-20,ny,rmse_f,tomorrow,1.5600
2026-05-21T07:15:01.906444-04:00,2026-05-20,ny,mae_f,weatherapi,0.2000
2026-05-21T07:15:01.906444-04:00,2026-05-20,ny,rmse_f,weatherapi,0.2000
2026-05-21T07:15:01.906444-04:00,2026-05-20,ny,bucket_hit_rate,trade,1.0000
2026-05-21T07:15:01.906444-04:00,2026-05-20,ny,realized_pnl_dollars,trade,1.60
2026-05-22T03:15:31.214449-04:00,2026-05-21,tx,mae_f,consensus,3.2600
2026-05-22T03:15:31.214449-04:00,2026-05-21,tx,rmse_f,consensus,3.2600
2026-05-22T03:15:31.214449-04:00,2026-05-21,tx,mae_f,open-meteo,1.2000
2026-05-22T03:15:31.214449-04:00,2026-05-21,tx,rmse_f,open-meteo,1.2000
2026-05-22T03:15:31.214449-04:00,2026-05-21,tx,mae_f,visual-crossing,3.0000
2026-05-22T03:15:31.214449-04:00,2026-05-21,tx,rmse_f,visual-crossing,3.0000
2026-05-22T03:15:31.214449-04:00,2026-05-21,tx,mae_f,tomorrow,3.1600
2026-05-22T03:15:31.214449-04:00,2026-05-21,tx,rmse_f,tomorrow,3.1600
2026-05-22T03:15:31.214449-04:00,2026-05-21,tx,mae_f,weatherapi,2.8000
2026-05-22T03:15:31.214449-04:00,2026-05-21,tx,rmse_f,weatherapi,2.8000
2026-05-22T03:15:31.214449-04:00,2026-05-21,tx,bucket_hit_rate,trade,0.0000
2026-05-22T03:15:31.214449-04:00,2026-05-21,tx,realized_pnl_dollars,trade,-0.68
2026-05-22T07:15:02.376788-04:00,2026-05-21,fl,mae_f,consensus,0.9268
2026-05-22T07:15:02.376788-04:00,2026-05-21,fl,rmse_f,consensus,0.9268
2026-05-22T07:15:02.376788-04:00,2026-05-21,fl,mae_f,open-meteo,2.1000
2026-05-22T07:15:02.376788-04:00,2026-05-21,fl,rmse_f,open-meteo,2.1000
2026-05-22T07:15:02.376788-04:00,2026-05-21,fl,mae_f,visual-crossing,1.7000
2026-05-22T07:15:02.376788-04:00,2026-05-21,fl,rmse_f,visual-crossing,1.7000
2026-05-22T07:15:02.376788-04:00,2026-05-21,fl,mae_f,tomorrow,2.1700
2026-05-22T07:15:02.376788-04:00,2026-05-21,fl,rmse_f,tomorrow,2.1700
2026-05-22T07:15:02.376788-04:00,2026-05-21,fl,mae_f,weatherapi,2.6000
2026-05-22T07:15:02.376788-04:00,2026-05-21,fl,rmse_f,weatherapi,2.6000
2026-05-22T07:15:02.376788-04:00,2026-05-21,tx,mae_f,consensus,3.2600
2026-05-22T07:15:02.376788-04:00,2026-05-21,tx,rmse_f,consensus,3.2600
2026-05-22T07:15:02.376788-04:00,2026-05-21,tx,mae_f,open-meteo,1.2000
2026-05-22T07:15:02.376788-04:00,2026-05-21,tx,rmse_f,open-meteo,1.2000
2026-05-22T07:15:02.376788-04:00,2026-05-21,tx,mae_f,visual-crossing,3.0000
2026-05-22T07:15:02.376788-04:00,2026-05-21,tx,rmse_f,visual-crossing,3.0000
2026-05-22T07:15:02.376788-04:00,2026-05-21,tx,mae_f,tomorrow,3.1600
2026-05-22T07:15:02.376788-04:00,2026-05-21,tx,rmse_f,tomorrow,3.1600
2026-05-22T07:15:02.376788-04:00,2026-05-21,tx,mae_f,weatherapi,2.8000
2026-05-22T07:15:02.376788-04:00,2026-05-21,tx,rmse_f,weatherapi,2.8000
2026-05-22T07:15:02.376788-04:00,2026-05-21,fl,bucket_hit_rate,trade,0.0000
2026-05-22T07:15:02.376788-04:00,2026-05-21,tx,bucket_hit_rate,trade,0.0000
2026-05-22T07:15:02.376788-04:00,2026-05-21,fl,realized_pnl_dollars,trade,-0.35
2026-05-22T07:15:02.376788-04:00,2026-05-21,tx,realized_pnl_dollars,trade,-0.68
2026-05-23T07:15:02.715950-04:00,2026-05-22,fl,mae_f,consensus,1.4464
2026-05-23T07:15:02.715950-04:00,2026-05-22,fl,rmse_f,consensus,1.4464
2026-05-23T07:15:02.715950-04:00,2026-05-22,fl,mae_f,open-meteo,1.9000
2026-05-23T07:15:02.715950-04:00,2026-05-22,fl,rmse_f,open-meteo,1.9000
2026-05-23T07:15:02.715950-04:00,2026-05-22,fl,mae_f,visual-crossing,1.6000
2026-05-23T07:15:02.715950-04:00,2026-05-22,fl,rmse_f,visual-crossing,1.6000
2026-05-23T07:15:02.715950-04:00,2026-05-22,fl,mae_f,tomorrow,2.0100
2026-05-23T07:15:02.715950-04:00,2026-05-22,fl,rmse_f,tomorrow,2.0100
2026-05-23T07:15:02.715950-04:00,2026-05-22,fl,mae_f,weatherapi,0.1000
2026-05-23T07:15:02.715950-04:00,2026-05-22,fl,rmse_f,weatherapi,0.1000
2026-05-23T07:15:02.715950-04:00,2026-05-22,fl,bucket_hit_rate,trade,0.0000
2026-05-23T07:15:02.715950-04:00,2026-05-22,fl,realized_pnl_dollars,trade,-0.48
2026-05-24T07:15:01.542089-04:00,2026-05-23,fl,mae_f,consensus,2.0464
2026-05-24T07:15:01.542089-04:00,2026-05-23,fl,rmse_f,consensus,2.0464
2026-05-24T07:15:01.542089-04:00,2026-05-23,fl,mae_f,open-meteo,2.4000
2026-05-24T07:15:01.542089-04:00,2026-05-23,fl,rmse_f,open-meteo,2.4000
2026-05-24T07:15:01.542089-04:00,2026-05-23,fl,mae_f,visual-crossing,2.2000
2026-05-24T07:15:01.542089-04:00,2026-05-23,fl,rmse_f,visual-crossing,2.2000
2026-05-24T07:15:01.542089-04:00,2026-05-23,fl,mae_f,tomorrow,2.6600
2026-05-24T07:15:01.542089-04:00,2026-05-23,fl,rmse_f,tomorrow,2.6600
2026-05-24T07:15:01.542089-04:00,2026-05-23,fl,mae_f,weatherapi,0.1000
2026-05-24T07:15:01.542089-04:00,2026-05-23,fl,rmse_f,weatherapi,0.1000
2026-05-24T07:15:01.542089-04:00,2026-05-23,fl,bucket_hit_rate,trade,0.0000
2026-05-24T07:15:01.542089-04:00,2026-05-23,fl,realized_pnl_dollars,trade,-0.26
2026-05-25T03:15:01.672676-04:00,2026-05-24,ny,mae_f,consensus,1.8584
2026-05-25T03:15:01.672676-04:00,2026-05-24,ny,rmse_f,consensus,1.8584
2026-05-25T03:15:01.672676-04:00,2026-05-24,ny,mae_f,open-meteo,0.8000
2026-05-25T03:15:01.672676-04:00,2026-05-24,ny,rmse_f,open-meteo,0.8000
2026-05-25T03:15:01.672676-04:00,2026-05-24,ny,mae_f,visual-crossing,2.0000
2026-05-25T03:15:01.672676-04:00,2026-05-24,ny,rmse_f,visual-crossing,2.0000
2026-05-25T03:15:01.672676-04:00,2026-05-24,ny,mae_f,tomorrow,1.0000
2026-05-25T03:15:01.672676-04:00,2026-05-24,ny,rmse_f,tomorrow,1.0000
2026-05-25T03:15:01.672676-04:00,2026-05-24,ny,mae_f,weatherapi,0.5000
2026-05-25T03:15:01.672676-04:00,2026-05-24,ny,rmse_f,weatherapi,0.5000
2026-05-25T03:15:01.672676-04:00,2026-05-24,ny,bucket_hit_rate,trade,1.0000
2026-05-25T03:15:01.672676-04:00,2026-05-24,ny,realized_pnl_dollars,trade,0.04
2026-05-25T07:15:01.794235-04:00,2026-05-24,ny,mae_f,consensus,1.8584
2026-05-25T07:15:01.794235-04:00,2026-05-24,ny,rmse_f,consensus,1.8584
2026-05-25T07:15:01.794235-04:00,2026-05-24,ny,mae_f,open-meteo,0.8000
2026-05-25T07:15:01.794235-04:00,2026-05-24,ny,rmse_f,open-meteo,0.8000
2026-05-25T07:15:01.794235-04:00,2026-05-24,ny,mae_f,visual-crossing,2.0000
2026-05-25T07:15:01.794235-04:00,2026-05-24,ny,rmse_f,visual-crossing,2.0000
2026-05-25T07:15:01.794235-04:00,2026-05-24,ny,mae_f,tomorrow,1.0000
2026-05-25T07:15:01.794235-04:00,2026-05-24,ny,rmse_f,tomorrow,1.0000
2026-05-25T07:15:01.794235-04:00,2026-05-24,ny,mae_f,weatherapi,0.5000
2026-05-25T07:15:01.794235-04:00,2026-05-24,ny,rmse_f,weatherapi,0.5000
2026-05-25T07:15:01.794235-04:00,2026-05-24,ny,bucket_hit_rate,trade,1.0000
2026-05-25T07:15:01.794235-04:00,2026-05-24,ny,realized_pnl_dollars,trade,0.04
2026-05-26T07:15:01.946362-04:00,2026-05-25,fl,mae_f,consensus,1.1969
2026-05-26T07:15:01.946362-04:00,2026-05-25,fl,rmse_f,consensus,1.1969
2026-05-26T07:15:01.946362-04:00,2026-05-25,fl,mae_f,open-meteo,0.6000
2026-05-26T07:15:01.946362-04:00,2026-05-25,fl,rmse_f,open-meteo,0.6000
2026-05-26T07:15:01.946362-04:00,2026-05-25,fl,mae_f,visual-crossing,3.0000
2026-05-26T07:15:01.946362-04:00,2026-05-25,fl,rmse_f,visual-crossing,3.0000
2026-05-26T07:15:01.946362-04:00,2026-05-25,fl,mae_f,tomorrow,0.6700
2026-05-26T07:15:01.946362-04:00,2026-05-25,fl,rmse_f,tomorrow,0.6700
2026-05-26T07:15:01.946362-04:00,2026-05-25,fl,mae_f,weatherapi,0.5000
2026-05-26T07:15:01.946362-04:00,2026-05-25,fl,rmse_f,weatherapi,0.5000
2026-05-26T07:15:01.946362-04:00,2026-05-25,fl,bucket_hit_rate,trade,1.0000
2026-05-26T07:15:01.946362-04:00,2026-05-25,fl,realized_pnl_dollars,trade,1.64
2026-05-27T07:15:01.891336-04:00,2026-05-26,fl,mae_f,consensus,0.1177
2026-05-27T07:15:01.891336-04:00,2026-05-26,fl,rmse_f,consensus,0.1177
2026-05-27T07:15:01.891336-04:00,2026-05-26,fl,mae_f,open-meteo,1.3000
2026-05-27T07:15:01.891336-04:00,2026-05-26,fl,rmse_f,open-meteo,1.3000
2026-05-27T07:15:01.891336-04:00,2026-05-26,fl,mae_f,visual-crossing,1.3000
2026-05-27T07:15:01.891336-04:00,2026-05-26,fl,rmse_f,visual-crossing,1.3000
2026-05-27T07:15:01.891336-04:00,2026-05-26,fl,mae_f,tomorrow,0.8700
2026-05-27T07:15:01.891336-04:00,2026-05-26,fl,rmse_f,tomorrow,0.8700
2026-05-27T07:15:01.891336-04:00,2026-05-26,fl,mae_f,weatherapi,0.3000
2026-05-27T07:15:01.891336-04:00,2026-05-26,fl,rmse_f,weatherapi,0.3000
2026-05-27T07:15:01.891336-04:00,2026-05-26,fl,bucket_hit_rate,trade,1.0000
2026-05-27T07:15:01.891336-04:00,2026-05-26,fl,realized_pnl_dollars,trade,0.07
2026-05-28T03:15:22.114460-04:00,2026-05-27,il,mae_f,consensus,2.7469
2026-05-28T03:15:22.114460-04:00,2026-05-27,il,rmse_f,consensus,2.7469
2026-05-28T03:15:22.114460-04:00,2026-05-27,il,mae_f,open-meteo,3.6000
2026-05-28T03:15:22.114460-04:00,2026-05-27,il,rmse_f,open-meteo,3.6000
2026-05-28T03:15:22.114460-04:00,2026-05-27,il,mae_f,visual-crossing,1.9000
2026-05-28T03:15:22.114460-04:00,2026-05-27,il,rmse_f,visual-crossing,1.9000
2026-05-28T03:15:22.114460-04:00,2026-05-27,il,mae_f,tomorrow,3.0500
2026-05-28T03:15:22.114460-04:00,2026-05-27,il,rmse_f,tomorrow,3.0500
2026-05-28T03:15:22.114460-04:00,2026-05-27,il,mae_f,weatherapi,2.7000
2026-05-28T03:15:22.114460-04:00,2026-05-27,il,rmse_f,weatherapi,2.7000
2026-05-28T03:15:22.114460-04:00,2026-05-27,il,bucket_hit_rate,trade,0.0000
2026-05-28T03:15:22.114460-04:00,2026-05-27,il,realized_pnl_dollars,trade,-0.30
2026-05-28T07:15:02.975539-04:00,2026-05-27,fl,mae_f,consensus,2.4676
2026-05-28T07:15:02.975539-04:00,2026-05-27,fl,rmse_f,consensus,2.4676
2026-05-28T07:15:02.975539-04:00,2026-05-27,fl,mae_f,open-meteo,2.2000
2026-05-28T07:15:02.975539-04:00,2026-05-27,fl,rmse_f,open-meteo,2.2000
2026-05-28T07:15:02.975539-04:00,2026-05-27,fl,mae_f,visual-crossing,2.9000
2026-05-28T07:15:02.975539-04:00,2026-05-27,fl,rmse_f,visual-crossing,2.9000
2026-05-28T07:15:02.975539-04:00,2026-05-27,fl,mae_f,tomorrow,2.1200
2026-05-28T07:15:02.975539-04:00,2026-05-27,fl,rmse_f,tomorrow,2.1200
2026-05-28T07:15:02.975539-04:00,2026-05-27,fl,mae_f,weatherapi,0.5000
2026-05-28T07:15:02.975539-04:00,2026-05-27,fl,rmse_f,weatherapi,0.5000
2026-05-28T07:15:02.975539-04:00,2026-05-27,il,mae_f,consensus,2.7469
2026-05-28T07:15:02.975539-04:00,2026-05-27,il,rmse_f,consensus,2.7469
2026-05-28T07:15:02.975539-04:00,2026-05-27,il,mae_f,open-meteo,3.6000
2026-05-28T07:15:02.975539-04:00,2026-05-27,il,rmse_f,open-meteo,3.6000
2026-05-28T07:15:02.975539-04:00,2026-05-27,il,mae_f,visual-crossing,1.9000
2026-05-28T07:15:02.975539-04:00,2026-05-27,il,rmse_f,visual-crossing,1.9000
2026-05-28T07:15:02.975539-04:00,2026-05-27,il,mae_f,tomorrow,3.0500
2026-05-28T07:15:02.975539-04:00,2026-05-27,il,rmse_f,tomorrow,3.0500
2026-05-28T07:15:02.975539-04:00,2026-05-27,il,mae_f,weatherapi,2.7000
2026-05-28T07:15:02.975539-04:00,2026-05-27,il,rmse_f,weatherapi,2.7000
2026-05-28T07:15:02.975539-04:00,2026-05-27,fl,bucket_hit_rate,trade,0.0000
2026-05-28T07:15:02.975539-04:00,2026-05-27,il,bucket_hit_rate,trade,0.0000
2026-05-28T07:15:02.975539-04:00,2026-05-27,fl,realized_pnl_dollars,trade,-0.58
2026-05-28T07:15:02.975539-04:00,2026-05-27,il,realized_pnl_dollars,trade,-0.30
2026-05-29T03:15:02.192101-04:00,2026-05-28,ny,mae_f,consensus,2.6514
2026-05-29T03:15:02.192101-04:00,2026-05-28,ny,rmse_f,consensus,2.6514
2026-05-29T03:15:02.192101-04:00,2026-05-28,ny,mae_f,visual-crossing,2.9000
2026-05-29T03:15:02.192101-04:00,2026-05-28,ny,rmse_f,visual-crossing,2.9000
2026-05-29T03:15:02.192101-04:00,2026-05-28,ny,mae_f,tomorrow,0.2700
2026-05-29T03:15:02.192101-04:00,2026-05-28,ny,rmse_f,tomorrow,0.2700
2026-05-29T03:15:02.192101-04:00,2026-05-28,ny,mae_f,weatherapi,1.8000
2026-05-29T03:15:02.192101-04:00,2026-05-28,ny,rmse_f,weatherapi,1.8000
2026-05-29T03:15:02.192101-04:00,2026-05-28,ny,bucket_hit_rate,trade,0.0000
2026-05-29T03:15:02.192101-04:00,2026-05-28,ny,realized_pnl_dollars,trade,-0.58
2026-05-29T07:15:01.509337-04:00,2026-05-28,ny,mae_f,consensus,2.6514
2026-05-29T07:15:01.509337-04:00,2026-05-28,ny,rmse_f,consensus,2.6514
2026-05-29T07:15:01.509337-04:00,2026-05-28,ny,mae_f,visual-crossing,2.9000
2026-05-29T07:15:01.509337-04:00,2026-05-28,ny,rmse_f,visual-crossing,2.9000
2026-05-29T07:15:01.509337-04:00,2026-05-28,ny,mae_f,tomorrow,0.2700
2026-05-29T07:15:01.509337-04:00,2026-05-28,ny,rmse_f,tomorrow,0.2700
2026-05-29T07:15:01.509337-04:00,2026-05-28,ny,mae_f,weatherapi,1.8000
2026-05-29T07:15:01.509337-04:00,2026-05-28,ny,rmse_f,weatherapi,1.8000
2026-05-29T07:15:01.509337-04:00,2026-05-28,ny,bucket_hit_rate,trade,0.0000
2026-05-29T07:15:01.509337-04:00,2026-05-28,ny,realized_pnl_dollars,trade,-0.58
2026-06-01T03:15:02.361399-04:00,2026-05-31,ny,mae_f,consensus,0.3915
2026-06-01T03:15:02.361399-04:00,2026-05-31,ny,rmse_f,consensus,0.3915
2026-06-01T03:15:02.361399-04:00,2026-05-31,ny,mae_f,visual-crossing,0.1000
2026-06-01T03:15:02.361399-04:00,2026-05-31,ny,rmse_f,visual-crossing,0.1000
2026-06-01T03:15:02.361399-04:00,2026-05-31,ny,mae_f,tomorrow,2.0900
2026-06-01T03:15:02.361399-04:00,2026-05-31,ny,rmse_f,tomorrow,2.0900
2026-06-01T03:15:02.361399-04:00,2026-05-31,ny,mae_f,weatherapi,1.6000
2026-06-01T03:15:02.361399-04:00,2026-05-31,ny,rmse_f,weatherapi,1.6000
2026-06-01T03:15:02.361399-04:00,2026-05-31,ny,bucket_hit_rate,trade,1.0000
2026-06-01T03:15:02.361399-04:00,2026-05-31,ny,realized_pnl_dollars,trade,0.44
2026-06-01T07:15:01.889939-04:00,2026-05-31,ny,mae_f,consensus,0.3915
2026-06-01T07:15:01.889939-04:00,2026-05-31,ny,rmse_f,consensus,0.3915
2026-06-01T07:15:01.889939-04:00,2026-05-31,ny,mae_f,visual-crossing,0.1000
2026-06-01T07:15:01.889939-04:00,2026-05-31,ny,rmse_f,visual-crossing,0.1000
2026-06-01T07:15:01.889939-04:00,2026-05-31,ny,mae_f,tomorrow,2.0900
2026-06-01T07:15:01.889939-04:00,2026-05-31,ny,rmse_f,tomorrow,2.0900
2026-06-01T07:15:01.889939-04:00,2026-05-31,ny,mae_f,weatherapi,1.6000
2026-06-01T07:15:01.889939-04:00,2026-05-31,ny,rmse_f,weatherapi,1.6000
2026-06-01T07:15:01.889939-04:00,2026-05-31,ny,bucket_hit_rate,trade,1.0000
2026-06-01T07:15:01.889939-04:00,2026-05-31,ny,realized_pnl_dollars,trade,0.44
2026-06-02T03:15:02.506557-04:00,2026-06-01,ny,mae_f,consensus,2.1697
2026-06-02T03:15:02.506557-04:00,2026-06-01,ny,rmse_f,consensus,2.1697
2026-06-02T03:15:02.506557-04:00,2026-06-01,ny,mae_f,open-meteo,4.0000
2026-06-02T03:15:02.506557-04:00,2026-06-01,ny,rmse_f,open-meteo,4.0000
2026-06-02T03:15:02.506557-04:00,2026-06-01,ny,mae_f,visual-crossing,3.0000
2026-06-02T03:15:02.506557-04:00,2026-06-01,ny,rmse_f,visual-crossing,3.0000
2026-06-02T03:15:02.506557-04:00,2026-06-01,ny,mae_f,tomorrow,0.6600
2026-06-02T03:15:02.506557-04:00,2026-06-01,ny,rmse_f,tomorrow,0.6600
2026-06-02T03:15:02.506557-04:00,2026-06-01,ny,mae_f,weatherapi,3.8000
2026-06-02T03:15:02.506557-04:00,2026-06-01,ny,rmse_f,weatherapi,3.8000
2026-06-02T03:15:02.506557-04:00,2026-06-01,ny,bucket_hit_rate,trade,0.0000
2026-06-02T03:15:02.506557-04:00,2026-06-01,ny,realized_pnl_dollars,trade,-1.44
2026-06-02T07:15:01.700194-04:00,2026-06-01,ny,mae_f,consensus,2.1697
2026-06-02T07:15:01.700194-04:00,2026-06-01,ny,rmse_f,consensus,2.1697
2026-06-02T07:15:01.700194-04:00,2026-06-01,ny,mae_f,open-meteo,4.0000
2026-06-02T07:15:01.700194-04:00,2026-06-01,ny,rmse_f,open-meteo,4.0000
2026-06-02T07:15:01.700194-04:00,2026-06-01,ny,mae_f,visual-crossing,3.0000
2026-06-02T07:15:01.700194-04:00,2026-06-01,ny,rmse_f,visual-crossing,3.0000
2026-06-02T07:15:01.700194-04:00,2026-06-01,ny,mae_f,tomorrow,0.6600
2026-06-02T07:15:01.700194-04:00,2026-06-01,ny,rmse_f,tomorrow,0.6600
2026-06-02T07:15:01.700194-04:00,2026-06-01,ny,mae_f,weatherapi,3.8000
2026-06-02T07:15:01.700194-04:00,2026-06-01,ny,rmse_f,weatherapi,3.8000
2026-06-02T07:15:01.700194-04:00,2026-06-01,ny,bucket_hit_rate,trade,0.0000
2026-06-02T07:15:01.700194-04:00,2026-06-01,ny,realized_pnl_dollars,trade,-1.44
2026-06-05T07:15:01.964181-04:00,2026-06-04,fl,mae_f,consensus,1.2123
2026-06-05T07:15:01.964181-04:00,2026-06-04,fl,rmse_f,consensus,1.2123
2026-06-05T07:15:01.964181-04:00,2026-06-04,fl,mae_f,open-meteo,3.2000
2026-06-05T07:15:01.964181-04:00,2026-06-04,fl,rmse_f,open-meteo,3.2000
2026-06-05T07:15:01.964181-04:00,2026-06-04,fl,mae_f,visual-crossing,2.4000
2026-06-05T07:15:01.964181-04:00,2026-06-04,fl,rmse_f,visual-crossing,2.4000
2026-06-05T07:15:01.964181-04:00,2026-06-04,fl,mae_f,tomorrow,3.3000
2026-06-05T07:15:01.964181-04:00,2026-06-04,fl,rmse_f,tomorrow,3.3000
2026-06-05T07:15:01.964181-04:00,2026-06-04,fl,mae_f,weatherapi,2.4000
2026-06-05T07:15:01.964181-04:00,2026-06-04,fl,rmse_f,weatherapi,2.4000
2026-06-05T07:15:01.964181-04:00,2026-06-04,fl,bucket_hit_rate,trade,0.0000
2026-06-05T07:15:01.964181-04:00,2026-06-04,fl,realized_pnl_dollars,trade,-1.80
2026-06-08T07:15:02.168695-04:00,2026-06-07,fl,mae_f,consensus,1.4562
2026-06-08T07:15:02.168695-04:00,2026-06-07,fl,rmse_f,consensus,1.4562
2026-06-08T07:15:02.168695-04:00,2026-06-07,fl,mae_f,open-meteo,3.8000
2026-06-08T07:15:02.168695-04:00,2026-06-07,fl,rmse_f,open-meteo,3.8000
2026-06-08T07:15:02.168695-04:00,2026-06-07,fl,mae_f,visual-crossing,1.7000
2026-06-08T07:15:02.168695-04:00,2026-06-07,fl,rmse_f,visual-crossing,1.7000
2026-06-08T07:15:02.168695-04:00,2026-06-07,fl,mae_f,tomorrow,3.7700
2026-06-08T07:15:02.168695-04:00,2026-06-07,fl,rmse_f,tomorrow,3.7700
2026-06-08T07:15:02.168695-04:00,2026-06-07,fl,mae_f,weatherapi,3.0000
2026-06-08T07:15:02.168695-04:00,2026-06-07,fl,rmse_f,weatherapi,3.0000
2026-06-08T07:15:02.168695-04:00,2026-06-07,fl,bucket_hit_rate,trade,0.0000
2026-06-08T07:15:02.168695-04:00,2026-06-07,fl,realized_pnl_dollars,trade,-1.68
2026-06-09T03:15:02.500558-04:00,2026-06-08,ny,mae_f,consensus,2.0956
2026-06-09T03:15:02.500558-04:00,2026-06-08,ny,rmse_f,consensus,2.0956
2026-06-09T03:15:02.500558-04:00,2026-06-08,ny,mae_f,open-meteo,2.8000
2026-06-09T03:15:02.500558-04:00,2026-06-08,ny,rmse_f,open-meteo,2.8000
2026-06-09T03:15:02.500558-04:00,2026-06-08,ny,mae_f,visual-crossing,3.0000
2026-06-09T03:15:02.500558-04:00,2026-06-08,ny,rmse_f,visual-crossing,3.0000
2026-06-09T03:15:02.500558-04:00,2026-06-08,ny,mae_f,tomorrow,2.7200
2026-06-09T03:15:02.500558-04:00,2026-06-08,ny,rmse_f,tomorrow,2.7200
2026-06-09T03:15:02.500558-04:00,2026-06-08,ny,mae_f,weatherapi,6.0000
2026-06-09T03:15:02.500558-04:00,2026-06-08,ny,rmse_f,weatherapi,6.0000
2026-06-09T03:15:02.500558-04:00,2026-06-08,ny,bucket_hit_rate,trade,0.0000
2026-06-09T03:15:02.500558-04:00,2026-06-08,ny,realized_pnl_dollars,trade,-0.46
2026-06-09T07:15:01.971779-04:00,2026-06-08,ny,mae_f,consensus,2.0956
2026-06-09T07:15:01.971779-04:00,2026-06-08,ny,rmse_f,consensus,2.0956
2026-06-09T07:15:01.971779-04:00,2026-06-08,ny,mae_f,open-meteo,2.8000
2026-06-09T07:15:01.971779-04:00,2026-06-08,ny,rmse_f,open-meteo,2.8000
2026-06-09T07:15:01.971779-04:00,2026-06-08,ny,mae_f,visual-crossing,3.0000
2026-06-09T07:15:01.971779-04:00,2026-06-08,ny,rmse_f,visual-crossing,3.0000
2026-06-09T07:15:01.971779-04:00,2026-06-08,ny,mae_f,tomorrow,2.7200
2026-06-09T07:15:01.971779-04:00,2026-06-08,ny,rmse_f,tomorrow,2.7200
2026-06-09T07:15:01.971779-04:00,2026-06-08,ny,mae_f,weatherapi,6.0000
2026-06-09T07:15:01.971779-04:00,2026-06-08,ny,rmse_f,weatherapi,6.0000
2026-06-09T07:15:01.971779-04:00,2026-06-08,ny,bucket_hit_rate,trade,0.0000
2026-06-09T07:15:01.971779-04:00,2026-06-08,ny,realized_pnl_dollars,trade,-0.46
2026-06-11T07:15:02.038082-04:00,2026-06-10,tx,mae_f,consensus,0.7850
2026-06-11T07:15:02.038082-04:00,2026-06-10,tx,rmse_f,consensus,0.7850
2026-06-11T07:15:02.038082-04:00,2026-06-10,tx,mae_f,open-meteo,2.8000
2026-06-11T07:15:02.038082-04:00,2026-06-10,tx,rmse_f,open-meteo,2.8000
2026-06-11T07:15:02.038082-04:00,2026-06-10,tx,mae_f,visual-crossing,1.9000
2026-06-11T07:15:02.038082-04:00,2026-06-10,tx,rmse_f,visual-crossing,1.9000
2026-06-11T07:15:02.038082-04:00,2026-06-10,tx,mae_f,tomorrow,1.9000
2026-06-11T07:15:02.038082-04:00,2026-06-10,tx,rmse_f,tomorrow,1.9000
2026-06-11T07:15:02.038082-04:00,2026-06-10,tx,mae_f,weatherapi,2.7000
2026-06-11T07:15:02.038082-04:00,2026-06-10,tx,rmse_f,weatherapi,2.7000
2026-06-11T07:15:02.038082-04:00,2026-06-10,tx,bucket_hit_rate,trade,1.0000
2026-06-11T07:15:02.038082-04:00,2026-06-10,tx,realized_pnl_dollars,trade,0.61
2026-06-13T03:15:02.086014-04:00,2026-06-12,ny,mae_f,consensus,4.8556
2026-06-13T03:15:02.086014-04:00,2026-06-12,ny,rmse_f,consensus,4.8556
2026-06-13T03:15:02.086014-04:00,2026-06-12,ny,mae_f,open-meteo,4.5000
2026-06-13T03:15:02.086014-04:00,2026-06-12,ny,rmse_f,open-meteo,4.5000
2026-06-13T03:15:02.086014-04:00,2026-06-12,ny,mae_f,visual-crossing,4.9000
2026-06-13T03:15:02.086014-04:00,2026-06-12,ny,rmse_f,visual-crossing,4.9000
2026-06-13T03:15:02.086014-04:00,2026-06-12,ny,mae_f,tomorrow,5.0200
2026-06-13T03:15:02.086014-04:00,2026-06-12,ny,rmse_f,tomorrow,5.0200
2026-06-13T03:15:02.086014-04:00,2026-06-12,ny,mae_f,weatherapi,8.2000
2026-06-13T03:15:02.086014-04:00,2026-06-12,ny,rmse_f,weatherapi,8.2000
2026-06-13T03:15:02.086014-04:00,2026-06-12,ny,bucket_hit_rate,trade,0.0000
2026-06-13T03:15:02.086014-04:00,2026-06-12,ny,realized_pnl_dollars,trade,-1.12
2026-06-13T07:15:01.475577-04:00,2026-06-12,ny,mae_f,consensus,4.8556
2026-06-13T07:15:01.475577-04:00,2026-06-12,ny,rmse_f,consensus,4.8556
2026-06-13T07:15:01.475577-04:00,2026-06-12,ny,mae_f,open-meteo,4.5000
2026-06-13T07:15:01.475577-04:00,2026-06-12,ny,rmse_f,open-meteo,4.5000
2026-06-13T07:15:01.475577-04:00,2026-06-12,ny,mae_f,visual-crossing,4.9000
2026-06-13T07:15:01.475577-04:00,2026-06-12,ny,rmse_f,visual-crossing,4.9000
2026-06-13T07:15:01.475577-04:00,2026-06-12,ny,mae_f,tomorrow,5.0200
2026-06-13T07:15:01.475577-04:00,2026-06-12,ny,rmse_f,tomorrow,5.0200
2026-06-13T07:15:01.475577-04:00,2026-06-12,ny,mae_f,weatherapi,8.2000
2026-06-13T07:15:01.475577-04:00,2026-06-12,ny,rmse_f,weatherapi,8.2000
2026-06-13T07:15:01.475577-04:00,2026-06-12,ny,bucket_hit_rate,trade,0.0000
2026-06-13T07:15:01.475577-04:00,2026-06-12,ny,realized_pnl_dollars,trade,-1.12
2026-06-16T03:15:01.889746-04:00,2026-06-15,il,mae_f,consensus,0.2010
2026-06-16T03:15:01.889746-04:00,2026-06-15,il,rmse_f,consensus,0.2010
2026-06-16T03:15:01.889746-04:00,2026-06-15,il,mae_f,open-meteo,0.4000
2026-06-16T03:15:01.889746-04:00,2026-06-15,il,rmse_f,open-meteo,0.4000
2026-06-16T03:15:01.889746-04:00,2026-06-15,il,mae_f,visual-crossing,1.1000
2026-06-16T03:15:01.889746-04:00,2026-06-15,il,rmse_f,visual-crossing,1.1000
2026-06-16T03:15:01.889746-04:00,2026-06-15,il,mae_f,tomorrow,0.4400
2026-06-16T03:15:01.889746-04:00,2026-06-15,il,rmse_f,tomorrow,0.4400
2026-06-16T03:15:01.889746-04:00,2026-06-15,il,mae_f,weatherapi,3.3000
2026-06-16T03:15:01.889746-04:00,2026-06-15,il,rmse_f,weatherapi,3.3000
2026-06-16T03:15:01.889746-04:00,2026-06-15,il,bucket_hit_rate,trade,1.0000
2026-06-16T03:15:01.889746-04:00,2026-06-15,il,realized_pnl_dollars,trade,1.50
2026-06-16T07:15:01.646761-04:00,2026-06-15,il,mae_f,consensus,0.2010
2026-06-16T07:15:01.646761-04:00,2026-06-15,il,rmse_f,consensus,0.2010
2026-06-16T07:15:01.646761-04:00,2026-06-15,il,mae_f,open-meteo,0.4000
2026-06-16T07:15:01.646761-04:00,2026-06-15,il,rmse_f,open-meteo,0.4000
2026-06-16T07:15:01.646761-04:00,2026-06-15,il,mae_f,visual-crossing,1.1000
2026-06-16T07:15:01.646761-04:00,2026-06-15,il,rmse_f,visual-crossing,1.1000
2026-06-16T07:15:01.646761-04:00,2026-06-15,il,mae_f,tomorrow,0.4400
2026-06-16T07:15:01.646761-04:00,2026-06-15,il,rmse_f,tomorrow,0.4400
2026-06-16T07:15:01.646761-04:00,2026-06-15,il,mae_f,weatherapi,3.3000
2026-06-16T07:15:01.646761-04:00,2026-06-15,il,rmse_f,weatherapi,3.3000
2026-06-16T07:15:01.646761-04:00,2026-06-15,il,bucket_hit_rate,trade,1.0000
2026-06-16T07:15:01.646761-04:00,2026-06-15,il,realized_pnl_dollars,trade,1.50
2026-06-17T07:15:01.486041-04:00,2026-06-16,fl,mae_f,consensus,2.2091
2026-06-17T07:15:01.486041-04:00,2026-06-16,fl,rmse_f,consensus,2.2091
2026-06-17T07:15:01.486041-04:00,2026-06-16,fl,mae_f,open-meteo,5.3000
2026-06-17T07:15:01.486041-04:00,2026-06-16,fl,rmse_f,open-meteo,5.3000
2026-06-17T07:15:01.486041-04:00,2026-06-16,fl,mae_f,visual-crossing,4.2000
2026-06-17T07:15:01.486041-04:00,2026-06-16,fl,rmse_f,visual-crossing,4.2000
2026-06-17T07:15:01.486041-04:00,2026-06-16,fl,mae_f,tomorrow,5.2200
2026-06-17T07:15:01.486041-04:00,2026-06-16,fl,rmse_f,tomorrow,5.2200
2026-06-17T07:15:01.486041-04:00,2026-06-16,fl,mae_f,weatherapi,0.2000
2026-06-17T07:15:01.486041-04:00,2026-06-16,fl,rmse_f,weatherapi,0.2000
2026-06-17T07:15:01.486041-04:00,2026-06-16,fl,bucket_hit_rate,trade,0.0000
2026-06-17T07:15:01.486041-04:00,2026-06-16,fl,realized_pnl_dollars,trade,-1.35
2026-06-19T03:15:02.592250-04:00,2026-06-18,il,mae_f,consensus,0.7561
2026-06-19T03:15:02.592250-04:00,2026-06-18,il,rmse_f,consensus,0.7561
2026-06-19T03:15:02.592250-04:00,2026-06-18,il,mae_f,open-meteo,0.9000
2026-06-19T03:15:02.592250-04:00,2026-06-18,il,rmse_f,open-meteo,0.9000
2026-06-19T03:15:02.592250-04:00,2026-06-18,il,mae_f,visual-crossing,0.9000
2026-06-19T03:15:02.592250-04:00,2026-06-18,il,rmse_f,visual-crossing,0.9000
2026-06-19T03:15:02.592250-04:00,2026-06-18,il,mae_f,tomorrow,1.2000
2026-06-19T03:15:02.592250-04:00,2026-06-18,il,rmse_f,tomorrow,1.2000
2026-06-19T03:15:02.592250-04:00,2026-06-18,il,mae_f,weatherapi,0.6000
2026-06-19T03:15:02.592250-04:00,2026-06-18,il,rmse_f,weatherapi,0.6000
2026-06-19T03:15:02.592250-04:00,2026-06-18,tx,mae_f,consensus,0.1225
2026-06-19T03:15:02.592250-04:00,2026-06-18,tx,rmse_f,consensus,0.1225
2026-06-19T03:15:02.592250-04:00,2026-06-18,tx,mae_f,open-meteo,2.9000
2026-06-19T03:15:02.592250-04:00,2026-06-18,tx,rmse_f,open-meteo,2.9000
2026-06-19T03:15:02.592250-04:00,2026-06-18,tx,mae_f,visual-crossing,1.0000
2026-06-19T03:15:02.592250-04:00,2026-06-18,tx,rmse_f,visual-crossing,1.0000
2026-06-19T03:15:02.592250-04:00,2026-06-18,tx,mae_f,tomorrow,3.8200
2026-06-19T03:15:02.592250-04:00,2026-06-18,tx,rmse_f,tomorrow,3.8200
2026-06-19T03:15:02.592250-04:00,2026-06-18,tx,mae_f,weatherapi,3.0000
2026-06-19T03:15:02.592250-04:00,2026-06-18,tx,rmse_f,weatherapi,3.0000
2026-06-19T03:15:02.592250-04:00,2026-06-18,il,bucket_hit_rate,trade,0.0000
2026-06-19T03:15:02.592250-04:00,2026-06-18,tx,bucket_hit_rate,trade,1.0000
2026-06-19T03:15:02.592250-04:00,2026-06-18,il,realized_pnl_dollars,trade,-1.32
2026-06-19T03:15:02.592250-04:00,2026-06-18,tx,realized_pnl_dollars,trade,0.64
2026-06-19T07:15:01.536730-04:00,2026-06-18,il,mae_f,consensus,0.7561
2026-06-19T07:15:01.536730-04:00,2026-06-18,il,rmse_f,consensus,0.7561
2026-06-19T07:15:01.536730-04:00,2026-06-18,il,mae_f,open-meteo,0.9000
2026-06-19T07:15:01.536730-04:00,2026-06-18,il,rmse_f,open-meteo,0.9000
2026-06-19T07:15:01.536730-04:00,2026-06-18,il,mae_f,visual-crossing,0.9000
2026-06-19T07:15:01.536730-04:00,2026-06-18,il,rmse_f,visual-crossing,0.9000
2026-06-19T07:15:01.536730-04:00,2026-06-18,il,mae_f,tomorrow,1.2000
2026-06-19T07:15:01.536730-04:00,2026-06-18,il,rmse_f,tomorrow,1.2000
2026-06-19T07:15:01.536730-04:00,2026-06-18,il,mae_f,weatherapi,0.6000
2026-06-19T07:15:01.536730-04:00,2026-06-18,il,rmse_f,weatherapi,0.6000
2026-06-19T07:15:01.536730-04:00,2026-06-18,tx,mae_f,consensus,0.1225
2026-06-19T07:15:01.536730-04:00,2026-06-18,tx,rmse_f,consensus,0.1225
2026-06-19T07:15:01.536730-04:00,2026-06-18,tx,mae_f,open-meteo,2.9000
2026-06-19T07:15:01.536730-04:00,2026-06-18,tx,rmse_f,open-meteo,2.9000
2026-06-19T07:15:01.536730-04:00,2026-06-18,tx,mae_f,visual-crossing,1.0000
2026-06-19T07:15:01.536730-04:00,2026-06-18,tx,rmse_f,visual-crossing,1.0000
2026-06-19T07:15:01.536730-04:00,2026-06-18,tx,mae_f,tomorrow,3.8200
2026-06-19T07:15:01.536730-04:00,2026-06-18,tx,rmse_f,tomorrow,3.8200
2026-06-19T07:15:01.536730-04:00,2026-06-18,tx,mae_f,weatherapi,3.0000
2026-06-19T07:15:01.536730-04:00,2026-06-18,tx,rmse_f,weatherapi,3.0000
2026-06-19T07:15:01.536730-04:00,2026-06-18,il,bucket_hit_rate,trade,0.0000
2026-06-19T07:15:01.536730-04:00,2026-06-18,tx,bucket_hit_rate,trade,1.0000
2026-06-19T07:15:01.536730-04:00,2026-06-18,il,realized_pnl_dollars,trade,-1.32
2026-06-19T07:15:01.536730-04:00,2026-06-18,tx,realized_pnl_dollars,trade,0.64
2026-06-21T03:15:02.392113-04:00,2026-06-20,il,mae_f,consensus,0.4667
2026-06-21T03:15:02.392113-04:00,2026-06-20,il,rmse_f,consensus,0.4667
2026-06-21T03:15:02.392113-04:00,2026-06-20,il,mae_f,open-meteo,0.9000
2026-06-21T03:15:02.392113-04:00,2026-06-20,il,rmse_f,open-meteo,0.9000
2026-06-21T03:15:02.392113-04:00,2026-06-20,il,mae_f,visual-crossing,0.1000
2026-06-21T03:15:02.392113-04:00,2026-06-20,il,rmse_f,visual-crossing,0.1000
2026-06-21T03:15:02.392113-04:00,2026-06-20,il,mae_f,tomorrow,0.9400
2026-06-21T03:15:02.392113-04:00,2026-06-20,il,rmse_f,tomorrow,0.9400
2026-06-21T03:15:02.392113-04:00,2026-06-20,il,mae_f,weatherapi,3.6000
2026-06-21T03:15:02.392113-04:00,2026-06-20,il,rmse_f,weatherapi,3.6000
2026-06-21T03:15:02.392113-04:00,2026-06-20,il,bucket_hit_rate,trade,1.0000
2026-06-21T03:15:02.392113-04:00,2026-06-20,il,realized_pnl_dollars,trade,0.92
2026-06-21T07:15:01.887514-04:00,2026-06-20,il,mae_f,consensus,0.4667
2026-06-21T07:15:01.887514-04:00,2026-06-20,il,rmse_f,consensus,0.4667
2026-06-21T07:15:01.887514-04:00,2026-06-20,il,mae_f,open-meteo,0.9000
2026-06-21T07:15:01.887514-04:00,2026-06-20,il,rmse_f,open-meteo,0.9000
2026-06-21T07:15:01.887514-04:00,2026-06-20,il,mae_f,visual-crossing,0.1000
2026-06-21T07:15:01.887514-04:00,2026-06-20,il,rmse_f,visual-crossing,0.1000
2026-06-21T07:15:01.887514-04:00,2026-06-20,il,mae_f,tomorrow,0.9400
2026-06-21T07:15:01.887514-04:00,2026-06-20,il,rmse_f,tomorrow,0.9400
2026-06-21T07:15:01.887514-04:00,2026-06-20,il,mae_f,weatherapi,3.6000
2026-06-21T07:15:01.887514-04:00,2026-06-20,il,rmse_f,weatherapi,3.6000
2026-06-21T07:15:01.887514-04:00,2026-06-20,il,bucket_hit_rate,trade,1.0000
2026-06-21T07:15:01.887514-04:00,2026-06-20,il,realized_pnl_dollars,trade,0.92
2026-06-22T03:15:01.823655-04:00,2026-06-21,ny,mae_f,consensus,0.3427
2026-06-22T03:15:01.823655-04:00,2026-06-21,ny,rmse_f,consensus,0.3427
2026-06-22T03:15:01.823655-04:00,2026-06-21,ny,mae_f,open-meteo,2.6000
2026-06-22T03:15:01.823655-04:00,2026-06-21,ny,rmse_f,open-meteo,2.6000
2026-06-22T03:15:01.823655-04:00,2026-06-21,ny,mae_f,visual-crossing,0.9000
2026-06-22T03:15:01.823655-04:00,2026-06-21,ny,rmse_f,visual-crossing,0.9000
2026-06-22T03:15:01.823655-04:00,2026-06-21,ny,mae_f,tomorrow,2.1300
2026-06-22T03:15:01.823655-04:00,2026-06-21,ny,rmse_f,tomorrow,2.1300
2026-06-22T03:15:01.823655-04:00,2026-06-21,ny,mae_f,weatherapi,1.3000
2026-06-22T03:15:01.823655-04:00,2026-06-21,ny,rmse_f,weatherapi,1.3000
2026-06-22T03:15:01.823655-04:00,2026-06-21,ny,bucket_hit_rate,trade,1.0000
2026-06-22T03:15:01.823655-04:00,2026-06-21,ny,realized_pnl_dollars,trade,5.88
2026-06-22T07:15:02.244430-04:00,2026-06-21,ny,mae_f,consensus,0.3427
2026-06-22T07:15:02.244430-04:00,2026-06-21,ny,rmse_f,consensus,0.3427
2026-06-22T07:15:02.244430-04:00,2026-06-21,ny,mae_f,open-meteo,2.6000
2026-06-22T07:15:02.244430-04:00,2026-06-21,ny,rmse_f,open-meteo,2.6000
2026-06-22T07:15:02.244430-04:00,2026-06-21,ny,mae_f,visual-crossing,0.9000
2026-06-22T07:15:02.244430-04:00,2026-06-21,ny,rmse_f,visual-crossing,0.9000
2026-06-22T07:15:02.244430-04:00,2026-06-21,ny,mae_f,tomorrow,2.1300
2026-06-22T07:15:02.244430-04:00,2026-06-21,ny,rmse_f,tomorrow,2.1300
2026-06-22T07:15:02.244430-04:00,2026-06-21,ny,mae_f,weatherapi,1.3000
2026-06-22T07:15:02.244430-04:00,2026-06-21,ny,rmse_f,weatherapi,1.3000
2026-06-22T07:15:02.244430-04:00,2026-06-21,ny,bucket_hit_rate,trade,1.0000
2026-06-22T07:15:02.244430-04:00,2026-06-21,ny,realized_pnl_dollars,trade,5.88
2026-06-23T03:15:02.270714-04:00,2026-06-22,ny,mae_f,consensus,2.3111
2026-06-23T03:15:02.270714-04:00,2026-06-22,ny,rmse_f,consensus,2.3111
2026-06-23T03:15:02.270714-04:00,2026-06-22,ny,mae_f,open-meteo,5.5000
2026-06-23T03:15:02.270714-04:00,2026-06-22,ny,rmse_f,open-meteo,5.5000
2026-06-23T03:15:02.270714-04:00,2026-06-22,ny,mae_f,visual-crossing,1.9000
2026-06-23T03:15:02.270714-04:00,2026-06-22,ny,rmse_f,visual-crossing,1.9000
2026-06-23T03:15:02.270714-04:00,2026-06-22,ny,mae_f,tomorrow,3.0500
2026-06-23T03:15:02.270714-04:00,2026-06-22,ny,rmse_f,tomorrow,3.0500
2026-06-23T03:15:02.270714-04:00,2026-06-22,ny,mae_f,weatherapi,10.5000
2026-06-23T03:15:02.270714-04:00,2026-06-22,ny,rmse_f,weatherapi,10.5000
2026-06-23T03:15:02.270714-04:00,2026-06-22,ny,bucket_hit_rate,trade,0.0000
2026-06-23T03:15:02.270714-04:00,2026-06-22,ny,realized_pnl_dollars,trade,-1.05
2026-06-23T07:15:01.378685-04:00,2026-06-22,ny,mae_f,consensus,2.3111
2026-06-23T07:15:01.378685-04:00,2026-06-22,ny,rmse_f,consensus,2.3111
2026-06-23T07:15:01.378685-04:00,2026-06-22,ny,mae_f,open-meteo,5.5000
2026-06-23T07:15:01.378685-04:00,2026-06-22,ny,rmse_f,open-meteo,5.5000
2026-06-23T07:15:01.378685-04:00,2026-06-22,ny,mae_f,visual-crossing,1.9000
2026-06-23T07:15:01.378685-04:00,2026-06-22,ny,rmse_f,visual-crossing,1.9000
2026-06-23T07:15:01.378685-04:00,2026-06-22,ny,mae_f,tomorrow,3.0500
2026-06-23T07:15:01.378685-04:00,2026-06-22,ny,rmse_f,tomorrow,3.0500
2026-06-23T07:15:01.378685-04:00,2026-06-22,ny,mae_f,weatherapi,10.5000
2026-06-23T07:15:01.378685-04:00,2026-06-22,ny,rmse_f,weatherapi,10.5000
2026-06-23T07:15:01.378685-04:00,2026-06-22,ny,bucket_hit_rate,trade,0.0000
2026-06-23T07:15:01.378685-04:00,2026-06-22,ny,realized_pnl_dollars,trade,-1.05
2026-06-26T03:15:27.603185-04:00,2026-06-25,tx,mae_f,consensus,2.4066
2026-06-26T03:15:27.603185-04:00,2026-06-25,tx,rmse_f,consensus,2.4066
2026-06-26T03:15:27.603185-04:00,2026-06-25,tx,mae_f,open-meteo,1.5000
2026-06-26T03:15:27.603185-04:00,2026-06-25,tx,rmse_f,open-meteo,1.5000
2026-06-26T03:15:27.603185-04:00,2026-06-25,tx,mae_f,visual-crossing,1.9000
2026-06-26T03:15:27.603185-04:00,2026-06-25,tx,rmse_f,visual-crossing,1.9000
2026-06-26T03:15:27.603185-04:00,2026-06-25,tx,mae_f,tomorrow,1.8700
2026-06-26T03:15:27.603185-04:00,2026-06-25,tx,rmse_f,tomorrow,1.8700
2026-06-26T03:15:27.603185-04:00,2026-06-25,tx,mae_f,weatherapi,5.1000
2026-06-26T03:15:27.603185-04:00,2026-06-25,tx,rmse_f,weatherapi,5.1000
2026-06-26T03:15:27.603185-04:00,2026-06-25,tx,bucket_hit_rate,trade,0.0000
2026-06-26T03:15:27.603185-04:00,2026-06-25,tx,realized_pnl_dollars,trade,-0.60
2026-06-26T07:15:01.676782-04:00,2026-06-25,fl,mae_f,consensus,1.5805
2026-06-26T07:15:01.676782-04:00,2026-06-25,fl,rmse_f,consensus,1.5805
2026-06-26T07:15:01.676782-04:00,2026-06-25,fl,mae_f,open-meteo,2.0000
2026-06-26T07:15:01.676782-04:00,2026-06-25,fl,rmse_f,open-meteo,2.0000
2026-06-26T07:15:01.676782-04:00,2026-06-25,fl,mae_f,visual-crossing,3.4000
2026-06-26T07:15:01.676782-04:00,2026-06-25,fl,rmse_f,visual-crossing,3.4000
2026-06-26T07:15:01.676782-04:00,2026-06-25,fl,mae_f,tomorrow,2.0400
2026-06-26T07:15:01.676782-04:00,2026-06-25,fl,rmse_f,tomorrow,2.0400
2026-06-26T07:15:01.676782-04:00,2026-06-25,fl,mae_f,weatherapi,0.4000
2026-06-26T07:15:01.676782-04:00,2026-06-25,fl,rmse_f,weatherapi,0.4000
2026-06-26T07:15:01.676782-04:00,2026-06-25,tx,mae_f,consensus,2.4066
2026-06-26T07:15:01.676782-04:00,2026-06-25,tx,rmse_f,consensus,2.4066
2026-06-26T07:15:01.676782-04:00,2026-06-25,tx,mae_f,open-meteo,1.5000
2026-06-26T07:15:01.676782-04:00,2026-06-25,tx,rmse_f,open-meteo,1.5000
2026-06-26T07:15:01.676782-04:00,2026-06-25,tx,mae_f,visual-crossing,1.9000
2026-06-26T07:15:01.676782-04:00,2026-06-25,tx,rmse_f,visual-crossing,1.9000
2026-06-26T07:15:01.676782-04:00,2026-06-25,tx,mae_f,tomorrow,1.8700
2026-06-26T07:15:01.676782-04:00,2026-06-25,tx,rmse_f,tomorrow,1.8700
2026-06-26T07:15:01.676782-04:00,2026-06-25,tx,mae_f,weatherapi,5.1000
2026-06-26T07:15:01.676782-04:00,2026-06-25,tx,rmse_f,weatherapi,5.1000
2026-06-26T07:15:01.676782-04:00,2026-06-25,fl,bucket_hit_rate,trade,0.0000
2026-06-26T07:15:01.676782-04:00,2026-06-25,tx,bucket_hit_rate,trade,0.0000
2026-06-26T07:15:01.676782-04:00,2026-06-25,fl,realized_pnl_dollars,trade,-0.55
2026-06-26T07:15:01.676782-04:00,2026-06-25,tx,realized_pnl_dollars,trade,-0.60
2026-07-08T07:15:01.678078-04:00,2026-07-07,fl,mae_f,consensus,2.0563
2026-07-08T07:15:01.678078-04:00,2026-07-07,fl,rmse_f,consensus,2.0563
2026-07-08T07:15:01.678078-04:00,2026-07-07,fl,mae_f,open-meteo,4.8000
2026-07-08T07:15:01.678078-04:00,2026-07-07,fl,rmse_f,open-meteo,4.8000
2026-07-08T07:15:01.678078-04:00,2026-07-07,fl,mae_f,visual-crossing,3.1000
2026-07-08T07:15:01.678078-04:00,2026-07-07,fl,rmse_f,visual-crossing,3.1000
2026-07-08T07:15:01.678078-04:00,2026-07-07,fl,mae_f,tomorrow,4.8000
2026-07-08T07:15:01.678078-04:00,2026-07-07,fl,rmse_f,tomorrow,4.8000
2026-07-08T07:15:01.678078-04:00,2026-07-07,fl,mae_f,weatherapi,0.4000
2026-07-08T07:15:01.678078-04:00,2026-07-07,fl,rmse_f,weatherapi,0.4000
2026-07-08T07:15:01.678078-04:00,2026-07-07,fl,bucket_hit_rate,trade,0.0000
2026-07-08T07:15:01.678078-04:00,2026-07-07,fl,realized_pnl_dollars,trade,-0.80
2026-07-10T07:15:02.633506-04:00,2026-07-09,fl,mae_f,consensus,0.8528
2026-07-10T07:15:02.633506-04:00,2026-07-09,fl,rmse_f,consensus,0.8528
2026-07-10T07:15:02.633506-04:00,2026-07-09,fl,mae_f,open-meteo,1.6000
2026-07-10T07:15:02.633506-04:00,2026-07-09,fl,rmse_f,open-meteo,1.6000
2026-07-10T07:15:02.633506-04:00,2026-07-09,fl,mae_f,visual-crossing,1.2000
2026-07-10T07:15:02.633506-04:00,2026-07-09,fl,rmse_f,visual-crossing,1.2000
2026-07-10T07:15:02.633506-04:00,2026-07-09,fl,mae_f,tomorrow,1.6800
2026-07-10T07:15:02.633506-04:00,2026-07-09,fl,rmse_f,tomorrow,1.6800
2026-07-10T07:15:02.633506-04:00,2026-07-09,fl,mae_f,weatherapi,0.2000
2026-07-10T07:15:02.633506-04:00,2026-07-09,fl,rmse_f,weatherapi,0.2000
2026-07-10T07:15:02.633506-04:00,2026-07-09,fl,bucket_hit_rate,trade,0.0000
2026-07-10T07:15:02.633506-04:00,2026-07-09,fl,realized_pnl_dollars,trade,-0.10
2026-07-14T03:15:02.843326-04:00,2026-07-13,il,mae_f,consensus,0.5816
2026-07-14T03:15:02.843326-04:00,2026-07-13,il,rmse_f,consensus,0.5816
2026-07-14T03:15:02.843326-04:00,2026-07-13,il,mae_f,open-meteo,1.1000
2026-07-14T03:15:02.843326-04:00,2026-07-13,il,rmse_f,open-meteo,1.1000
2026-07-14T03:15:02.843326-04:00,2026-07-13,il,mae_f,visual-crossing,0.0000
2026-07-14T03:15:02.843326-04:00,2026-07-13,il,rmse_f,visual-crossing,0.0000
2026-07-14T03:15:02.843326-04:00,2026-07-13,il,mae_f,tomorrow,1.1100
2026-07-14T03:15:02.843326-04:00,2026-07-13,il,rmse_f,tomorrow,1.1100
2026-07-14T03:15:02.843326-04:00,2026-07-13,il,mae_f,weatherapi,7.9000
2026-07-14T03:15:02.843326-04:00,2026-07-13,il,rmse_f,weatherapi,7.9000
2026-07-14T03:15:02.843326-04:00,2026-07-13,il,bucket_hit_rate,trade,0.0000
2026-07-14T03:15:02.843326-04:00,2026-07-13,il,realized_pnl_dollars,trade,-0.28
2026-07-14T07:15:02.522329-04:00,2026-07-13,il,mae_f,consensus,0.5816
2026-07-14T07:15:02.522329-04:00,2026-07-13,il,rmse_f,consensus,0.5816
2026-07-14T07:15:02.522329-04:00,2026-07-13,il,mae_f,open-meteo,1.1000
2026-07-14T07:15:02.522329-04:00,2026-07-13,il,rmse_f,open-meteo,1.1000
2026-07-14T07:15:02.522329-04:00,2026-07-13,il,mae_f,visual-crossing,0.0000
2026-07-14T07:15:02.522329-04:00,2026-07-13,il,rmse_f,visual-crossing,0.0000
2026-07-14T07:15:02.522329-04:00,2026-07-13,il,mae_f,tomorrow,1.1100
2026-07-14T07:15:02.522329-04:00,2026-07-13,il,rmse_f,tomorrow,1.1100
2026-07-14T07:15:02.522329-04:00,2026-07-13,il,mae_f,weatherapi,7.9000
2026-07-14T07:15:02.522329-04:00,2026-07-13,il,rmse_f,weatherapi,7.9000
2026-07-14T07:15:02.522329-04:00,2026-07-13,il,bucket_hit_rate,trade,0.0000
2026-07-14T07:15:02.522329-04:00,2026-07-13,il,realized_pnl_dollars,trade,-0.28
2026-07-15T03:15:02.030597-04:00,2026-07-14,il,mae_f,consensus,1.4917
2026-07-15T03:15:02.030597-04:00,2026-07-14,il,rmse_f,consensus,1.4917
2026-07-15T03:15:02.030597-04:00,2026-07-14,il,mae_f,open-meteo,3.8000
2026-07-15T03:15:02.030597-04:00,2026-07-14,il,rmse_f,open-meteo,3.8000
2026-07-15T03:15:02.030597-04:00,2026-07-14,il,mae_f,visual-crossing,1.1000
2026-07-15T03:15:02.030597-04:00,2026-07-14,il,rmse_f,visual-crossing,1.1000
2026-07-15T03:15:02.030597-04:00,2026-07-14,il,mae_f,tomorrow,3.3200
2026-07-15T03:15:02.030597-04:00,2026-07-14,il,rmse_f,tomorrow,3.3200
2026-07-15T03:15:02.030597-04:00,2026-07-14,il,mae_f,weatherapi,9.6000
2026-07-15T03:15:02.030597-04:00,2026-07-14,il,rmse_f,weatherapi,9.6000
2026-07-15T03:15:02.030597-04:00,2026-07-14,il,bucket_hit_rate,trade,1.0000
2026-07-15T03:15:02.030597-04:00,2026-07-14,il,realized_pnl_dollars,trade,0.76
2026-07-15T07:15:01.525071-04:00,2026-07-14,il,mae_f,consensus,1.4917
2026-07-15T07:15:01.525071-04:00,2026-07-14,il,rmse_f,consensus,1.4917
2026-07-15T07:15:01.525071-04:00,2026-07-14,il,mae_f,open-meteo,3.8000
2026-07-15T07:15:01.525071-04:00,2026-07-14,il,rmse_f,open-meteo,3.8000
2026-07-15T07:15:01.525071-04:00,2026-07-14,il,mae_f,visual-crossing,1.1000
2026-07-15T07:15:01.525071-04:00,2026-07-14,il,rmse_f,visual-crossing,1.1000
2026-07-15T07:15:01.525071-04:00,2026-07-14,il,mae_f,tomorrow,3.3200
2026-07-15T07:15:01.525071-04:00,2026-07-14,il,rmse_f,tomorrow,3.3200
2026-07-15T07:15:01.525071-04:00,2026-07-14,il,mae_f,weatherapi,9.6000
2026-07-15T07:15:01.525071-04:00,2026-07-14,il,rmse_f,weatherapi,9.6000
2026-07-15T07:15:01.525071-04:00,2026-07-14,il,bucket_hit_rate,trade,1.0000
2026-07-15T07:15:01.525071-04:00,2026-07-14,il,realized_pnl_dollars,trade,0.76
2026-07-16T03:15:02.224270-04:00,2026-07-15,il,mae_f,consensus,1.3090
2026-07-16T03:15:02.224270-04:00,2026-07-15,il,rmse_f,consensus,1.3090
2026-07-16T03:15:02.224270-04:00,2026-07-15,il,mae_f,open-meteo,2.5000
2026-07-16T03:15:02.224270-04:00,2026-07-15,il,rmse_f,open-meteo,2.5000
2026-07-16T03:15:02.224270-04:00,2026-07-15,il,mae_f,visual-crossing,1.0000
2026-07-16T03:15:02.224270-04:00,2026-07-15,il,rmse_f,visual-crossing,1.0000
2026-07-16T03:15:02.224270-04:00,2026-07-15,il,mae_f,tomorrow,1.8700
2026-07-16T03:15:02.224270-04:00,2026-07-15,il,rmse_f,tomorrow,1.8700
2026-07-16T03:15:02.224270-04:00,2026-07-15,il,mae_f,weatherapi,9.2000
2026-07-16T03:15:02.224270-04:00,2026-07-15,il,rmse_f,weatherapi,9.2000
2026-07-16T03:15:02.224270-04:00,2026-07-15,il,bucket_hit_rate,trade,0.0000
2026-07-16T03:15:02.224270-04:00,2026-07-15,il,realized_pnl_dollars,trade,-0.87
2026-07-16T07:15:02.097151-04:00,2026-07-15,il,mae_f,consensus,1.3090
2026-07-16T07:15:02.097151-04:00,2026-07-15,il,rmse_f,consensus,1.3090
2026-07-16T07:15:02.097151-04:00,2026-07-15,il,mae_f,open-meteo,2.5000
2026-07-16T07:15:02.097151-04:00,2026-07-15,il,rmse_f,open-meteo,2.5000
2026-07-16T07:15:02.097151-04:00,2026-07-15,il,mae_f,visual-crossing,1.0000
2026-07-16T07:15:02.097151-04:00,2026-07-15,il,rmse_f,visual-crossing,1.0000
2026-07-16T07:15:02.097151-04:00,2026-07-15,il,mae_f,tomorrow,1.8700
2026-07-16T07:15:02.097151-04:00,2026-07-15,il,rmse_f,tomorrow,1.8700
2026-07-16T07:15:02.097151-04:00,2026-07-15,il,mae_f,weatherapi,9.2000
2026-07-16T07:15:02.097151-04:00,2026-07-15,il,rmse_f,weatherapi,9.2000
2026-07-16T07:15:02.097151-04:00,2026-07-15,il,bucket_hit_rate,trade,0.0000
2026-07-16T07:15:02.097151-04:00,2026-07-15,il,realized_pnl_dollars,trade,-0.87
2026-07-17T03:15:03.595687-04:00,2026-07-16,ny,mae_f,consensus,6.9907
2026-07-17T03:15:03.595687-04:00,2026-07-16,ny,rmse_f,consensus,6.9907
2026-07-17T03:15:03.595687-04:00,2026-07-16,ny,mae_f,visual-crossing,7.0000
2026-07-17T03:15:03.595687-04:00,2026-07-16,ny,rmse_f,visual-crossing,7.0000
2026-07-17T03:15:03.595687-04:00,2026-07-16,ny,mae_f,tomorrow,8.9000
2026-07-17T03:15:03.595687-04:00,2026-07-16,ny,rmse_f,tomorrow,8.9000
2026-07-17T03:15:03.595687-04:00,2026-07-16,ny,mae_f,weatherapi,15.2000
2026-07-17T03:15:03.595687-04:00,2026-07-16,ny,rmse_f,weatherapi,15.2000
2026-07-17T03:15:03.595687-04:00,2026-07-16,il,mae_f,consensus,0.0671
2026-07-17T03:15:03.595687-04:00,2026-07-16,il,rmse_f,consensus,0.0671
2026-07-17T03:15:03.595687-04:00,2026-07-16,il,mae_f,open-meteo,1.8000
2026-07-17T03:15:03.595687-04:00,2026-07-16,il,rmse_f,open-meteo,1.8000
2026-07-17T03:15:03.595687-04:00,2026-07-16,il,mae_f,visual-crossing,0.9000
2026-07-17T03:15:03.595687-04:00,2026-07-16,il,rmse_f,visual-crossing,0.9000
2026-07-17T03:15:03.595687-04:00,2026-07-16,il,mae_f,tomorrow,1.1400
2026-07-17T03:15:03.595687-04:00,2026-07-16,il,rmse_f,tomorrow,1.1400
2026-07-17T03:15:03.595687-04:00,2026-07-16,il,mae_f,weatherapi,6.5000
2026-07-17T03:15:03.595687-04:00,2026-07-16,il,rmse_f,weatherapi,6.5000
2026-07-17T03:15:03.595687-04:00,2026-07-16,ny,bucket_hit_rate,trade,0.0000
2026-07-17T03:15:03.595687-04:00,2026-07-16,il,bucket_hit_rate,trade,1.0000
2026-07-17T03:15:03.595687-04:00,2026-07-16,ny,realized_pnl_dollars,trade,-1.68
2026-07-17T03:15:03.595687-04:00,2026-07-16,il,realized_pnl_dollars,trade,0.26
2026-07-17T07:15:01.796373-04:00,2026-07-16,ny,mae_f,consensus,6.9907
2026-07-17T07:15:01.796373-04:00,2026-07-16,ny,rmse_f,consensus,6.9907
2026-07-17T07:15:01.796373-04:00,2026-07-16,ny,mae_f,visual-crossing,7.0000
2026-07-17T07:15:01.796373-04:00,2026-07-16,ny,rmse_f,visual-crossing,7.0000
2026-07-17T07:15:01.796373-04:00,2026-07-16,ny,mae_f,tomorrow,8.9000
2026-07-17T07:15:01.796373-04:00,2026-07-16,ny,rmse_f,tomorrow,8.9000
2026-07-17T07:15:01.796373-04:00,2026-07-16,ny,mae_f,weatherapi,15.2000
2026-07-17T07:15:01.796373-04:00,2026-07-16,ny,rmse_f,weatherapi,15.2000
2026-07-17T07:15:01.796373-04:00,2026-07-16,il,mae_f,consensus,0.0671
2026-07-17T07:15:01.796373-04:00,2026-07-16,il,rmse_f,consensus,0.0671
2026-07-17T07:15:01.796373-04:00,2026-07-16,il,mae_f,open-meteo,1.8000
2026-07-17T07:15:01.796373-04:00,2026-07-16,il,rmse_f,open-meteo,1.8000
2026-07-17T07:15:01.796373-04:00,2026-07-16,il,mae_f,visual-crossing,0.9000
2026-07-17T07:15:01.796373-04:00,2026-07-16,il,rmse_f,visual-crossing,0.9000
2026-07-17T07:15:01.796373-04:00,2026-07-16,il,mae_f,tomorrow,1.1400
2026-07-17T07:15:01.796373-04:00,2026-07-16,il,rmse_f,tomorrow,1.1400
2026-07-17T07:15:01.796373-04:00,2026-07-16,il,mae_f,weatherapi,6.5000
2026-07-17T07:15:01.796373-04:00,2026-07-16,il,rmse_f,weatherapi,6.5000
2026-07-17T07:15:01.796373-04:00,2026-07-16,ny,bucket_hit_rate,trade,0.0000
2026-07-17T07:15:01.796373-04:00,2026-07-16,il,bucket_hit_rate,trade,1.0000
2026-07-17T07:15:01.796373-04:00,2026-07-16,ny,realized_pnl_dollars,trade,-1.68
2026-07-17T07:15:01.796373-04:00,2026-07-16,il,realized_pnl_dollars,trade,0.26
2026-07-19T03:15:01.962767-04:00,2026-07-18,il,mae_f,consensus,0.4973
2026-07-19T03:15:01.962767-04:00,2026-07-18,il,rmse_f,consensus,0.4973
2026-07-19T03:15:01.962767-04:00,2026-07-18,il,mae_f,open-meteo,2.2000
2026-07-19T03:15:01.962767-04:00,2026-07-18,il,rmse_f,open-meteo,2.2000
2026-07-19T03:15:01.962767-04:00,2026-07-18,il,mae_f,visual-crossing,0.9000
2026-07-19T03:15:01.962767-04:00,2026-07-18,il,rmse_f,visual-crossing,0.9000
2026-07-19T03:15:01.962767-04:00,2026-07-18,il,mae_f,tomorrow,1.7900
2026-07-19T03:15:01.962767-04:00,2026-07-18,il,rmse_f,tomorrow,1.7900
2026-07-19T03:15:01.962767-04:00,2026-07-18,il,mae_f,weatherapi,2.4000
2026-07-19T03:15:01.962767-04:00,2026-07-18,il,rmse_f,weatherapi,2.4000
2026-07-19T03:15:01.962767-04:00,2026-07-18,il,bucket_hit_rate,trade,1.0000
2026-07-19T03:15:01.962767-04:00,2026-07-18,il,realized_pnl_dollars,trade,8.80
2026-07-19T07:15:02.003791-04:00,2026-07-18,il,mae_f,consensus,0.4973
2026-07-19T07:15:02.003791-04:00,2026-07-18,il,rmse_f,consensus,0.4973
2026-07-19T07:15:02.003791-04:00,2026-07-18,il,mae_f,open-meteo,2.2000
2026-07-19T07:15:02.003791-04:00,2026-07-18,il,rmse_f,open-meteo,2.2000
2026-07-19T07:15:02.003791-04:00,2026-07-18,il,mae_f,visual-crossing,0.9000
2026-07-19T07:15:02.003791-04:00,2026-07-18,il,rmse_f,visual-crossing,0.9000
2026-07-19T07:15:02.003791-04:00,2026-07-18,il,mae_f,tomorrow,1.7900
2026-07-19T07:15:02.003791-04:00,2026-07-18,il,rmse_f,tomorrow,1.7900
2026-07-19T07:15:02.003791-04:00,2026-07-18,il,mae_f,weatherapi,2.4000
2026-07-19T07:15:02.003791-04:00,2026-07-18,il,rmse_f,weatherapi,2.4000
2026-07-19T07:15:02.003791-04:00,2026-07-18,il,bucket_hit_rate,trade,1.0000
2026-07-19T07:15:02.003791-04:00,2026-07-18,il,realized_pnl_dollars,trade,8.80
2026-07-20T03:15:34.220690-04:00,2026-07-19,il,mae_f,consensus,1.8653
2026-07-20T03:15:34.220690-04:00,2026-07-19,il,rmse_f,consensus,1.8653
2026-07-20T03:15:34.220690-04:00,2026-07-19,il,mae_f,open-meteo,2.1000
2026-07-20T03:15:34.220690-04:00,2026-07-19,il,rmse_f,open-meteo,2.1000
2026-07-20T03:15:34.220690-04:00,2026-07-19,il,mae_f,visual-crossing,0.1000
2026-07-20T03:15:34.220690-04:00,2026-07-19,il,rmse_f,visual-crossing,0.1000
2026-07-20T03:15:34.220690-04:00,2026-07-19,il,mae_f,tomorrow,0.7900
2026-07-20T03:15:34.220690-04:00,2026-07-19,il,rmse_f,tomorrow,0.7900
2026-07-20T03:15:34.220690-04:00,2026-07-19,il,mae_f,weatherapi,7.7000
2026-07-20T03:15:34.220690-04:00,2026-07-19,il,rmse_f,weatherapi,7.7000
2026-07-20T03:15:34.220690-04:00,2026-07-19,il,bucket_hit_rate,trade,0.0000
2026-07-20T03:15:34.220690-04:00,2026-07-19,il,realized_pnl_dollars,trade,-1.04
2026-07-20T07:15:01.956432-04:00,2026-07-19,il,mae_f,consensus,1.8653
2026-07-20T07:15:01.956432-04:00,2026-07-19,il,rmse_f,consensus,1.8653
2026-07-20T07:15:01.956432-04:00,2026-07-19,il,mae_f,open-meteo,2.1000
2026-07-20T07:15:01.956432-04:00,2026-07-19,il,rmse_f,open-meteo,2.1000
2026-07-20T07:15:01.956432-04:00,2026-07-19,il,mae_f,visual-crossing,0.1000
2026-07-20T07:15:01.956432-04:00,2026-07-19,il,rmse_f,visual-crossing,0.1000
2026-07-20T07:15:01.956432-04:00,2026-07-19,il,mae_f,tomorrow,0.7900
2026-07-20T07:15:01.956432-04:00,2026-07-19,il,rmse_f,tomorrow,0.7900
2026-07-20T07:15:01.956432-04:00,2026-07-19,il,mae_f,weatherapi,7.7000
2026-07-20T07:15:01.956432-04:00,2026-07-19,il,rmse_f,weatherapi,7.7000
2026-07-20T07:15:01.956432-04:00,2026-07-19,il,bucket_hit_rate,trade,0.0000
2026-07-20T07:15:01.956432-04:00,2026-07-19,il,realized_pnl_dollars,trade,-1.04
2026-07-21T03:15:10.103746-04:00,2026-07-20,il,mae_f,consensus,5.5475
2026-07-21T03:15:10.103746-04:00,2026-07-20,il,rmse_f,consensus,5.5475
2026-07-21T03:15:10.103746-04:00,2026-07-20,il,mae_f,open-meteo,5.3000
2026-07-21T03:15:10.103746-04:00,2026-07-20,il,rmse_f,open-meteo,5.3000
2026-07-21T03:15:10.103746-04:00,2026-07-20,il,mae_f,visual-crossing,5.0000
2026-07-21T03:15:10.103746-04:00,2026-07-20,il,rmse_f,visual-crossing,5.0000
2026-07-21T03:15:10.103746-04:00,2026-07-20,il,mae_f,tomorrow,5.4400
2026-07-21T03:15:10.103746-04:00,2026-07-20,il,rmse_f,tomorrow,5.4400
2026-07-21T03:15:10.103746-04:00,2026-07-20,il,mae_f,weatherapi,11.2000
2026-07-21T03:15:10.103746-04:00,2026-07-20,il,rmse_f,weatherapi,11.2000
2026-07-21T03:15:10.103746-04:00,2026-07-20,il,bucket_hit_rate,trade,0.0000
2026-07-21T03:15:10.103746-04:00,2026-07-20,il,realized_pnl_dollars,trade,-1.23
2026-07-21T07:15:01.628758-04:00,2026-07-20,fl,mae_f,consensus,1.6286
2026-07-21T07:15:01.628758-04:00,2026-07-20,fl,rmse_f,consensus,1.6286
2026-07-21T07:15:01.628758-04:00,2026-07-20,fl,mae_f,open-meteo,3.1000
2026-07-21T07:15:01.628758-04:00,2026-07-20,fl,rmse_f,open-meteo,3.1000
2026-07-21T07:15:01.628758-04:00,2026-07-20,fl,mae_f,visual-crossing,1.7000
2026-07-21T07:15:01.628758-04:00,2026-07-20,fl,rmse_f,visual-crossing,1.7000
2026-07-21T07:15:01.628758-04:00,2026-07-20,fl,mae_f,tomorrow,2.9700
2026-07-21T07:15:01.628758-04:00,2026-07-20,fl,rmse_f,tomorrow,2.9700
2026-07-21T07:15:01.628758-04:00,2026-07-20,fl,mae_f,weatherapi,1.6000
2026-07-21T07:15:01.628758-04:00,2026-07-20,fl,rmse_f,weatherapi,1.6000
2026-07-21T07:15:01.628758-04:00,2026-07-20,il,mae_f,consensus,5.5475
2026-07-21T07:15:01.628758-04:00,2026-07-20,il,rmse_f,consensus,5.5475
2026-07-21T07:15:01.628758-04:00,2026-07-20,il,mae_f,open-meteo,5.3000
2026-07-21T07:15:01.628758-04:00,2026-07-20,il,rmse_f,open-meteo,5.3000
2026-07-21T07:15:01.628758-04:00,2026-07-20,il,mae_f,visual-crossing,5.0000
2026-07-21T07:15:01.628758-04:00,2026-07-20,il,rmse_f,visual-crossing,5.0000
2026-07-21T07:15:01.628758-04:00,2026-07-20,il,mae_f,tomorrow,5.4400
2026-07-21T07:15:01.628758-04:00,2026-07-20,il,rmse_f,tomorrow,5.4400
2026-07-21T07:15:01.628758-04:00,2026-07-20,il,mae_f,weatherapi,11.2000
2026-07-21T07:15:01.628758-04:00,2026-07-20,il,rmse_f,weatherapi,11.2000
2026-07-21T07:15:01.628758-04:00,2026-07-20,fl,bucket_hit_rate,trade,0.0000
2026-07-21T07:15:01.628758-04:00,2026-07-20,il,bucket_hit_rate,trade,0.0000
2026-07-21T07:15:01.628758-04:00,2026-07-20,fl,realized_pnl_dollars,trade,-0.84
2026-07-21T07:15:01.628758-04:00,2026-07-20,il,realized_pnl_dollars,trade,-1.23
2026-07-22T03:15:08.636385-04:00,2026-07-21,il,mae_f,consensus,2.0852
2026-07-22T03:15:08.636385-04:00,2026-07-21,il,rmse_f,consensus,2.0852
2026-07-22T03:15:08.636385-04:00,2026-07-21,il,mae_f,open-meteo,2.4000
2026-07-22T03:15:08.636385-04:00,2026-07-21,il,rmse_f,open-meteo,2.4000
2026-07-22T03:15:08.636385-04:00,2026-07-21,il,mae_f,visual-crossing,1.0000
2026-07-22T03:15:08.636385-04:00,2026-07-21,il,rmse_f,visual-crossing,1.0000
2026-07-22T03:15:08.636385-04:00,2026-07-21,il,mae_f,tomorrow,2.3200
2026-07-22T03:15:08.636385-04:00,2026-07-21,il,rmse_f,tomorrow,2.3200
2026-07-22T03:15:08.636385-04:00,2026-07-21,il,mae_f,weatherapi,7.2000
2026-07-22T03:15:08.636385-04:00,2026-07-21,il,rmse_f,weatherapi,7.2000
2026-07-22T03:15:08.636385-04:00,2026-07-21,il,bucket_hit_rate,trade,0.0000
2026-07-22T03:15:08.636385-04:00,2026-07-21,il,realized_pnl_dollars,trade,-0.40
2026-07-22T07:15:01.572004-04:00,2026-07-21,il,mae_f,consensus,2.0852
2026-07-22T07:15:01.572004-04:00,2026-07-21,il,rmse_f,consensus,2.0852
2026-07-22T07:15:01.572004-04:00,2026-07-21,il,mae_f,open-meteo,2.4000
2026-07-22T07:15:01.572004-04:00,2026-07-21,il,rmse_f,open-meteo,2.4000
2026-07-22T07:15:01.572004-04:00,2026-07-21,il,mae_f,visual-crossing,1.0000
2026-07-22T07:15:01.572004-04:00,2026-07-21,il,rmse_f,visual-crossing,1.0000
2026-07-22T07:15:01.572004-04:00,2026-07-21,il,mae_f,tomorrow,2.3200
2026-07-22T07:15:01.572004-04:00,2026-07-21,il,rmse_f,tomorrow,2.3200
2026-07-22T07:15:01.572004-04:00,2026-07-21,il,mae_f,weatherapi,7.2000
2026-07-22T07:15:01.572004-04:00,2026-07-21,il,rmse_f,weatherapi,7.2000
2026-07-22T07:15:01.572004-04:00,2026-07-21,il,bucket_hit_rate,trade,0.0000
2026-07-22T07:15:01.572004-04:00,2026-07-21,il,realized_pnl_dollars,trade,-0.40
2026-07-23T03:15:22.370000-04:00,2026-07-22,il,mae_f,consensus,1.9750
2026-07-23T03:15:22.370000-04:00,2026-07-22,il,rmse_f,consensus,1.9750
2026-07-23T03:15:22.370000-04:00,2026-07-22,il,mae_f,open-meteo,5.9000
2026-07-23T03:15:22.370000-04:00,2026-07-22,il,rmse_f,open-meteo,5.9000
2026-07-23T03:15:22.370000-04:00,2026-07-22,il,mae_f,visual-crossing,1.0000
2026-07-23T03:15:22.370000-04:00,2026-07-22,il,rmse_f,visual-crossing,1.0000
2026-07-23T03:15:22.370000-04:00,2026-07-22,il,mae_f,tomorrow,0.3000
2026-07-23T03:15:22.370000-04:00,2026-07-22,il,rmse_f,tomorrow,0.3000
2026-07-23T03:15:22.370000-04:00,2026-07-22,il,mae_f,weatherapi,5.1000
2026-07-23T03:15:22.370000-04:00,2026-07-22,il,rmse_f,weatherapi,5.1000
2026-07-23T03:15:22.370000-04:00,2026-07-22,il,bucket_hit_rate,trade,0.0000
2026-07-23T03:15:22.370000-04:00,2026-07-22,il,realized_pnl_dollars,trade,-0.36
2026-07-23T07:15:02.007649-04:00,2026-07-22,fl,mae_f,consensus,1.2398
2026-07-23T07:15:02.007649-04:00,2026-07-22,fl,rmse_f,consensus,1.2398
2026-07-23T07:15:02.007649-04:00,2026-07-22,fl,mae_f,open-meteo,2.2000
2026-07-23T07:15:02.007649-04:00,2026-07-22,fl,rmse_f,open-meteo,2.2000
2026-07-23T07:15:02.007649-04:00,2026-07-22,fl,mae_f,visual-crossing,2.5000
2026-07-23T07:15:02.007649-04:00,2026-07-22,fl,rmse_f,visual-crossing,2.5000
2026-07-23T07:15:02.007649-04:00,2026-07-22,fl,mae_f,tomorrow,2.1100
2026-07-23T07:15:02.007649-04:00,2026-07-22,fl,rmse_f,tomorrow,2.1100
2026-07-23T07:15:02.007649-04:00,2026-07-22,fl,mae_f,weatherapi,1.0000
2026-07-23T07:15:02.007649-04:00,2026-07-22,fl,rmse_f,weatherapi,1.0000
2026-07-23T07:15:02.007649-04:00,2026-07-22,il,mae_f,consensus,1.9750
2026-07-23T07:15:02.007649-04:00,2026-07-22,il,rmse_f,consensus,1.9750
2026-07-23T07:15:02.007649-04:00,2026-07-22,il,mae_f,open-meteo,5.9000
2026-07-23T07:15:02.007649-04:00,2026-07-22,il,rmse_f,open-meteo,5.9000
2026-07-23T07:15:02.007649-04:00,2026-07-22,il,mae_f,visual-crossing,1.0000
2026-07-23T07:15:02.007649-04:00,2026-07-22,il,rmse_f,visual-crossing,1.0000
2026-07-23T07:15:02.007649-04:00,2026-07-22,il,mae_f,tomorrow,0.3000
2026-07-23T07:15:02.007649-04:00,2026-07-22,il,rmse_f,tomorrow,0.3000
2026-07-23T07:15:02.007649-04:00,2026-07-22,il,mae_f,weatherapi,5.1000
2026-07-23T07:15:02.007649-04:00,2026-07-22,il,rmse_f,weatherapi,5.1000
2026-07-23T07:15:02.007649-04:00,2026-07-22,fl,bucket_hit_rate,trade,0.0000
2026-07-23T07:15:02.007649-04:00,2026-07-22,il,bucket_hit_rate,trade,0.0000
2026-07-23T07:15:02.007649-04:00,2026-07-22,fl,realized_pnl_dollars,trade,-0.30
2026-07-23T07:15:02.007649-04:00,2026-07-22,il,realized_pnl_dollars,trade,-0.36
2026-07-24T03:15:04.426368-04:00,2026-07-23,ny,mae_f,consensus,2.5415
2026-07-24T03:15:04.426368-04:00,2026-07-23,ny,rmse_f,consensus,2.5415
2026-07-24T03:15:04.426368-04:00,2026-07-23,ny,mae_f,open-meteo,4.1000
2026-07-24T03:15:04.426368-04:00,2026-07-23,ny,rmse_f,open-meteo,4.1000
2026-07-24T03:15:04.426368-04:00,2026-07-23,ny,mae_f,visual-crossing,2.9000
2026-07-24T03:15:04.426368-04:00,2026-07-23,ny,rmse_f,visual-crossing,2.9000
2026-07-24T03:15:04.426368-04:00,2026-07-23,ny,mae_f,tomorrow,3.2200
2026-07-24T03:15:04.426368-04:00,2026-07-23,ny,rmse_f,tomorrow,3.2200
2026-07-24T03:15:04.426368-04:00,2026-07-23,ny,mae_f,weatherapi,7.7000
2026-07-24T03:15:04.426368-04:00,2026-07-23,ny,rmse_f,weatherapi,7.7000
2026-07-24T03:15:04.426368-04:00,2026-07-23,il,mae_f,consensus,2.8522
2026-07-24T03:15:04.426368-04:00,2026-07-23,il,rmse_f,consensus,2.8522
2026-07-24T03:15:04.426368-04:00,2026-07-23,il,mae_f,open-meteo,2.3000
2026-07-24T03:15:04.426368-04:00,2026-07-23,il,rmse_f,open-meteo,2.3000
2026-07-24T03:15:04.426368-04:00,2026-07-23,il,mae_f,visual-crossing,3.0000
2026-07-24T03:15:04.426368-04:00,2026-07-23,il,rmse_f,visual-crossing,3.0000
2026-07-24T03:15:04.426368-04:00,2026-07-23,il,mae_f,tomorrow,1.7800
2026-07-24T03:15:04.426368-04:00,2026-07-23,il,rmse_f,tomorrow,1.7800
2026-07-24T03:15:04.426368-04:00,2026-07-23,il,mae_f,weatherapi,6.5000
2026-07-24T03:15:04.426368-04:00,2026-07-23,il,rmse_f,weatherapi,6.5000
2026-07-24T03:15:04.426368-04:00,2026-07-23,ny,bucket_hit_rate,trade,0.0000
2026-07-24T03:15:04.426368-04:00,2026-07-23,il,bucket_hit_rate,trade,0.0000
2026-07-24T03:15:04.426368-04:00,2026-07-23,ny,realized_pnl_dollars,trade,-0.48
2026-07-24T03:15:04.426368-04:00,2026-07-23,il,realized_pnl_dollars,trade,-0.75
2026-07-24T07:15:01.380347-04:00,2026-07-23,ny,mae_f,consensus,2.5415
2026-07-24T07:15:01.380347-04:00,2026-07-23,ny,rmse_f,consensus,2.5415
2026-07-24T07:15:01.380347-04:00,2026-07-23,ny,mae_f,open-meteo,4.1000
2026-07-24T07:15:01.380347-04:00,2026-07-23,ny,rmse_f,open-meteo,4.1000
2026-07-24T07:15:01.380347-04:00,2026-07-23,ny,mae_f,visual-crossing,2.9000
2026-07-24T07:15:01.380347-04:00,2026-07-23,ny,rmse_f,visual-crossing,2.9000
2026-07-24T07:15:01.380347-04:00,2026-07-23,ny,mae_f,tomorrow,3.2200
2026-07-24T07:15:01.380347-04:00,2026-07-23,ny,rmse_f,tomorrow,3.2200
2026-07-24T07:15:01.380347-04:00,2026-07-23,ny,mae_f,weatherapi,7.7000
2026-07-24T07:15:01.380347-04:00,2026-07-23,ny,rmse_f,weatherapi,7.7000
2026-07-24T07:15:01.380347-04:00,2026-07-23,il,mae_f,consensus,2.8522
2026-07-24T07:15:01.380347-04:00,2026-07-23,il,rmse_f,consensus,2.8522
2026-07-24T07:15:01.380347-04:00,2026-07-23,il,mae_f,open-meteo,2.3000
2026-07-24T07:15:01.380347-04:00,2026-07-23,il,rmse_f,open-meteo,2.3000
2026-07-24T07:15:01.380347-04:00,2026-07-23,il,mae_f,visual-crossing,3.0000
2026-07-24T07:15:01.380347-04:00,2026-07-23,il,rmse_f,visual-crossing,3.0000
2026-07-24T07:15:01.380347-04:00,2026-07-23,il,mae_f,tomorrow,1.7800
2026-07-24T07:15:01.380347-04:00,2026-07-23,il,rmse_f,tomorrow,1.7800
2026-07-24T07:15:01.380347-04:00,2026-07-23,il,mae_f,weatherapi,6.5000
2026-07-24T07:15:01.380347-04:00,2026-07-23,il,rmse_f,weatherapi,6.5000
2026-07-24T07:15:01.380347-04:00,2026-07-23,ny,bucket_hit_rate,trade,0.0000
2026-07-24T07:15:01.380347-04:00,2026-07-23,il,bucket_hit_rate,trade,0.0000
2026-07-24T07:15:01.380347-04:00,2026-07-23,ny,realized_pnl_dollars,trade,-0.48
2026-07-24T07:15:01.380347-04:00,2026-07-23,il,realized_pnl_dollars,trade,-0.75
2026-07-25T03:15:05.749635-04:00,2026-07-24,il,mae_f,consensus,1.0621
2026-07-25T03:15:05.749635-04:00,2026-07-24,il,rmse_f,consensus,1.0621
2026-07-25T03:15:05.749635-04:00,2026-07-24,il,mae_f,open-meteo,1.0000
2026-07-25T03:15:05.749635-04:00,2026-07-24,il,rmse_f,open-meteo,1.0000
2026-07-25T03:15:05.749635-04:00,2026-07-24,il,mae_f,visual-crossing,1.0000
2026-07-25T03:15:05.749635-04:00,2026-07-24,il,rmse_f,visual-crossing,1.0000
2026-07-25T03:15:05.749635-04:00,2026-07-24,il,mae_f,tomorrow,0.9200
2026-07-25T03:15:05.749635-04:00,2026-07-24,il,rmse_f,tomorrow,0.9200
2026-07-25T03:15:05.749635-04:00,2026-07-24,il,mae_f,weatherapi,8.3000
2026-07-25T03:15:05.749635-04:00,2026-07-24,il,rmse_f,weatherapi,8.3000
2026-07-25T03:15:05.749635-04:00,2026-07-24,il,bucket_hit_rate,trade,0.0000
2026-07-25T03:15:05.749635-04:00,2026-07-24,il,realized_pnl_dollars,trade,-0.62
2026-07-25T07:15:01.332184-04:00,2026-07-24,il,mae_f,consensus,1.0621
2026-07-25T07:15:01.332184-04:00,2026-07-24,il,rmse_f,consensus,1.0621
2026-07-25T07:15:01.332184-04:00,2026-07-24,il,mae_f,open-meteo,1.0000
2026-07-25T07:15:01.332184-04:00,2026-07-24,il,rmse_f,open-meteo,1.0000
2026-07-25T07:15:01.332184-04:00,2026-07-24,il,mae_f,visual-crossing,1.0000
2026-07-25T07:15:01.332184-04:00,2026-07-24,il,rmse_f,visual-crossing,1.0000
2026-07-25T07:15:01.332184-04:00,2026-07-24,il,mae_f,tomorrow,0.9200
2026-07-25T07:15:01.332184-04:00,2026-07-24,il,rmse_f,tomorrow,0.9200
2026-07-25T07:15:01.332184-04:00,2026-07-24,il,mae_f,weatherapi,8.3000
2026-07-25T07:15:01.332184-04:00,2026-07-24,il,rmse_f,weatherapi,8.3000
2026-07-25T07:15:01.332184-04:00,2026-07-24,il,bucket_hit_rate,trade,0.0000
2026-07-25T07:15:01.332184-04:00,2026-07-24,il,realized_pnl_dollars,trade,-0.62
2026-07-26T03:15:02.641136-04:00,2026-07-25,ny,mae_f,consensus,0.6987
2026-07-26T03:15:02.641136-04:00,2026-07-25,ny,rmse_f,consensus,0.6987
2026-07-26T03:15:02.641136-04:00,2026-07-25,ny,mae_f,visual-crossing,0.9000
2026-07-26T03:15:02.641136-04:00,2026-07-25,ny,rmse_f,visual-crossing,0.9000
2026-07-26T03:15:02.641136-04:00,2026-07-25,ny,mae_f,tomorrow,2.0500
2026-07-26T03:15:02.641136-04:00,2026-07-25,ny,rmse_f,tomorrow,2.0500
2026-07-26T03:15:02.641136-04:00,2026-07-25,ny,mae_f,weatherapi,8.1000
2026-07-26T03:15:02.641136-04:00,2026-07-25,ny,rmse_f,weatherapi,8.1000
2026-07-26T03:15:02.641136-04:00,2026-07-25,il,mae_f,consensus,0.6035
2026-07-26T03:15:02.641136-04:00,2026-07-25,il,rmse_f,consensus,0.6035
2026-07-26T03:15:02.641136-04:00,2026-07-25,il,mae_f,open-meteo,4.0000
2026-07-26T03:15:02.641136-04:00,2026-07-25,il,rmse_f,open-meteo,4.0000
2026-07-26T03:15:02.641136-04:00,2026-07-25,il,mae_f,visual-crossing,1.0000
2026-07-26T03:15:02.641136-04:00,2026-07-25,il,rmse_f,visual-crossing,1.0000
2026-07-26T03:15:02.641136-04:00,2026-07-25,il,mae_f,tomorrow,1.3800
2026-07-26T03:15:02.641136-04:00,2026-07-25,il,rmse_f,tomorrow,1.3800
2026-07-26T03:15:02.641136-04:00,2026-07-25,il,mae_f,weatherapi,0.2000
2026-07-26T03:15:02.641136-04:00,2026-07-25,il,rmse_f,weatherapi,0.2000
2026-07-26T03:15:02.641136-04:00,2026-07-25,ny,bucket_hit_rate,trade,0.0000
2026-07-26T03:15:02.641136-04:00,2026-07-25,il,bucket_hit_rate,trade,0.0000
2026-07-26T03:15:02.641136-04:00,2026-07-25,ny,realized_pnl_dollars,trade,-0.72
2026-07-26T03:15:02.641136-04:00,2026-07-25,il,realized_pnl_dollars,trade,-0.49
2026-07-26T07:15:01.873210-04:00,2026-07-25,ny,mae_f,consensus,0.6987
2026-07-26T07:15:01.873210-04:00,2026-07-25,ny,rmse_f,consensus,0.6987
2026-07-26T07:15:01.873210-04:00,2026-07-25,ny,mae_f,visual-crossing,0.9000
2026-07-26T07:15:01.873210-04:00,2026-07-25,ny,rmse_f,visual-crossing,0.9000
2026-07-26T07:15:01.873210-04:00,2026-07-25,ny,mae_f,tomorrow,2.0500
2026-07-26T07:15:01.873210-04:00,2026-07-25,ny,rmse_f,tomorrow,2.0500
2026-07-26T07:15:01.873210-04:00,2026-07-25,ny,mae_f,weatherapi,8.1000
2026-07-26T07:15:01.873210-04:00,2026-07-25,ny,rmse_f,weatherapi,8.1000
2026-07-26T07:15:01.873210-04:00,2026-07-25,il,mae_f,consensus,0.6035
2026-07-26T07:15:01.873210-04:00,2026-07-25,il,rmse_f,consensus,0.6035
2026-07-26T07:15:01.873210-04:00,2026-07-25,il,mae_f,open-meteo,4.0000
2026-07-26T07:15:01.873210-04:00,2026-07-25,il,rmse_f,open-meteo,4.0000
2026-07-26T07:15:01.873210-04:00,2026-07-25,il,mae_f,visual-crossing,1.0000
2026-07-26T07:15:01.873210-04:00,2026-07-25,il,rmse_f,visual-crossing,1.0000
2026-07-26T07:15:01.873210-04:00,2026-07-25,il,mae_f,tomorrow,1.3800
2026-07-26T07:15:01.873210-04:00,2026-07-25,il,rmse_f,tomorrow,1.3800
2026-07-26T07:15:01.873210-04:00,2026-07-25,il,mae_f,weatherapi,0.2000
2026-07-26T07:15:01.873210-04:00,2026-07-25,il,rmse_f,weatherapi,0.2000
2026-07-26T07:15:01.873210-04:00,2026-07-25,ny,bucket_hit_rate,trade,0.0000
2026-07-26T07:15:01.873210-04:00,2026-07-25,il,bucket_hit_rate,trade,0.0000
2026-07-26T07:15:01.873210-04:00,2026-07-25,ny,realized_pnl_dollars,trade,-0.72
2026-07-26T07:15:01.873210-04:00,2026-07-25,il,realized_pnl_dollars,trade,-0.49
2026-07-27T03:15:01.732442-04:00,2026-07-26,il,mae_f,consensus,0.2347
2026-07-27T03:15:01.732442-04:00,2026-07-26,il,rmse_f,consensus,0.2347
2026-07-27T03:15:01.732442-04:00,2026-07-26,il,mae_f,open-meteo,1.0000
2026-07-27T03:15:01.732442-04:00,2026-07-26,il,rmse_f,open-meteo,1.0000
2026-07-27T03:15:01.732442-04:00,2026-07-26,il,mae_f,visual-crossing,0.9000
2026-07-27T03:15:01.732442-04:00,2026-07-26,il,rmse_f,visual-crossing,0.9000
2026-07-27T03:15:01.732442-04:00,2026-07-26,il,mae_f,tomorrow,1.1200
2026-07-27T03:15:01.732442-04:00,2026-07-26,il,rmse_f,tomorrow,1.1200
2026-07-27T03:15:01.732442-04:00,2026-07-26,il,mae_f,weatherapi,3.6000
2026-07-27T03:15:01.732442-04:00,2026-07-26,il,rmse_f,weatherapi,3.6000
2026-07-27T03:15:01.732442-04:00,2026-07-26,il,bucket_hit_rate,trade,1.0000
2026-07-27T03:15:01.732442-04:00,2026-07-26,il,realized_pnl_dollars,trade,0.56
2026-07-27T07:15:01.608902-04:00,2026-07-26,il,mae_f,consensus,0.2347
2026-07-27T07:15:01.608902-04:00,2026-07-26,il,rmse_f,consensus,0.2347
2026-07-27T07:15:01.608902-04:00,2026-07-26,il,mae_f,open-meteo,1.0000
2026-07-27T07:15:01.608902-04:00,2026-07-26,il,rmse_f,open-meteo,1.0000
2026-07-27T07:15:01.608902-04:00,2026-07-26,il,mae_f,visual-crossing,0.9000
2026-07-27T07:15:01.608902-04:00,2026-07-26,il,rmse_f,visual-crossing,0.9000
2026-07-27T07:15:01.608902-04:00,2026-07-26,il,mae_f,tomorrow,1.1200
2026-07-27T07:15:01.608902-04:00,2026-07-26,il,rmse_f,tomorrow,1.1200
2026-07-27T07:15:01.608902-04:00,2026-07-26,il,mae_f,weatherapi,3.6000
2026-07-27T07:15:01.608902-04:00,2026-07-26,il,rmse_f,weatherapi,3.6000
2026-07-27T07:15:01.608902-04:00,2026-07-26,il,bucket_hit_rate,trade,1.0000
2026-07-27T07:15:01.608902-04:00,2026-07-26,il,realized_pnl_dollars,trade,0.56
2026-07-28T03:15:31.067384-04:00,2026-07-27,ny,mae_f,consensus,0.2238
2026-07-28T03:15:31.067384-04:00,2026-07-27,ny,rmse_f,consensus,0.2238
2026-07-28T03:15:31.067384-04:00,2026-07-27,ny,mae_f,open-meteo,0.2000
2026-07-28T03:15:31.067384-04:00,2026-07-27,ny,rmse_f,open-meteo,0.2000
2026-07-28T03:15:31.067384-04:00,2026-07-27,ny,mae_f,visual-crossing,1.1000
2026-07-28T03:15:31.067384-04:00,2026-07-27,ny,rmse_f,visual-crossing,1.1000
2026-07-28T03:15:31.067384-04:00,2026-07-27,ny,mae_f,tomorrow,0.4300
2026-07-28T03:15:31.067384-04:00,2026-07-27,ny,rmse_f,tomorrow,0.4300
2026-07-28T03:15:31.067384-04:00,2026-07-27,ny,mae_f,weatherapi,4.3000
2026-07-28T03:15:31.067384-04:00,2026-07-27,ny,rmse_f,weatherapi,4.3000
2026-07-28T03:15:31.067384-04:00,2026-07-27,ny,bucket_hit_rate,trade,1.0000
2026-07-28T03:15:31.067384-04:00,2026-07-27,ny,realized_pnl_dollars,trade,0.30
2026-07-28T07:15:03.164585-04:00,2026-07-27,ny,mae_f,consensus,0.2238
2026-07-28T07:15:03.164585-04:00,2026-07-27,ny,rmse_f,consensus,0.2238
2026-07-28T07:15:03.164585-04:00,2026-07-27,ny,mae_f,open-meteo,0.2000
2026-07-28T07:15:03.164585-04:00,2026-07-27,ny,rmse_f,open-meteo,0.2000
2026-07-28T07:15:03.164585-04:00,2026-07-27,ny,mae_f,visual-crossing,1.1000
2026-07-28T07:15:03.164585-04:00,2026-07-27,ny,rmse_f,visual-crossing,1.1000
2026-07-28T07:15:03.164585-04:00,2026-07-27,ny,mae_f,tomorrow,0.4300
2026-07-28T07:15:03.164585-04:00,2026-07-27,ny,rmse_f,tomorrow,0.4300
2026-07-28T07:15:03.164585-04:00,2026-07-27,ny,mae_f,weatherapi,4.3000
2026-07-28T07:15:03.164585-04:00,2026-07-27,ny,rmse_f,weatherapi,4.3000
2026-07-28T07:15:03.164585-04:00,2026-07-27,il,mae_f,consensus,0.3644
2026-07-28T07:15:03.164585-04:00,2026-07-27,il,rmse_f,consensus,0.3644
2026-07-28T07:15:03.164585-04:00,2026-07-27,il,mae_f,open-meteo,1.4000
2026-07-28T07:15:03.164585-04:00,2026-07-27,il,rmse_f,open-meteo,1.4000
2026-07-28T07:15:03.164585-04:00,2026-07-27,il,mae_f,visual-crossing,2.1000
2026-07-28T07:15:03.164585-04:00,2026-07-27,il,rmse_f,visual-crossing,2.1000
2026-07-28T07:15:03.164585-04:00,2026-07-27,il,mae_f,tomorrow,3.4200
2026-07-28T07:15:03.164585-04:00,2026-07-27,il,rmse_f,tomorrow,3.4200
2026-07-28T07:15:03.164585-04:00,2026-07-27,il,mae_f,weatherapi,5.6000
2026-07-28T07:15:03.164585-04:00,2026-07-27,il,rmse_f,weatherapi,5.6000
2026-07-28T07:15:03.164585-04:00,2026-07-27,ny,bucket_hit_rate,trade,1.0000
2026-07-28T07:15:03.164585-04:00,2026-07-27,il,bucket_hit_rate,trade,1.0000
2026-07-28T07:15:03.164585-04:00,2026-07-27,ny,realized_pnl_dollars,trade,0.30
2026-07-28T07:15:03.164585-04:00,2026-07-27,il,realized_pnl_dollars,trade,0.04
