run_ts,env,trade_date,city,series_ticker,event_ticker,pred_tmax_f,spread_f,confidence_score,decision,reason
2026-01-23T16:58:01.930382-05:00,demo,2026-01-24,ny,KXHIGHNY,KXHIGHNY-26JAN24,24.3944,9.7270,0.0000,skip,confidence<0.5;spread>3.0
2026-01-23T16:58:01.930632-05:00,demo,2026-01-24,il,KXHIGHCHI,KXHIGHCHI-26JAN24,9.7016,1.4389,1.0000,trade,
2026-01-23T16:58:02.400502-05:00,demo,2026-01-24,tx,KXHIGHAUS,KXHIGHAUS-26JAN24,54.6093,13.7089,0.0000,skip,confidence<0.5;spread>3.0
2026-01-23T16:58:02.400743-05:00,demo,2026-01-24,fl,KXHIGHMIA,KXHIGHMIA-26JAN24,76.2463,1.2164,1.0000,trade,
2026-01-23T16:58:52.679149-05:00,demo,2026-01-24,ny,KXHIGHNY,KXHIGHNY-26JAN24,19.8475,3.8595,0.0000,skip,confidence<0.5;spread>3.0
2026-01-23T16:58:52.680067-05:00,demo,2026-01-24,il,KXHIGHCHI,KXHIGHCHI-26JAN24,9.0850,0.8287,1.0000,trade,
2026-01-23T16:58:52.924674-05:00,demo,2026-01-24,tx,KXHIGHAUS,KXHIGHAUS-26JAN24,49.5750,10.4018,0.0000,skip,confidence<0.5;spread>3.0
2026-01-23T16:58:52.924900-05:00,demo,2026-01-24,fl,KXHIGHMIA,KXHIGHMIA-26JAN24,75.8850,1.0939,1.0000,trade,
2026-01-23T17:29:39.990988-05:00,demo,2026-01-24,ny,KXHIGHNY,KXHIGHNY-26JAN24,20.0725,4.2422,0.0000,skip,confidence<0.5
2026-01-23T17:29:41.628109-05:00,demo,2026-01-24,il,KXHIGHCHI,KXHIGHCHI-26JAN24,9.0850,0.8287,1.0000,skip,no_qualifying_market
2026-01-23T17:29:41.629226-05:00,demo,2026-01-24,tx,KXHIGHAUS,KXHIGHAUS-26JAN24,49.5250,10.3301,0.0000,skip,confidence<0.5
2026-01-23T17:29:43.229340-05:00,demo,2026-01-24,fl,KXHIGHMIA,KXHIGHMIA-26JAN24,75.8850,1.0939,1.0000,skip,no_qualifying_market
2026-01-23T17:31:01.274741-05:00,demo,2026-01-24,ny,KXHIGHNY,KXHIGHNY-26JAN24,20.0725,4.2422,0.0000,skip,confidence<0.5
2026-01-23T17:31:03.062784-05:00,demo,2026-01-24,il,KXHIGHCHI,KXHIGHCHI-26JAN24,9.0850,0.8287,1.0000,skip,no_qualifying_market
2026-01-23T17:31:03.066796-05:00,demo,2026-01-24,tx,KXHIGHAUS,KXHIGHAUS-26JAN24,49.5250,10.3301,0.0000,skip,confidence<0.5
2026-01-23T17:31:04.710702-05:00,demo,2026-01-24,fl,KXHIGHMIA,KXHIGHMIA-26JAN24,75.8850,1.0939,1.0000,skip,no_qualifying_market
2026-01-23T17:33:16.203655-05:00,demo,2026-01-24,ny,KXHIGHNY,KXHIGHNY-26JAN24,20.0725,4.2422,0.0000,skip,confidence<0.5
2026-01-23T17:33:22.329759-05:00,demo,2026-01-24,il,KXHIGHCHI,KXHIGHCHI-26JAN24,9.0850,0.8287,1.0000,skip,no_qualifying_market;best=KXHIGHCHI-26JAN24-T16;ask=1;spr=0;qty=177;ev=-1.00;px=orderbook
2026-01-23T17:33:22.330981-05:00,demo,2026-01-24,tx,KXHIGHAUS,KXHIGHAUS-26JAN24,49.5250,10.3301,0.0000,skip,confidence<0.5
2026-01-23T17:33:25.035620-05:00,demo,2026-01-24,fl,KXHIGHMIA,KXHIGHMIA-26JAN24,75.9100,1.0951,1.0000,trade,ticker=KXHIGHMIA-26JAN24-T77;ask=1;ev=50.79
2026-01-23T17:37:22.398552-05:00,demo,2026-01-24,ny,KXHIGHNY,KXHIGHNY-26JAN24,20.0725,4.2422,0.0000,skip,confidence<0.5
2026-01-23T17:37:25.093222-05:00,demo,2026-01-24,il,KXHIGHCHI,KXHIGHCHI-26JAN24,9.0850,0.8287,1.0000,skip,no_qualifying_market;best=KXHIGHCHI-26JAN24-T16;ask=1;spr=0;qty=177;ev=-1.00;px=orderbook
2026-01-23T17:37:25.094444-05:00,demo,2026-01-24,tx,KXHIGHAUS,KXHIGHAUS-26JAN24,49.5250,10.3301,0.0000,skip,confidence<0.5
2026-01-23T17:37:27.754273-05:00,demo,2026-01-24,fl,KXHIGHMIA,KXHIGHMIA-26JAN24,75.9100,1.0951,1.0000,trade,ticker=KXHIGHMIA-26JAN24-T77;ask=1;ev=50.79
2026-01-23T18:08:08.859165-05:00,demo,2026-01-24,ny,KXHIGHNY,KXHIGHNY-26JAN24,20.0725,4.2422,0.0000,skip,confidence<0.5
2026-01-23T18:08:11.936440-05:00,demo,2026-01-24,il,KXHIGHCHI,KXHIGHCHI-26JAN24,9.0850,0.8287,1.0000,skip,no_qualifying_market;best=KXHIGHCHI-26JAN24-T16;ask=1;spr=0;qty=177;ev=-1.00;px=orderbook
2026-01-23T18:08:11.937882-05:00,demo,2026-01-24,tx,KXHIGHAUS,KXHIGHAUS-26JAN24,49.4850,10.3660,0.0000,skip,confidence<0.5
2026-01-23T18:08:14.444477-05:00,demo,2026-01-24,fl,KXHIGHMIA,KXHIGHMIA-26JAN24,75.9100,1.0951,1.0000,trade,ticker=KXHIGHMIA-26JAN24-T77;ask=1;ev=50.79
2026-01-23T18:08:59.967420-05:00,demo,2026-01-24,ny,KXHIGHNY,KXHIGHNY-26JAN24,20.4633,4.8357,0.0000,skip,confidence<0.5
2026-01-23T18:09:02.383764-05:00,demo,2026-01-24,il,KXHIGHCHI,KXHIGHCHI-26JAN24,8.8133,0.7876,1.0000,skip,no_qualifying_market;best=KXHIGHCHI-26JAN24-T16;ask=1;spr=0;qty=177;ev=-1.00;px=orderbook
2026-01-23T18:09:02.384946-05:00,demo,2026-01-24,tx,KXHIGHAUS,KXHIGHAUS-26JAN24,47.9467,11.5675,0.0000,skip,confidence<0.5
2026-01-23T18:09:04.680663-05:00,demo,2026-01-24,fl,KXHIGHMIA,KXHIGHMIA-26JAN24,75.5800,1.0786,1.0000,trade,ticker=KXHIGHMIA-26JAN24-T77;ask=1;ev=57.32
2026-01-23T18:14:41.859359-05:00,demo,2026-01-24,ny,KXHIGHNY,KXHIGHNY-26JAN24,20.0000,4.2640,0.0000,skip,confidence<0.5
2026-01-23T18:14:44.292965-05:00,demo,2026-01-24,il,KXHIGHCHI,KXHIGHCHI-26JAN24,8.9625,0.7294,1.0000,skip,no_qualifying_market;best=KXHIGHCHI-26JAN24-T16;ask=1;spr=0;qty=177;ev=-1.00;px=orderbook
2026-01-23T18:14:44.294302-05:00,demo,2026-01-24,tx,KXHIGHAUS,KXHIGHAUS-26JAN24,50.1425,10.7154,0.0000,skip,confidence<0.5
2026-01-23T18:14:46.298256-05:00,demo,2026-01-24,fl,KXHIGHMIA,KXHIGHMIA-26JAN24,75.8325,1.0314,1.0000,trade,ticker=KXHIGHMIA-26JAN24-T77;ask=1;ev=52.34
2026-01-23T18:15:31.930756-05:00,demo,2026-01-24,ny,KXHIGHNY,KXHIGHNY-26JAN24,20.0000,4.2640,0.0000,skip,confidence<0.5
2026-01-23T18:15:34.227393-05:00,demo,2026-01-24,il,KXHIGHCHI,KXHIGHCHI-26JAN24,8.9625,0.7294,1.0000,skip,no_qualifying_market;best=KXHIGHCHI-26JAN24-T16;ask=1;spr=0;qty=177;ev=-1.00;px=orderbook
2026-01-23T18:15:34.229779-05:00,demo,2026-01-24,tx,KXHIGHAUS,KXHIGHAUS-26JAN24,50.1425,10.7154,0.0000,skip,confidence<0.5
2026-01-23T18:15:36.354928-05:00,demo,2026-01-24,fl,KXHIGHMIA,KXHIGHMIA-26JAN24,75.8325,1.0314,1.0000,trade,ticker=KXHIGHMIA-26JAN24-T77;ask=1;ev=52.34
2026-01-23T18:21:31.974698-05:00,demo,2026-01-24,ny,KXHIGHNY,KXHIGHNY-26JAN24,19.8000,3.8348,0.0000,skip,confidence<0.5
2026-01-23T18:21:34.426483-05:00,demo,2026-01-24,il,KXHIGHCHI,KXHIGHCHI-26JAN24,9.1700,0.7732,1.0000,skip,no_qualifying_market;best=KXHIGHCHI-26JAN24-T16;ask=1;spr=0;qty=177;ev=-1.00;px=orderbook
2026-01-23T18:21:34.428348-05:00,demo,2026-01-24,tx,KXHIGHAUS,KXHIGHAUS-26JAN24,47.5140,10.9313,0.0000,skip,confidence<0.5
2026-01-23T18:21:36.538035-05:00,demo,2026-01-24,fl,KXHIGHMIA,KXHIGHMIA-26JAN24,76.2660,1.2660,1.0000,trade,ticker=KXHIGHMIA-26JAN24-T77;ask=1;ev=43.71
2026-01-23T18:41:57.849084-05:00,demo,2026-01-24,ny,KXHIGHNY,KXHIGHNY-26JAN24,20.2200,4.6595,0.0000,skip,confidence<0.5
2026-01-23T18:42:00.388258-05:00,demo,2026-01-24,il,KXHIGHCHI,KXHIGHCHI-26JAN24,9.1700,0.7732,1.0000,skip,no_qualifying_market;best=KXHIGHCHI-26JAN24-T16;ask=1;spr=0;qty=177;ev=-1.00;px=orderbook
2026-01-23T18:42:00.389011-05:00,demo,2026-01-24,tx,KXHIGHAUS,KXHIGHAUS-26JAN24,47.5140,10.9313,0.0000,skip,confidence<0.5
2026-01-23T18:42:02.463276-05:00,demo,2026-01-24,fl,KXHIGHMIA,KXHIGHMIA-26JAN24,76.3860,1.2635,1.0000,trade,ticker=KXHIGHMIA-26JAN24-T77;ask=1;ev=41.35
2026-01-23T18:55:04.522561-05:00,demo,2026-01-24,ny,KXHIGHNY,KXHIGHNY-26JAN24,19.9867,4.2854,0.0000,skip,confidence<0.5
2026-01-23T18:55:06.953978-05:00,demo,2026-01-24,il,KXHIGHCHI,KXHIGHCHI-26JAN24,9.5183,1.0511,1.0000,skip,no_qualifying_market;best=KXHIGHCHI-26JAN24-T16;ask=1;spr=0;qty=177;ev=-0.99;px=orderbook
2026-01-23T18:55:06.955461-05:00,demo,2026-01-24,tx,KXHIGHAUS,KXHIGHAUS-26JAN24,48.2617,10.1179,0.0000,skip,confidence<0.5
2026-01-23T18:55:09.212148-05:00,demo,2026-01-24,fl,KXHIGHMIA,KXHIGHMIA-26JAN24,76.4250,1.1567,1.0000,trade,ticker=KXHIGHMIA-26JAN24-T77;ask=1;ev=40.59
2026-01-23T19:15:46.294282-05:00,prod,2026-01-24,ny,KXHIGHNY,KXHIGHNY-26JAN24,19.8186,3.9898,0.0000,skip,confidence<0.5
2026-01-23T19:15:47.561313-05:00,prod,2026-01-24,il,KXHIGHCHI,KXHIGHCHI-26JAN24,9.5400,0.9910,1.0000,skip,no_qualifying_market;best=KXHIGHCHI-26JAN24-B13.5;ask=5;spr=1;qty=51;ev=-2.11;px=orderbook
2026-01-23T19:15:47.562375-05:00,prod,2026-01-24,tx,KXHIGHAUS,KXHIGHAUS-26JAN24,49.1500,9.4872,0.0000,skip,confidence<0.5
2026-01-23T19:15:49.154497-05:00,prod,2026-01-24,fl,KXHIGHMIA,KXHIGHMIA-26JAN24,76.5457,1.0962,1.0000,trade,ticker=KXHIGHMIA-26JAN24-T77;ask=4;ev=35.25
2026-01-23T19:55:11.209424-05:00,prod,2026-01-24,ny,KXHIGHNY,KXHIGHNY-26JAN24,19.8186,3.9898,0.0000,skip,confidence<0.5
2026-01-23T19:55:12.366179-05:00,prod,2026-01-24,il,KXHIGHCHI,KXHIGHCHI-26JAN24,9.5400,0.9910,1.0000,skip,no_qualifying_market;best=KXHIGHCHI-26JAN24-B15.5;ask=3;spr=1;qty=212;ev=-2.75;px=orderbook
2026-01-23T19:55:12.367682-05:00,prod,2026-01-24,tx,KXHIGHAUS,KXHIGHAUS-26JAN24,49.1500,9.4872,0.0000,skip,confidence<0.5
2026-01-23T19:55:13.539245-05:00,prod,2026-01-24,fl,KXHIGHMIA,KXHIGHMIA-26JAN24,76.5457,1.0962,1.0000,trade,ticker=KXHIGHMIA-26JAN24-T77;ask=5;ev=34.25
2026-01-23T20:14:59.964839-05:00,prod,2026-01-24,ny,KXHIGHNY,KXHIGHNY-26JAN24,19.6214,3.9428,0.0000,skip,confidence<0.5
2026-01-23T20:15:01.225855-05:00,prod,2026-01-24,il,KXHIGHCHI,KXHIGHCHI-26JAN24,9.4329,0.8261,1.0000,skip,no_qualifying_market;best=KXHIGHCHI-26JAN24-B15.5;ask=3;spr=1;qty=234;ev=-2.78;px=orderbook
2026-01-23T20:15:01.233688-05:00,prod,2026-01-24,tx,KXHIGHAUS,KXHIGHAUS-26JAN24,49.0371,9.4376,0.0000,skip,confidence<0.5
2026-01-23T20:15:02.486594-05:00,prod,2026-01-24,fl,KXHIGHMIA,KXHIGHMIA-26JAN24,76.7129,1.1565,1.0000,trade,low_ask_depth(4<25);ticker=KXHIGHMIA-26JAN24-T77;ask=4;ev=32.08
2026-01-23T20:57:34.492743-05:00,prod,2026-01-24,ny,KXHIGHNY,KXHIGHNY-26JAN24,19.8686,4.2314,0.0000,skip,confidence<0.5
2026-01-23T20:57:35.802817-05:00,prod,2026-01-24,il,KXHIGHCHI,KXHIGHCHI-26JAN24,9.5486,0.8374,1.0000,skip,no_qualifying_market;best=KXHIGHCHI-26JAN24-B15.5;ask=3;spr=1;qty=86;ev=-2.74;px=orderbook
2026-01-23T20:57:35.806941-05:00,prod,2026-01-24,tx,KXHIGHAUS,KXHIGHAUS-26JAN24,49.0843,9.7568,0.0000,skip,confidence<0.5
2026-01-23T20:57:35.808192-05:00,prod,2026-01-24,fl,KXHIGHMIA,KXHIGHMIA-26JAN24,,,,skip,already_traded
2026-01-23T21:10:08.352119-05:00,prod,2026-01-24,ny,KXHIGHNY,KXHIGHNY-26JAN24,19.8686,4.2314,0.0000,skip,confidence<0.5
2026-01-23T21:10:09.628143-05:00,prod,2026-01-24,il,KXHIGHCHI,KXHIGHCHI-26JAN24,9.5486,0.8374,1.0000,skip,no_qualifying_market;best=KXHIGHCHI-26JAN24-B15.5;ask=3;spr=1;qty=98;ev=-2.74;px=orderbook
2026-01-23T21:10:09.632798-05:00,prod,2026-01-24,tx,KXHIGHAUS,KXHIGHAUS-26JAN24,49.0843,9.7568,0.0000,skip,confidence<0.5
2026-01-23T21:10:09.634509-05:00,prod,2026-01-24,fl,KXHIGHMIA,KXHIGHMIA-26JAN24,,,,skip,already_traded
2026-01-23T21:15:44.302183-05:00,prod,2026-01-24,ny,KXHIGHNY,KXHIGHNY-26JAN24,20.0543,4.1619,0.0000,skip,confidence<0.5
2026-01-23T21:15:45.641302-05:00,prod,2026-01-24,il,KXHIGHCHI,KXHIGHCHI-26JAN24,9.5486,0.8374,1.0000,skip,no_qualifying_market;best=KXHIGHCHI-26JAN24-B15.5;ask=3;spr=1;qty=98;ev=-2.74;px=orderbook
2026-01-23T21:15:45.643321-05:00,prod,2026-01-24,tx,KXHIGHAUS,KXHIGHAUS-26JAN24,49.3143,9.8253,0.0000,skip,confidence<0.5
2026-01-23T21:15:46.977342-05:00,prod,2026-01-24,fl,KXHIGHMIA,KXHIGHMIA-26JAN24,76.6714,1.1574,1.0000,trade,ticker=KXHIGHMIA-26JAN24-T77;ask=6;ev=30.85
2026-01-23T21:16:13.785995-05:00,prod,2026-01-24,ny,KXHIGHNY,KXHIGHNY-26JAN24,20.0543,4.1619,0.0000,skip,confidence<0.5
2026-01-23T21:16:15.106461-05:00,prod,2026-01-24,il,KXHIGHCHI,KXHIGHCHI-26JAN24,9.5486,0.8374,1.0000,skip,no_qualifying_market;best=KXHIGHCHI-26JAN24-B15.5;ask=3;spr=1;qty=98;ev=-2.74;px=orderbook
2026-01-23T21:16:15.109990-05:00,prod,2026-01-24,tx,KXHIGHAUS,KXHIGHAUS-26JAN24,49.3143,9.8253,0.0000,skip,confidence<0.5
2026-01-23T21:16:15.110865-05:00,prod,2026-01-24,fl,KXHIGHMIA,KXHIGHMIA-26JAN24,,,,skip,already_traded
2026-01-23T21:55:57.182563-05:00,demo,2026-01-24,ny,KXHIGHNY,KXHIGHNY-26JAN24,20.0543,4.1619,0.0000,skip,confidence<0.5
2026-01-23T21:55:57.183369-05:00,demo,2026-01-24,il,KXHIGHCHI,KXHIGHCHI-26JAN24,9.5486,0.8374,1.0000,skip,insufficient_hourly_forecasts;n=1;need=6
2026-01-23T21:55:57.183452-05:00,demo,2026-01-24,tx,KXHIGHAUS,KXHIGHAUS-26JAN24,49.3143,9.8253,0.0000,skip,confidence<0.5
2026-01-23T21:55:57.183566-05:00,demo,2026-01-24,fl,KXHIGHMIA,KXHIGHMIA-26JAN24,76.6714,1.1574,1.0000,skip,insufficient_hourly_forecasts;n=1;need=6
2026-01-23T22:02:21.480199-05:00,prod,2026-01-24,ny,KXHIGHNY,KXHIGHNY-26JAN24,20.0543,4.1619,0.0000,skip,confidence<0.5
2026-01-23T22:02:21.481801-05:00,prod,2026-01-24,il,KXHIGHCHI,KXHIGHCHI-26JAN24,9.5500,0.8368,1.0000,skip,insufficient_hourly_forecasts;n=1;need=6
2026-01-23T22:02:21.482737-05:00,prod,2026-01-24,tx,KXHIGHAUS,KXHIGHAUS-26JAN24,49.2457,9.8930,0.0000,skip,confidence<0.5
2026-01-23T22:02:21.483224-05:00,prod,2026-01-24,fl,KXHIGHMIA,KXHIGHMIA-26JAN24,,,,skip,already_traded
2026-01-23T22:15:58.009792-05:00,prod,2026-01-24,ny,KXHIGHNY,KXHIGHNY-26JAN24,20.2829,4.1037,0.0000,skip,confidence<0.5
2026-01-23T22:15:58.011406-05:00,prod,2026-01-24,il,KXHIGHCHI,KXHIGHCHI-26JAN24,9.6214,0.6830,1.0000,skip,insufficient_hourly_forecasts;n=1;need=6
2026-01-23T22:15:58.011983-05:00,prod,2026-01-24,tx,KXHIGHAUS,KXHIGHAUS-26JAN24,49.2114,9.5772,0.0000,skip,confidence<0.5
2026-01-23T22:15:58.012482-05:00,prod,2026-01-24,fl,KXHIGHMIA,KXHIGHMIA-26JAN24,,,,skip,already_traded
2026-01-24T09:33:53.071956-05:00,prod,2026-01-24,ny,KXHIGHNY,KXHIGHNY-26JAN24,20.2829,4.1037,0.0000,skip,confidence<0.5
2026-01-24T09:33:53.073266-05:00,prod,2026-01-24,il,KXHIGHCHI,KXHIGHCHI-26JAN24,9.6214,0.6830,1.0000,skip,insufficient_hourly_forecasts;n=1;need=6
2026-01-24T09:33:53.073462-05:00,prod,2026-01-24,tx,KXHIGHAUS,KXHIGHAUS-26JAN24,49.2114,9.5772,0.0000,skip,confidence<0.5
2026-01-24T09:33:53.073924-05:00,prod,2026-01-24,fl,KXHIGHMIA,KXHIGHMIA-26JAN24,77.0771,0.5865,1.0000,skip,insufficient_hourly_forecasts;n=1;need=6
2026-01-24T09:45:53.646414-05:00,prod,2026-01-24,ny,KXHIGHNY,KXHIGHNY-26JAN24,20.4586,4.0129,0.0000,skip,confidence<0.5
2026-01-24T09:45:53.647574-05:00,prod,2026-01-24,il,KXHIGHCHI,KXHIGHCHI-26JAN24,10.1971,1.5919,0.9387,skip,insufficient_hourly_forecasts;n=1;need=6
2026-01-24T09:45:53.647779-05:00,prod,2026-01-24,tx,KXHIGHAUS,KXHIGHAUS-26JAN24,44.9671,10.1923,0.0000,skip,confidence<0.5
2026-01-24T09:45:53.648200-05:00,prod,2026-01-24,fl,KXHIGHMIA,KXHIGHMIA-26JAN24,77.7186,0.9605,1.0000,skip,insufficient_hourly_forecasts;n=1;need=6
2026-01-24T10:01:27.618730-05:00,prod,2026-01-24,ny,KXHIGHNY,KXHIGHNY-26JAN24,20.4586,4.0129,0.0000,skip,confidence<0.5
2026-01-24T10:01:27.620333-05:00,prod,2026-01-24,il,KXHIGHCHI,KXHIGHCHI-26JAN24,10.1971,1.5919,0.9387,skip,insufficient_hourly_forecasts;n=1;need=6
2026-01-24T10:01:27.620439-05:00,prod,2026-01-24,tx,KXHIGHAUS,KXHIGHAUS-26JAN24,44.9671,10.1923,0.0000,skip,confidence<0.5
2026-01-24T10:01:27.620777-05:00,prod,2026-01-24,fl,KXHIGHMIA,KXHIGHMIA-26JAN24,77.7186,0.9605,1.0000,skip,insufficient_hourly_forecasts;n=1;need=6
2026-01-24T10:12:14.491815-05:00,prod,2026-01-24,ny,KXHIGHNY,KXHIGHNY-26JAN24,20.1463,3.8436,0.0000,skip,confidence<0.5
2026-01-24T10:12:14.493046-05:00,prod,2026-01-24,il,KXHIGHCHI,KXHIGHCHI-26JAN24,9.9300,1.6483,0.9011,skip,insufficient_hourly_forecasts;n=1;need=6
2026-01-24T10:12:14.493142-05:00,prod,2026-01-24,tx,KXHIGHAUS,KXHIGHAUS-26JAN24,43.8637,9.9710,0.0000,skip,confidence<0.5
2026-01-24T10:12:14.493487-05:00,prod,2026-01-24,fl,KXHIGHMIA,KXHIGHMIA-26JAN24,78.1013,1.3537,1.0000,skip,insufficient_hourly_forecasts;n=1;need=6
2026-01-24T10:39:11.102656-05:00,prod,2026-01-24,ny,KXHIGHNY,KXHIGHNY-26JAN24,20.2000,3.8241,0.0000,skip,confidence<0.5
2026-01-24T10:39:11.963312-05:00,prod,2026-01-24,il,KXHIGHCHI,KXHIGHCHI-26JAN24,9.5562,1.8784,0.7477,skip,no_qualifying_market;best=KXHIGHCHI-26JAN24-B15.5;ask=1;spr=0;qty=2941;ev=-0.84;px=orderbook
2026-01-24T10:39:11.963838-05:00,prod,2026-01-24,tx,KXHIGHAUS,KXHIGHAUS-26JAN24,43.8137,10.0078,0.0000,skip,confidence<0.5
2026-01-24T10:39:11.964014-05:00,prod,2026-01-24,fl,KXHIGHMIA,KXHIGHMIA-26JAN24,,,,note,already_traded_live
2026-01-24T10:39:12.802945-05:00,prod,2026-01-24,fl,KXHIGHMIA,KXHIGHMIA-26JAN24,78.2888,1.2759,1.0000,trade,intraday_soft;intraday_missing;size_scale=0.2500;ticker=KXHIGHMIA-26JAN24-T77;ask=1;ev=17.66
2026-01-24T11:02:16.253184-05:00,prod,2026-01-24,ny,KXHIGHNY,KXHIGHNY-26JAN24,20.1250,3.8234,0.0000,skip,confidence<0.5
2026-01-24T11:02:17.174256-05:00,prod,2026-01-24,il,KXHIGHCHI,KXHIGHCHI-26JAN24,9.5562,1.8784,0.7477,trade,low_ask_depth(13<25);intraday_soft;intraday_missing;mode=closest;p=0.210;ev=-47.02;size_scale=0.1554;ticker=KXHIGHCHI-26JAN24-B9.5;ask=68;ev=-47.02
2026-01-24T11:02:17.178569-05:00,prod,2026-01-24,tx,KXHIGHAUS,KXHIGHAUS-26JAN24,43.8137,10.0078,0.0000,skip,confidence<0.5
2026-01-24T11:02:17.181322-05:00,prod,2026-01-24,fl,KXHIGHMIA,KXHIGHMIA-26JAN24,,,,note,already_traded_live
2026-01-24T11:02:18.158799-05:00,prod,2026-01-24,fl,KXHIGHMIA,KXHIGHMIA-26JAN24,78.2888,1.2759,1.0000,trade,intraday_soft;intraday_missing;mode=closest;p=0.147;ev=13.72;size_scale=0.2454;ticker=KXHIGHMIA-26JAN24-B77.5;ask=1;ev=13.72
2026-01-24T11:02:52.366883-05:00,prod,2026-01-24,ny,KXHIGHNY,KXHIGHNY-26JAN24,20.1250,3.8234,0.0000,skip,confidence<0.5
2026-01-24T11:02:53.245679-05:00,prod,2026-01-24,il,KXHIGHCHI,KXHIGHCHI-26JAN24,9.5562,1.8784,0.7477,trade,low_ask_depth(12<25);intraday_soft;intraday_missing;mode=closest;p=0.210;ev=-46.02;size_scale=0.1554;ticker=KXHIGHCHI-26JAN24-B9.5;ask=67;ev=-46.02
2026-01-24T11:02:53.250236-05:00,prod,2026-01-24,tx,KXHIGHAUS,KXHIGHAUS-26JAN24,43.8137,10.0078,0.0000,skip,confidence<0.5
2026-01-24T11:02:53.252025-05:00,prod,2026-01-24,fl,KXHIGHMIA,KXHIGHMIA-26JAN24,,,,note,already_traded_live
2026-01-24T11:02:54.263075-05:00,prod,2026-01-24,fl,KXHIGHMIA,KXHIGHMIA-26JAN24,78.2888,1.2759,1.0000,trade,intraday_soft;intraday_missing;mode=closest;p=0.147;ev=13.72;size_scale=0.2454;ticker=KXHIGHMIA-26JAN24-B77.5;ask=1;ev=13.72
2026-01-24T11:04:33.497692-05:00,prod,2026-01-24,ny,KXHIGHNY,KXHIGHNY-26JAN24,20.1250,3.8234,0.0000,skip,confidence<0.5
2026-01-24T11:04:34.495126-05:00,prod,2026-01-24,il,KXHIGHCHI,KXHIGHCHI-26JAN24,9.5562,1.8784,0.7477,trade,low_ask_depth(12<25);intraday_soft;intraday_missing;mode=closest;p=0.124;ev=-4.56;size_scale=0.1289;ticker=KXHIGHCHI-26JAN24-B11.5;ask=17;ev=-4.56
2026-01-24T11:04:34.737706-05:00,prod,2026-01-24,tx,KXHIGHAUS,KXHIGHAUS-26JAN24,43.8137,10.0078,0.0000,skip,confidence<0.5
2026-01-24T11:04:34.739255-05:00,prod,2026-01-24,fl,KXHIGHMIA,KXHIGHMIA-26JAN24,,,,skip,already_traded_live
2026-01-24T11:18:37.660989-05:00,prod,2026-01-24,ny,KXHIGHNY,KXHIGHNY-26JAN24,20.0800,3.8506,0.0000,skip,confidence<0.5
2026-01-24T11:18:37.662024-05:00,prod,2026-01-24,il,KXHIGHCHI,KXHIGHCHI-26JAN24,,,,skip,already_traded_live
2026-01-24T11:18:37.663254-05:00,prod,2026-01-24,tx,KXHIGHAUS,KXHIGHAUS-26JAN24,43.7913,10.0252,0.0000,skip,confidence<0.5
2026-01-24T11:18:37.663981-05:00,prod,2026-01-24,fl,KXHIGHMIA,KXHIGHMIA-26JAN24,,,,skip,already_traded_live
2026-01-24T11:22:38.313354-05:00,prod,2026-01-24,ny,KXHIGHNY,KXHIGHNY-26JAN24,20.0800,3.8506,0.0000,skip,confidence<0.5
2026-01-24T11:22:39.499384-05:00,prod,2026-01-24,il,KXHIGHCHI,KXHIGHCHI-26JAN24,9.5562,1.8784,0.7477,trade,low_ask_depth(3<25);intraday_soft;intraday_missing;mode=forecast_bucket;p=0.210;market_p=0.730;ticker=KXHIGHCHI-26JAN24-B9.5;ask=73
2026-01-24T11:22:40.872765-05:00,prod,2026-01-24,tx,KXHIGHAUS,KXHIGHAUS-26JAN24,43.7913,10.0252,0.0000,skip,confidence<0.5
2026-01-24T11:22:40.873963-05:00,prod,2026-01-24,fl,KXHIGHMIA,KXHIGHMIA-26JAN24,,,,skip,already_traded_live
2026-01-24T11:24:16.750239-05:00,prod,2026-01-25,ny,KXHIGHNY,KXHIGHNY-26JAN25,23.0500,3.7875,0.0000,skip,confidence<0.5
2026-01-24T11:24:16.751183-05:00,prod,2026-01-25,il,KXHIGHCHI,KXHIGHCHI-26JAN25,17.1625,2.4878,0.3415,skip,confidence<0.5
2026-01-24T11:24:17.947521-05:00,prod,2026-01-25,tx,KXHIGHAUS,KXHIGHAUS-26JAN25,29.0512,1.4797,1.0000,trade,intraday_soft;insufficient_intraday;n=2;need=4;mode=forecast_bucket;p=0.247;market_p=0.140;ticker=KXHIGHAUS-26JAN25-B28.5;ask=14
2026-01-24T11:24:19.075992-05:00,prod,2026-01-25,fl,KXHIGHMIA,KXHIGHMIA-26JAN25,77.2812,2.0732,0.6178,trade,intraday_soft;insufficient_intraday;n=2;need=4;mode=forecast_bucket;p=0.456;market_p=0.020;ticker=KXHIGHMIA-26JAN25-T78;ask=2
2026-01-24T12:04:56.999578-05:00,prod,2026-01-25,ny,KXHIGHNY,KXHIGHNY-26JAN25,23.0613,3.7980,0.0000,skip,confidence<0.5
2026-01-24T12:04:57.004024-05:00,prod,2026-01-25,il,KXHIGHCHI,KXHIGHCHI-26JAN25,17.3475,2.4799,0.3467,skip,confidence<0.5
2026-01-24T12:04:57.380515-05:00,prod,2026-01-25,tx,KXHIGHAUS,KXHIGHAUS-26JAN25,29.4550,1.5318,0.9788,trade,intraday_soft;insufficient_intraday;n=2;need=4;mode=forecast_bucket;p=0.212;market_p=0.170;ticker=KXHIGHAUS-26JAN25-B28.5;ask=17
2026-01-24T12:04:57.813159-05:00,prod,2026-01-25,fl,KXHIGHMIA,KXHIGHMIA-26JAN25,77.2737,2.0707,0.6195,trade,intraday_soft;insufficient_intraday;n=2;need=4;mode=forecast_bucket;p=0.458;market_p=0.040;ticker=KXHIGHMIA-26JAN25-T78;ask=4
2026-01-24T12:05:19.149983-05:00,prod,2026-01-24,ny,KXHIGHNY,KXHIGHNY-26JAN24,20.0950,3.8734,0.0000,skip,confidence<0.5
2026-01-24T12:05:19.151521-05:00,prod,2026-01-24,il,KXHIGHCHI,KXHIGHCHI-26JAN24,,,,note,already_traded_live
2026-01-24T12:05:19.547785-05:00,prod,2026-01-24,il,KXHIGHCHI,KXHIGHCHI-26JAN24,9.4563,1.8383,0.7744,trade,intraday_soft;intraday_missing;mode=forecast_bucket;p=0.214;market_p=0.570;ticker=KXHIGHCHI-26JAN24-B9.5;ask=57
2026-01-24T12:05:19.551848-05:00,prod,2026-01-24,tx,KXHIGHAUS,KXHIGHAUS-26JAN24,43.4425,10.2636,0.0000,skip,confidence<0.5
2026-01-24T12:05:19.553316-05:00,prod,2026-01-24,fl,KXHIGHMIA,KXHIGHMIA-26JAN24,,,,note,already_traded_live
2026-01-24T12:05:19.948926-05:00,prod,2026-01-24,fl,KXHIGHMIA,KXHIGHMIA-26JAN24,78.8900,1.5851,0.9433,trade,intraday_soft;intraday_missing;mode=forecast_bucket;p=0.150;market_p=0.010;ticker=KXHIGHMIA-26JAN24-B79.5;ask=1
2026-01-24T12:14:21.730770-05:00,prod,2026-01-25,ny,KXHIGHNY,KXHIGHNY-26JAN25,23.0613,3.7980,0.0000,skip,confidence<0.5
2026-01-24T12:14:21.731592-05:00,prod,2026-01-25,il,KXHIGHCHI,KXHIGHCHI-26JAN25,17.3475,2.4799,0.3467,skip,confidence<0.5
2026-01-24T12:14:22.087728-05:00,prod,2026-01-25,tx,KXHIGHAUS,KXHIGHAUS-26JAN25,29.4550,1.5318,0.9788,trade,intraday_soft;insufficient_intraday;n=2;need=4;mode=forecast_bucket;p=0.212;market_p=0.160;ticker=KXHIGHAUS-26JAN25-B28.5;ask=16
2026-01-24T12:14:22.448782-05:00,prod,2026-01-25,fl,KXHIGHMIA,KXHIGHMIA-26JAN25,77.2737,2.0707,0.6195,trade,intraday_soft;insufficient_intraday;n=2;need=4;mode=forecast_bucket;p=0.458;market_p=0.040;ticker=KXHIGHMIA-26JAN25-T78;ask=4
2026-01-24T12:27:35.554486-05:00,prod,2026-01-25,ny,KXHIGHNY,KXHIGHNY-26JAN25,23.1962,3.5690,0.0000,skip,confidence<0.5
2026-01-24T12:27:35.918763-05:00,prod,2026-01-25,il,KXHIGHCHI,KXHIGHCHI-26JAN25,17.4825,2.1325,0.5783,trade,low_ask_depth(7<25);intraday_soft;insufficient_intraday;n=2;need=4;mode=forecast_bucket;p=0.167;market_p=0.250;ticker=KXHIGHCHI-26JAN25-B16.5;ask=25
2026-01-24T12:27:36.288525-05:00,prod,2026-01-25,tx,KXHIGHAUS,KXHIGHAUS-26JAN25,29.4100,1.5251,0.9833,trade,intraday_soft;insufficient_intraday;n=2;need=4;mode=forecast_bucket;p=0.216;market_p=0.150;ticker=KXHIGHAUS-26JAN25-B28.5;ask=15
2026-01-24T12:27:36.293596-05:00,prod,2026-01-25,fl,KXHIGHMIA,KXHIGHMIA-26JAN25,77.4537,2.2789,0.4807,skip,confidence<0.5
2026-01-24T12:30:20.668994-05:00,prod,2026-01-25,ny,KXHIGHNY,KXHIGHNY-26JAN25,23.1962,3.5690,0.0000,skip,confidence<0.5
2026-01-24T12:30:21.040958-05:00,prod,2026-01-25,il,KXHIGHCHI,KXHIGHCHI-26JAN25,17.4825,2.1325,0.5783,trade,low_ask_depth(7<25);intraday_soft;insufficient_intraday;n=2;need=4;mode=forecast_bucket;p=0.167;market_p=0.250;ticker=KXHIGHCHI-26JAN25-B16.5;ask=25
2026-01-24T12:30:21.420978-05:00,prod,2026-01-25,tx,KXHIGHAUS,KXHIGHAUS-26JAN25,29.3725,1.5237,0.9842,trade,intraday_soft;insufficient_intraday;n=2;need=4;mode=forecast_bucket;p=0.220;market_p=0.150;ticker=KXHIGHAUS-26JAN25-B28.5;ask=15
2026-01-24T12:30:21.426395-05:00,prod,2026-01-25,fl,KXHIGHMIA,KXHIGHMIA-26JAN25,77.4537,2.2789,0.4807,skip,confidence<0.5
2026-01-24T13:08:45.972448-05:00,prod,2026-01-24,ny,KXHIGHNY,KXHIGHNY-26JAN24,20.0288,3.8734,0.0000,skip,confidence<0.5
2026-01-24T13:08:45.973120-05:00,prod,2026-01-24,il,KXHIGHCHI,KXHIGHCHI-26JAN24,,,,note,already_traded_live
2026-01-24T13:08:46.432977-05:00,prod,2026-01-24,il,KXHIGHCHI,KXHIGHCHI-26JAN24,9.4575,1.8367,0.7755,trade,low_ask_depth(8<25);intraday_soft;intraday_missing;mode=forecast_bucket;p=0.214;market_p=0.290;ticker=KXHIGHCHI-26JAN24-B9.5;ask=29
2026-01-24T13:08:46.439015-05:00,prod,2026-01-24,tx,KXHIGHAUS,KXHIGHAUS-26JAN24,43.3188,10.3582,0.0000,skip,confidence<0.5
2026-01-24T13:08:46.439989-05:00,prod,2026-01-24,fl,KXHIGHMIA,KXHIGHMIA-26JAN24,,,,note,already_traded_live
2026-01-24T13:08:46.907941-05:00,prod,2026-01-24,fl,KXHIGHMIA,KXHIGHMIA-26JAN24,78.6325,1.6038,0.9308,trade,intraday_soft;intraday_missing;mode=forecast_bucket;p=0.146;market_p=0.010;ticker=KXHIGHMIA-26JAN24-B79.5;ask=1
2026-01-24T20:50:25.816274-05:00,prod,2026-01-25,ny,KXHIGHNY,KXHIGHNY-26JAN25,25.4025,3.3924,0.0000,skip,confidence<0.5
2026-01-24T20:50:26.245605-05:00,prod,2026-01-25,il,KXHIGHCHI,KXHIGHCHI-26JAN25,18.3900,1.3636,1.0000,trade,"intraday_soft;non_monotonic;means=18.38,18.38,18.13,18.39;mode=forecast_bucket;p=0.285;market_p=0.320;ticker=KXHIGHCHI-26JAN25-B18.5;ask=32"
2026-01-24T20:50:26.250699-05:00,prod,2026-01-25,tx,KXHIGHAUS,KXHIGHAUS-26JAN25,30.8950,3.7744,0.0000,skip,confidence<0.5
2026-01-24T20:50:26.667915-05:00,prod,2026-01-25,fl,KXHIGHMIA,KXHIGHMIA-26JAN25,76.5300,1.3644,1.0000,trade,"intraday_ok;ok;trend=increasing;means=76.16,76.16,76.30,76.53;sigma=1.3644;mode=forecast_bucket;p=0.573;market_p=0.040;ticker=KXHIGHMIA-26JAN25-T78;ask=4"
2026-01-24T20:53:04.023489-05:00,prod,2026-01-25,ny,KXHIGHNY,KXHIGHNY-26JAN25,25.4025,3.3924,0.0000,skip,confidence<0.5
2026-01-24T20:53:04.508049-05:00,prod,2026-01-25,il,KXHIGHCHI,KXHIGHCHI-26JAN25,18.3900,1.3636,1.0000,trade,"intraday_soft;non_monotonic;means=18.38,18.13,18.39,18.39;mode=forecast_bucket;p=0.285;market_p=0.310;ticker=KXHIGHCHI-26JAN25-B18.5;ask=31"
2026-01-24T20:53:04.519791-05:00,prod,2026-01-25,tx,KXHIGHAUS,KXHIGHAUS-26JAN25,30.8950,3.7744,0.0000,skip,confidence<0.5
2026-01-24T20:53:04.950021-05:00,prod,2026-01-25,fl,KXHIGHMIA,KXHIGHMIA-26JAN25,76.5300,1.3644,1.0000,trade,"intraday_ok;ok;trend=increasing;means=76.16,76.30,76.53,76.53;sigma=1.3644;mode=forecast_bucket;p=0.573;market_p=0.040;ticker=KXHIGHMIA-26JAN25-T78;ask=4"
2026-01-24T22:41:07.085406-05:00,prod,2026-01-25,ny,KXHIGHNY,KXHIGHNY-26JAN25,26.0625,2.9176,0.0549,skip,confidence<0.5
2026-01-24T22:41:07.453837-05:00,prod,2026-01-25,il,KXHIGHCHI,KXHIGHCHI-26JAN25,17.7975,1.3260,1.0000,trade,"intraday_ok;ok;trend=increasing;means=17.70,17.80,17.80,17.80;sigma=1.3260;mode=forecast_bucket;p=0.257;market_p=0.300;ticker=KXHIGHCHI-26JAN25-B18.5;ask=30"
2026-01-24T22:41:07.840848-05:00,prod,2026-01-25,tx,KXHIGHAUS,KXHIGHAUS-26JAN25,30.2537,3.2205,0.0000,skip,confidence<0.5
2026-01-24T22:41:08.227881-05:00,prod,2026-01-25,fl,KXHIGHMIA,KXHIGHMIA-26JAN25,78.4875,1.8760,0.7493,trade,"low_ask_depth(17<25);intraday_ok;ok;trend=increasing;means=78.19,78.47,78.47,78.49;sigma=1.8760;mode=forecast_bucket;p=0.154;market_p=0.070;ticker=KXHIGHMIA-26JAN25-B78.5;ask=7"
2026-01-25T19:26:58.505544-05:00,prod,2026-01-26,ny,KXHIGHNY,KXHIGHNY-26JAN26,28.1650,1.0964,1.0000,trade,"intraday_ok;ok;trend=decreasing;means=29.43,28.20,28.20,28.16;sigma=1.0964;mode=forecast_bucket;p=0.144;market_p=0.340;ticker=KXHIGHNY-26JAN26-B27.5;ask=34"
2026-01-25T19:26:58.931531-05:00,prod,2026-01-26,il,KXHIGHCHI,KXHIGHCHI-26JAN26,8.3105,2.1863,0.5425,trade,"low_ask_depth(13<25);intraday_ok;ok;trend=decreasing;means=9.47,8.43,8.43,8.31;sigma=2.1863;mode=forecast_bucket;p=0.169;market_p=0.260;ticker=KXHIGHCHI-26JAN26-B7.5;ask=26"
2026-01-25T19:26:58.936245-05:00,prod,2026-01-26,tx,KXHIGHAUS,KXHIGHAUS-26JAN26,33.2208,2.8976,0.0682,skip,confidence<0.5
2026-01-25T19:26:58.936956-05:00,prod,2026-01-26,fl,KXHIGHMIA,KXHIGHMIA-26JAN26,82.9447,2.2563,0.4958,skip,confidence<0.5
2026-01-25T20:23:19.296706-05:00,prod,2026-01-26,ny,KXHIGHNY,KXHIGHNY-26JAN26,28.1650,1.0964,1.0000,trade,"intraday_ok;ok;trend=decreasing;means=28.20,28.16,28.16,28.16;sigma=1.0964;mode=forecast_bucket;p=0.144;market_p=0.320;ticker=KXHIGHNY-26JAN26-B27.5;ask=32"
2026-01-25T20:23:19.618578-05:00,prod,2026-01-26,il,KXHIGHCHI,KXHIGHCHI-26JAN26,8.3105,2.1863,0.5425,trade,"intraday_ok;ok;trend=decreasing;means=8.43,8.31,8.31,8.31;sigma=2.1863;mode=forecast_bucket;p=0.169;market_p=0.260;ticker=KXHIGHCHI-26JAN26-B7.5;ask=26"
2026-01-25T20:23:19.621470-05:00,prod,2026-01-26,tx,KXHIGHAUS,KXHIGHAUS-26JAN26,33.2208,2.8976,0.0682,skip,confidence<0.5
2026-01-25T20:23:19.622661-05:00,prod,2026-01-26,fl,KXHIGHMIA,KXHIGHMIA-26JAN26,82.9447,2.2563,0.4958,skip,confidence<0.5
2026-01-25T22:00:10.534882-05:00,demo,2026-01-26,ny,KXHIGHNY,KXHIGHNY-26JAN26,28.1077,1.4982,1.0000,skip,count_zero_after_caps;yes_ask=0;budget_cap=0
2026-01-25T22:00:11.313483-05:00,demo,2026-01-26,ny,KXHIGHNY,KXHIGHNY-26JAN26,28.1077,1.4982,1.0000,skip,count_zero_after_caps;yes_ask=0;budget_cap=0
2026-01-25T22:00:12.895876-05:00,demo,2026-01-26,il,KXHIGHCHI,KXHIGHCHI-26JAN26,8.3413,2.0203,0.6532,trade,"low_ask_depth(5<25);intraday_soft;non_monotonic;means=8.34,8.34,8.34,8.34;mode=forecast_bucket;p=0.180;market_p=1.000;ticker=KXHIGHCHI-26JAN26-B7.5;ask=100"
2026-01-25T22:00:12.937615-05:00,demo,2026-01-26,tx,KXHIGHAUS,KXHIGHAUS-26JAN26,33.2252,2.8087,0.1275,skip,confidence<0.5
2026-01-25T22:00:13.887576-05:00,demo,2026-01-26,il,KXHIGHCHI,KXHIGHCHI-26JAN26,8.3413,2.0203,0.6532,trade,"low_ask_depth(5<25);intraday_soft;non_monotonic;means=8.34,8.34,8.34,8.34;mode=forecast_bucket;p=0.180;market_p=1.000;ticker=KXHIGHCHI-26JAN26-B7.5;ask=100"
2026-01-25T22:00:13.897401-05:00,demo,2026-01-26,tx,KXHIGHAUS,KXHIGHAUS-26JAN26,33.2252,2.8087,0.1275,skip,confidence<0.5
2026-01-25T22:00:14.366977-05:00,demo,2026-01-26,fl,KXHIGHMIA,KXHIGHMIA-26JAN26,83.1188,1.9831,0.6779,skip,count_zero_after_caps;yes_ask=0;budget_cap=0
2026-01-25T22:00:16.231074-05:00,demo,2026-01-26,fl,KXHIGHMIA,KXHIGHMIA-26JAN26,83.1188,1.9831,0.6779,skip,count_zero_after_caps;yes_ask=0;budget_cap=0
2026-01-25T22:15:50.388941-05:00,prod,2026-01-26,ny,KXHIGHNY,KXHIGHNY-26JAN26,28.1077,1.4982,1.0000,trade,"low_ask_depth(7<25);intraday_soft;non_monotonic;means=28.11,28.11,28.11,28.11;mode=forecast_bucket;p=0.144;market_p=0.340;ticker=KXHIGHNY-26JAN26-B27.5;ask=34"
2026-01-25T22:23:11.053118-05:00,prod,2026-01-26,ny,KXHIGHNY,KXHIGHNY-26JAN26,,,,note,already_traded_live
2026-01-25T22:23:11.422717-05:00,prod,2026-01-26,ny,KXHIGHNY,KXHIGHNY-26JAN26,28.1131,1.4938,1.0000,trade,"low_ask_depth(12<25);intraday_ok;ok;trend=increasing;means=28.11,28.11,28.11,28.11;sigma=1.4938;mode=forecast_bucket;p=0.144;market_p=0.340;ticker=KXHIGHNY-26JAN26-B27.5;ask=34"
2026-01-25T22:23:11.945507-05:00,prod,2026-01-26,il,KXHIGHCHI,KXHIGHCHI-26JAN26,8.3419,2.1075,0.5950,trade,"intraday_ok;ok;trend=increasing;means=8.34,8.34,8.34,8.34;sigma=2.1075;mode=forecast_bucket;p=0.173;market_p=0.240;ticker=KXHIGHCHI-26JAN26-B7.5;ask=24"
2026-01-25T22:23:11.949126-05:00,prod,2026-01-26,tx,KXHIGHAUS,KXHIGHAUS-26JAN26,33.2670,3.2568,0.0000,skip,confidence<0.5
2026-01-25T22:23:12.341319-05:00,prod,2026-01-26,fl,KXHIGHMIA,KXHIGHMIA-26JAN26,82.6985,2.2334,0.5111,trade,"low_ask_depth(4<25);intraday_ok;ok;trend=decreasing;means=83.12,83.12,83.12,82.70;sigma=2.2334;mode=forecast_bucket;p=0.121;market_p=0.230;ticker=KXHIGHMIA-26JAN26-B83.5;ask=23"
2026-01-25T22:30:04.925235-05:00,demo,2026-01-26,ny,KXHIGHNY,KXHIGHNY-26JAN26,28.1131,1.4938,1.0000,skip,count_zero_after_caps;yes_ask=0;budget_cap=0
2026-01-25T22:30:06.223955-05:00,demo,2026-01-26,il,KXHIGHCHI,KXHIGHCHI-26JAN26,8.3419,2.1075,0.5950,trade,"low_ask_depth(5<25);intraday_ok;ok;trend=increasing;means=8.34,8.34,8.34,8.34;sigma=2.1075;mode=forecast_bucket;p=0.173;market_p=1.000;ticker=KXHIGHCHI-26JAN26-B7.5;ask=100"
2026-01-25T22:30:06.225487-05:00,demo,2026-01-26,tx,KXHIGHAUS,KXHIGHAUS-26JAN26,33.2670,3.2568,0.0000,skip,confidence<0.5
2026-01-25T22:30:07.523082-05:00,demo,2026-01-26,fl,KXHIGHMIA,KXHIGHMIA-26JAN26,82.6985,2.2334,0.5111,skip,count_zero_after_caps;yes_ask=0;budget_cap=0
2026-01-25T22:39:37.903559-05:00,prod,2026-01-26,ny,KXHIGHNY,KXHIGHNY-26JAN26,,,,skip,already_traded_live
2026-01-25T22:39:38.301721-05:00,prod,2026-01-26,il,KXHIGHCHI,KXHIGHCHI-26JAN26,8.3419,2.1075,0.5950,trade,"low_ask_depth(2<25);intraday_ok;ok;trend=increasing;means=8.34,8.34,8.34,8.34;sigma=2.1075;mode=forecast_bucket;p=0.173;market_p=0.240;ticker=KXHIGHCHI-26JAN26-B7.5;ask=24"
2026-01-25T22:39:38.626321-05:00,prod,2026-01-26,tx,KXHIGHAUS,KXHIGHAUS-26JAN26,33.2670,3.2568,0.0000,skip,confidence<0.5
2026-01-25T22:39:38.998454-05:00,prod,2026-01-26,fl,KXHIGHMIA,KXHIGHMIA-26JAN26,82.6985,2.2334,0.5111,trade,"intraday_ok;ok;trend=decreasing;means=83.12,82.70,82.70,82.70;sigma=2.2334;mode=forecast_bucket;p=0.121;market_p=0.240;ticker=KXHIGHMIA-26JAN26-B83.5;ask=24"
2026-01-25T22:47:59.742274-05:00,prod,2026-01-26,ny,KXHIGHNY,KXHIGHNY-26JAN26,28.1131,1.4938,1.0000,trade,"low_ask_depth(15<25);intraday_soft;non_monotonic;means=28.11,28.11,28.11,28.11;mode=forecast_bucket;p=0.144;market_p=0.380;ticker=KXHIGHNY-26JAN26-B27.5;ask=38"
2026-01-25T22:48:00.077555-05:00,prod,2026-01-26,il,KXHIGHCHI,KXHIGHCHI-26JAN26,,,,skip,already_traded_live
2026-01-25T22:48:00.083542-05:00,prod,2026-01-26,tx,KXHIGHAUS,KXHIGHAUS-26JAN26,33.2670,3.2568,0.0000,skip,confidence<0.5
2026-01-25T22:48:00.087245-05:00,prod,2026-01-26,fl,KXHIGHMIA,KXHIGHMIA-26JAN26,,,,skip,already_traded_live
2026-01-26T09:37:21.462271-05:00,prod,2026-01-26,ny,KXHIGHNY,KXHIGHNY-26JAN26,,,,note,already_traded_live
2026-01-26T09:37:21.843240-05:00,prod,2026-01-26,ny,KXHIGHNY,KXHIGHNY-26JAN26,27.2066,1.4164,1.0000,trade,"low_ask_depth(14<25);intraday_soft;non_monotonic;means=28.11,28.11,28.11,28.11;mode=forecast_bucket;p=0.096;market_p=0.480;ticker=KXHIGHNY-26JAN26-B27.5;ask=48"
2026-01-26T09:37:21.845273-05:00,prod,2026-01-26,il,KXHIGHCHI,KXHIGHCHI-26JAN26,,,,note,already_traded_live
2026-01-26T09:37:22.217698-05:00,prod,2026-01-26,il,KXHIGHCHI,KXHIGHCHI-26JAN26,9.9868,2.1882,0.5412,trade,"low_ask_depth(5<25);intraday_soft;non_monotonic;means=8.34,8.34,8.34,8.34;mode=forecast_bucket;p=0.069;market_p=0.390;ticker=KXHIGHCHI-26JAN26-B9.5;ask=39"
2026-01-26T09:37:22.626032-05:00,prod,2026-01-26,tx,KXHIGHAUS,KXHIGHAUS-26JAN26,35.2581,1.6014,0.9324,trade,low_ask_depth(2<25);intraday_soft;sigma_too_high;sigma=3.2568;cap=2.5000;mode=forecast_bucket;p=0.242;market_p=0.500;ticker=KXHIGHAUS-26JAN26-B35.5;ask=50
2026-01-26T09:37:22.633495-05:00,prod,2026-01-26,fl,KXHIGHMIA,KXHIGHMIA-26JAN26,,,,note,already_traded_live
2026-01-26T09:37:23.029445-05:00,prod,2026-01-26,fl,KXHIGHMIA,KXHIGHMIA-26JAN26,83.2965,2.1009,0.5994,trade,"low_ask_depth(12<25);intraday_soft;non_monotonic;means=82.70,82.70,82.70,82.70;mode=forecast_bucket;p=0.112;market_p=0.250;ticker=KXHIGHMIA-26JAN26-B83.5;ask=25"
2026-01-26T09:53:10.154912-05:00,prod,2026-01-26,ny,KXHIGHNY,KXHIGHNY-26JAN26,,,,note,already_traded_live
2026-01-26T09:53:10.548590-05:00,prod,2026-01-26,ny,KXHIGHNY,KXHIGHNY-26JAN26,27.3036,1.4164,1.0000,trade,"low_ask_depth(8<25);intraday_soft;non_monotonic;means=28.11,28.11,28.11,28.11;mode=forecast_bucket;p=0.096;market_p=0.480;ticker=KXHIGHNY-26JAN26-B27.5;ask=48"
2026-01-26T09:53:10.554036-05:00,prod,2026-01-26,il,KXHIGHCHI,KXHIGHCHI-26JAN26,,,,note,already_traded_live
2026-01-26T09:53:10.927940-05:00,prod,2026-01-26,il,KXHIGHCHI,KXHIGHCHI-26JAN26,10.9765,2.1882,0.5412,trade,"low_ask_depth(8<25);intraday_soft;non_monotonic;means=8.34,8.34,8.34,8.34;mode=forecast_bucket;p=0.069;market_p=0.530;ticker=KXHIGHCHI-26JAN26-B11.5;ask=53"
2026-01-26T09:53:11.305841-05:00,prod,2026-01-26,tx,KXHIGHAUS,KXHIGHAUS-26JAN26,34.9960,1.6014,0.9324,trade,low_ask_depth(6<25);intraday_soft;sigma_too_high;sigma=3.2568;cap=2.5000;mode=forecast_bucket;p=0.234;market_p=0.540;ticker=KXHIGHAUS-26JAN26-B35.5;ask=54
2026-01-26T09:53:11.312133-05:00,prod,2026-01-26,fl,KXHIGHMIA,KXHIGHMIA-26JAN26,,,,note,already_traded_live
2026-01-26T09:53:11.714607-05:00,prod,2026-01-26,fl,KXHIGHMIA,KXHIGHMIA-26JAN26,83.6886,2.1009,0.5994,trade,"low_ask_depth(20<25);intraday_soft;non_monotonic;means=82.70,82.70,82.70,82.70;mode=forecast_bucket;p=0.112;market_p=0.170;ticker=KXHIGHMIA-26JAN26-B83.5;ask=17"
2026-01-26T16:44:48.400028-05:00,prod,2026-01-27,ny,KXHIGHNY,KXHIGHNY-26JAN27,17.8168,2.0548,0.6301,trade,"intraday_ok;ok;trend=increasing;means=17.41,17.41,17.99,17.99;sigma=2.0823;mode=forecast_bucket;p=0.095;market_p=0.320;ticker=KXHIGHNY-26JAN27-B18.5;ask=32"
2026-01-26T16:44:48.786573-05:00,prod,2026-01-27,il,KXHIGHCHI,KXHIGHCHI-26JAN27,13.8569,0.5275,1.0000,trade,"intraday_ok;ok;trend=increasing;means=13.86,13.86,14.84,14.84;sigma=0.8136;mode=forecast_bucket;p=0.069;market_p=0.350;ticker=KXHIGHCHI-26JAN27-B13.5;ask=35"
2026-01-26T16:44:49.190130-05:00,prod,2026-01-27,tx,KXHIGHAUS,KXHIGHAUS-26JAN27,46.6968,1.8734,0.7511,trade,"low_ask_depth(1<25);intraday_ok;ok;trend=increasing;means=45.06,45.06,45.85,45.85;sigma=1.5626;mode=forecast_bucket;p=0.192;market_p=0.380;ticker=KXHIGHAUS-26JAN27-B47.5;ask=38"
2026-01-26T16:44:49.194882-05:00,prod,2026-01-27,fl,KXHIGHMIA,KXHIGHMIA-26JAN27,67.9626,2.7922,0.1385,skip,confidence<0.5
2026-01-26T16:47:47.202831-05:00,prod,2026-01-27,ny,KXHIGHNY,KXHIGHNY-26JAN27,17.8168,2.0548,0.6301,skip,confidence<0.75
2026-01-26T16:47:47.578244-05:00,prod,2026-01-27,il,KXHIGHCHI,KXHIGHCHI-26JAN27,13.8569,0.5275,1.0000,trade,"intraday_ok;ok;trend=increasing;means=13.86,13.86,14.84,14.84;sigma=0.8136;mode=forecast_bucket;p=0.069;market_p=0.350;ticker=KXHIGHCHI-26JAN27-B13.5;ask=35"
2026-01-26T16:47:47.963805-05:00,prod,2026-01-27,tx,KXHIGHAUS,KXHIGHAUS-26JAN27,46.6968,1.8734,0.7511,trade,"low_ask_depth(5<25);intraday_ok;ok;trend=increasing;means=45.06,45.06,45.85,45.85;sigma=1.5626;mode=forecast_bucket;p=0.192;market_p=0.380;ticker=KXHIGHAUS-26JAN27-B47.5;ask=38"
2026-01-26T16:47:47.968651-05:00,prod,2026-01-27,fl,KXHIGHMIA,KXHIGHMIA-26JAN27,67.9626,2.7922,0.1385,skip,confidence<0.75
2026-01-26T21:02:56.263871-05:00,prod,2026-01-27,ny,KXHIGHNY,KXHIGHNY-26JAN27,18.4313,2.1334,0.5777,skip,confidence<0.75
2026-01-26T21:02:56.564228-05:00,prod,2026-01-27,il,KXHIGHCHI,KXHIGHCHI-26JAN27,13.7839,1.5950,0.9367,trade,"intraday_ok;ok;trend=decreasing;means=14.84,13.90,13.78,13.78;sigma=1.5950;mode=forecast_bucket;p=0.069;market_p=0.410;ticker=KXHIGHCHI-26JAN27-B13.5;ask=41"
2026-01-26T21:02:56.869836-05:00,prod,2026-01-27,tx,KXHIGHAUS,KXHIGHAUS-26JAN27,47.5335,1.7451,0.8366,trade,"intraday_soft;non_monotonic;means=45.85,47.45,47.41,47.41;mode=forecast_bucket;p=0.225;market_p=0.340;ticker=KXHIGHAUS-26JAN27-B47.5;ask=34"
2026-01-26T21:02:56.874838-05:00,prod,2026-01-27,fl,KXHIGHMIA,KXHIGHMIA-26JAN27,68.2788,2.9106,0.0596,skip,confidence<0.75
2026-01-26T22:00:06.538774-05:00,demo,2026-01-27,ny,KXHIGHNY,KXHIGHNY-26JAN27,18.3832,2.1334,0.5777,skip,count_zero_after_caps;yes_ask=0;budget_cap=0
2026-01-26T22:00:09.402783-05:00,demo,2026-01-27,il,KXHIGHCHI,KXHIGHCHI-26JAN27,13.7825,1.5950,0.9367,skip,count_zero_after_caps;yes_ask=0;budget_cap=0
2026-01-26T22:00:11.664661-05:00,demo,2026-01-27,tx,KXHIGHAUS,KXHIGHAUS-26JAN27,47.4096,1.7451,0.8366,skip,count_zero_after_caps;yes_ask=0;budget_cap=0
2026-01-26T22:00:11.667662-05:00,demo,2026-01-27,fl,KXHIGHMIA,KXHIGHMIA-26JAN27,67.6049,2.9106,0.0596,skip,confidence<0.5
2026-01-26T22:30:21.448238-05:00,prod,2026-01-27,ny,KXHIGHNY,KXHIGHNY-26JAN27,17.7579,1.4167,1.0000,trade,"intraday_ok;ok;trend=decreasing;means=18.38,18.38,18.38,17.76;sigma=1.4167;mode=forecast_bucket;p=0.095;market_p=0.340;ticker=KXHIGHNY-26JAN27-B18.5;ask=34"
2026-01-26T22:30:22.178341-05:00,prod,2026-01-27,il,KXHIGHCHI,KXHIGHCHI-26JAN27,13.8580,1.0656,1.0000,trade,"intraday_ok;ok;trend=increasing;means=13.78,13.78,13.78,13.86;sigma=1.0656;mode=forecast_bucket;p=0.069;market_p=0.370;ticker=KXHIGHCHI-26JAN27-B13.5;ask=37"
2026-01-26T22:30:22.914513-05:00,prod,2026-01-27,tx,KXHIGHAUS,KXHIGHAUS-26JAN27,47.2777,1.2148,1.0000,trade,"low_ask_depth(11<25);intraday_ok;ok;trend=decreasing;means=47.41,47.41,47.41,47.28;sigma=1.2148;mode=forecast_bucket;p=0.314;market_p=0.300;ticker=KXHIGHAUS-26JAN27-B47.5;ask=30"
2026-01-26T22:30:23.277906-05:00,prod,2026-01-27,fl,KXHIGHMIA,KXHIGHMIA-26JAN27,67.4399,3.0010,0.0000,skip,confidence<0.75
2026-01-27T09:37:36.746242-05:00,prod,2026-01-27,ny,KXHIGHNY,KXHIGHNY-26JAN27,,,,note,already_traded_live
2026-01-27T09:37:36.747607-05:00,prod,2026-01-27,ny,KXHIGHNY,KXHIGHNY-26JAN27,18.6415,2.5311,0.3126,skip,confidence<0.75
2026-01-27T09:37:36.748568-05:00,prod,2026-01-27,il,KXHIGHCHI,KXHIGHCHI-26JAN27,,,,note,already_traded_live
2026-01-27T09:37:36.749443-05:00,prod,2026-01-27,il,KXHIGHCHI,KXHIGHCHI-26JAN27,14.3442,2.1011,0.5993,skip,confidence<0.75
2026-01-27T09:37:36.750623-05:00,prod,2026-01-27,tx,KXHIGHAUS,KXHIGHAUS-26JAN27,,,,note,already_traded_live
2026-01-27T09:37:36.751328-05:00,prod,2026-01-27,tx,KXHIGHAUS,KXHIGHAUS-26JAN27,48.2429,1.9065,0.7290,skip,confidence<0.75
2026-01-27T09:37:36.752174-05:00,prod,2026-01-27,fl,KXHIGHMIA,KXHIGHMIA-26JAN27,67.3809,2.7860,0.1426,skip,confidence<0.75
2026-01-27T10:59:13.193970-05:00,prod,2026-01-27,ny,KXHIGHNY,KXHIGHNY-26JAN27,,,,note,already_traded_live
2026-01-27T10:59:13.195943-05:00,prod,2026-01-27,ny,KXHIGHNY,KXHIGHNY-26JAN27,19.1592,2.3231,0.4513,skip,confidence<0.75
2026-01-27T10:59:13.197090-05:00,prod,2026-01-27,il,KXHIGHCHI,KXHIGHCHI-26JAN27,,,,note,already_traded_live
2026-01-27T10:59:13.197570-05:00,prod,2026-01-27,il,KXHIGHCHI,KXHIGHCHI-26JAN27,14.1918,2.0478,0.6348,skip,confidence<0.75
2026-01-27T10:59:13.198312-05:00,prod,2026-01-27,tx,KXHIGHAUS,KXHIGHAUS-26JAN27,,,,note,already_traded_live
2026-01-27T10:59:13.198768-05:00,prod,2026-01-27,tx,KXHIGHAUS,KXHIGHAUS-26JAN27,48.4053,2.2158,0.5228,skip,confidence<0.75
2026-01-27T10:59:13.199577-05:00,prod,2026-01-27,fl,KXHIGHMIA,KXHIGHMIA-26JAN27,67.3109,2.8071,0.1286,skip,confidence<0.75
2026-01-27T13:01:15.742219-05:00,prod,2026-01-27,ny,KXHIGHNY,KXHIGHNY-26JAN27,,,,note,already_traded_live
2026-01-27T13:01:15.743024-05:00,prod,2026-01-27,ny,KXHIGHNY,KXHIGHNY-26JAN27,20.3471,1.8898,0.7401,skip,confidence<0.75
2026-01-27T13:01:15.744194-05:00,prod,2026-01-27,il,KXHIGHCHI,KXHIGHCHI-26JAN27,,,,note,already_traded_live
2026-01-27T13:01:15.744888-05:00,prod,2026-01-27,il,KXHIGHCHI,KXHIGHCHI-26JAN27,14.0940,1.9772,0.6819,skip,confidence<0.75
2026-01-27T13:01:15.747767-05:00,prod,2026-01-27,tx,KXHIGHAUS,KXHIGHAUS-26JAN27,,,,note,already_traded_live
2026-01-27T13:01:16.251117-05:00,prod,2026-01-27,tx,KXHIGHAUS,KXHIGHAUS-26JAN27,48.4104,1.2777,1.0000,trade,"intraday_ok;ok;trend=decreasing;means=47.41,47.41,47.41,47.28;sigma=1.2148;mode=forecast_bucket;p=0.239;market_p=0.410;ticker=KXHIGHAUS-26JAN27-B47.5;ask=41"
2026-01-27T13:01:16.253600-05:00,prod,2026-01-27,fl,KXHIGHMIA,KXHIGHMIA-26JAN27,67.2920,2.6795,0.2137,skip,confidence<0.75
2026-01-27T22:00:03.639095-05:00,demo,2026-01-28,ny,KXHIGHNY,KXHIGHNY-26JAN28,21.8054,0.9731,1.0000,skip,count_zero_after_caps;yes_ask=0;budget_cap=0
2026-01-27T22:00:05.298351-05:00,demo,2026-01-28,il,KXHIGHCHI,KXHIGHCHI-26JAN28,15.9970,2.1154,0.5897,skip,count_zero_after_caps;yes_ask=0;budget_cap=0
2026-01-27T22:00:05.301855-05:00,demo,2026-01-28,tx,KXHIGHAUS,KXHIGHAUS-26JAN28,51.4504,3.0233,0.0000,skip,confidence<0.5
2026-01-27T22:00:05.303224-05:00,demo,2026-01-28,fl,KXHIGHMIA,KXHIGHMIA-26JAN28,65.0595,5.5362,0.0000,skip,confidence<0.5
2026-01-27T23:48:53.826402-05:00,prod,2026-01-28,ny,KXHIGHNY,KXHIGHNY-26JAN28,21.9063,0.9967,1.0000,trade,"intraday_ok;ok;trend=increasing;means=19.35,21.50,21.81,21.81;sigma=0.9731;mode=forecast_bucket;p=0.112;market_p=0.310;ticker=KXHIGHNY-26JAN28-B21.5;ask=31"
2026-01-27T23:48:53.831117-05:00,prod,2026-01-28,il,KXHIGHCHI,KXHIGHCHI-26JAN28,15.9687,1.9841,0.6772,skip,confidence<0.75
2026-01-27T23:48:53.832875-05:00,prod,2026-01-28,tx,KXHIGHAUS,KXHIGHAUS-26JAN28,51.8912,3.4749,0.0000,skip,confidence<0.75
2026-01-27T23:48:53.834103-05:00,prod,2026-01-28,fl,KXHIGHMIA,KXHIGHMIA-26JAN28,66.2167,4.9901,0.0000,skip,confidence<0.75
2026-01-28T07:00:42.077905-05:00,prod,2026-01-28,ny,KXHIGHNY,KXHIGHNY-26JAN28,21.9905,1.0560,1.0000,trade,"intraday_ok;ok;trend=increasing;means=21.50,21.81,21.81,21.99;sigma=1.0560;mode=forecast_bucket;p=0.112;market_p=0.190;ticker=KXHIGHNY-26JAN28-B21.5;ask=19"
2026-01-28T07:00:42.373380-05:00,prod,2026-01-28,il,KXHIGHCHI,KXHIGHCHI-26JAN28,16.1873,2.5248,0.3168,skip,confidence<0.75
2026-01-28T07:00:42.694390-05:00,prod,2026-01-28,tx,KXHIGHAUS,KXHIGHAUS-26JAN28,53.0993,1.7080,0.8614,trade,"intraday_ok;ok;trend=increasing;means=50.15,51.45,51.45,53.10;sigma=1.7080;mode=forecast_bucket;p=0.217;market_p=0.260;ticker=KXHIGHAUS-26JAN28-B52.5;ask=26"
2026-01-28T07:00:42.953741-05:00,prod,2026-01-28,fl,KXHIGHMIA,KXHIGHMIA-26JAN28,65.0850,4.3807,0.0000,skip,confidence<0.75
2026-01-28T19:29:33.500348-05:00,prod,2026-01-29,ny,KXHIGHNY,KXHIGHNY-26JAN29,21.3932,1.7975,0.8017,trade,low_ask_depth(9<25);intraday_soft;insufficient_intraday;n=2;need=4;mode=forecast_bucket;p=0.114;market_p=0.340;ticker=KXHIGHNY-26JAN29-B21.5;ask=34
2026-01-28T19:29:34.807091-05:00,prod,2026-01-29,il,KXHIGHCHI,KXHIGHCHI-26JAN29,15.5083,1.0954,1.0000,trade,intraday_soft;insufficient_intraday;n=2;need=4;mode=forecast_bucket;p=0.077;market_p=0.390;ticker=KXHIGHCHI-26JAN29-B16.5;ask=39
2026-01-28T19:29:36.121154-05:00,prod,2026-01-29,tx,KXHIGHAUS,KXHIGHAUS-26JAN29,66.8431,0.4097,1.0000,trade,intraday_soft;insufficient_intraday;n=2;need=4;mode=forecast_bucket;p=0.238;market_p=0.360;ticker=KXHIGHAUS-26JAN29-B67.5;ask=36
2026-01-28T19:29:37.531324-05:00,prod,2026-01-29,fl,KXHIGHMIA,KXHIGHMIA-26JAN29,69.8378,0.9776,1.0000,trade,low_ask_depth(3<25);intraday_soft;insufficient_intraday;n=2;need=4;mode=forecast_bucket;p=0.116;market_p=0.470;ticker=KXHIGHMIA-26JAN29-B70.5;ask=47
2026-01-28T21:19:29.286492-05:00,prod,2026-01-29,ny,KXHIGHNY,KXHIGHNY-26JAN29,21.4249,1.7266,0.8489,trade,intraday_soft;insufficient_intraday;n=3;need=4;mode=forecast_bucket;p=0.114;market_p=0.350;ticker=KXHIGHNY-26JAN29-B21.5;ask=35
2026-01-28T21:19:30.645320-05:00,prod,2026-01-29,il,KXHIGHCHI,KXHIGHCHI-26JAN29,15.6839,1.4100,1.0000,trade,low_ask_depth(18<25);intraday_soft;insufficient_intraday;n=3;need=4;mode=forecast_bucket;p=0.077;market_p=0.420;ticker=KXHIGHCHI-26JAN29-B16.5;ask=42
2026-01-28T21:19:31.944388-05:00,prod,2026-01-29,tx,KXHIGHAUS,KXHIGHAUS-26JAN29,67.2546,0.5051,1.0000,trade,low_ask_depth(4<25);intraday_soft;insufficient_intraday;n=3;need=4;mode=forecast_bucket;p=0.257;market_p=0.380;ticker=KXHIGHAUS-26JAN29-B67.5;ask=38
2026-01-28T21:19:33.247720-05:00,prod,2026-01-29,fl,KXHIGHMIA,KXHIGHMIA-26JAN29,69.8336,0.7608,1.0000,trade,low_ask_depth(5<25);intraday_soft;insufficient_intraday;n=3;need=4;mode=forecast_bucket;p=0.115;market_p=0.450;ticker=KXHIGHMIA-26JAN29-B70.5;ask=45
2026-01-28T21:24:14.318252-05:00,prod,2026-01-29,ny,KXHIGHNY,KXHIGHNY-26JAN29,21.4249,1.7266,0.7730,trade,intraday_soft;insufficient_intraday;n=3;need=4;mode=forecast_bucket;p=0.114;market_p=0.340;ticker=KXHIGHNY-26JAN29-B21.5;ask=34
2026-01-28T21:24:15.699998-05:00,prod,2026-01-29,il,KXHIGHCHI,KXHIGHCHI-26JAN29,15.6839,1.4100,0.8006,trade,low_ask_depth(6<25);intraday_soft;insufficient_intraday;n=3;need=4;mode=forecast_bucket;p=0.077;market_p=0.430;ticker=KXHIGHCHI-26JAN29-B16.5;ask=43
2026-01-28T21:24:15.704886-05:00,prod,2026-01-29,tx,KXHIGHAUS,KXHIGHAUS-26JAN29,67.2546,0.5051,0.7218,skip,confidence<0.75
2026-01-28T21:24:16.979911-05:00,prod,2026-01-29,fl,KXHIGHMIA,KXHIGHMIA-26JAN29,69.8336,0.7608,0.8251,trade,low_ask_depth(12<25);intraday_soft;insufficient_intraday;n=3;need=4;mode=forecast_bucket;p=0.115;market_p=0.470;ticker=KXHIGHMIA-26JAN29-B70.5;ask=47
2026-01-28T22:00:06.165797-05:00,demo,2026-01-29,ny,KXHIGHNY,KXHIGHNY-26JAN29,21.3922,1.7266,0.8489,skip,count_zero_after_caps;yes_ask=0;budget_cap=0
2026-01-28T22:00:08.757272-05:00,demo,2026-01-29,il,KXHIGHCHI,KXHIGHCHI-26JAN29,15.6648,1.4100,1.0000,skip,count_zero_after_caps;yes_ask=0;budget_cap=0
2026-01-28T22:00:10.989897-05:00,demo,2026-01-29,tx,KXHIGHAUS,KXHIGHAUS-26JAN29,67.2904,0.5051,1.0000,skip,count_zero_after_caps;yes_ask=0;budget_cap=0
2026-01-28T22:00:13.805181-05:00,demo,2026-01-29,fl,KXHIGHMIA,KXHIGHMIA-26JAN29,69.6454,0.7608,1.0000,skip,count_zero_after_caps;yes_ask=0;budget_cap=0
2026-01-28T22:29:18.333707-05:00,prod,2026-01-29,ny,KXHIGHNY,KXHIGHNY-26JAN29,21.1404,0.9419,0.8195,trade,"intraday_ok;ok;trend=increasing;means=18.22,20.81,21.39,21.39;sigma=1.7266;mode=forecast_bucket;p=0.113;market_p=0.350;ticker=KXHIGHNY-26JAN29-B21.5;ask=35"
2026-01-28T22:29:19.855345-05:00,prod,2026-01-29,il,KXHIGHCHI,KXHIGHCHI-26JAN29,15.6857,1.3019,0.8006,trade,"low_ask_depth(5<25);intraday_ok;ok;trend=increasing;means=13.71,14.54,15.66,15.66;sigma=1.4100;mode=forecast_bucket;p=0.077;market_p=0.430;ticker=KXHIGHCHI-26JAN29-B16.5;ask=43"
2026-01-28T22:29:19.862606-05:00,prod,2026-01-29,tx,KXHIGHAUS,KXHIGHAUS-26JAN29,67.5083,0.7299,0.7218,skip,confidence<0.75
2026-01-28T22:29:21.635642-05:00,prod,2026-01-29,fl,KXHIGHMIA,KXHIGHMIA-26JAN29,69.8597,0.8575,0.8251,trade,"low_ask_depth(4<25);intraday_ok;ok;trend=increasing;means=66.70,68.77,69.65,69.65;sigma=0.7608;mode=forecast_bucket;p=0.116;market_p=0.450;ticker=KXHIGHMIA-26JAN29-B70.5;ask=45"
2026-01-28T22:34:56.717442-05:00,prod,2026-01-29,ny,KXHIGHNY,KXHIGHNY-26JAN29,21.1409,0.9392,0.8195,trade,"intraday_ok;ok;trend=increasing;means=18.22,20.81,21.39,21.39;sigma=1.7266;mode=forecast_bucket;p=0.113;market_p=0.340;ticker=KXHIGHNY-26JAN29-B21.5;ask=34"
2026-01-28T22:34:58.251709-05:00,prod,2026-01-29,il,KXHIGHCHI,KXHIGHCHI-26JAN29,15.6919,1.3401,0.8006,trade,"low_ask_depth(1<25);intraday_ok;ok;trend=increasing;means=13.71,14.54,15.66,15.66;sigma=1.4100;mode=forecast_bucket;p=0.077;market_p=0.430;ticker=KXHIGHCHI-26JAN29-B16.5;ask=43"
2026-01-28T22:34:58.255900-05:00,prod,2026-01-29,tx,KXHIGHAUS,KXHIGHAUS-26JAN29,67.5083,0.7299,0.7218,skip,effective_confidence<0.75
2026-01-28T22:34:59.963576-05:00,prod,2026-01-29,fl,KXHIGHMIA,KXHIGHMIA-26JAN29,69.8593,0.8900,0.8251,trade,"intraday_ok;ok;trend=increasing;means=66.70,68.77,69.65,69.65;sigma=0.7608;mode=forecast_bucket;p=0.116;market_p=0.450;ticker=KXHIGHMIA-26JAN29-B70.5;ask=45"
2026-01-29T00:16:47.873250-05:00,prod,2026-01-29,ny,KXHIGHNY,KXHIGHNY-26JAN29,21.0949,0.9423,0.8195,trade,"intraday_soft;non_monotonic;means=20.81,21.39,21.39,21.03;mode=forecast_bucket;p=0.113;market_p=0.390;ticker=KXHIGHNY-26JAN29-B21.5;ask=39"
2026-01-29T00:16:48.637323-05:00,prod,2026-01-29,il,KXHIGHCHI,KXHIGHCHI-26JAN29,15.7360,1.3944,0.8006,trade,"intraday_ok;ok;trend=increasing;means=14.54,15.66,15.66,15.72;sigma=1.3944;mode=forecast_bucket;p=0.078;market_p=0.360;ticker=KXHIGHCHI-26JAN29-B16.5;ask=36"
2026-01-29T00:16:48.640858-05:00,prod,2026-01-29,tx,KXHIGHAUS,KXHIGHAUS-26JAN29,67.5103,0.7200,0.7218,skip,effective_confidence<0.75
2026-01-29T00:16:49.456555-05:00,prod,2026-01-29,fl,KXHIGHMIA,KXHIGHMIA-26JAN29,69.8896,0.9417,0.8251,trade,"low_ask_depth(5<25);intraday_ok;ok;trend=increasing;means=68.77,69.65,69.65,69.71;sigma=0.9417;mode=forecast_bucket;p=0.116;market_p=0.430;ticker=KXHIGHMIA-26JAN29-B70.5;ask=43"
2026-01-29T07:00:02.539902-05:00,prod,2026-01-29,ny,KXHIGHNY,KXHIGHNY-26JAN29,21.0250,0.9954,0.8270,trade,"low_ask_depth(1<25);intraday_ok;ok;trend=decreasing;means=21.26,21.21,21.07,21.02;sigma=0.9954;mode=forecast_bucket;p=0.112;market_p=0.480;ticker=KXHIGHNY-26JAN29-B21.5;ask=48"
2026-01-29T07:00:02.872124-05:00,prod,2026-01-29,il,KXHIGHCHI,KXHIGHCHI-26JAN29,16.5178,2.6267,0.2268,skip,effective_confidence<0.75
2026-01-29T07:00:02.874563-05:00,prod,2026-01-29,tx,KXHIGHAUS,KXHIGHAUS-26JAN29,68.3333,1.0190,0.7345,skip,effective_confidence<0.75
2026-01-29T07:00:03.227521-05:00,prod,2026-01-29,fl,KXHIGHMIA,KXHIGHMIA-26JAN29,69.9871,1.2546,0.8250,trade,"low_ask_depth(1<25);intraday_ok;ok;trend=increasing;means=69.87,69.93,69.97,69.99;sigma=1.2546;mode=forecast_bucket;p=0.116;market_p=0.550;ticker=KXHIGHMIA-26JAN29-B70.5;ask=55"
2026-01-29T21:07:35.113627-05:00,prod,2026-01-30,ny,KXHIGHNY,KXHIGHNY-26JAN30,16.2475,1.8861,0.6696,skip,effective_confidence<0.75
2026-01-29T21:07:35.845909-05:00,prod,2026-01-30,il,KXHIGHCHI,KXHIGHCHI-26JAN30,18.8208,1.1921,0.7875,trade,"low_ask_depth(9<25);intraday_soft;non_monotonic;means=17.91,18.09,18.58,18.39;mode=forecast_bucket;p=0.085;market_p=0.430;ticker=KXHIGHCHI-26JAN30-B18.5;ask=43"
2026-01-29T21:07:35.853821-05:00,prod,2026-01-30,tx,KXHIGHAUS,KXHIGHAUS-26JAN30,54.3050,4.3892,0.0000,skip,effective_confidence<0.75
2026-01-29T21:07:35.856691-05:00,prod,2026-01-30,fl,KXHIGHMIA,KXHIGHMIA-26JAN30,69.2640,3.1191,0.0000,skip,effective_confidence<0.75
2026-01-30T07:00:04.476617-05:00,prod,2026-01-30,ny,KXHIGHNY,KXHIGHNY-26JAN30,15.5833,1.6533,0.8347,trade,"low_ask_depth(5<25);intraday_soft;non_monotonic;means=15.99,15.62,15.52,15.58;mode=forecast_bucket;p=0.114;market_p=0.190;ticker=KXHIGHNY-26JAN30-B15.5;ask=19"
2026-01-30T07:00:06.028830-05:00,prod,2026-01-30,il,KXHIGHCHI,KXHIGHCHI-26JAN30,19.0900,0.6035,0.7469,skip,effective_confidence<0.75
2026-01-30T07:00:06.031880-05:00,prod,2026-01-30,tx,KXHIGHAUS,KXHIGHAUS-26JAN30,55.2959,4.4198,0.0000,skip,effective_confidence<0.75
2026-01-30T07:00:06.034508-05:00,prod,2026-01-30,fl,KXHIGHMIA,KXHIGHMIA-26JAN30,69.9528,2.3592,0.3708,skip,effective_confidence<0.75
2026-01-31T07:00:28.683335-05:00,prod,2026-01-31,ny,KXHIGHNY,KXHIGHNY-26JAN31,21.1900,2.1729,0.5095,skip,effective_confidence<0.75
2026-01-31T07:00:29.867733-05:00,prod,2026-01-31,il,KXHIGHCHI,KXHIGHCHI-26JAN31,24.9635,0.6112,0.7587,trade,"intraday_ok;ok;trend=increasing;means=24.60,24.81,24.95,24.96;sigma=0.6112;mode=forecast_bucket;p=0.092;market_p=0.530;ticker=KXHIGHCHI-26JAN31-B24.5;ask=53"
2026-01-31T07:00:31.248344-05:00,prod,2026-01-31,tx,KXHIGHAUS,KXHIGHAUS-26JAN31,44.6509,3.0712,0.0000,skip,effective_confidence<0.75
2026-01-31T07:00:32.453211-05:00,prod,2026-01-31,fl,KXHIGHMIA,KXHIGHMIA-26JAN31,64.1693,1.2326,0.7722,trade,"low_ask_depth(12<25);intraday_soft;non_monotonic;means=64.36,64.11,63.83,64.17;mode=forecast_bucket;p=0.127;market_p=0.270;ticker=KXHIGHMIA-26JAN31-B64.5;ask=27"
2026-01-31T22:41:39.456946-05:00,prod,2026-02-01,ny,KXHIGHNY,KXHIGHNY-26FEB01,23.4239,1.1332,0.8160,trade,"low_ask_depth(5<25);intraday_soft;non_monotonic;means=23.53,23.25,23.43,23.41;mode=forecast_bucket;p=0.117;market_p=0.100;ticker=KXHIGHNY-26FEB01-B22.5;ask=10"
2026-01-31T22:41:39.460701-05:00,prod,2026-02-01,il,KXHIGHCHI,KXHIGHCHI-26FEB01,26.1302,0.9190,0.7456,skip,effective_confidence<0.75
2026-01-31T22:41:39.461521-05:00,prod,2026-02-01,tx,KXHIGHAUS,KXHIGHAUS-26FEB01,57.8982,0.6938,0.6393,skip,effective_confidence<0.75
2026-01-31T22:41:39.462353-05:00,prod,2026-02-01,fl,KXHIGHMIA,KXHIGHMIA-26FEB01,54.1404,2.7508,0.1432,skip,effective_confidence<0.75
2026-02-01T07:00:03.100071-05:00,prod,2026-02-01,ny,KXHIGHNY,KXHIGHNY-26FEB01,23.2246,1.7101,0.7776,trade,"intraday_ok;ok;trend=increasing;means=22.81,23.07,23.18,23.22;sigma=1.7101;mode=forecast_bucket;p=0.120;market_p=0.220;ticker=KXHIGHNY-26FEB01-B22.5;ask=22"
2026-02-01T07:00:03.455343-05:00,prod,2026-02-01,il,KXHIGHCHI,KXHIGHCHI-26FEB01,26.9549,2.0349,0.5424,skip,effective_confidence<0.75
2026-02-01T07:00:03.456395-05:00,prod,2026-02-01,tx,KXHIGHAUS,KXHIGHAUS-26FEB01,58.5580,1.1829,0.6364,skip,effective_confidence<0.75
2026-02-01T07:00:03.457613-05:00,prod,2026-02-01,fl,KXHIGHMIA,KXHIGHMIA-26FEB01,53.2189,2.7393,0.1473,skip,effective_confidence<0.75
2026-02-02T07:00:02.676730-05:00,prod,2026-02-02,ny,KXHIGHNY,KXHIGHNY-26FEB02,30.1389,0.9094,0.7975,trade,"intraday_ok;ok;trend=decreasing;means=30.15,30.15,30.14,30.14;sigma=0.9094;mode=forecast_bucket;p=0.126;market_p=0.180;ticker=KXHIGHNY-26FEB02-B29.5;ask=18"
2026-02-02T07:00:02.945247-05:00,prod,2026-02-02,il,KXHIGHCHI,KXHIGHCHI-26FEB02,28.6172,0.9029,0.7418,skip,effective_confidence<0.75
2026-02-02T07:00:02.947501-05:00,prod,2026-02-02,tx,KXHIGHAUS,KXHIGHAUS-26FEB02,68.7194,1.1331,0.6104,skip,effective_confidence<0.75
2026-02-02T07:00:02.949816-05:00,prod,2026-02-02,fl,KXHIGHMIA,KXHIGHMIA-26FEB02,58.6891,1.7954,0.6742,skip,effective_confidence<0.75
2026-02-02T19:56:58.608272-05:00,prod,2026-02-02,ny,KXHIGHNY,KXHIGHNY-26FEB02,,,,note,already_traded_live
2026-02-02T19:56:58.611061-05:00,prod,2026-02-02,ny,KXHIGHNY,KXHIGHNY-26FEB02,34.1133,0.6135,0.7453,skip,effective_confidence<0.75
2026-02-02T19:56:59.113500-05:00,prod,2026-02-02,il,KXHIGHCHI,KXHIGHCHI-26FEB02,27.2817,0.0750,0.7780,trade,"low_ask_depth(5<25);intraday_soft;non_monotonic;means=27.32,27.32,27.10,27.28;mode=forecast_bucket;p=0.106;market_p=1.000;ticker=KXHIGHCHI-26FEB02-B27.5;ask=100"
2026-02-02T19:56:59.115540-05:00,prod,2026-02-02,tx,KXHIGHAUS,KXHIGHAUS-26FEB02,68.6579,0.0000,0.6525,skip,effective_confidence<0.75
2026-02-02T19:56:59.116350-05:00,prod,2026-02-02,fl,KXHIGHMIA,KXHIGHMIA-26FEB02,57.3320,0.7500,0.7249,skip,effective_confidence<0.75
2026-02-02T19:57:45.747512-05:00,prod,2026-02-02,ny,KXHIGHNY,KXHIGHNY-26FEB02,,,,note,already_traded_live
2026-02-02T19:57:45.749228-05:00,prod,2026-02-02,ny,KXHIGHNY,KXHIGHNY-26FEB02,34.1133,0.6135,0.7453,skip,effective_confidence<0.75
2026-02-02T19:57:46.424654-05:00,prod,2026-02-02,il,KXHIGHCHI,KXHIGHCHI-26FEB02,27.2817,0.0750,0.7780,trade,"low_ask_depth(5<25);intraday_soft;non_monotonic;means=27.32,27.32,27.10,27.28;mode=forecast_bucket;p=0.106;market_p=1.000;ticker=KXHIGHCHI-26FEB02-B27.5;ask=100"
2026-02-02T19:57:46.428645-05:00,prod,2026-02-02,tx,KXHIGHAUS,KXHIGHAUS-26FEB02,68.6579,0.0000,0.6525,skip,effective_confidence<0.75
2026-02-02T19:57:46.429801-05:00,prod,2026-02-02,fl,KXHIGHMIA,KXHIGHMIA-26FEB02,57.3320,0.7500,0.7249,skip,effective_confidence<0.75
2026-02-03T13:00:05.388998-05:00,prod,2026-02-03,ny,KXHIGHNY,KXHIGHNY-26FEB03,34.5090,0.0000,0.5988,skip,effective_confidence<0.75
2026-02-03T13:00:05.390898-05:00,prod,2026-02-03,fl,KXHIGHMIA,KXHIGHMIA-26FEB03,64.2431,2.9000,0.0534,skip,effective_confidence<0.75
2026-02-03T14:00:37.957739-05:00,prod,2026-02-03,il,KXHIGHCHI,KXHIGHCHI-26FEB03,27.8050,0.4900,0.7343,skip,effective_confidence<0.75
2026-02-03T14:00:37.969692-05:00,prod,2026-02-03,tx,KXHIGHAUS,KXHIGHAUS-26FEB03,72.2981,0.9750,0.6426,skip,effective_confidence<0.75
2026-02-04T13:00:03.267068-05:00,prod,2026-02-04,ny,KXHIGHNY,KXHIGHNY-26FEB04,32.3579,0.0000,0.6297,skip,effective_confidence<0.75
2026-02-04T13:00:03.268639-05:00,prod,2026-02-04,fl,KXHIGHMIA,KXHIGHMIA-26FEB04,72.3507,0.0000,0.7296,skip,effective_confidence<0.75
2026-02-04T14:00:29.863843-05:00,prod,2026-02-04,il,KXHIGHCHI,KXHIGHCHI-26FEB04,26.3371,0.2900,0.7551,trade,"intraday_ok;ok;trend=decreasing;means=26.47,26.47,26.34,26.34;sigma=0.2900;mode=forecast_bucket;p=0.113;market_p=0.730;ticker=KXHIGHCHI-26FEB04-B25.5;ask=73"
2026-02-04T14:00:30.128581-05:00,prod,2026-02-04,tx,KXHIGHAUS,KXHIGHAUS-26FEB04,64.2209,0.0000,0.6479,skip,effective_confidence<0.75
2026-02-05T13:00:07.051238-05:00,prod,2026-02-05,ny,KXHIGHNY,KXHIGHNY-26FEB05,29.0735,0.0400,0.7031,skip,effective_confidence<0.75
2026-02-05T13:00:07.053798-05:00,prod,2026-02-05,fl,KXHIGHMIA,KXHIGHMIA-26FEB05,72.9680,0.0000,0.7205,skip,effective_confidence<0.75
2026-02-05T14:00:24.936456-05:00,prod,2026-02-05,il,KXHIGHCHI,KXHIGHCHI-26FEB05,29.1242,0.8000,0.7835,trade,"low_ask_depth(12<25);intraday_ok;ok;trend=increasing;means=28.74,28.74,29.06,29.12;sigma=0.8000;mode=forecast_bucket;p=0.121;market_p=0.720;ticker=KXHIGHCHI-26FEB05-B29.5;ask=72"
2026-02-05T14:00:25.294101-05:00,prod,2026-02-05,tx,KXHIGHAUS,KXHIGHAUS-26FEB05,68.5348,0.0000,0.7036,skip,effective_confidence<0.75
2026-02-06T13:00:06.892740-05:00,prod,2026-02-06,ny,KXHIGHNY,KXHIGHNY-26FEB06,30.6745,0.3350,0.6890,skip,effective_confidence<0.75
2026-02-06T13:00:06.894795-05:00,prod,2026-02-06,fl,KXHIGHMIA,KXHIGHMIA-26FEB06,66.1615,0.0000,0.7199,skip,effective_confidence<0.75
2026-02-06T14:00:08.173606-05:00,prod,2026-02-06,il,KXHIGHCHI,KXHIGHCHI-26FEB06,38.1793,1.3225,0.7912,trade,"intraday_ok;ok;trend=increasing;means=38.09,38.18,38.18,38.18;sigma=1.3225;mode=forecast_bucket;p=0.124;market_p=0.890;ticker=KXHIGHCHI-26FEB06-B37.5;ask=89"
2026-02-06T14:00:08.442965-05:00,prod,2026-02-06,tx,KXHIGHAUS,KXHIGHAUS-26FEB06,80.2882,0.1350,0.7011,skip,effective_confidence<0.75
2026-02-07T13:00:04.528270-05:00,prod,2026-02-07,ny,KXHIGHNY,KXHIGHNY-26FEB07,26.3153,1.1390,0.7100,skip,effective_confidence<0.75
2026-02-07T13:00:04.532479-05:00,prod,2026-02-07,fl,KXHIGHMIA,KXHIGHMIA-26FEB07,74.4262,0.0000,0.6888,skip,effective_confidence<0.75
2026-02-07T14:00:05.835604-05:00,prod,2026-02-07,il,KXHIGHCHI,KXHIGHCHI-26FEB07,27.3913,2.7892,0.1237,skip,effective_confidence<0.75
2026-02-07T14:00:05.839484-05:00,prod,2026-02-07,tx,KXHIGHAUS,KXHIGHAUS-26FEB07,80.7279,0.2900,0.7253,skip,effective_confidence<0.75
2026-02-08T13:00:06.221449-05:00,prod,2026-02-08,ny,KXHIGHNY,KXHIGHNY-26FEB08,16.1655,0.1500,0.6987,skip,effective_confidence<0.75
2026-02-08T13:00:06.224330-05:00,prod,2026-02-08,fl,KXHIGHMIA,KXHIGHMIA-26FEB08,71.6841,0.0000,0.5671,skip,effective_confidence<0.75
2026-02-08T14:00:06.257710-05:00,prod,2026-02-08,il,KXHIGHCHI,KXHIGHCHI-26FEB08,30.9845,0.0300,0.7891,trade,"low_ask_depth(1<25);intraday_ok;ok;trend=increasing;means=30.97,30.98,30.98,30.98;sigma=0.0300;mode=forecast_bucket;p=0.133;market_p=0.640;ticker=KXHIGHCHI-26FEB08-B30.5;ask=64"
2026-02-08T14:00:06.845451-05:00,prod,2026-02-08,tx,KXHIGHAUS,KXHIGHAUS-26FEB08,78.4871,0.0000,0.7522,trade,"intraday_ok;ok;trend=decreasing;means=78.49,78.49,78.49,78.49;sigma=0.0000;mode=forecast_bucket;p=0.240;market_p=0.220;ticker=KXHIGHAUS-26FEB08-B78.5;ask=22"
2026-02-09T13:00:03.523443-05:00,prod,2026-02-09,ny,KXHIGHNY,KXHIGHNY-26FEB09,28.4778,0.6000,0.7084,skip,effective_confidence<0.75
2026-02-09T13:00:03.525843-05:00,prod,2026-02-09,fl,KXHIGHMIA,KXHIGHMIA-26FEB09,73.0459,0.0000,0.5383,skip,effective_confidence<0.75
2026-02-09T14:00:07.365957-05:00,prod,2026-02-09,il,KXHIGHCHI,KXHIGHCHI-26FEB09,38.2176,1.2950,0.7753,trade,"low_ask_depth(2<25);intraday_ok;ok;trend=decreasing;means=38.56,38.51,38.22,38.22;sigma=1.2950;mode=forecast_bucket;p=0.140;market_p=0.600;ticker=KXHIGHCHI-26FEB09-B38.5;ask=60"
2026-02-09T14:00:09.966552-05:00,prod,2026-02-09,tx,KXHIGHAUS,KXHIGHAUS-26FEB09,82.6214,0.0000,0.7593,trade,"intraday_ok;ok;trend=decreasing;means=82.71,82.62,82.62,82.62;sigma=0.0000;mode=forecast_bucket;p=0.214;market_p=0.060;ticker=KXHIGHAUS-26FEB09-B83.5;ask=6"
2026-02-10T13:00:37.690825-05:00,prod,2026-02-10,ny,KXHIGHNY,KXHIGHNY-26FEB10,33.7552,0.0000,0.7141,skip,effective_confidence<0.75
2026-02-10T13:00:37.693851-05:00,prod,2026-02-10,fl,KXHIGHMIA,KXHIGHMIA-26FEB10,74.1059,0.0000,0.5254,skip,effective_confidence<0.75
2026-02-10T14:00:02.761325-05:00,prod,2026-02-10,il,KXHIGHCHI,KXHIGHCHI-26FEB10,45.6142,0.0000,0.7212,skip,effective_confidence<0.75
2026-02-10T14:00:02.763821-05:00,prod,2026-02-10,tx,KXHIGHAUS,KXHIGHAUS-26FEB10,76.3737,1.5700,0.6914,skip,effective_confidence<0.75
2026-02-11T13:00:02.730427-05:00,prod,2026-02-11,ny,KXHIGHNY,KXHIGHNY-26FEB11,41.0147,0.2061,0.7310,skip,effective_confidence<0.75
2026-02-11T13:00:02.732987-05:00,prod,2026-02-11,fl,KXHIGHMIA,KXHIGHMIA-26FEB11,74.9796,0.0000,0.5506,skip,effective_confidence<0.75
2026-02-11T14:00:06.807417-05:00,prod,2026-02-11,il,KXHIGHCHI,KXHIGHCHI-26FEB11,40.8168,0.2450,0.6924,skip,effective_confidence<0.75
2026-02-11T14:00:06.809638-05:00,prod,2026-02-11,tx,KXHIGHAUS,KXHIGHAUS-26FEB11,74.2227,1.4800,0.6504,skip,effective_confidence<0.75
2026-02-12T13:00:02.232664-05:00,prod,2026-02-12,ny,KXHIGHNY,KXHIGHNY-26FEB12,34.9947,0.3432,0.7287,skip,effective_confidence<0.75
2026-02-12T13:00:02.235641-05:00,prod,2026-02-12,fl,KXHIGHMIA,KXHIGHMIA-26FEB12,75.9623,0.0000,0.5863,skip,effective_confidence<0.75
2026-02-12T14:00:12.650131-05:00,prod,2026-02-12,il,KXHIGHCHI,KXHIGHCHI-26FEB12,38.2987,0.0000,0.6447,skip,effective_confidence<0.75
2026-02-12T14:00:12.652409-05:00,prod,2026-02-12,tx,KXHIGHAUS,KXHIGHAUS-26FEB12,79.3407,1.8450,0.5642,skip,effective_confidence<0.75
2026-02-13T13:00:43.608153-05:00,prod,2026-02-13,ny,KXHIGHNY,KXHIGHNY-26FEB13,37.9747,2.0400,0.5942,skip,effective_confidence<0.75
2026-02-13T13:00:43.610280-05:00,prod,2026-02-13,fl,KXHIGHMIA,KXHIGHMIA-26FEB13,76.1996,0.0000,0.5533,skip,effective_confidence<0.75
2026-02-13T14:00:06.881551-05:00,prod,2026-02-13,il,KXHIGHCHI,KXHIGHCHI-26FEB13,51.6433,0.0000,0.6504,skip,effective_confidence<0.75
2026-02-13T14:00:06.883999-05:00,prod,2026-02-13,tx,KXHIGHAUS,KXHIGHAUS-26FEB13,80.6882,0.0000,0.6238,skip,effective_confidence<0.75
2026-02-14T13:00:03.338072-05:00,prod,2026-02-14,ny,KXHIGHNY,KXHIGHNY-26FEB14,44.7814,0.0000,0.6642,skip,effective_confidence<0.75
2026-02-14T13:00:03.341620-05:00,prod,2026-02-14,fl,KXHIGHMIA,KXHIGHMIA-26FEB14,76.7047,0.0000,0.5558,skip,effective_confidence<0.75
2026-02-14T14:00:09.058798-05:00,prod,2026-02-14,il,KXHIGHCHI,KXHIGHCHI-26FEB14,52.2903,0.0000,0.6378,skip,effective_confidence<0.75
2026-02-14T14:00:09.152130-05:00,prod,2026-02-14,tx,KXHIGHAUS,KXHIGHAUS-26FEB14,73.1965,1.4800,0.6834,skip,effective_confidence<0.75
2026-02-15T13:00:33.078026-05:00,prod,2026-02-15,ny,KXHIGHNY,KXHIGHNY-26FEB15,41.1057,0.0000,0.6479,skip,effective_confidence<0.75
2026-02-15T13:00:33.080420-05:00,prod,2026-02-15,fl,KXHIGHMIA,KXHIGHMIA-26FEB15,79.1141,0.0000,0.5744,skip,effective_confidence<0.75
2026-02-15T14:00:04.755470-05:00,prod,2026-02-15,il,KXHIGHCHI,KXHIGHCHI-26FEB15,56.9143,0.9500,0.6893,skip,effective_confidence<0.75
2026-02-15T14:00:04.757909-05:00,prod,2026-02-15,tx,KXHIGHAUS,KXHIGHAUS-26FEB15,70.2386,0.0000,0.7126,skip,effective_confidence<0.75
2026-02-16T13:00:03.097020-05:00,prod,2026-02-16,ny,KXHIGHNY,KXHIGHNY-26FEB16,39.7358,0.0000,0.6629,skip,effective_confidence<0.75
2026-02-16T13:00:03.099148-05:00,prod,2026-02-16,fl,KXHIGHMIA,KXHIGHMIA-26FEB16,79.6969,0.0000,0.6119,skip,effective_confidence<0.75
2026-02-16T14:00:07.085634-05:00,prod,2026-02-16,il,KXHIGHCHI,KXHIGHCHI-26FEB16,63.6404,0.4500,0.6954,skip,effective_confidence<0.75
2026-02-16T14:00:07.086970-05:00,prod,2026-02-16,tx,KXHIGHAUS,KXHIGHAUS-26FEB16,76.6078,0.0000,0.6958,skip,effective_confidence<0.75
2026-02-17T13:00:10.807727-05:00,prod,2026-02-17,ny,KXHIGHNY,KXHIGHNY-26FEB17,46.1866,0.0000,0.7096,skip,effective_confidence<0.75
2026-02-17T13:00:10.809770-05:00,prod,2026-02-17,fl,KXHIGHMIA,KXHIGHMIA-26FEB17,77.2624,0.0000,0.6492,skip,effective_confidence<0.75
2026-02-17T14:00:08.617988-05:00,prod,2026-02-17,il,KXHIGHCHI,KXHIGHCHI-26FEB17,58.5766,2.0000,0.5197,skip,effective_confidence<0.75
2026-02-17T14:00:08.619247-05:00,prod,2026-02-17,tx,KXHIGHAUS,KXHIGHAUS-26FEB17,81.4351,0.0600,0.7383,skip,effective_confidence<0.75
2026-02-18T13:00:02.990853-05:00,prod,2026-02-18,ny,KXHIGHNY,KXHIGHNY-26FEB18,43.5775,0.0000,0.6594,skip,effective_confidence<0.75
2026-02-18T13:00:02.993151-05:00,prod,2026-02-18,fl,KXHIGHMIA,KXHIGHMIA-26FEB18,78.4226,0.0000,0.6172,skip,effective_confidence<0.75
2026-02-18T14:00:06.824947-05:00,prod,2026-02-18,il,KXHIGHCHI,KXHIGHCHI-26FEB18,63.7382,1.4500,0.6956,skip,effective_confidence<0.75
2026-02-18T14:00:07.173081-05:00,prod,2026-02-18,tx,KXHIGHAUS,KXHIGHAUS-26FEB18,81.8360,0.0000,0.7649,trade,"intraday_soft;non_monotonic;means=82.79,81.35,81.84,81.84;mode=forecast_bucket;p=0.287;market_p=0.430;ticker=KXHIGHAUS-26FEB18-B81.5;ask=43"
2026-02-19T13:00:02.927211-05:00,prod,2026-02-19,ny,KXHIGHNY,KXHIGHNY-26FEB19,41.9054,0.0000,0.6893,skip,effective_confidence<0.75
2026-02-19T13:00:02.929830-05:00,prod,2026-02-19,fl,KXHIGHMIA,KXHIGHMIA-26FEB19,79.3764,0.0000,0.5932,skip,effective_confidence<0.75
2026-02-19T14:00:05.537577-05:00,prod,2026-02-19,il,KXHIGHCHI,KXHIGHCHI-26FEB19,57.0754,0.0000,0.7205,skip,effective_confidence<0.75
2026-02-19T14:00:05.539465-05:00,prod,2026-02-19,tx,KXHIGHAUS,KXHIGHAUS-26FEB19,85.0009,0.0000,0.7051,skip,effective_confidence<0.75
2026-02-21T13:00:30.104042-05:00,prod,2026-02-21,ny,KXHIGHNY,KXHIGHNY-26FEB21,45.1794,0.4572,0.7915,trade,"low_ask_depth(9<25);intraday_ok;ok;trend=decreasing;means=45.46,45.29,45.18,45.18;sigma=0.4572;mode=forecast_bucket;p=0.234;market_p=0.860;ticker=KXHIGHNY-26FEB21-B45.5;ask=86"
2026-02-21T13:00:31.485636-05:00,prod,2026-02-21,fl,KXHIGHMIA,KXHIGHMIA-26FEB21,81.3963,0.0000,0.6846,skip,effective_confidence<0.75
2026-02-21T14:00:50.492142-05:00,prod,2026-02-21,il,KXHIGHCHI,KXHIGHCHI-26FEB21,33.2431,1.0000,0.7700,trade,"intraday_soft;non_monotonic;means=33.39,33.39,33.24,33.30;mode=forecast_bucket;p=0.639;market_p=0.980;ticker=KXHIGHCHI-26FEB21-T35;ask=98"
2026-02-21T14:00:51.217189-05:00,prod,2026-02-21,tx,KXHIGHAUS,KXHIGHAUS-26FEB21,73.0834,0.0000,0.7559,trade,"intraday_ok;ok;trend=increasing;means=72.94,72.94,73.08,73.08;sigma=0.0000;mode=forecast_bucket;p=0.293;market_p=0.970;ticker=KXHIGHAUS-26FEB21-B73.5;ask=97"
2026-02-22T13:00:27.047951-05:00,prod,2026-02-22,ny,KXHIGHNY,KXHIGHNY-26FEB22,39.9441,2.6115,0.2292,skip,effective_confidence<0.75
2026-02-22T13:00:27.049907-05:00,prod,2026-02-22,fl,KXHIGHMIA,KXHIGHMIA-26FEB22,83.9636,0.0000,0.6838,skip,effective_confidence<0.75
2026-02-22T14:00:21.127382-05:00,prod,2026-02-22,il,KXHIGHCHI,KXHIGHCHI-26FEB22,28.2877,0.5000,0.7566,trade,"low_ask_depth(22<25);intraday_ok;ok;trend=decreasing;means=28.29,28.29,28.29,28.29;sigma=0.5000;mode=forecast_bucket;p=0.187;market_p=0.510;ticker=KXHIGHCHI-26FEB22-B28.5;ask=51"
2026-02-22T14:00:21.394349-05:00,prod,2026-02-22,tx,KXHIGHAUS,KXHIGHAUS-26FEB22,61.9194,1.5350,0.7377,skip,effective_confidence<0.75
2026-02-23T13:00:20.546649-05:00,prod,2026-02-23,ny,KXHIGHNY,KXHIGHNY-26FEB23,34.6096,0.9975,0.8070,trade,"intraday_ok;ok;trend=decreasing;means=34.87,34.69,34.61,34.61;sigma=0.9975;mode=forecast_bucket;p=0.210;market_p=0.240;ticker=KXHIGHNY-26FEB23-B35.5;ask=24"
2026-02-23T13:00:21.360834-05:00,prod,2026-02-23,fl,KXHIGHMIA,KXHIGHMIA-26FEB23,64.2129,0.0000,0.6599,skip,effective_confidence<0.75
2026-02-23T14:00:49.095611-05:00,prod,2026-02-23,il,KXHIGHCHI,KXHIGHCHI-26FEB23,28.1233,0.2500,0.7620,trade,"intraday_ok;ok;trend=increasing;means=28.06,28.06,28.12,28.12;sigma=0.2500;mode=forecast_bucket;p=0.187;market_p=0.550;ticker=KXHIGHCHI-26FEB23-B28.5;ask=55"
2026-02-23T14:00:49.421568-05:00,prod,2026-02-23,tx,KXHIGHAUS,KXHIGHAUS-26FEB23,64.5590,0.4600,0.7430,skip,effective_confidence<0.75
2026-02-24T13:00:54.727151-05:00,prod,2026-02-24,ny,KXHIGHNY,KXHIGHNY-26FEB24,30.8508,2.1577,0.5112,skip,effective_confidence<0.75
2026-02-24T13:00:54.729567-05:00,prod,2026-02-24,fl,KXHIGHMIA,KXHIGHMIA-26FEB24,64.0306,0.0000,0.6058,skip,effective_confidence<0.75
2026-02-24T14:00:13.547190-05:00,prod,2026-02-24,il,KXHIGHCHI,KXHIGHCHI-26FEB24,41.2999,0.7000,0.7620,trade,"low_ask_depth(17<25);intraday_soft;non_monotonic;means=41.30,41.30,41.30,41.30;mode=forecast_bucket;p=0.174;market_p=0.280;ticker=KXHIGHCHI-26FEB24-B40.5;ask=28"
2026-02-24T14:00:13.820361-05:00,prod,2026-02-24,tx,KXHIGHAUS,KXHIGHAUS-26FEB24,73.8814,1.5150,0.7476,skip,effective_confidence<0.75
2026-02-25T13:00:24.814292-05:00,prod,2026-02-25,ny,KXHIGHNY,KXHIGHNY-26FEB25,39.7121,0.3577,0.8215,trade,"low_ask_depth(3<25);intraday_ok;ok;trend=decreasing;means=39.74,39.73,39.71,39.71;sigma=0.3577;mode=forecast_bucket;p=0.266;market_p=0.270;ticker=KXHIGHNY-26FEB25-B39.5;ask=27"
2026-02-25T13:00:25.615292-05:00,prod,2026-02-25,fl,KXHIGHMIA,KXHIGHMIA-26FEB25,72.0033,0.0000,0.6360,skip,effective_confidence<0.75
2026-02-25T14:00:14.447281-05:00,prod,2026-02-25,il,KXHIGHCHI,KXHIGHCHI-26FEB25,35.7832,0.0000,0.7486,skip,effective_confidence<0.75
2026-02-25T14:00:14.449060-05:00,prod,2026-02-25,tx,KXHIGHAUS,KXHIGHAUS-26FEB25,86.5653,0.8000,0.7459,skip,effective_confidence<0.75
2026-02-26T13:00:13.986586-05:00,prod,2026-02-26,ny,KXHIGHNY,KXHIGHNY-26FEB26,41.8985,1.0854,0.8140,trade,"intraday_ok;ok;trend=increasing;means=41.39,41.74,41.90,41.90;sigma=1.0854;mode=forecast_bucket;p=0.308;market_p=0.010;ticker=KXHIGHNY-26FEB26-B42.5;ask=1"
2026-02-26T13:00:14.297093-05:00,prod,2026-02-26,fl,KXHIGHMIA,KXHIGHMIA-26FEB26,77.5225,0.0000,0.6348,skip,effective_confidence<0.75
2026-02-26T14:00:12.691504-05:00,prod,2026-02-26,il,KXHIGHCHI,KXHIGHCHI-26FEB26,43.4855,0.6000,0.7538,trade,"intraday_soft;non_monotonic;means=42.92,43.62,43.49,43.49;mode=forecast_bucket;p=0.239;market_p=0.520;ticker=KXHIGHCHI-26FEB26-B42.5;ask=52"
2026-02-26T14:00:12.846480-05:00,prod,2026-02-26,tx,KXHIGHAUS,KXHIGHAUS-26FEB26,85.6305,2.4157,0.3367,skip,effective_confidence<0.75
2026-02-27T13:00:18.748546-05:00,prod,2026-02-27,ny,KXHIGHNY,KXHIGHNY-26FEB27,40.5435,0.0000,0.6835,skip,effective_confidence<0.75
2026-02-27T13:00:18.750369-05:00,prod,2026-02-27,fl,KXHIGHMIA,KXHIGHMIA-26FEB27,81.3652,0.0000,0.6351,skip,effective_confidence<0.75
2026-02-27T14:00:45.156995-05:00,prod,2026-02-27,il,KXHIGHCHI,KXHIGHCHI-26FEB27,61.9106,0.0000,0.7375,skip,effective_confidence<0.75
2026-02-27T14:00:45.567414-05:00,prod,2026-02-27,tx,KXHIGHAUS,KXHIGHAUS-26FEB27,85.7373,0.2858,0.7816,trade,"low_ask_depth(5<25);intraday_ok;ok;trend=increasing;means=85.72,85.72,85.74,85.74;sigma=0.2858;mode=forecast_bucket;p=0.304;market_p=0.240;ticker=KXHIGHAUS-26FEB27-B85.5;ask=24"
2026-02-28T13:00:31.822411-05:00,prod,2026-02-28,ny,KXHIGHNY,KXHIGHNY-26FEB28,49.5619,0.0000,0.7466,skip,effective_confidence<0.75
2026-02-28T13:00:31.824067-05:00,prod,2026-02-28,fl,KXHIGHMIA,KXHIGHMIA-26FEB28,83.5197,0.0000,0.6323,skip,effective_confidence<0.75
2026-02-28T14:00:03.941619-05:00,prod,2026-02-28,il,KXHIGHCHI,KXHIGHCHI-26FEB28,46.4521,0.0000,0.7509,trade,"intraday_ok;ok;trend=increasing;means=46.45,46.45,46.45,47.24;sigma=0.0000;mode=forecast_bucket;p=0.250;market_p=0.010;ticker=KXHIGHCHI-26FEB28-B45.5;ask=1"
2026-02-28T14:00:04.802637-05:00,prod,2026-02-28,tx,KXHIGHAUS,KXHIGHAUS-26FEB28,84.9270,0.5500,0.7809,trade,"low_ask_depth(15<25);intraday_soft;non_monotonic;means=84.93,84.93,84.93,84.93;mode=forecast_bucket;p=0.319;market_p=0.130;ticker=KXHIGHAUS-26FEB28-B84.5;ask=13"
2026-03-01T13:00:04.967862-05:00,prod,2026-03-01,ny,KXHIGHNY,KXHIGHNY-26MAR01,42.0096,0.0000,0.7512,skip,count_zero_after_caps;yes_ask=89;budget_cap=0
2026-03-01T13:00:04.973730-05:00,prod,2026-03-01,fl,KXHIGHMIA,KXHIGHMIA-26MAR01,80.7612,0.0000,0.6749,skip,effective_confidence<0.75
2026-03-01T14:00:06.863290-05:00,prod,2026-03-01,il,KXHIGHCHI,KXHIGHCHI-26MAR01,32.9249,0.0000,0.6871,skip,effective_confidence<0.75
2026-03-01T14:00:06.865512-05:00,prod,2026-03-01,tx,KXHIGHAUS,KXHIGHAUS-26MAR01,83.7300,0.0000,0.7331,skip,effective_confidence<0.75
2026-03-02T13:00:30.315184-05:00,prod,2026-03-02,ny,KXHIGHNY,KXHIGHNY-26MAR02,34.1886,1.9750,0.6651,skip,effective_confidence<0.75
2026-03-02T13:00:30.317901-05:00,prod,2026-03-02,fl,KXHIGHMIA,KXHIGHMIA-26MAR02,80.0267,0.0000,0.6976,skip,effective_confidence<0.75
2026-03-02T14:00:18.001629-05:00,prod,2026-03-02,il,KXHIGHCHI,KXHIGHCHI-26MAR02,43.0527,0.0000,0.6923,skip,effective_confidence<0.75
2026-03-02T14:00:18.308631-05:00,prod,2026-03-02,tx,KXHIGHAUS,KXHIGHAUS-26MAR02,82.7544,0.0000,0.7563,trade,"intraday_ok;ok;trend=increasing;means=82.54,82.54,82.75,82.91;sigma=0.0000;mode=forecast_bucket;p=0.439;market_p=0.120;ticker=KXHIGHAUS-26MAR02-B82.5;ask=12"
2026-03-03T13:01:14.555335-05:00,prod,2026-03-03,ny,KXHIGHNY,KXHIGHNY-26MAR03,37.8438,1.9319,0.6761,skip,count_zero_after_caps;yes_ask=68;budget_cap=0
2026-03-03T13:01:15.256054-05:00,prod,2026-03-03,fl,KXHIGHMIA,KXHIGHMIA-26MAR03,80.8670,1.7635,0.7216,trade,"intraday_ok;ok;trend=increasing;means=80.48,80.48,80.87,80.87;sigma=1.7635;mode=forecast_bucket;p=0.219;market_p=0.010;ticker=KXHIGHMIA-26MAR03-B80.5;ask=1"
2026-03-03T14:00:12.642653-05:00,prod,2026-03-03,il,KXHIGHCHI,KXHIGHCHI-26MAR03,40.2961,3.4120,0.0773,skip,effective_confidence<0.6
2026-03-03T14:00:13.289180-05:00,prod,2026-03-03,tx,KXHIGHAUS,KXHIGHAUS-26MAR03,87.7331,1.6165,0.7291,trade,"low_ask_depth(23<25);intraday_soft;non_monotonic;means=87.73,87.73,87.73,87.73;mode=forecast_bucket;p=0.240;market_p=0.350;ticker=KXHIGHAUS-26MAR03-B87.5;ask=35"
2026-03-04T13:01:39.085501-05:00,prod,2026-03-04,ny,KXHIGHNY,KXHIGHNY-26MAR04,48.7648,2.2176,0.4458,skip,effective_confidence<0.6
2026-03-04T13:01:39.538890-05:00,prod,2026-03-04,fl,KXHIGHMIA,KXHIGHMIA-26MAR04,80.6021,0.0000,0.7147,trade,"low_ask_depth(6<25);intraday_ok;ok;trend=increasing;means=80.22,80.22,80.60,80.60;sigma=0.0000;mode=forecast_bucket;p=0.266;market_p=0.840;ticker=KXHIGHMIA-26MAR04-B81.5;ask=84"
2026-03-04T14:00:04.939816-05:00,prod,2026-03-04,il,KXHIGHCHI,KXHIGHCHI-26MAR04,45.7027,2.6086,0.2767,skip,effective_confidence<0.6
2026-03-04T14:00:04.942834-05:00,prod,2026-03-04,tx,KXHIGHAUS,KXHIGHAUS-26MAR04,84.4637,2.8069,0.1934,skip,effective_confidence<0.6
2026-03-05T13:00:03.990042-05:00,prod,2026-03-05,ny,KXHIGHNY,KXHIGHNY-26MAR05,44.5269,2.3034,0.4021,skip,effective_confidence<0.6
2026-03-05T13:00:04.522217-05:00,prod,2026-03-05,fl,KXHIGHMIA,KXHIGHMIA-26MAR05,81.5274,0.1000,0.7122,trade,"intraday_ok;ok;trend=increasing;means=80.90,81.50,81.53,81.53;sigma=0.1000;mode=forecast_bucket;p=0.248;market_p=0.930;ticker=KXHIGHMIA-26MAR05-B82.5;ask=93"
2026-03-05T14:00:17.269113-05:00,prod,2026-03-05,il,KXHIGHCHI,KXHIGHCHI-26MAR05,45.2716,2.8142,0.1721,skip,effective_confidence<0.6
2026-03-05T14:00:17.715929-05:00,prod,2026-03-05,tx,KXHIGHAUS,KXHIGHAUS-26MAR05,84.5021,0.0000,0.7621,trade,"intraday_ok;ok;trend=increasing;means=84.39,84.47,84.50,84.50;sigma=0.0000;mode=forecast_bucket;p=0.242;market_p=0.460;ticker=KXHIGHAUS-26MAR05-B85.5;ask=46"
2026-03-06T13:02:43.046073-05:00,prod,2026-03-06,ny,KXHIGHNY,KXHIGHNY-26MAR06,42.5236,0.4750,0.7391,trade,"intraday_ok;ok;trend=increasing;means=42.07,42.07,42.52,42.65;sigma=0.4750;mode=forecast_bucket;p=0.235;market_p=0.240;ticker=KXHIGHNY-26MAR06-B43.5;ask=24"
2026-03-06T13:02:43.800000-05:00,prod,2026-03-06,fl,KXHIGHMIA,KXHIGHMIA-26MAR06,82.3213,0.2000,0.7144,skip,market_disagrees;yes_ask=1<min_yes_ask=2
2026-03-06T14:00:04.529407-05:00,prod,2026-03-06,il,KXHIGHCHI,KXHIGHCHI-26MAR06,68.8485,4.2757,0.0789,skip,effective_confidence<0.6
2026-03-06T14:00:04.531689-05:00,prod,2026-03-06,tx,KXHIGHAUS,KXHIGHAUS-26MAR06,83.9049,2.1205,0.5787,skip,effective_confidence<0.6
2026-03-07T13:01:19.312685-05:00,prod,2026-03-07,ny,KXHIGHNY,KXHIGHNY-26MAR07,47.3137,1.5568,0.7815,trade,"low_ask_depth(3<25);intraday_ok;ok;trend=decreasing;means=48.19,47.31,47.31,47.31;sigma=1.5568;mode=forecast_bucket;p=0.861;market_p=0.160;ticker=KXHIGHNY-26MAR07-T50;ask=16"
2026-03-07T13:01:19.950604-05:00,prod,2026-03-07,fl,KXHIGHMIA,KXHIGHMIA-26MAR07,81.7315,1.6107,0.7170,trade,"low_ask_depth(4<25);intraday_ok;ok;trend=increasing;means=81.07,81.07,81.73,81.73;sigma=1.6107;mode=forecast_bucket;p=0.218;market_p=0.760;ticker=KXHIGHMIA-26MAR07-B82.5;ask=76"
2026-03-07T14:00:35.267510-05:00,prod,2026-03-07,il,KXHIGHCHI,KXHIGHCHI-26MAR07,62.8657,6.3428,0.0791,skip,effective_confidence<0.6
2026-03-07T14:00:35.269142-05:00,prod,2026-03-07,tx,KXHIGHAUS,KXHIGHAUS-26MAR07,77.4459,2.8680,0.0741,skip,effective_confidence<0.6
2026-03-08T13:01:29.429084-04:00,prod,2026-03-08,ny,KXHIGHNY,KXHIGHNY-26MAR08,65.5754,0.3250,0.7920,trade,"low_ask_depth(1<25);intraday_soft;non_monotonic;means=65.58,65.60,65.58,65.58;mode=forecast_bucket;p=0.261;market_p=0.550;ticker=KXHIGHNY-26MAR08-B66.5;ask=55"
2026-03-08T13:01:29.803103-04:00,prod,2026-03-08,fl,KXHIGHMIA,KXHIGHMIA-26MAR08,83.5491,2.1596,0.5280,skip,effective_confidence<0.6
2026-03-08T14:00:10.146466-04:00,prod,2026-03-08,il,KXHIGHCHI,KXHIGHCHI-26MAR08,61.6092,1.6446,0.7799,trade,"low_ask_depth(12<25);intraday_soft;non_monotonic;means=61.26,61.69,61.61,61.61;mode=forecast_bucket;p=0.238;market_p=0.390;ticker=KXHIGHCHI-26MAR08-B61.5;ask=39"
2026-03-08T14:00:10.895507-04:00,prod,2026-03-08,tx,KXHIGHAUS,KXHIGHAUS-26MAR08,66.0650,2.8500,0.0856,skip,effective_confidence<0.6
2026-03-09T13:00:12.131288-04:00,prod,2026-03-09,ny,KXHIGHNY,KXHIGHNY-26MAR09,69.6974,2.0100,0.5656,skip,effective_confidence<0.6
2026-03-09T13:00:12.685516-04:00,prod,2026-03-09,fl,KXHIGHMIA,KXHIGHMIA-26MAR09,83.2240,1.7520,0.6940,skip,market_disagrees;yes_ask=1<min_yes_ask=2
2026-03-09T14:00:33.559035-04:00,prod,2026-03-09,il,KXHIGHCHI,KXHIGHCHI-26MAR09,73.4483,2.9258,0.1294,skip,effective_confidence<0.6
2026-03-09T14:00:34.571457-04:00,prod,2026-03-09,tx,KXHIGHAUS,KXHIGHAUS-26MAR09,80.1222,2.1111,0.6002,trade,"intraday_soft;non_monotonic;means=81.10,81.10,80.12,80.82;mode=forecast_bucket;p=0.179;market_p=0.150;ticker=KXHIGHAUS-26MAR09-B79.5;ask=15"
2026-03-10T13:00:07.295520-04:00,prod,2026-03-10,ny,KXHIGHNY,KXHIGHNY-26MAR10,75.2716,2.2208,0.4456,skip,effective_confidence<0.6
2026-03-10T13:00:07.297850-04:00,prod,2026-03-10,fl,KXHIGHMIA,KXHIGHMIA-26MAR10,85.0515,2.2127,0.4658,skip,effective_confidence<0.6
2026-03-10T14:00:22.809966-04:00,prod,2026-03-10,il,KXHIGHCHI,KXHIGHCHI-26MAR10,61.3435,5.4018,0.0000,skip,effective_confidence<0.6
2026-03-10T14:00:23.082406-04:00,prod,2026-03-10,tx,KXHIGHAUS,KXHIGHAUS-26MAR10,81.8504,0.0000,0.7925,trade,"low_ask_depth(15<25);intraday_soft;non_monotonic;means=82.65,82.65,81.85,82.29;mode=forecast_bucket;p=0.316;market_p=0.090;ticker=KXHIGHAUS-26MAR10-B82.5;ask=9"
2026-03-11T13:01:10.540752-04:00,prod,2026-03-11,ny,KXHIGHNY,KXHIGHNY-26MAR11,73.7246,2.8877,0.0603,skip,effective_confidence<0.6
2026-03-11T13:01:10.998982-04:00,prod,2026-03-11,fl,KXHIGHMIA,KXHIGHMIA-26MAR11,82.3434,0.0000,0.6761,skip,market_disagrees;yes_ask=1<min_yes_ask=2
2026-03-11T14:00:03.479289-04:00,prod,2026-03-11,il,KXHIGHCHI,KXHIGHCHI-26MAR11,45.9803,4.7851,0.0859,skip,effective_confidence<0.6
2026-03-11T14:00:03.480354-04:00,prod,2026-03-11,tx,KXHIGHAUS,KXHIGHAUS-26MAR11,80.1587,2.1193,0.5860,skip,effective_confidence<0.6
2026-03-12T13:00:08.819131-04:00,prod,2026-03-12,ny,KXHIGHNY,KXHIGHNY-26MAR12,57.7540,8.8270,0.0000,skip,effective_confidence<0.6
2026-03-12T13:00:08.820605-04:00,prod,2026-03-12,fl,KXHIGHMIA,KXHIGHMIA-26MAR12,83.2462,2.5269,0.3117,skip,effective_confidence<0.6
2026-03-12T14:00:56.687058-04:00,prod,2026-03-12,tx,KXHIGHAUS,KXHIGHAUS-26MAR12,67.4392,5.9804,0.0000,skip,effective_confidence<0.6
2026-03-13T13:00:05.077298-04:00,prod,2026-03-13,fl,KXHIGHMIA,KXHIGHMIA-26MAR13,79.5267,1.9867,0.5923,skip,effective_confidence<0.6
2026-03-13T14:01:29.070310-04:00,prod,2026-03-13,tx,KXHIGHAUS,KXHIGHAUS-26MAR13,77.8524,2.7238,0.1555,skip,effective_confidence<0.6
2026-03-15T13:00:03.639409-04:00,prod,2026-03-15,ny,KXHIGHNY,KXHIGHNY-26MAR15,49.5819,2.0033,0.5578,skip,effective_confidence<0.6
2026-03-15T13:00:03.641949-04:00,prod,2026-03-15,fl,KXHIGHMIA,KXHIGHMIA-26MAR15,81.5246,2.1076,0.5523,skip,effective_confidence<0.6
2026-03-15T14:00:07.382739-04:00,prod,2026-03-15,tx,KXHIGHAUS,KXHIGHAUS-26MAR15,93.5416,4.5792,0.0000,skip,effective_confidence<0.6
2026-03-16T13:01:48.528835-04:00,prod,2026-03-16,ny,KXHIGHNY,KXHIGHNY-26MAR16,62.1265,2.0571,0.5262,skip,effective_confidence<0.6
2026-03-16T14:00:04.427886-04:00,prod,2026-03-16,il,KXHIGHCHI,KXHIGHCHI-26MAR16,31.1738,3.0631,0.0823,skip,effective_confidence<0.6
2026-03-16T14:00:04.429445-04:00,prod,2026-03-16,tx,KXHIGHAUS,KXHIGHAUS-26MAR16,56.5961,9.4520,0.0743,skip,effective_confidence<0.6
2026-03-17T13:01:05.054766-04:00,prod,2026-03-17,ny,KXHIGHNY,KXHIGHNY-26MAR17,51.6055,8.1027,0.0000,skip,effective_confidence<0.6
2026-03-17T13:01:05.057384-04:00,prod,2026-03-17,fl,KXHIGHMIA,KXHIGHMIA-26MAR17,71.2438,3.0281,0.0000,skip,effective_confidence<0.6
2026-03-17T14:00:12.638192-04:00,prod,2026-03-17,tx,KXHIGHAUS,KXHIGHAUS-26MAR17,65.6007,3.1997,0.0738,skip,effective_confidence<0.6
2026-03-18T13:00:09.271492-04:00,prod,2026-03-18,ny,KXHIGHNY,KXHIGHNY-26MAR18,37.4480,2.1260,0.3847,skip,effective_confidence<0.6
2026-03-18T13:00:09.273083-04:00,prod,2026-03-18,fl,KXHIGHMIA,KXHIGHMIA-26MAR18,71.6307,2.0500,0.4706,skip,effective_confidence<0.6
2026-03-18T14:00:08.952474-04:00,prod,2026-03-18,tx,KXHIGHAUS,KXHIGHAUS-26MAR18,76.8608,2.6696,0.2357,skip,effective_confidence<0.6
2026-03-19T13:00:31.535473-04:00,prod,2026-03-19,fl,KXHIGHMIA,KXHIGHMIA-26MAR19,75.8232,2.0116,0.4985,skip,effective_confidence<0.6
2026-03-19T14:00:03.516733-04:00,prod,2026-03-19,il,KXHIGHCHI,KXHIGHCHI-26MAR19,54.6912,3.0344,0.0798,skip,effective_confidence<0.6
2026-03-20T13:00:09.125188-04:00,prod,2026-03-20,ny,KXHIGHNY,KXHIGHNY-26MAR20,59.6486,3.0257,0.0586,skip,effective_confidence<0.6
2026-03-20T13:00:09.129204-04:00,prod,2026-03-20,fl,KXHIGHMIA,KXHIGHMIA-26MAR20,74.9030,2.5000,0.2522,skip,effective_confidence<0.6
2026-03-21T14:00:40.843942-04:00,prod,2026-03-21,il,KXHIGHCHI,KXHIGHCHI-26MAR21,75.6434,3.1283,0.0808,skip,effective_confidence<0.6
2026-03-22T14:00:08.347502-04:00,prod,2026-03-22,il,KXHIGHCHI,KXHIGHCHI-26MAR22,67.4568,12.6884,0.0777,skip,effective_confidence<0.6
2026-03-22T14:00:08.348750-04:00,prod,2026-03-22,tx,KXHIGHAUS,KXHIGHAUS-26MAR22,92.9897,2.8448,0.1634,skip,effective_confidence<0.6
2026-03-23T13:00:03.271287-04:00,prod,2026-03-23,ny,KXHIGHNY,KXHIGHNY-26MAR23,49.4382,3.3991,0.0000,skip,effective_confidence<0.6
2026-03-23T13:00:03.272823-04:00,prod,2026-03-23,fl,KXHIGHMIA,KXHIGHMIA-26MAR23,78.8256,2.3969,0.4287,skip,effective_confidence<0.6
2026-03-23T14:00:03.195163-04:00,prod,2026-03-23,il,KXHIGHCHI,KXHIGHCHI-26MAR23,39.9375,0.0000,0.6481,skip,no_yes_ask
2026-03-23T14:00:03.212222-04:00,prod,2026-03-23,tx,KXHIGHAUS,KXHIGHAUS-26MAR23,86.6326,2.1837,0.4815,skip,effective_confidence<0.6
2026-03-24T13:00:03.347862-04:00,prod,2026-03-24,ny,KXHIGHNY,KXHIGHNY-26MAR24,48.0811,0.2300,0.8649,skip,no_yes_ask
2026-03-24T13:00:03.365381-04:00,prod,2026-03-24,fl,KXHIGHMIA,KXHIGHMIA-26MAR24,79.6312,2.8344,0.1857,skip,effective_confidence<0.6
2026-03-24T14:00:08.823197-04:00,prod,2026-03-24,il,KXHIGHCHI,KXHIGHCHI-26MAR24,52.6418,2.9791,0.0872,skip,effective_confidence<0.6
2026-03-24T14:00:09.175424-04:00,prod,2026-03-24,tx,KXHIGHAUS,KXHIGHAUS-26MAR24,87.5000,1.8062,0.6897,skip,no_yes_ask
2026-03-25T13:00:10.127477-04:00,prod,2026-03-25,ny,KXHIGHNY,KXHIGHNY-26MAR25,54.9114,0.9150,0.6492,trade,"intraday_soft;non_monotonic;means=53.52,53.70,53.66,54.91;mode=forecast_bucket;p=0.260;market_p=0.200;ticker=KXHIGHNY-26MAR25-B55.5;ask=20"
2026-03-25T13:00:10.859672-04:00,prod,2026-03-25,fl,KXHIGHMIA,KXHIGHMIA-26MAR25,82.0649,2.0049,0.6762,trade,"intraday_ok;ok;trend=increasing;means=79.13,81.46,81.46,82.06;sigma=2.0049;mode=forecast_bucket;p=0.189;market_p=0.430;ticker=KXHIGHMIA-26MAR25-B81.5;ask=43"
2026-03-25T14:00:17.578540-04:00,prod,2026-03-25,il,KXHIGHCHI,KXHIGHCHI-26MAR25,71.8889,2.9055,0.0490,skip,effective_confidence<0.6
2026-03-25T14:00:18.800975-04:00,prod,2026-03-25,tx,KXHIGHAUS,KXHIGHAUS-26MAR25,89.4464,1.6117,0.6933,trade,"low_ask_depth(16<25);intraday_soft;non_monotonic;means=89.40,88.23,88.27,89.45;mode=forecast_bucket;p=0.206;market_p=0.530;ticker=KXHIGHAUS-26MAR25-B88.5;ask=53"
2026-03-26T13:00:43.879211-04:00,prod,2026-03-26,ny,KXHIGHNY,KXHIGHNY-26MAR26,73.1421,1.5489,0.6572,trade,"intraday_soft;non_monotonic;means=73.88,73.88,73.14,73.15;mode=forecast_bucket;p=0.537;market_p=0.910;ticker=KXHIGHNY-26MAR26-T72;ask=91"
2026-03-26T13:00:44.093075-04:00,prod,2026-03-26,fl,KXHIGHMIA,KXHIGHMIA-26MAR26,81.9740,1.9130,0.5144,skip,effective_confidence<0.6
2026-03-26T14:00:03.215595-04:00,prod,2026-03-26,il,KXHIGHCHI,KXHIGHCHI-26MAR26,72.1219,3.3390,0.0000,skip,effective_confidence<0.6
2026-03-26T14:00:03.661522-04:00,prod,2026-03-26,tx,KXHIGHAUS,KXHIGHAUS-26MAR26,88.4357,1.7328,0.6968,trade,"low_ask_depth(15<25);intraday_soft;non_monotonic;means=88.44,88.44,89.66,88.44;mode=forecast_bucket;p=0.227;market_p=0.470;ticker=KXHIGHAUS-26MAR26-B88.5;ask=47"
2026-03-27T13:00:40.702633-04:00,prod,2026-03-27,ny,KXHIGHNY,KXHIGHNY-26MAR27,64.4190,6.7595,0.0000,skip,effective_confidence<0.6
2026-03-27T13:00:40.704025-04:00,prod,2026-03-27,fl,KXHIGHMIA,KXHIGHMIA-26MAR27,81.6368,1.5734,0.5904,skip,effective_confidence<0.6
2026-03-27T14:00:08.203173-04:00,prod,2026-03-27,il,KXHIGHCHI,KXHIGHCHI-26MAR27,40.6598,2.9801,0.0874,skip,effective_confidence<0.6
2026-03-27T14:00:08.665841-04:00,prod,2026-03-27,tx,KXHIGHAUS,KXHIGHAUS-26MAR27,88.3946,0.0000,0.6993,trade,"low_ask_depth(4<25);intraday_soft;non_monotonic;means=88.39,87.28,87.24,88.39;mode=forecast_bucket;p=0.327;market_p=0.540;ticker=KXHIGHAUS-26MAR27-B88.5;ask=54"
2026-03-28T13:00:10.159621-04:00,prod,2026-03-28,ny,KXHIGHNY,KXHIGHNY-26MAR28,44.6727,0.9331,0.8886,trade,"intraday_ok;ok;trend=increasing;means=44.63,44.67,44.67,44.67;sigma=0.9331;mode=forecast_bucket;p=0.266;market_p=0.550;ticker=KXHIGHNY-26MAR28-B44.5;ask=55"
2026-03-28T13:00:10.318712-04:00,prod,2026-03-28,fl,KXHIGHMIA,KXHIGHMIA-26MAR28,81.2958,3.4521,0.0650,skip,effective_confidence<0.6
2026-03-28T14:00:29.222052-04:00,prod,2026-03-28,il,KXHIGHCHI,KXHIGHCHI-26MAR28,48.2775,2.2112,0.5050,skip,effective_confidence<0.6
2026-03-28T14:00:29.448960-04:00,prod,2026-03-28,tx,KXHIGHAUS,KXHIGHAUS-26MAR28,69.1805,0.9500,0.7151,trade,"intraday_soft;non_monotonic;means=70.38,69.23,69.18,70.33;mode=forecast_bucket;p=0.276;market_p=0.110;ticker=KXHIGHAUS-26MAR28-B68.5;ask=11"
2026-03-29T13:00:03.177622-04:00,prod,2026-03-29,ny,KXHIGHNY,KXHIGHNY-26MAR29,55.5847,2.8076,0.1259,skip,effective_confidence<0.6
2026-03-29T13:00:03.425668-04:00,prod,2026-03-29,fl,KXHIGHMIA,KXHIGHMIA-26MAR29,78.5171,0.0000,0.6806,trade,"low_ask_depth(6<25);intraday_soft;non_monotonic;means=77.39,77.39,78.52,77.39;mode=forecast_bucket;p=0.229;market_p=0.490;ticker=KXHIGHMIA-26MAR29-B79.5;ask=49"
2026-03-29T14:00:08.265537-04:00,prod,2026-03-29,il,KXHIGHCHI,KXHIGHCHI-26MAR29,64.2856,0.0000,0.6809,trade,"low_ask_depth(16<25);intraday_soft;non_monotonic;means=64.25,64.26,63.57,64.29;mode=forecast_bucket;p=0.297;market_p=0.460;ticker=KXHIGHCHI-26MAR29-B63.5;ask=46"
2026-03-29T14:00:09.734407-04:00,prod,2026-03-29,tx,KXHIGHAUS,KXHIGHAUS-26MAR29,85.2360,1.9838,0.6139,trade,"low_ask_depth(1<25);intraday_ok;ok;trend=increasing;means=84.87,84.93,84.93,85.24;sigma=1.9838;mode=forecast_bucket;p=0.186;market_p=0.500;ticker=KXHIGHAUS-26MAR29-B84.5;ask=50"
2026-03-30T13:00:02.837377-04:00,prod,2026-03-30,ny,KXHIGHNY,KXHIGHNY-26MAR30,70.0013,4.1268,0.0000,skip,effective_confidence<0.6
2026-03-30T13:00:02.839276-04:00,prod,2026-03-30,fl,KXHIGHMIA,KXHIGHMIA-26MAR30,80.3072,2.2960,0.4471,skip,effective_confidence<0.6
2026-03-30T14:00:07.846078-04:00,prod,2026-03-30,il,KXHIGHCHI,KXHIGHCHI-26MAR30,78.5455,3.5273,0.0000,skip,effective_confidence<0.6
2026-03-30T14:00:07.848558-04:00,prod,2026-03-30,tx,KXHIGHAUS,KXHIGHAUS-26MAR30,88.7820,2.0696,0.5415,skip,effective_confidence<0.6
2026-03-31T13:01:00.200167-04:00,prod,2026-03-31,ny,KXHIGHNY,KXHIGHNY-26MAR31,81.0401,2.8299,0.1551,skip,effective_confidence<0.6
2026-03-31T13:01:01.051705-04:00,prod,2026-03-31,fl,KXHIGHMIA,KXHIGHMIA-26MAR31,80.2107,1.7447,0.6840,skip,market_disagrees;yes_ask=1<min_yes_ask=2
2026-03-31T14:00:03.157764-04:00,prod,2026-03-31,il,KXHIGHCHI,KXHIGHCHI-26MAR31,72.3439,3.5781,0.0633,skip,effective_confidence<0.6
2026-03-31T14:00:03.159208-04:00,prod,2026-03-31,tx,KXHIGHAUS,KXHIGHAUS-26MAR31,88.9232,2.0016,0.5590,skip,effective_confidence<0.6
2026-04-01T13:00:02.782186-04:00,prod,2026-04-01,ny,KXHIGHNY,KXHIGHNY-26APR01,78.2911,1.6705,0.5750,skip,effective_confidence<0.6
2026-04-01T13:00:02.784409-04:00,prod,2026-04-01,fl,KXHIGHMIA,KXHIGHMIA-26APR01,79.8692,2.8654,0.1362,skip,effective_confidence<0.6
2026-04-01T14:00:10.751365-04:00,prod,2026-04-01,il,KXHIGHCHI,KXHIGHCHI-26APR01,42.0578,2.6111,0.2198,skip,effective_confidence<0.6
2026-04-01T14:00:10.752774-04:00,prod,2026-04-01,tx,KXHIGHAUS,KXHIGHAUS-26APR01,91.6893,2.2511,0.4166,skip,effective_confidence<0.6
2026-04-02T13:00:08.582938-04:00,prod,2026-04-02,ny,KXHIGHNY,KXHIGHNY-26APR02,61.6543,8.5822,0.0647,skip,effective_confidence<0.6
2026-04-02T13:00:08.584173-04:00,prod,2026-04-02,fl,KXHIGHMIA,KXHIGHMIA-26APR02,79.9819,3.2590,0.0764,skip,effective_confidence<0.6
2026-04-02T14:00:28.107365-04:00,prod,2026-04-02,il,KXHIGHCHI,KXHIGHCHI-26APR02,67.9559,1.7221,0.5845,skip,effective_confidence<0.6
2026-04-02T14:00:28.108439-04:00,prod,2026-04-02,tx,KXHIGHAUS,KXHIGHAUS-26APR02,84.4974,0.8774,0.5704,skip,effective_confidence<0.6
2026-04-03T13:00:47.974536-04:00,prod,2026-04-03,ny,KXHIGHNY,KXHIGHNY-26APR03,67.1870,2.0751,0.4097,skip,effective_confidence<0.6
2026-04-03T13:00:48.325827-04:00,prod,2026-04-03,fl,KXHIGHMIA,KXHIGHMIA-26APR03,82.6967,1.6027,0.6953,skip,market_disagrees;yes_ask=1<min_yes_ask=2
2026-04-03T14:00:03.979804-04:00,prod,2026-04-03,il,KXHIGHCHI,KXHIGHCHI-26APR03,61.6892,3.5046,0.0641,skip,effective_confidence<0.6
2026-04-03T14:00:03.980837-04:00,prod,2026-04-03,tx,KXHIGHAUS,KXHIGHAUS-26APR03,88.5607,0.5000,0.5701,skip,effective_confidence<0.6
2026-04-04T13:00:03.309400-04:00,prod,2026-04-04,ny,KXHIGHNY,KXHIGHNY-26APR04,73.2480,3.4440,0.0845,skip,effective_confidence<0.6
2026-04-04T13:00:03.310646-04:00,prod,2026-04-04,fl,KXHIGHMIA,KXHIGHMIA-26APR04,83.5608,2.1591,0.4301,skip,effective_confidence<0.6
2026-04-04T14:00:31.417772-04:00,prod,2026-04-04,il,KXHIGHCHI,KXHIGHCHI-26APR04,58.7978,0.0000,0.5106,skip,effective_confidence<0.6
2026-04-04T14:00:31.419539-04:00,prod,2026-04-04,tx,KXHIGHAUS,KXHIGHAUS-26APR04,77.2218,1.1000,0.5952,skip,effective_confidence<0.6
2026-04-05T13:00:03.395707-04:00,prod,2026-04-05,ny,KXHIGHNY,KXHIGHNY-26APR05,61.4549,2.9924,0.0605,skip,effective_confidence<0.6
2026-04-05T13:00:03.731887-04:00,prod,2026-04-05,fl,KXHIGHMIA,KXHIGHMIA-26APR05,81.1357,1.7000,0.6651,trade,"low_ask_depth(8<25);intraday_soft;non_monotonic;means=81.14,81.14,82.24,81.14;mode=forecast_bucket;p=0.226;market_p=0.410;ticker=KXHIGHMIA-26APR05-B81.5;ask=41"
2026-04-05T14:00:03.939205-04:00,prod,2026-04-05,il,KXHIGHCHI,KXHIGHCHI-26APR05,50.9548,0.0000,0.6178,trade,"intraday_ok;ok;trend=decreasing;means=50.97,50.95,50.95,50.95;sigma=0.0000;mode=forecast_bucket;p=0.365;market_p=0.280;ticker=KXHIGHCHI-26APR05-B50.5;ask=28"
2026-04-05T14:00:04.189267-04:00,prod,2026-04-05,tx,KXHIGHAUS,KXHIGHAUS-26APR05,68.8646,2.2677,0.4983,skip,effective_confidence<0.6
2026-04-06T13:00:13.898261-04:00,prod,2026-04-06,ny,KXHIGHNY,KXHIGHNY-26APR06,55.2892,1.7904,0.7102,trade,"intraday_ok;ok;trend=increasing;means=54.88,55.04,55.29,55.29;sigma=1.7904;mode=forecast_bucket;p=0.200;market_p=0.600;ticker=KXHIGHNY-26APR06-B54.5;ask=60"
2026-04-06T13:00:14.045246-04:00,prod,2026-04-06,fl,KXHIGHMIA,KXHIGHMIA-26APR06,82.7981,2.1241,0.4531,skip,effective_confidence<0.6
2026-04-06T14:00:40.282365-04:00,prod,2026-04-06,il,KXHIGHCHI,KXHIGHCHI-26APR06,47.9325,0.0000,0.5223,skip,effective_confidence<0.6
2026-04-06T14:00:40.283508-04:00,prod,2026-04-06,tx,KXHIGHAUS,KXHIGHAUS-26APR06,72.7613,2.3693,0.4391,skip,effective_confidence<0.6
2026-04-07T13:00:11.270601-04:00,prod,2026-04-07,ny,KXHIGHNY,KXHIGHNY-26APR07,53.5030,1.4500,0.7390,trade,"low_ask_depth(3<25);intraday_soft;non_monotonic;means=51.61,52.53,53.50,52.26;mode=forecast_bucket;p=0.192;market_p=0.550;ticker=KXHIGHNY-26APR07-B54.5;ask=55"
2026-04-07T13:00:12.935044-04:00,prod,2026-04-07,fl,KXHIGHMIA,KXHIGHMIA-26APR07,78.9943,0.0500,0.7289,skip,market_disagrees;yes_ask=1<min_yes_ask=2
2026-04-07T14:00:33.019471-04:00,prod,2026-04-07,il,KXHIGHCHI,KXHIGHCHI-26APR07,37.1559,2.9670,0.0845,skip,effective_confidence<0.6
2026-04-07T14:00:33.302899-04:00,prod,2026-04-07,tx,KXHIGHAUS,KXHIGHAUS-26APR07,76.3674,0.0000,0.7652,trade,"low_ask_depth(10<25);intraday_ok;ok;trend=increasing;means=75.40,75.40,75.47,76.37;sigma=0.0000;mode=forecast_bucket;p=0.250;market_p=0.540;ticker=KXHIGHAUS-26APR07-B75.5;ask=54"
2026-04-08T13:00:59.056121-04:00,prod,2026-04-08,ny,KXHIGHNY,KXHIGHNY-26APR08,51.0784,3.0608,0.0972,skip,effective_confidence<0.6
2026-04-08T13:01:00.634150-04:00,prod,2026-04-08,fl,KXHIGHMIA,KXHIGHMIA-26APR08,77.4759,0.6500,0.7148,trade,"low_ask_depth(2<25);intraday_soft;non_monotonic;means=76.38,76.38,77.48,76.40;mode=forecast_bucket;p=0.235;market_p=0.370;ticker=KXHIGHMIA-26APR08-B76.5;ask=37"
2026-04-08T14:00:05.194011-04:00,prod,2026-04-08,il,KXHIGHCHI,KXHIGHCHI-26APR08,66.2668,3.8166,0.0667,skip,effective_confidence<0.6
2026-04-08T14:00:05.195809-04:00,prod,2026-04-08,tx,KXHIGHAUS,KXHIGHAUS-26APR08,81.6864,2.1858,0.5418,skip,effective_confidence<0.6
2026-04-09T13:00:09.042275-04:00,prod,2026-04-09,ny,KXHIGHNY,KXHIGHNY-26APR09,51.1126,1.9887,0.7363,trade,"intraday_ok;ok;trend=increasing;means=50.94,50.94,51.11,51.11;sigma=1.9887;mode=forecast_bucket;p=0.672;market_p=0.720;ticker=KXHIGHNY-26APR09-T53;ask=72"
2026-04-09T13:00:09.769143-04:00,prod,2026-04-09,fl,KXHIGHMIA,KXHIGHMIA-26APR09,76.4541,0.0000,0.6748,skip,market_disagrees;yes_ask=1<min_yes_ask=2
2026-04-09T14:00:17.315856-04:00,prod,2026-04-09,il,KXHIGHCHI,KXHIGHCHI-26APR09,67.5896,3.4552,0.0669,skip,effective_confidence<0.6
2026-04-09T14:00:17.318050-04:00,prod,2026-04-09,tx,KXHIGHAUS,KXHIGHAUS-26APR09,79.7178,0.4449,0.5438,skip,effective_confidence<0.6
2026-04-10T13:00:59.419279-04:00,prod,2026-04-10,ny,KXHIGHNY,KXHIGHNY-26APR10,64.8590,2.9205,0.0822,skip,effective_confidence<0.6
2026-04-10T13:01:00.171820-04:00,prod,2026-04-10,fl,KXHIGHMIA,KXHIGHMIA-26APR10,80.1450,1.6471,0.6403,skip,count_zero_after_caps;yes_ask=60;budget_cap=0
2026-04-10T14:00:33.494642-04:00,prod,2026-04-10,il,KXHIGHCHI,KXHIGHCHI-26APR10,55.2309,2.6155,0.2481,skip,effective_confidence<0.6
2026-04-10T14:00:33.522174-04:00,prod,2026-04-10,tx,KXHIGHAUS,KXHIGHAUS-26APR10,78.6459,2.0320,0.3905,skip,effective_confidence<0.6
2026-04-11T13:00:03.035587-04:00,prod,2026-04-11,ny,KXHIGHNY,KXHIGHNY-26APR11,62.1944,2.6528,0.2524,skip,effective_confidence<0.6
2026-04-11T13:00:03.491689-04:00,prod,2026-04-11,fl,KXHIGHMIA,KXHIGHMIA-26APR11,78.0424,0.0000,0.6209,trade,"low_ask_depth(8<25);intraday_ok;ok;trend=increasing;means=77.22,78.04,78.04,79.56;sigma=0.0000;mode=forecast_bucket;p=0.274;market_p=0.160;ticker=KXHIGHMIA-26APR11-B78.5;ask=16"
2026-04-11T14:01:01.489088-04:00,prod,2026-04-11,il,KXHIGHCHI,KXHIGHCHI-26APR11,56.8971,1.4500,0.6880,trade,"intraday_soft;non_monotonic;means=56.24,55.63,56.90,55.91;mode=forecast_bucket;p=0.248;market_p=0.320;ticker=KXHIGHCHI-26APR11-B57.5;ask=32"
2026-04-11T14:01:01.809178-04:00,prod,2026-04-11,tx,KXHIGHAUS,KXHIGHAUS-26APR11,82.2478,0.6706,0.5410,skip,effective_confidence<0.6
2026-04-12T13:00:04.322359-04:00,prod,2026-04-12,ny,KXHIGHNY,KXHIGHNY-26APR12,57.6829,1.7585,0.7338,trade,"intraday_soft;non_monotonic;means=57.94,57.68,57.68,58.68;mode=forecast_bucket;p=0.202;market_p=0.040;ticker=KXHIGHNY-26APR12-B58.5;ask=4"
2026-04-12T13:00:04.681218-04:00,prod,2026-04-12,fl,KXHIGHMIA,KXHIGHMIA-26APR12,79.4196,2.1402,0.4090,skip,effective_confidence<0.6
2026-04-12T14:00:36.528977-04:00,prod,2026-04-12,il,KXHIGHCHI,KXHIGHCHI-26APR12,80.7248,2.7376,0.2205,skip,effective_confidence<0.6
2026-04-12T14:00:36.530661-04:00,prod,2026-04-12,tx,KXHIGHAUS,KXHIGHAUS-26APR12,77.8677,1.7594,0.4963,skip,effective_confidence<0.6
2026-04-13T13:00:39.255929-04:00,prod,2026-04-13,ny,KXHIGHNY,KXHIGHNY-26APR13,80.3373,2.6314,0.2778,skip,effective_confidence<0.6
2026-04-13T13:00:39.739236-04:00,prod,2026-04-13,fl,KXHIGHMIA,KXHIGHMIA-26APR13,81.6986,1.5047,0.6340,skip,count_zero_after_caps;yes_ask=77;budget_cap=0
2026-04-13T14:00:19.250487-04:00,prod,2026-04-13,il,KXHIGHCHI,KXHIGHCHI-26APR13,81.6536,2.5518,0.3069,skip,effective_confidence<0.6
2026-04-13T14:00:19.251598-04:00,prod,2026-04-13,tx,KXHIGHAUS,KXHIGHAUS-26APR13,84.0267,3.8034,0.0000,skip,effective_confidence<0.6
2026-04-14T13:01:14.951023-04:00,prod,2026-04-14,ny,KXHIGHNY,KXHIGHNY-26APR14,85.6985,3.5008,0.0000,skip,effective_confidence<0.6
2026-04-14T13:01:15.308608-04:00,prod,2026-04-14,fl,KXHIGHMIA,KXHIGHMIA-26APR14,81.9243,0.0000,0.6312,trade,"intraday_ok;ok;trend=increasing;means=79.99,79.99,80.46,81.92;sigma=0.0000;mode=forecast_bucket;p=0.282;market_p=0.780;ticker=KXHIGHMIA-26APR14-B81.5;ask=78"
2026-04-14T14:00:03.631646-04:00,prod,2026-04-14,il,KXHIGHCHI,KXHIGHCHI-26APR14,80.3344,0.0000,0.7107,trade,"intraday_soft;non_monotonic;means=80.33,80.33,80.33,80.33;mode=forecast_bucket;p=0.402;market_p=0.450;ticker=KXHIGHCHI-26APR14-B80.5;ask=45"
2026-04-14T14:00:04.401803-04:00,prod,2026-04-14,tx,KXHIGHAUS,KXHIGHAUS-26APR14,85.1735,1.6360,0.7457,trade,"low_ask_depth(15<25);intraday_soft;non_monotonic;means=85.17,84.13,85.17,84.13;mode=forecast_bucket;p=0.236;market_p=0.350;ticker=KXHIGHAUS-26APR14-B85.5;ask=35"
2026-04-15T13:00:07.913380-04:00,prod,2026-04-15,ny,KXHIGHNY,KXHIGHNY-26APR15,87.3528,3.1236,0.0586,skip,effective_confidence<0.6
2026-04-15T13:00:09.350352-04:00,prod,2026-04-15,fl,KXHIGHMIA,KXHIGHMIA-26APR15,80.3413,0.0000,0.6204,skip,count_zero_after_caps;yes_ask=51;budget_cap=0
2026-04-15T14:00:39.715523-04:00,prod,2026-04-15,il,KXHIGHCHI,KXHIGHCHI-26APR15,74.2775,2.9612,0.1011,skip,effective_confidence<0.6
2026-04-15T14:00:41.103091-04:00,prod,2026-04-15,tx,KXHIGHAUS,KXHIGHAUS-26APR15,87.5424,1.6658,0.7403,trade,"intraday_ok;ok;trend=increasing;means=86.15,86.15,86.51,87.54;sigma=1.6658;mode=forecast_bucket;p=0.236;market_p=0.500;ticker=KXHIGHAUS-26APR15-B87.5;ask=50"
2026-04-16T13:01:00.451677-04:00,prod,2026-04-16,ny,KXHIGHNY,KXHIGHNY-26APR16,88.8314,3.1843,0.0000,skip,effective_confidence<0.6
2026-04-16T13:01:00.454506-04:00,prod,2026-04-16,fl,KXHIGHMIA,KXHIGHMIA-26APR16,82.2209,3.1000,0.0726,skip,effective_confidence<0.6
2026-04-16T14:00:03.087046-04:00,prod,2026-04-16,il,KXHIGHCHI,KXHIGHCHI-26APR16,70.7710,2.1980,0.5101,skip,effective_confidence<0.6
2026-04-16T14:00:03.088192-04:00,prod,2026-04-16,tx,KXHIGHAUS,KXHIGHAUS-26APR16,87.7508,2.1008,0.5038,skip,effective_confidence<0.6
2026-04-17T13:00:26.404478-04:00,prod,2026-04-17,ny,KXHIGHNY,KXHIGHNY-26APR17,78.5194,0.9585,0.5433,skip,effective_confidence<0.6
2026-04-17T13:00:26.405983-04:00,prod,2026-04-17,fl,KXHIGHMIA,KXHIGHMIA-26APR17,83.9099,2.2000,0.4824,skip,effective_confidence<0.6
2026-04-17T14:00:14.261299-04:00,prod,2026-04-17,il,KXHIGHCHI,KXHIGHCHI-26APR17,82.3444,1.7362,0.6226,trade,"low_ask_depth(4<25);intraday_soft;non_monotonic;means=82.36,81.85,81.83,82.34;mode=forecast_bucket;p=0.202;market_p=0.400;ticker=KXHIGHCHI-26APR17-B81.5;ask=40"
2026-04-17T14:00:14.397895-04:00,prod,2026-04-17,tx,KXHIGHAUS,KXHIGHAUS-26APR17,87.4539,3.1431,0.0000,skip,effective_confidence<0.6
2026-04-18T13:00:10.982205-04:00,prod,2026-04-18,ny,KXHIGHNY,KXHIGHNY-26APR18,66.0770,3.1115,0.0000,skip,effective_confidence<0.6
2026-04-18T13:00:11.437481-04:00,prod,2026-04-18,fl,KXHIGHMIA,KXHIGHMIA-26APR18,84.8300,0.0000,0.6922,skip,count_zero_after_caps;yes_ask=86;budget_cap=0
2026-04-18T14:00:39.024001-04:00,prod,2026-04-18,il,KXHIGHCHI,KXHIGHCHI-26APR18,59.5977,8.3512,0.0000,skip,effective_confidence<0.6
2026-04-18T14:00:39.025697-04:00,prod,2026-04-18,tx,KXHIGHAUS,KXHIGHAUS-26APR18,74.7776,2.9612,0.0161,skip,effective_confidence<0.6
2026-04-19T13:01:19.210668-04:00,prod,2026-04-19,ny,KXHIGHNY,KXHIGHNY-26APR19,52.4271,3.1586,0.0000,skip,effective_confidence<0.6
2026-04-19T13:01:19.212827-04:00,prod,2026-04-19,fl,KXHIGHMIA,KXHIGHMIA-26APR19,86.7542,2.0686,0.5436,skip,effective_confidence<0.6
2026-04-19T14:00:03.583525-04:00,prod,2026-04-19,il,KXHIGHCHI,KXHIGHCHI-26APR19,49.8234,0.0000,0.6292,trade,"intraday_soft;non_monotonic;means=50.60,49.82,49.82,50.60;mode=forecast_bucket;p=0.303;market_p=0.840;ticker=KXHIGHCHI-26APR19-B50.5;ask=84"
2026-04-19T14:00:03.918025-04:00,prod,2026-04-19,tx,KXHIGHAUS,KXHIGHAUS-26APR19,73.0763,3.1118,0.0635,skip,effective_confidence<0.6
2026-04-20T13:00:42.572567-04:00,prod,2026-04-20,ny,KXHIGHNY,KXHIGHNY-26APR20,51.4681,0.5344,0.7358,trade,"low_ask_depth(10<25);intraday_ok;ok;trend=increasing;means=51.40,51.47,51.47,52.37;sigma=0.5344;mode=forecast_bucket;p=0.258;market_p=0.590;ticker=KXHIGHNY-26APR20-B51.5;ask=59"
2026-04-20T13:00:43.976344-04:00,prod,2026-04-20,fl,KXHIGHMIA,KXHIGHMIA-26APR20,84.5803,2.4301,0.3421,skip,effective_confidence<0.6
2026-04-20T14:01:20.209495-04:00,prod,2026-04-20,il,KXHIGHCHI,KXHIGHCHI-26APR20,54.2628,2.4686,0.3227,skip,effective_confidence<0.6
2026-04-20T14:01:20.210672-04:00,prod,2026-04-20,tx,KXHIGHAUS,KXHIGHAUS-26APR20,64.5743,2.1963,0.4291,skip,effective_confidence<0.6
2026-04-21T13:00:27.550348-04:00,prod,2026-04-21,ny,KXHIGHNY,KXHIGHNY-26APR21,53.9891,2.7555,0.1613,skip,effective_confidence<0.6
2026-04-21T13:00:27.551987-04:00,prod,2026-04-21,fl,KXHIGHMIA,KXHIGHMIA-26APR21,81.0399,2.0607,0.4755,skip,effective_confidence<0.6
2026-04-21T14:00:45.901696-04:00,prod,2026-04-21,il,KXHIGHCHI,KXHIGHCHI-26APR21,75.9993,3.6504,0.0650,skip,effective_confidence<0.6
2026-04-21T14:00:45.902840-04:00,prod,2026-04-21,tx,KXHIGHAUS,KXHIGHAUS-26APR21,67.4694,2.0261,0.5295,skip,effective_confidence<0.6
2026-04-22T13:00:31.760140-04:00,prod,2026-04-22,ny,KXHIGHNY,KXHIGHNY-26APR22,55.0600,0.3103,0.5440,skip,effective_confidence<0.6
2026-04-22T13:00:31.761169-04:00,prod,2026-04-22,fl,KXHIGHMIA,KXHIGHMIA-26APR22,79.3147,1.9805,0.5881,skip,effective_confidence<0.6
2026-04-22T14:01:37.244222-04:00,prod,2026-04-22,il,KXHIGHCHI,KXHIGHCHI-26APR22,68.3400,2.6300,0.2494,skip,effective_confidence<0.6
2026-04-22T14:01:37.717204-04:00,prod,2026-04-22,tx,KXHIGHAUS,KXHIGHAUS-26APR22,80.1182,0.0000,0.6396,trade,"low_ask_depth(5<25);intraday_soft;non_monotonic;means=79.46,79.40,80.12,79.45;mode=forecast_bucket;p=0.285;market_p=0.270;ticker=KXHIGHAUS-26APR22-B79.5;ask=27"
2026-04-23T13:00:03.027503-04:00,prod,2026-04-23,ny,KXHIGHNY,KXHIGHNY-26APR23,73.8438,2.4781,0.2119,skip,effective_confidence<0.6
2026-04-23T13:00:03.248148-04:00,prod,2026-04-23,fl,KXHIGHMIA,KXHIGHMIA-26APR23,77.6929,0.0000,0.6629,trade,"intraday_soft;non_monotonic;means=77.66,77.65,77.69,77.69;mode=forecast_bucket;p=0.299;market_p=0.300;ticker=KXHIGHMIA-26APR23-B77.5;ask=30"
2026-04-23T14:00:32.758693-04:00,prod,2026-04-23,il,KXHIGHCHI,KXHIGHCHI-26APR23,81.1660,3.2170,0.0727,skip,effective_confidence<0.6
2026-04-23T14:00:32.759921-04:00,prod,2026-04-23,tx,KXHIGHAUS,KXHIGHAUS-26APR23,81.3068,2.3450,0.4256,skip,effective_confidence<0.6
2026-04-24T13:00:03.111473-04:00,prod,2026-04-24,ny,KXHIGHNY,KXHIGHNY-26APR24,65.6332,2.2334,0.3109,skip,effective_confidence<0.6
2026-04-24T13:00:03.113418-04:00,prod,2026-04-24,fl,KXHIGHMIA,KXHIGHMIA-26APR24,81.1508,2.3061,0.4400,skip,effective_confidence<0.6
2026-04-24T14:00:14.182429-04:00,prod,2026-04-24,il,KXHIGHCHI,KXHIGHCHI-26APR24,73.0244,2.6378,0.2257,skip,effective_confidence<0.6
2026-04-24T14:00:14.184813-04:00,prod,2026-04-24,tx,KXHIGHAUS,KXHIGHAUS-26APR24,87.3625,2.1905,0.4317,skip,effective_confidence<0.6
2026-04-25T13:00:17.685402-04:00,prod,2026-04-25,ny,KXHIGHNY,KXHIGHNY-26APR25,50.5336,0.9977,0.5554,skip,effective_confidence<0.6
2026-04-25T13:00:17.686496-04:00,prod,2026-04-25,fl,KXHIGHMIA,KXHIGHMIA-26APR25,85.6762,2.2709,0.3994,skip,effective_confidence<0.6
2026-04-25T14:00:41.180668-04:00,prod,2026-04-25,il,KXHIGHCHI,KXHIGHCHI-26APR25,55.5102,2.4549,0.3426,skip,effective_confidence<0.6
2026-04-25T14:00:41.182028-04:00,prod,2026-04-25,tx,KXHIGHAUS,KXHIGHAUS-26APR25,89.9421,2.8789,0.0646,skip,effective_confidence<0.6
2026-04-26T13:00:08.753912-04:00,prod,2026-04-26,ny,KXHIGHNY,KXHIGHNY-26APR26,54.9447,1.8223,0.5104,skip,effective_confidence<0.6
2026-04-26T13:00:08.756312-04:00,prod,2026-04-26,fl,KXHIGHMIA,KXHIGHMIA-26APR26,85.1343,2.8000,0.1009,skip,effective_confidence<0.6
2026-04-26T14:00:34.372708-04:00,prod,2026-04-26,il,KXHIGHCHI,KXHIGHCHI-26APR26,59.8044,1.5522,0.7256,trade,"intraday_ok;ok;trend=decreasing;means=61.90,61.90,60.31,59.80;sigma=1.5522;mode=forecast_bucket;p=0.550;market_p=0.440;ticker=KXHIGHCHI-26APR26-T61;ask=44"
2026-04-26T14:00:35.038491-04:00,prod,2026-04-26,tx,KXHIGHAUS,KXHIGHAUS-26APR26,88.5227,1.7000,0.7115,skip,count_zero_after_caps;yes_ask=61;budget_cap=0
2026-04-27T13:00:03.346699-04:00,prod,2026-04-27,ny,KXHIGHNY,KXHIGHNY-26APR27,66.7623,1.8988,0.7465,trade,"intraday_ok;ok;trend=increasing;means=66.34,66.76,66.76,66.76;sigma=1.8988;mode=forecast_bucket;p=0.206;market_p=0.090;ticker=KXHIGHNY-26APR27-B66.5;ask=9"
2026-04-27T13:00:03.880992-04:00,prod,2026-04-27,fl,KXHIGHMIA,KXHIGHMIA-26APR27,84.6942,1.8500,0.6348,trade,"low_ask_depth(1<25);intraday_ok;ok;trend=increasing;means=83.74,84.19,84.69,86.02;sigma=1.8500;mode=forecast_bucket;p=0.194;market_p=0.050;ticker=KXHIGHMIA-26APR27-B85.5;ask=5"
2026-04-27T14:00:45.418612-04:00,prod,2026-04-27,il,KXHIGHCHI,KXHIGHCHI-26APR27,65.6831,1.1250,0.6757,skip,count_zero_after_caps;yes_ask=94;budget_cap=0
2026-04-27T14:00:45.420967-04:00,prod,2026-04-27,tx,KXHIGHAUS,KXHIGHAUS-26APR27,90.0977,3.1912,0.0000,skip,effective_confidence<0.6
2026-04-28T13:00:04.091694-04:00,prod,2026-04-28,ny,KXHIGHNY,KXHIGHNY-26APR28,66.6761,1.8746,0.6336,trade,"low_ask_depth(3<25);intraday_ok;ok;trend=increasing;means=66.66,66.68,66.68,66.68;sigma=1.8746;mode=forecast_bucket;p=0.431;market_p=0.300;ticker=KXHIGHNY-26APR28-T66;ask=30"
2026-04-28T13:00:04.625399-04:00,prod,2026-04-28,fl,KXHIGHMIA,KXHIGHMIA-26APR28,86.1448,3.2500,0.0897,skip,effective_confidence<0.6
2026-04-28T14:00:07.450155-04:00,prod,2026-04-28,il,KXHIGHCHI,KXHIGHCHI-26APR28,62.3201,0.0000,0.6394,skip,count_zero_after_caps;yes_ask=60;budget_cap=0
2026-04-28T14:00:07.452355-04:00,prod,2026-04-28,tx,KXHIGHAUS,KXHIGHAUS-26APR28,90.4708,2.1284,0.4838,skip,effective_confidence<0.6
2026-04-29T13:00:03.540501-04:00,prod,2026-04-29,ny,KXHIGHNY,KXHIGHNY-26APR29,62.4676,1.6511,0.5898,skip,effective_confidence<0.6
2026-04-29T13:00:03.541551-04:00,prod,2026-04-29,fl,KXHIGHMIA,KXHIGHMIA-26APR29,84.7692,3.3146,0.0000,skip,effective_confidence<0.6
2026-04-29T14:00:18.873943-04:00,prod,2026-04-29,il,KXHIGHCHI,KXHIGHCHI-26APR29,57.2497,2.4752,0.3389,skip,effective_confidence<0.6
2026-04-29T14:00:18.875453-04:00,prod,2026-04-29,tx,KXHIGHAUS,KXHIGHAUS-26APR29,82.4148,2.6426,0.1960,skip,effective_confidence<0.6
2026-04-30T13:01:48.829605-04:00,prod,2026-04-30,ny,KXHIGHNY,KXHIGHNY-26APR30,60.5396,1.8144,0.6548,trade,"low_ask_depth(23<25);intraday_ok;ok;trend=increasing;means=59.20,59.20,60.54,60.54;sigma=1.8144;mode=forecast_bucket;p=0.189;market_p=0.380;ticker=KXHIGHNY-26APR30-B61.5;ask=38"
2026-04-30T13:01:49.101689-04:00,prod,2026-04-30,fl,KXHIGHMIA,KXHIGHMIA-26APR30,86.4551,2.2306,0.4457,skip,effective_confidence<0.6
2026-04-30T14:00:03.497247-04:00,prod,2026-04-30,il,KXHIGHCHI,KXHIGHCHI-26APR30,53.9250,1.7375,0.7006,skip,market_disagrees;yes_ask=1<min_yes_ask=2
2026-04-30T14:00:03.500923-04:00,prod,2026-04-30,tx,KXHIGHAUS,KXHIGHAUS-26APR30,76.1055,3.1528,0.0000,skip,effective_confidence<0.6
2026-05-01T13:00:08.104763-04:00,prod,2026-05-01,ny,KXHIGHNY,KXHIGHNY-26MAY01,65.0843,0.8829,0.7806,trade,"low_ask_depth(6<25);intraday_soft;non_monotonic;means=65.17,65.28,65.08,65.08;mode=forecast_bucket;p=0.263;market_p=0.550;ticker=KXHIGHNY-26MAY01-B64.5;ask=55"
2026-05-01T13:00:08.439050-04:00,prod,2026-05-01,fl,KXHIGHMIA,KXHIGHMIA-26MAY01,86.4948,2.0794,0.5293,skip,effective_confidence<0.6
2026-05-01T14:00:43.589389-04:00,prod,2026-05-01,il,KXHIGHCHI,KXHIGHCHI-26MAY01,49.3211,0.1850,0.6634,skip,market_disagrees;yes_ask=1<min_yes_ask=2
2026-05-01T14:00:43.595325-04:00,prod,2026-05-01,tx,KXHIGHAUS,KXHIGHAUS-26MAY01,64.8002,2.3809,0.3894,skip,effective_confidence<0.6
2026-05-02T13:01:36.162956-04:00,prod,2026-05-02,ny,KXHIGHNY,KXHIGHNY-26MAY02,60.6351,0.2981,0.7883,trade,"intraday_soft;non_monotonic;means=60.46,60.46,60.64,60.63;mode=forecast_bucket;p=0.291;market_p=0.630;ticker=KXHIGHNY-26MAY02-B60.5;ask=63"
2026-05-02T13:01:36.492753-04:00,prod,2026-05-02,fl,KXHIGHMIA,KXHIGHMIA-26MAY02,88.6929,2.0036,0.5688,skip,effective_confidence<0.6
2026-05-02T14:00:04.135564-04:00,prod,2026-05-02,il,KXHIGHCHI,KXHIGHCHI-26MAY02,55.4161,0.6198,0.7901,trade,"low_ask_depth(4<25);intraday_soft;non_monotonic;means=56.16,55.42,56.16,55.42;mode=forecast_bucket;p=0.380;market_p=0.600;ticker=KXHIGHCHI-26MAY02-B55.5;ask=60"
2026-05-02T14:00:05.000429-04:00,prod,2026-05-02,tx,KXHIGHAUS,KXHIGHAUS-26MAY02,72.1478,0.2000,0.7530,trade,"intraday_ok;ok;trend=increasing;means=72.15,72.15,72.15,72.15;sigma=0.2000;mode=forecast_bucket;p=0.280;market_p=0.030;ticker=KXHIGHAUS-26MAY02-B71.5;ask=3"
2026-05-03T13:00:03.559322-04:00,prod,2026-05-03,ny,KXHIGHNY,KXHIGHNY-26MAY03,59.7960,2.2020,0.5713,skip,effective_confidence<0.6
2026-05-03T13:00:03.560388-04:00,prod,2026-05-03,fl,KXHIGHMIA,KXHIGHMIA-26MAY03,81.9889,3.7055,0.0680,skip,effective_confidence<0.6
2026-05-03T14:00:52.535534-04:00,prod,2026-05-03,il,KXHIGHCHI,KXHIGHCHI-26MAY03,70.1515,3.4708,0.0731,skip,effective_confidence<0.6
2026-05-03T14:00:53.003651-04:00,prod,2026-05-03,tx,KXHIGHAUS,KXHIGHAUS-26MAY03,78.4646,0.0000,0.7466,trade,"low_ask_depth(1<25);intraday_soft;non_monotonic;means=78.09,78.09,79.23,78.46;mode=forecast_bucket;p=0.325;market_p=0.060;ticker=KXHIGHAUS-26MAY03-B78.5;ask=6"
2026-05-04T13:00:06.649345-04:00,prod,2026-05-04,ny,KXHIGHNY,KXHIGHNY-26MAY04,72.1391,3.3304,0.0000,skip,effective_confidence<0.6
2026-05-04T13:00:06.650591-04:00,prod,2026-05-04,fl,KXHIGHMIA,KXHIGHMIA-26MAY04,80.4567,3.0216,0.0675,skip,effective_confidence<0.6
2026-05-04T14:00:37.107770-04:00,prod,2026-05-04,il,KXHIGHCHI,KXHIGHCHI-26MAY04,80.8394,3.2602,0.0000,skip,effective_confidence<0.6
2026-05-04T14:00:37.510289-04:00,prod,2026-05-04,tx,KXHIGHAUS,KXHIGHAUS-26MAY04,84.1833,1.6083,0.6780,skip,count_zero_after_caps;yes_ask=72;budget_cap=0
2026-05-05T13:00:08.807631-04:00,prod,2026-05-05,ny,KXHIGHNY,KXHIGHNY-26MAY05,81.5073,3.5964,0.0000,skip,effective_confidence<0.6
2026-05-05T13:00:08.808900-04:00,prod,2026-05-05,fl,KXHIGHMIA,KXHIGHMIA-26MAY05,85.1394,2.0643,0.5166,skip,effective_confidence<0.6
2026-05-05T14:00:05.889540-04:00,prod,2026-05-05,il,KXHIGHCHI,KXHIGHCHI-26MAY05,62.9874,3.1379,0.0742,skip,effective_confidence<0.6
2026-05-05T14:00:05.891420-04:00,prod,2026-05-05,tx,KXHIGHAUS,KXHIGHAUS-26MAY05,85.2426,2.1566,0.4976,skip,effective_confidence<0.6
2026-05-06T13:00:08.353356-04:00,prod,2026-05-06,ny,KXHIGHNY,KXHIGHNY-26MAY06,71.5903,2.3352,0.3907,skip,effective_confidence<0.6
2026-05-06T13:00:08.354595-04:00,prod,2026-05-06,fl,KXHIGHMIA,KXHIGHMIA-26MAY06,84.1478,3.3761,0.0705,skip,effective_confidence<0.6
2026-05-06T14:00:03.815409-04:00,prod,2026-05-06,il,KXHIGHCHI,KXHIGHCHI-26MAY06,57.7781,1.7482,0.7289,skip,count_zero_after_caps;yes_ask=63;budget_cap=0
2026-05-06T14:00:04.201239-04:00,prod,2026-05-06,tx,KXHIGHAUS,KXHIGHAUS-26MAY06,82.0772,1.5987,0.6496,skip,count_zero_after_caps;yes_ask=100;budget_cap=0
2026-05-07T13:00:07.343613-04:00,prod,2026-05-07,ny,KXHIGHNY,KXHIGHNY-26MAY07,63.9963,2.7019,0.2208,skip,effective_confidence<0.6
2026-05-07T13:00:07.583994-04:00,prod,2026-05-07,fl,KXHIGHMIA,KXHIGHMIA-26MAY07,88.3407,1.8288,0.7364,skip,market_disagrees;yes_ask=1<min_yes_ask=2
2026-05-07T14:01:21.832960-04:00,prod,2026-05-07,il,KXHIGHCHI,KXHIGHCHI-26MAY07,60.2133,2.4433,0.3142,skip,effective_confidence<0.6
2026-05-07T14:01:22.218066-04:00,prod,2026-05-07,tx,KXHIGHAUS,KXHIGHAUS-26MAY07,72.6482,1.5968,0.6658,trade,"intraday_soft;non_monotonic;means=72.41,71.50,72.65,71.73;mode=forecast_bucket;p=0.245;market_p=0.120;ticker=KXHIGHAUS-26MAY07-B72.5;ask=12"
2026-05-08T13:00:05.598578-04:00,prod,2026-05-08,ny,KXHIGHNY,KXHIGHNY-26MAY08,63.5871,0.3350,0.6842,skip,count_zero_after_caps;yes_ask=63;budget_cap=0
2026-05-08T13:00:05.603643-04:00,prod,2026-05-08,fl,KXHIGHMIA,KXHIGHMIA-26MAY08,89.0290,3.2355,0.0863,skip,effective_confidence<0.6
2026-05-08T14:00:18.659700-04:00,prod,2026-05-08,il,KXHIGHCHI,KXHIGHCHI-26MAY08,66.0560,2.0720,0.5351,skip,effective_confidence<0.6
2026-05-08T14:00:18.663688-04:00,prod,2026-05-08,tx,KXHIGHAUS,KXHIGHAUS-26MAY08,79.6379,2.3990,0.3833,skip,effective_confidence<0.6
2026-05-09T13:01:14.360238-04:00,prod,2026-05-09,ny,KXHIGHNY,KXHIGHNY-26MAY09,64.2308,2.6846,0.1527,skip,effective_confidence<0.6
2026-05-09T13:01:14.362381-04:00,prod,2026-05-09,fl,KXHIGHMIA,KXHIGHMIA-26MAY09,89.4196,2.0248,0.5451,skip,effective_confidence<0.6
2026-05-09T14:00:07.836085-04:00,prod,2026-05-09,il,KXHIGHCHI,KXHIGHCHI-26MAY09,72.9370,2.7315,0.1542,skip,effective_confidence<0.6
2026-05-09T14:00:08.762386-04:00,prod,2026-05-09,tx,KXHIGHAUS,KXHIGHAUS-26MAY09,88.0096,1.7752,0.6116,trade,"low_ask_depth(4<25);intraday_ok;ok;trend=increasing;means=88.01,88.01,88.01,88.72;sigma=1.7752;mode=forecast_bucket;p=0.213;market_p=0.110;ticker=KXHIGHAUS-26MAY09-B87.5;ask=11"
2026-05-10T13:00:15.104603-04:00,prod,2026-05-10,ny,KXHIGHNY,KXHIGHNY-26MAY10,75.2472,2.9936,0.0033,skip,effective_confidence<0.6
2026-05-10T13:00:15.107205-04:00,prod,2026-05-10,fl,KXHIGHMIA,KXHIGHMIA-26MAY10,88.3592,2.5204,0.3049,skip,effective_confidence<0.6
2026-05-10T14:00:13.491788-04:00,prod,2026-05-10,il,KXHIGHCHI,KXHIGHCHI-26MAY10,63.0297,3.6352,0.0830,skip,effective_confidence<0.6
2026-05-10T14:00:14.003606-04:00,prod,2026-05-10,tx,KXHIGHAUS,KXHIGHAUS-26MAY10,90.4238,1.2800,0.6734,skip,count_zero_after_caps;yes_ask=65;budget_cap=0
2026-05-11T13:00:03.725670-04:00,prod,2026-05-11,ny,KXHIGHNY,KXHIGHNY-26MAY11,64.1477,2.3389,0.3581,skip,effective_confidence<0.6
2026-05-11T13:00:03.726955-04:00,prod,2026-05-11,fl,KXHIGHMIA,KXHIGHMIA-26MAY11,88.8379,2.4310,0.3567,skip,effective_confidence<0.6
2026-05-11T14:00:42.598874-04:00,prod,2026-05-11,il,KXHIGHCHI,KXHIGHCHI-26MAY11,56.6266,3.3367,0.0815,skip,effective_confidence<0.6
2026-05-11T14:00:42.600738-04:00,prod,2026-05-11,tx,KXHIGHAUS,KXHIGHAUS-26MAY11,78.0902,3.6549,0.0000,skip,effective_confidence<0.6
2026-05-12T13:00:16.894167-04:00,prod,2026-05-12,ny,KXHIGHNY,KXHIGHNY-26MAY12,66.8658,2.1171,0.4695,skip,effective_confidence<0.6
2026-05-12T13:00:16.896746-04:00,prod,2026-05-12,fl,KXHIGHMIA,KXHIGHMIA-26MAY12,88.3278,2.5361,0.2921,skip,effective_confidence<0.6
2026-05-12T14:00:06.922867-04:00,prod,2026-05-12,il,KXHIGHCHI,KXHIGHCHI-26MAY12,78.9630,2.9685,0.0972,skip,effective_confidence<0.6
2026-05-12T14:00:07.454052-04:00,prod,2026-05-12,tx,KXHIGHAUS,KXHIGHAUS-26MAY12,83.4913,1.9043,0.6116,trade,"intraday_ok;ok;trend=increasing;means=83.23,83.49,83.49,83.49;sigma=1.9043;mode=forecast_bucket;p=0.181;market_p=0.060;ticker=KXHIGHAUS-26MAY12-B82.5;ask=6"
2026-05-13T13:00:31.401583-04:00,prod,2026-05-13,ny,KXHIGHNY,KXHIGHNY-26MAY13,71.8516,0.7618,0.6716,trade,"intraday_soft;non_monotonic;means=72.15,72.16,71.85,71.85;mode=forecast_bucket;p=0.353;market_p=0.270;ticker=KXHIGHNY-26MAY13-B72.5;ask=27"
2026-05-13T13:00:31.606077-04:00,prod,2026-05-13,fl,KXHIGHMIA,KXHIGHMIA-26MAY13,90.0370,3.3815,0.0725,skip,effective_confidence<0.6
2026-05-13T14:00:52.031818-04:00,prod,2026-05-13,il,KXHIGHCHI,KXHIGHCHI-26MAY13,62.0560,3.8680,0.0805,skip,effective_confidence<0.6
2026-05-13T14:00:52.037232-04:00,prod,2026-05-13,tx,KXHIGHAUS,KXHIGHAUS-26MAY13,89.3072,2.0464,0.5790,skip,effective_confidence<0.6
2026-05-14T13:00:03.625509-04:00,prod,2026-05-14,ny,KXHIGHNY,KXHIGHNY-26MAY14,64.6317,1.9342,0.5587,skip,effective_confidence<0.6
2026-05-14T13:00:03.626792-04:00,prod,2026-05-14,fl,KXHIGHMIA,KXHIGHMIA-26MAY14,87.9074,2.6463,0.2625,skip,effective_confidence<0.6
2026-05-14T14:00:38.121412-04:00,prod,2026-05-14,il,KXHIGHCHI,KXHIGHCHI-26MAY14,64.1608,2.4596,0.3044,skip,effective_confidence<0.6
2026-05-14T14:00:38.122362-04:00,prod,2026-05-14,tx,KXHIGHAUS,KXHIGHAUS-26MAY14,90.8455,2.2299,0.4428,skip,effective_confidence<0.6
2026-05-15T13:00:04.456609-04:00,prod,2026-05-15,ny,KXHIGHNY,KXHIGHNY-26MAY15,67.8216,0.1061,0.7238,trade,"low_ask_depth(6<25);intraday_ok;ok;trend=increasing;means=67.67,67.82,67.82,67.82;sigma=0.1061;mode=forecast_bucket;p=0.475;market_p=0.430;ticker=KXHIGHNY-26MAY15-B67.5;ask=43"
2026-05-15T13:00:04.793280-04:00,prod,2026-05-15,fl,KXHIGHMIA,KXHIGHMIA-26MAY15,87.1237,3.4881,0.0720,skip,effective_confidence<0.6
2026-05-15T14:00:06.876992-04:00,prod,2026-05-15,il,KXHIGHCHI,KXHIGHCHI-26MAY15,74.0705,2.5353,0.2603,skip,effective_confidence<0.6
2026-05-15T14:00:07.312922-04:00,prod,2026-05-15,tx,KXHIGHAUS,KXHIGHAUS-26MAY15,91.6815,1.9332,0.6084,trade,"low_ask_depth(4<25);intraday_soft;non_monotonic;means=91.67,90.93,90.93,91.68;mode=forecast_bucket;p=0.187;market_p=0.110;ticker=KXHIGHAUS-26MAY15-B92.5;ask=11"
2026-05-16T13:00:03.764704-04:00,prod,2026-05-16,ny,KXHIGHNY,KXHIGHNY-26MAY16,80.8533,1.9234,0.6460,trade,"intraday_ok;ok;trend=increasing;means=80.00,80.81,80.85,80.85;sigma=1.9234;mode=forecast_bucket;p=0.202;market_p=0.520;ticker=KXHIGHNY-26MAY16-B80.5;ask=52"
2026-05-16T13:00:04.420204-04:00,prod,2026-05-16,fl,KXHIGHMIA,KXHIGHMIA-26MAY16,87.6449,1.8225,0.6520,trade,"intraday_ok;ok;trend=increasing;means=85.94,87.64,87.64,88.39;sigma=1.8225;mode=forecast_bucket;p=0.194;market_p=0.040;ticker=KXHIGHMIA-26MAY16-B88.5;ask=4"
2026-05-16T14:00:39.951202-04:00,prod,2026-05-16,il,KXHIGHCHI,KXHIGHCHI-26MAY16,85.1111,0.8166,0.6147,trade,"low_ask_depth(9<25);intraday_soft;non_monotonic;means=84.89,84.38,85.11,84.61;mode=forecast_bucket;p=0.358;market_p=0.380;ticker=KXHIGHCHI-26MAY16-B85.5;ask=38"
2026-05-16T14:00:40.371569-04:00,prod,2026-05-16,tx,KXHIGHAUS,KXHIGHAUS-26MAY16,90.1715,2.0450,0.4787,skip,effective_confidence<0.6
2026-05-17T13:00:06.095606-04:00,prod,2026-05-17,ny,KXHIGHNY,KXHIGHNY-26MAY17,89.3634,2.1683,0.4297,skip,effective_confidence<0.6
2026-05-17T13:00:06.096978-04:00,prod,2026-05-17,fl,KXHIGHMIA,KXHIGHMIA-26MAY17,85.5758,2.8121,0.1636,skip,effective_confidence<0.6
2026-05-17T14:00:31.775647-04:00,prod,2026-05-17,il,KXHIGHCHI,KXHIGHCHI-26MAY17,87.1869,2.8066,0.1065,skip,effective_confidence<0.6
2026-05-17T14:00:32.130328-04:00,prod,2026-05-17,tx,KXHIGHAUS,KXHIGHAUS-26MAY17,88.6035,1.5683,0.6651,skip,count_zero_after_caps;yes_ask=50;budget_cap=0
2026-05-18T13:00:06.108060-04:00,prod,2026-05-18,ny,KXHIGHNY,KXHIGHNY-26MAY18,87.5442,3.9279,0.0000,skip,effective_confidence<0.6
2026-05-18T13:00:06.449985-04:00,prod,2026-05-18,fl,KXHIGHMIA,KXHIGHMIA-26MAY18,85.1832,1.9500,0.6131,skip,market_disagrees;yes_ask=1<min_yes_ask=2
2026-05-18T14:00:40.511582-04:00,prod,2026-05-18,il,KXHIGHCHI,KXHIGHCHI-26MAY18,80.3561,2.5719,0.1978,skip,effective_confidence<0.6
2026-05-18T14:00:40.853534-04:00,prod,2026-05-18,tx,KXHIGHAUS,KXHIGHAUS-26MAY18,91.1094,0.6150,0.6738,trade,"intraday_soft;non_monotonic;means=91.27,90.53,91.85,91.11;mode=forecast_bucket;p=0.363;market_p=0.320;ticker=KXHIGHAUS-26MAY18-B90.5;ask=32"
2026-05-19T13:00:06.727822-04:00,prod,2026-05-19,ny,KXHIGHNY,KXHIGHNY-26MAY19,95.0630,3.9185,0.0761,skip,effective_confidence<0.6
2026-05-19T13:00:07.154142-04:00,prod,2026-05-19,fl,KXHIGHMIA,KXHIGHMIA-26MAY19,83.4571,0.4000,0.7101,skip,market_disagrees;yes_ask=1<min_yes_ask=2
2026-05-19T14:00:38.703019-04:00,prod,2026-05-19,il,KXHIGHCHI,KXHIGHCHI-26MAY19,77.5105,1.3674,0.7265,skip,count_zero_after_caps;yes_ask=48;budget_cap=0
2026-05-19T14:00:39.195399-04:00,prod,2026-05-19,tx,KXHIGHAUS,KXHIGHAUS-26MAY19,88.7629,1.6450,0.6826,skip,market_disagrees;yes_ask=1<min_yes_ask=2
2026-05-20T13:00:18.489868-04:00,prod,2026-05-20,ny,KXHIGHNY,KXHIGHNY-26MAY20,92.1223,1.4500,0.7230,trade,"low_ask_depth(6<25);intraday_soft;non_monotonic;means=91.40,91.40,92.45,92.12;mode=forecast_bucket;p=0.247;market_p=0.200;ticker=KXHIGHNY-26MAY20-B91.5;ask=20"
2026-05-20T13:00:19.229035-04:00,prod,2026-05-20,fl,KXHIGHMIA,KXHIGHMIA-26MAY20,84.6614,0.1500,0.6984,skip,market_disagrees;yes_ask=1<min_yes_ask=2
2026-05-20T14:00:06.790673-04:00,prod,2026-05-20,il,KXHIGHCHI,KXHIGHCHI-26MAY20,61.3251,2.3625,0.3239,skip,effective_confidence<0.6
2026-05-20T14:00:06.792084-04:00,prod,2026-05-20,tx,KXHIGHAUS,KXHIGHAUS-26MAY20,81.6842,2.7579,0.2015,skip,effective_confidence<0.6
2026-05-21T13:00:06.536471-04:00,prod,2026-05-21,ny,KXHIGHNY,KXHIGHNY-26MAY21,69.7588,4.0000,0.0000,skip,effective_confidence<0.6
2026-05-21T13:00:06.997720-04:00,prod,2026-05-21,fl,KXHIGHMIA,KXHIGHMIA-26MAY21,88.0732,1.8016,0.6747,trade,"intraday_ok;ok;trend=increasing;means=86.42,87.72,88.07,88.91;sigma=1.8016;mode=forecast_bucket;p=0.208;market_p=0.350;ticker=KXHIGHMIA-26MAY21-B87.5;ask=35"
2026-05-21T14:00:03.872281-04:00,prod,2026-05-21,il,KXHIGHCHI,KXHIGHCHI-26MAY21,60.9336,3.2832,0.0000,skip,effective_confidence<0.6
2026-05-21T14:00:04.405437-04:00,prod,2026-05-21,tx,KXHIGHAUS,KXHIGHAUS-26MAY21,79.7400,0.0800,0.6628,trade,"intraday_soft;non_monotonic;means=80.08,79.86,79.74,80.49;mode=forecast_bucket;p=0.405;market_p=0.170;ticker=KXHIGHAUS-26MAY21-B79.5;ask=17"
2026-05-22T13:00:42.290586-04:00,prod,2026-05-22,ny,KXHIGHNY,KXHIGHNY-26MAY22,67.7056,3.5472,0.0000,skip,effective_confidence<0.6
2026-05-22T13:00:42.700759-04:00,prod,2026-05-22,fl,KXHIGHMIA,KXHIGHMIA-26MAY22,87.5536,1.6318,0.6900,trade,"intraday_soft;non_monotonic;means=86.55,86.55,88.36,87.55;mode=forecast_bucket;p=0.241;market_p=0.480;ticker=KXHIGHMIA-26MAY22-B87.5;ask=48"
2026-05-22T14:00:29.462321-04:00,prod,2026-05-22,il,KXHIGHCHI,KXHIGHCHI-26MAY22,66.8375,1.8347,0.6111,skip,count_zero_after_caps;yes_ask=40;budget_cap=0
2026-05-22T14:00:29.470145-04:00,prod,2026-05-22,tx,KXHIGHAUS,KXHIGHAUS-26MAY22,86.0095,2.5952,0.1894,skip,effective_confidence<0.6
2026-05-23T13:00:03.221281-04:00,prod,2026-05-23,ny,KXHIGHNY,KXHIGHNY-26MAY23,58.1397,1.9998,0.5422,skip,effective_confidence<0.6
2026-05-23T13:00:03.598449-04:00,prod,2026-05-23,fl,KXHIGHMIA,KXHIGHMIA-26MAY23,86.9536,0.0000,0.6976,trade,"intraday_ok;ok;trend=increasing;means=86.28,86.95,86.95,87.78;sigma=0.0000;mode=forecast_bucket;p=0.325;market_p=0.260;ticker=KXHIGHMIA-26MAY23-B87.5;ask=26"
2026-05-23T14:00:42.227121-04:00,prod,2026-05-23,il,KXHIGHCHI,KXHIGHCHI-26MAY23,70.2640,1.4726,0.7075,skip,count_zero_after_caps;yes_ask=68;budget_cap=0
2026-05-23T14:00:42.231377-04:00,prod,2026-05-23,tx,KXHIGHAUS,KXHIGHAUS-26MAY23,84.5399,2.8699,0.0605,skip,effective_confidence<0.6
2026-05-24T13:00:19.689360-04:00,prod,2026-05-24,ny,KXHIGHNY,KXHIGHNY-26MAY24,57.8584,1.5242,0.6604,trade,"intraday_ok;ok;trend=increasing;means=57.84,57.84,57.86,57.86;sigma=1.5242;mode=forecast_bucket;p=0.773;market_p=0.960;ticker=KXHIGHNY-26MAY24-T60;ask=96"
2026-05-24T13:00:20.403838-04:00,prod,2026-05-24,fl,KXHIGHMIA,KXHIGHMIA-26MAY24,86.9065,0.0000,0.6287,skip,count_zero_after_caps;yes_ask=34;budget_cap=0
2026-05-24T14:00:42.228425-04:00,prod,2026-05-24,il,KXHIGHCHI,KXHIGHCHI-26MAY24,74.9309,1.2987,0.6479,skip,count_zero_after_caps;yes_ask=20;budget_cap=0
2026-05-24T14:00:42.233327-04:00,prod,2026-05-24,tx,KXHIGHAUS,KXHIGHAUS-26MAY24,87.0563,3.6218,0.0764,skip,effective_confidence<0.6
2026-05-25T13:00:03.344581-04:00,prod,2026-05-25,ny,KXHIGHNY,KXHIGHNY-26MAY25,72.1679,3.1811,0.0730,skip,effective_confidence<0.6
2026-05-25T13:00:03.771462-04:00,prod,2026-05-25,fl,KXHIGHMIA,KXHIGHMIA-26MAY25,86.8031,0.0000,0.6426,trade,"low_ask_depth(10<25);intraday_soft;non_monotonic;means=85.71,85.71,86.80,85.71;mode=forecast_bucket;p=0.307;market_p=0.180;ticker=KXHIGHMIA-26MAY25-B87.5;ask=18"
2026-05-25T14:00:03.881192-04:00,prod,2026-05-25,il,KXHIGHCHI,KXHIGHCHI-26MAY25,83.7552,3.3724,0.0824,skip,effective_confidence<0.6
2026-05-25T14:00:03.883360-04:00,prod,2026-05-25,tx,KXHIGHAUS,KXHIGHAUS-26MAY25,87.7242,2.4879,0.3333,skip,effective_confidence<0.6
2026-05-26T13:00:11.892879-04:00,prod,2026-05-26,ny,KXHIGHNY,KXHIGHNY-26MAY26,79.6532,3.6234,0.0727,skip,effective_confidence<0.6
2026-05-26T13:00:12.312694-04:00,prod,2026-05-26,fl,KXHIGHMIA,KXHIGHMIA-26MAY26,87.8823,0.0000,0.6697,trade,"low_ask_depth(8<25);intraday_ok;ok;trend=increasing;means=86.15,86.76,86.80,87.88;sigma=0.0000;mode=forecast_bucket;p=0.331;market_p=0.930;ticker=KXHIGHMIA-26MAY26-B88.5;ask=93"
2026-05-26T14:00:04.563525-04:00,prod,2026-05-26,il,KXHIGHCHI,KXHIGHCHI-26MAY26,84.9200,2.0950,0.4845,skip,effective_confidence<0.6
2026-05-26T14:00:04.565125-04:00,prod,2026-05-26,tx,KXHIGHAUS,KXHIGHAUS-26MAY26,88.0307,3.2346,0.0752,skip,effective_confidence<0.6
2026-05-27T13:00:41.238141-04:00,prod,2026-05-27,ny,KXHIGHNY,KXHIGHNY-26MAY27,84.3017,2.5492,0.2934,skip,effective_confidence<0.6
2026-05-27T13:00:41.673337-04:00,prod,2026-05-27,fl,KXHIGHMIA,KXHIGHMIA-26MAY27,86.5324,0.0000,0.7357,trade,"low_ask_depth(1<25);intraday_soft;non_monotonic;means=86.55,86.55,86.53,87.17;mode=forecast_bucket;p=0.250;market_p=0.580;ticker=KXHIGHMIA-26MAY27-B87.5;ask=58"
2026-05-27T14:00:05.409446-04:00,prod,2026-05-27,il,KXHIGHCHI,KXHIGHCHI-26MAY27,84.7469,0.4984,0.6978,trade,"intraday_soft;non_monotonic;means=84.54,84.54,84.75,84.54;mode=forecast_bucket;p=0.318;market_p=0.020;ticker=KXHIGHCHI-26MAY27-B85.5;ask=2"
2026-05-27T14:00:06.037105-04:00,prod,2026-05-27,tx,KXHIGHAUS,KXHIGHAUS-26MAY27,80.3499,1.7382,0.6844,skip,count_zero_after_caps;yes_ask=54;budget_cap=0
2026-05-28T13:00:36.828650-04:00,prod,2026-05-28,ny,KXHIGHNY,KXHIGHNY-26MAY28,77.6514,0.0000,0.6229,trade,"low_ask_depth(6<25);intraday_ok;ok;trend=decreasing;means=77.73,77.73,77.65,77.38;sigma=0.0000;mode=forecast_bucket;p=0.264;market_p=0.020;ticker=KXHIGHNY-26MAY28-B78.5;ask=2"
2026-05-28T13:00:37.093308-04:00,prod,2026-05-28,fl,KXHIGHMIA,KXHIGHMIA-26MAY28,85.3572,3.6500,0.0758,skip,effective_confidence<0.6
2026-05-28T14:00:03.875470-04:00,prod,2026-05-28,il,KXHIGHCHI,KXHIGHCHI-26MAY28,72.7223,3.8389,0.0000,skip,effective_confidence<0.6
2026-05-28T14:00:03.876647-04:00,prod,2026-05-28,tx,KXHIGHAUS,KXHIGHAUS-26MAY28,87.2929,2.9536,0.0244,skip,effective_confidence<0.6
2026-05-29T13:00:04.205395-04:00,prod,2026-05-29,ny,KXHIGHNY,KXHIGHNY-26MAY29,78.9192,2.3904,0.3805,skip,effective_confidence<0.6
2026-05-29T13:00:04.206538-04:00,prod,2026-05-29,fl,KXHIGHMIA,KXHIGHMIA-26MAY29,88.0125,2.2213,0.3870,skip,effective_confidence<0.6
2026-05-29T14:00:37.881534-04:00,prod,2026-05-29,il,KXHIGHCHI,KXHIGHCHI-26MAY29,81.2316,2.3700,0.3932,skip,effective_confidence<0.6
2026-05-29T14:00:37.882955-04:00,prod,2026-05-29,tx,KXHIGHAUS,KXHIGHAUS-26MAY29,91.4613,2.4194,0.3077,skip,effective_confidence<0.6
2026-05-30T13:00:03.237848-04:00,prod,2026-05-30,ny,KXHIGHNY,KXHIGHNY-26MAY30,69.3686,4.6443,0.0750,skip,effective_confidence<0.6
2026-05-30T13:00:03.239563-04:00,prod,2026-05-30,fl,KXHIGHMIA,KXHIGHMIA-26MAY30,88.5590,2.0500,0.5276,skip,effective_confidence<0.6
2026-05-30T14:00:34.420090-04:00,prod,2026-05-30,il,KXHIGHCHI,KXHIGHCHI-26MAY30,75.2125,3.3437,0.0000,skip,effective_confidence<0.6
2026-05-30T14:00:34.421952-04:00,prod,2026-05-30,tx,KXHIGHAUS,KXHIGHAUS-26MAY30,89.9240,2.7380,0.2177,skip,effective_confidence<0.6
2026-05-31T13:00:35.616408-04:00,prod,2026-05-31,ny,KXHIGHNY,KXHIGHNY-26MAY31,75.3915,0.0000,0.6829,trade,"intraday_soft;non_monotonic;means=75.28,75.28,74.85,75.39;mode=forecast_bucket;p=0.261;market_p=0.560;ticker=KXHIGHNY-26MAY31-B74.5;ask=56"
2026-05-31T13:00:36.017219-04:00,prod,2026-05-31,fl,KXHIGHMIA,KXHIGHMIA-26MAY31,89.2031,1.8266,0.6390,skip,market_disagrees;yes_ask=1<min_yes_ask=2
2026-05-31T14:00:03.443846-04:00,prod,2026-05-31,il,KXHIGHCHI,KXHIGHCHI-26MAY31,73.8662,2.2169,0.4851,skip,effective_confidence<0.6
2026-05-31T14:00:03.445097-04:00,prod,2026-05-31,tx,KXHIGHAUS,KXHIGHAUS-26MAY31,91.7924,1.9538,0.5584,skip,effective_confidence<0.6
2026-06-01T13:00:04.577759-04:00,prod,2026-06-01,ny,KXHIGHNY,KXHIGHNY-26JUN01,73.1697,0.0000,0.6746,trade,"low_ask_depth(14<25);intraday_ok;ok;trend=decreasing;means=73.18,73.17,73.17,73.17;sigma=0.0000;mode=forecast_bucket;p=0.359;market_p=0.090;ticker=KXHIGHNY-26JUN01-B72.5;ask=9"
2026-06-01T13:00:04.845920-04:00,prod,2026-06-01,fl,KXHIGHMIA,KXHIGHMIA-26JUN01,88.2931,2.7034,0.2116,skip,effective_confidence<0.6
2026-06-01T14:00:04.969953-04:00,prod,2026-06-01,il,KXHIGHCHI,KXHIGHCHI-26JUN01,71.3633,1.6600,0.6559,skip,count_zero_after_caps;yes_ask=84;budget_cap=0
2026-06-01T14:00:04.973757-04:00,prod,2026-06-01,tx,KXHIGHAUS,KXHIGHAUS-26JUN01,90.9097,2.9451,0.1075,skip,effective_confidence<0.6
2026-06-02T13:00:03.778679-04:00,prod,2026-06-02,ny,KXHIGHNY,KXHIGHNY-26JUN02,76.4565,2.8718,0.1436,skip,effective_confidence<0.6
2026-06-02T13:00:03.780687-04:00,prod,2026-06-02,fl,KXHIGHMIA,KXHIGHMIA-26JUN02,90.1051,4.6000,0.0724,skip,effective_confidence<0.6
2026-06-02T14:00:05.022747-04:00,prod,2026-06-02,il,KXHIGHCHI,KXHIGHCHI-26JUN02,74.1784,2.9608,0.0972,skip,effective_confidence<0.6
2026-06-02T14:00:05.024814-04:00,prod,2026-06-02,tx,KXHIGHAUS,KXHIGHAUS-26JUN02,92.4312,2.8844,0.1387,skip,effective_confidence<0.6
2026-06-03T13:00:14.837423-04:00,prod,2026-06-03,ny,KXHIGHNY,KXHIGHNY-26JUN03,82.2296,3.5852,0.0775,skip,effective_confidence<0.6
2026-06-03T13:00:15.299891-04:00,prod,2026-06-03,fl,KXHIGHMIA,KXHIGHMIA-26JUN03,86.1927,1.7127,0.6327,skip,count_zero_after_caps;yes_ask=99;budget_cap=0
2026-06-03T14:00:34.262295-04:00,prod,2026-06-03,il,KXHIGHCHI,KXHIGHCHI-26JUN03,83.0814,2.6093,0.2776,skip,effective_confidence<0.6
2026-06-03T14:00:34.687160-04:00,prod,2026-06-03,tx,KXHIGHAUS,KXHIGHAUS-26JUN03,88.3319,0.0000,0.7108,skip,count_zero_after_caps;yes_ask=40;budget_cap=0
2026-06-04T13:00:33.902576-04:00,prod,2026-06-04,ny,KXHIGHNY,KXHIGHNY-26JUN04,86.9042,3.9479,0.0000,skip,effective_confidence<0.6
2026-06-04T13:00:34.342004-04:00,prod,2026-06-04,fl,KXHIGHMIA,KXHIGHMIA-26JUN04,83.7877,1.5084,0.6459,trade,"intraday_ok;ok;trend=increasing;means=81.62,81.62,82.36,83.79;sigma=1.5084;mode=forecast_bucket;p=0.255;market_p=0.090;ticker=KXHIGHMIA-26JUN04-B83.5;ask=9"
2026-06-04T14:00:10.989823-04:00,prod,2026-06-04,il,KXHIGHCHI,KXHIGHCHI-26JUN04,87.3427,3.4786,0.0783,skip,effective_confidence<0.6
2026-06-04T14:00:10.991153-04:00,prod,2026-06-04,tx,KXHIGHAUS,KXHIGHAUS-26JUN04,83.8531,2.0735,0.5028,skip,effective_confidence<0.6
2026-06-05T13:00:35.870954-04:00,prod,2026-06-05,ny,KXHIGHNY,KXHIGHNY-26JUN05,89.9622,1.5839,0.7003,skip,count_zero_after_caps;yes_ask=78;budget_cap=0
2026-06-05T13:00:37.289244-04:00,prod,2026-06-05,fl,KXHIGHMIA,KXHIGHMIA-26JUN05,81.4656,0.9000,0.7740,skip,market_disagrees;yes_ask=1<min_yes_ask=2
2026-06-05T14:00:41.840646-04:00,prod,2026-06-05,il,KXHIGHCHI,KXHIGHCHI-26JUN05,79.4188,2.8906,0.1381,skip,effective_confidence<0.6
2026-06-05T14:00:41.841967-04:00,prod,2026-06-05,tx,KXHIGHAUS,KXHIGHAUS-26JUN05,84.0660,2.5170,0.2860,skip,effective_confidence<0.6
2026-06-06T13:00:04.471132-04:00,prod,2026-06-06,ny,KXHIGHNY,KXHIGHNY-26JUN06,90.9111,3.4944,0.0768,skip,effective_confidence<0.6
2026-06-06T13:00:04.902961-04:00,prod,2026-06-06,fl,KXHIGHMIA,KXHIGHMIA-26JUN06,83.7239,0.4500,0.7719,skip,market_disagrees;yes_ask=1<min_yes_ask=2
2026-06-06T14:00:05.414982-04:00,prod,2026-06-06,il,KXHIGHCHI,KXHIGHCHI-26JUN06,83.6172,3.6214,0.0000,skip,effective_confidence<0.6
2026-06-06T14:00:05.416446-04:00,prod,2026-06-06,tx,KXHIGHAUS,KXHIGHAUS-26JUN06,88.4435,3.0282,0.0665,skip,effective_confidence<0.6
2026-06-07T13:00:10.124415-04:00,prod,2026-06-07,ny,KXHIGHNY,KXHIGHNY-26JUN07,83.2809,2.4595,0.3359,skip,effective_confidence<0.6
2026-06-07T13:00:10.563897-04:00,prod,2026-06-07,fl,KXHIGHMIA,KXHIGHMIA-26JUN07,87.5438,0.6500,0.7375,trade,"low_ask_depth(6<25);intraday_ok;ok;trend=increasing;means=86.37,86.37,86.37,87.54;sigma=0.6500;mode=forecast_bucket;p=0.283;market_p=0.280;ticker=KXHIGHMIA-26JUN07-B87.5;ask=28"
2026-06-07T14:00:04.586531-04:00,prod,2026-06-07,il,KXHIGHCHI,KXHIGHCHI-26JUN07,81.8349,1.5895,0.7141,skip,market_disagrees;yes_ask=1<min_yes_ask=2
2026-06-07T14:00:04.588594-04:00,prod,2026-06-07,tx,KXHIGHAUS,KXHIGHAUS-26JUN07,88.4874,2.5563,0.2576,skip,effective_confidence<0.6
2026-06-08T13:00:04.779260-04:00,prod,2026-06-08,ny,KXHIGHNY,KXHIGHNY-26JUN08,77.0956,1.6310,0.6494,trade,"low_ask_depth(16<25);intraday_soft;non_monotonic;means=77.69,77.74,77.10,77.74;mode=forecast_bucket;p=0.226;market_p=0.460;ticker=KXHIGHNY-26JUN08-B76.5;ask=46"
2026-06-08T13:00:06.010589-04:00,prod,2026-06-08,fl,KXHIGHMIA,KXHIGHMIA-26JUN08,89.5278,0.2500,0.7402,skip,count_zero_after_caps;yes_ask=85;budget_cap=0
2026-06-08T14:00:37.658822-04:00,prod,2026-06-08,il,KXHIGHCHI,KXHIGHCHI-26JUN08,83.6796,2.5102,0.2682,skip,effective_confidence<0.6
2026-06-08T14:00:37.660078-04:00,prod,2026-06-08,tx,KXHIGHAUS,KXHIGHAUS-26JUN08,88.4456,2.1772,0.4127,skip,effective_confidence<0.6
2026-06-09T13:00:04.030303-04:00,prod,2026-06-09,ny,KXHIGHNY,KXHIGHNY-26JUN09,78.6003,3.6999,0.0724,skip,effective_confidence<0.6
2026-06-09T13:00:04.031481-04:00,prod,2026-06-09,fl,KXHIGHMIA,KXHIGHMIA-26JUN09,88.2258,2.3000,0.4640,skip,effective_confidence<0.6
2026-06-09T14:00:05.419157-04:00,prod,2026-06-09,il,KXHIGHCHI,KXHIGHCHI-26JUN09,86.2349,2.4826,0.2617,skip,effective_confidence<0.6
2026-06-09T14:00:05.420362-04:00,prod,2026-06-09,tx,KXHIGHAUS,KXHIGHAUS-26JUN09,91.6695,3.2153,0.0816,skip,effective_confidence<0.6
2026-06-10T13:00:05.214635-04:00,prod,2026-06-10,ny,KXHIGHNY,KXHIGHNY-26JUN10,79.8906,2.4497,0.3298,skip,effective_confidence<0.6
2026-06-10T13:00:06.562900-04:00,prod,2026-06-10,fl,KXHIGHMIA,KXHIGHMIA-26JUN10,86.2864,1.1500,0.7307,skip,market_disagrees;yes_ask=1<min_yes_ask=2
2026-06-10T14:00:04.601964-04:00,prod,2026-06-10,il,KXHIGHCHI,KXHIGHCHI-26JUN10,90.7795,1.7750,0.6268,skip,count_zero_after_caps;yes_ask=75;budget_cap=0
2026-06-10T14:00:05.160312-04:00,prod,2026-06-10,tx,KXHIGHAUS,KXHIGHAUS-26JUN10,91.7850,1.7925,0.7335,trade,"low_ask_depth(5<25);intraday_soft;non_monotonic;means=91.84,91.78,92.65,91.78;mode=forecast_bucket;p=0.217;market_p=0.390;ticker=KXHIGHAUS-26JUN10-B91.5;ask=39"
2026-06-11T13:00:32.088612-04:00,prod,2026-06-11,ny,KXHIGHNY,KXHIGHNY-26JUN11,94.3571,2.7715,0.1807,skip,effective_confidence<0.6
2026-06-11T13:00:32.090390-04:00,prod,2026-06-11,fl,KXHIGHMIA,KXHIGHMIA-26JUN11,88.2126,2.2437,0.4723,skip,effective_confidence<0.6
2026-06-11T14:00:04.336299-04:00,prod,2026-06-11,il,KXHIGHCHI,KXHIGHCHI-26JUN11,82.0308,2.2646,0.3843,skip,effective_confidence<0.6
2026-06-11T14:00:04.337970-04:00,prod,2026-06-11,tx,KXHIGHAUS,KXHIGHAUS-26JUN11,93.4230,2.4865,0.3647,skip,effective_confidence<0.6
2026-06-12T13:00:04.799473-04:00,prod,2026-06-12,ny,KXHIGHNY,KXHIGHNY-26JUN12,94.8556,1.6722,0.6098,trade,"intraday_soft;non_monotonic;means=94.86,94.86,94.08,94.86;mode=forecast_bucket;p=0.230;market_p=0.070;ticker=KXHIGHNY-26JUN12-B94.5;ask=7"
2026-06-12T13:00:04.992235-04:00,prod,2026-06-12,fl,KXHIGHMIA,KXHIGHMIA-26JUN12,88.4049,2.5976,0.2868,skip,effective_confidence<0.6
2026-06-12T14:00:04.234244-04:00,prod,2026-06-12,il,KXHIGHCHI,KXHIGHCHI-26JUN12,78.1999,1.8501,0.5863,skip,effective_confidence<0.6
2026-06-12T14:00:04.235419-04:00,prod,2026-06-12,tx,KXHIGHAUS,KXHIGHAUS-26JUN12,91.1870,3.4565,0.0819,skip,effective_confidence<0.6
2026-06-13T13:00:04.444006-04:00,prod,2026-06-13,ny,KXHIGHNY,KXHIGHNY-26JUN13,89.1365,3.1317,0.0695,skip,effective_confidence<0.6
2026-06-13T13:00:04.445249-04:00,prod,2026-06-13,fl,KXHIGHMIA,KXHIGHMIA-26JUN13,90.6786,2.2180,0.4971,skip,effective_confidence<0.6
2026-06-13T14:00:04.071793-04:00,prod,2026-06-13,il,KXHIGHCHI,KXHIGHCHI-26JUN13,85.7517,2.5742,0.2951,skip,effective_confidence<0.6
2026-06-13T14:00:04.074168-04:00,prod,2026-06-13,tx,KXHIGHAUS,KXHIGHAUS-26JUN13,93.0487,3.3256,0.0817,skip,effective_confidence<0.6
2026-06-14T13:00:04.077418-04:00,prod,2026-06-14,ny,KXHIGHNY,KXHIGHNY-26JUN14,89.0788,3.3106,0.0667,skip,effective_confidence<0.6
2026-06-14T13:00:04.078716-04:00,prod,2026-06-14,fl,KXHIGHMIA,KXHIGHMIA-26JUN14,90.7600,2.2200,0.4976,skip,effective_confidence<0.6
2026-06-14T14:00:04.606341-04:00,prod,2026-06-14,il,KXHIGHCHI,KXHIGHCHI-26JUN14,68.7612,3.8194,0.0730,skip,effective_confidence<0.6
2026-06-14T14:00:04.607722-04:00,prod,2026-06-14,tx,KXHIGHAUS,KXHIGHAUS-26JUN14,89.4181,2.5909,0.2405,skip,effective_confidence<0.6
2026-06-15T13:00:04.363065-04:00,prod,2026-06-15,ny,KXHIGHNY,KXHIGHNY-26JUN15,79.8668,2.4234,0.3184,skip,effective_confidence<0.6
2026-06-15T13:00:04.366241-04:00,prod,2026-06-15,fl,KXHIGHMIA,KXHIGHMIA-26JUN15,90.4364,2.4818,0.3614,skip,effective_confidence<0.6
2026-06-15T14:00:05.141066-04:00,prod,2026-06-15,il,KXHIGHCHI,KXHIGHCHI-26JUN15,76.2010,1.6488,0.6758,trade,"low_ask_depth(24<25);intraday_ok;ok;trend=increasing;means=75.80,76.00,76.00,76.20;sigma=1.6488;mode=forecast_bucket;p=0.235;market_p=0.500;ticker=KXHIGHCHI-26JUN15-B76.5;ask=50"
2026-06-15T14:00:05.247360-04:00,prod,2026-06-15,tx,KXHIGHAUS,KXHIGHAUS-26JUN15,81.1915,3.5043,0.0652,skip,effective_confidence<0.6
2026-06-16T13:00:04.838439-04:00,prod,2026-06-16,ny,KXHIGHNY,KXHIGHNY-26JUN16,78.0226,2.9887,0.0698,skip,effective_confidence<0.6
2026-06-16T13:00:05.338646-04:00,prod,2026-06-16,fl,KXHIGHMIA,KXHIGHMIA-26JUN16,92.7909,1.8176,0.7278,trade,"intraday_ok;ok;trend=increasing;means=91.56,91.56,91.56,92.79;sigma=1.8176;mode=forecast_bucket;p=0.214;market_p=0.270;ticker=KXHIGHMIA-26JUN16-B92.5;ask=27"
2026-06-16T14:00:04.695445-04:00,prod,2026-06-16,il,KXHIGHCHI,KXHIGHCHI-26JUN16,75.5706,2.3727,0.3805,skip,effective_confidence<0.6
2026-06-16T14:00:04.696978-04:00,prod,2026-06-16,tx,KXHIGHAUS,KXHIGHAUS-26JUN16,86.9338,0.0000,0.5864,skip,effective_confidence<0.6
2026-06-17T13:00:04.785458-04:00,prod,2026-06-17,ny,KXHIGHNY,KXHIGHNY-26JUN17,78.0364,2.3818,0.3343,skip,effective_confidence<0.6
2026-06-17T13:00:04.786657-04:00,prod,2026-06-17,fl,KXHIGHMIA,KXHIGHMIA-26JUN17,90.9441,2.2779,0.4758,skip,effective_confidence<0.6
2026-06-17T14:00:04.670733-04:00,prod,2026-06-17,il,KXHIGHCHI,KXHIGHCHI-26JUN17,66.8128,2.7400,0.2160,skip,effective_confidence<0.6
2026-06-17T14:00:04.672140-04:00,prod,2026-06-17,tx,KXHIGHAUS,KXHIGHAUS-26JUN17,90.7006,2.1353,0.5568,skip,effective_confidence<0.6
2026-06-18T13:00:03.812737-04:00,prod,2026-06-18,ny,KXHIGHNY,KXHIGHNY-26JUN18,87.6645,1.8983,0.5749,skip,effective_confidence<0.6
2026-06-18T13:00:03.814192-04:00,prod,2026-06-18,fl,KXHIGHMIA,KXHIGHMIA-26JUN18,92.7190,2.0809,0.5933,skip,effective_confidence<0.6
2026-06-18T14:00:04.913511-04:00,prod,2026-06-18,il,KXHIGHCHI,KXHIGHCHI-26JUN18,72.2439,0.1500,0.7132,trade,"intraday_soft;non_monotonic;means=72.31,72.24,72.69,72.24;mode=forecast_bucket;p=0.325;market_p=0.440;ticker=KXHIGHCHI-26JUN18-B71.5;ask=44"
2026-06-18T14:00:05.458625-04:00,prod,2026-06-18,tx,KXHIGHAUS,KXHIGHAUS-26JUN18,97.1225,1.9713,0.6475,trade,"intraday_soft;non_monotonic;means=97.05,97.12,97.97,97.12;mode=forecast_bucket;p=0.197;market_p=0.680;ticker=KXHIGHAUS-26JUN18-B97.5;ask=68"
2026-06-19T13:00:05.052818-04:00,prod,2026-06-19,ny,KXHIGHNY,KXHIGHNY-26JUN19,83.9647,2.9176,0.1060,skip,effective_confidence<0.6
2026-06-19T13:00:05.054600-04:00,prod,2026-06-19,fl,KXHIGHMIA,KXHIGHMIA-26JUN19,92.2672,2.5078,0.3566,skip,effective_confidence<0.6
2026-06-19T14:00:03.964774-04:00,prod,2026-06-19,il,KXHIGHCHI,KXHIGHCHI-26JUN19,77.6139,2.4931,0.2730,skip,effective_confidence<0.6
2026-06-19T14:00:03.966410-04:00,prod,2026-06-19,tx,KXHIGHAUS,KXHIGHAUS-26JUN19,91.3614,3.1507,0.0817,skip,effective_confidence<0.6
2026-06-20T13:00:03.772938-04:00,prod,2026-06-20,ny,KXHIGHNY,KXHIGHNY-26JUN20,82.1641,3.0179,0.0700,skip,effective_confidence<0.6
2026-06-20T13:00:04.260714-04:00,prod,2026-06-20,fl,KXHIGHMIA,KXHIGHMIA-26JUN20,90.3514,1.5907,0.7440,skip,market_disagrees;yes_ask=1<min_yes_ask=2
2026-06-20T14:00:05.104729-04:00,prod,2026-06-20,il,KXHIGHCHI,KXHIGHCHI-26JUN20,77.4667,1.5666,0.7073,trade,"low_ask_depth(14<25);intraday_soft;non_monotonic;means=78.90,77.47,77.91,77.47;mode=forecast_bucket;p=0.383;market_p=0.540;ticker=KXHIGHCHI-26JUN20-T78;ask=54"
2026-06-21T13:00:04.859017-04:00,prod,2026-06-21,ny,KXHIGHNY,KXHIGHNY-26JUN21,81.6573,0.0000,0.6497,trade,"low_ask_depth(1<25);intraday_soft;non_monotonic;means=81.66,81.66,81.38,81.66;mode=forecast_bucket;p=0.282;market_p=0.160;ticker=KXHIGHNY-26JUN21-B82.5;ask=16"
2026-06-21T14:00:04.392502-04:00,prod,2026-06-21,il,KXHIGHCHI,KXHIGHCHI-26JUN21,73.1135,2.5218,0.2639,skip,effective_confidence<0.6
2026-06-21T14:00:04.393842-04:00,prod,2026-06-21,tx,KXHIGHAUS,KXHIGHAUS-26JUN21,91.6290,3.1855,0.0772,skip,effective_confidence<0.6
2026-06-22T13:00:05.024899-04:00,prod,2026-06-22,ny,KXHIGHNY,KXHIGHNY-26JUN22,75.3111,1.5944,0.6928,trade,"low_ask_depth(22<25);intraday_soft;non_monotonic;means=75.41,75.31,74.61,75.31;mode=forecast_bucket;p=0.217;market_p=0.210;ticker=KXHIGHNY-26JUN22-B74.5;ask=21"
2026-06-22T14:00:04.791880-04:00,prod,2026-06-22,il,KXHIGHCHI,KXHIGHCHI-26JUN22,69.9167,1.5153,0.7056,skip,market_disagrees;yes_ask=1<min_yes_ask=2
2026-06-22T14:00:04.793570-04:00,prod,2026-06-22,tx,KXHIGHAUS,KXHIGHAUS-26JUN22,93.7254,2.1289,0.5232,skip,effective_confidence<0.6
2026-06-23T13:00:04.895224-04:00,prod,2026-06-23,ny,KXHIGHNY,KXHIGHNY-26JUN23,70.9515,2.2735,0.4519,skip,effective_confidence<0.6
2026-06-23T13:00:04.896682-04:00,prod,2026-06-23,fl,KXHIGHMIA,KXHIGHMIA-26JUN23,89.9441,2.7779,0.2048,skip,effective_confidence<0.6
2026-06-23T14:00:04.716089-04:00,prod,2026-06-23,il,KXHIGHCHI,KXHIGHCHI-26JUN23,72.9698,1.9951,0.5919,skip,effective_confidence<0.6
2026-06-23T14:00:04.717257-04:00,prod,2026-06-23,tx,KXHIGHAUS,KXHIGHAUS-26JUN23,94.7821,2.0089,0.5666,skip,effective_confidence<0.6
2026-06-24T13:00:04.833347-04:00,prod,2026-06-24,ny,KXHIGHNY,KXHIGHNY-26JUN24,83.4250,2.1130,0.5268,skip,effective_confidence<0.6
2026-06-24T13:00:05.719873-04:00,prod,2026-06-24,fl,KXHIGHMIA,KXHIGHMIA-26JUN24,91.2039,0.0000,0.7364,skip,count_zero_after_caps;yes_ask=17;budget_cap=0
2026-06-24T14:00:05.361998-04:00,prod,2026-06-24,il,KXHIGHCHI,KXHIGHCHI-26JUN24,76.4680,0.0000,0.7256,skip,count_zero_after_caps;yes_ask=87;budget_cap=0
2026-06-24T14:00:05.366748-04:00,prod,2026-06-24,tx,KXHIGHAUS,KXHIGHAUS-26JUN24,95.6472,2.0264,0.5729,skip,effective_confidence<0.6
2026-06-25T13:00:04.665081-04:00,prod,2026-06-25,ny,KXHIGHNY,KXHIGHNY-26JUN25,84.0524,2.9738,0.0873,skip,effective_confidence<0.6
2026-06-25T13:00:05.221541-04:00,prod,2026-06-25,fl,KXHIGHMIA,KXHIGHMIA-26JUN25,90.4195,0.0000,0.7554,trade,"low_ask_depth(13<25);intraday_ok;ok;trend=increasing;means=89.24,89.41,89.41,90.42;sigma=0.0000;mode=forecast_bucket;p=0.290;market_p=0.110;ticker=KXHIGHMIA-26JUN25-B90.5;ask=11"
2026-06-25T14:00:04.479528-04:00,prod,2026-06-25,il,KXHIGHCHI,KXHIGHCHI-26JUN25,79.3259,2.9870,0.0837,skip,effective_confidence<0.6
2026-06-25T14:00:04.954149-04:00,prod,2026-06-25,tx,KXHIGHAUS,KXHIGHAUS-26JUN25,95.4066,1.7725,0.6718,trade,"intraday_soft;non_monotonic;means=95.39,94.67,94.67,95.41;mode=forecast_bucket;p=0.222;market_p=0.150;ticker=KXHIGHAUS-26JUN25-B95.5;ask=15"
2026-06-26T13:00:24.319157-04:00,prod,2026-06-26,ny,KXHIGHNY,KXHIGHNY-26JUN26,85.3807,2.2000,0.4069,skip,effective_confidence<0.6
2026-06-26T13:00:24.722380-04:00,prod,2026-06-26,fl,KXHIGHMIA,KXHIGHMIA-26JUN26,89.1058,1.7971,0.7556,skip,count_zero_after_caps;yes_ask=2;budget_cap=0
2026-06-26T14:00:04.717396-04:00,prod,2026-06-26,il,KXHIGHCHI,KXHIGHCHI-26JUN26,70.5089,3.6456,0.0000,skip,effective_confidence<0.6
2026-06-26T14:00:05.458408-04:00,prod,2026-06-26,tx,KXHIGHAUS,KXHIGHAUS-26JUN26,95.7374,1.6813,0.6718,skip,count_zero_after_caps;yes_ask=36;budget_cap=0
2026-06-27T13:00:05.106839-04:00,prod,2026-06-27,ny,KXHIGHNY,KXHIGHNY-26JUN27,80.3023,3.2989,0.0734,skip,effective_confidence<0.6
2026-06-27T13:00:05.107991-04:00,prod,2026-06-27,fl,KXHIGHMIA,KXHIGHMIA-26JUN27,90.2544,2.9228,0.0910,skip,effective_confidence<0.6
2026-06-27T14:00:05.756300-04:00,prod,2026-06-27,il,KXHIGHCHI,KXHIGHCHI-26JUN27,76.9195,2.8403,0.0824,skip,effective_confidence<0.6
2026-06-27T14:00:05.758137-04:00,prod,2026-06-27,tx,KXHIGHAUS,KXHIGHAUS-26JUN27,96.3457,2.0276,0.5973,skip,effective_confidence<0.6
2026-06-28T13:01:43.100138-04:00,prod,2026-06-28,ny,KXHIGHNY,KXHIGHNY-26JUN28,81.2896,3.4552,0.0736,skip,effective_confidence<0.6
2026-06-28T13:01:43.135852-04:00,prod,2026-06-28,fl,KXHIGHMIA,KXHIGHMIA-26JUN28,90.0031,0.1500,0.5621,skip,effective_confidence<0.6
2026-06-28T14:00:08.975696-04:00,prod,2026-06-28,il,KXHIGHCHI,KXHIGHCHI-26JUN28,85.1994,2.4003,0.3135,skip,effective_confidence<0.6
2026-06-28T14:00:08.978625-04:00,prod,2026-06-28,tx,KXHIGHAUS,KXHIGHAUS-26JUN28,96.4480,2.3434,0.4230,skip,effective_confidence<0.6
2026-06-29T13:00:04.132218-04:00,prod,2026-06-29,ny,KXHIGHNY,KXHIGHNY-26JUN29,86.9286,2.1384,0.5045,skip,effective_confidence<0.6
2026-06-29T13:00:04.537892-04:00,prod,2026-06-29,fl,KXHIGHMIA,KXHIGHMIA-26JUN29,92.1482,0.5000,0.7445,skip,count_zero_after_caps;yes_ask=22;budget_cap=0
2026-06-29T14:00:06.989654-04:00,prod,2026-06-29,il,KXHIGHCHI,KXHIGHCHI-26JUN29,94.3694,2.7653,0.1212,skip,effective_confidence<0.6
2026-06-29T14:00:06.991259-04:00,prod,2026-06-29,tx,KXHIGHAUS,KXHIGHAUS-26JUN29,96.3214,2.8393,0.0858,skip,effective_confidence<0.6
2026-06-30T13:00:05.900488-04:00,prod,2026-06-30,ny,KXHIGHNY,KXHIGHNY-26JUN30,89.9184,1.8908,0.6421,skip,count_zero_after_caps;yes_ask=68;budget_cap=0
2026-06-30T13:00:05.903188-04:00,prod,2026-06-30,fl,KXHIGHMIA,KXHIGHMIA-26JUN30,91.0671,2.4165,0.2646,skip,effective_confidence<0.6
2026-06-30T14:00:04.686804-04:00,prod,2026-06-30,il,KXHIGHCHI,KXHIGHCHI-26JUN30,95.3765,2.9618,0.0956,skip,effective_confidence<0.6
2026-06-30T14:00:04.688011-04:00,prod,2026-06-30,tx,KXHIGHAUS,KXHIGHAUS-26JUN30,94.4653,3.0673,0.0787,skip,effective_confidence<0.6
2026-07-01T13:00:04.759921-04:00,prod,2026-07-01,ny,KXHIGHNY,KXHIGHNY-26JUL01,95.8339,2.8370,0.1566,skip,effective_confidence<0.6
2026-07-01T13:00:05.373493-04:00,prod,2026-07-01,fl,KXHIGHMIA,KXHIGHMIA-26JUL01,91.0374,0.2000,0.6035,skip,market_disagrees;yes_ask=1<min_yes_ask=2
2026-07-01T14:00:04.977573-04:00,prod,2026-07-01,il,KXHIGHCHI,KXHIGHCHI-26JUL01,96.2199,2.7901,0.1818,skip,effective_confidence<0.6
2026-07-01T14:00:04.979401-04:00,prod,2026-07-01,tx,KXHIGHAUS,KXHIGHAUS-26JUL01,95.4375,2.3812,0.4017,skip,effective_confidence<0.6
2026-07-02T13:00:05.155000-04:00,prod,2026-07-02,ny,KXHIGHNY,KXHIGHNY-26JUL02,101.7641,3.9180,0.0769,skip,effective_confidence<0.6
2026-07-02T13:00:05.156238-04:00,prod,2026-07-02,fl,KXHIGHMIA,KXHIGHMIA-26JUL02,89.2563,1.6507,0.5765,skip,effective_confidence<0.6
2026-07-02T14:00:04.576756-04:00,prod,2026-07-02,il,KXHIGHCHI,KXHIGHCHI-26JUL02,95.8527,2.9237,0.1144,skip,effective_confidence<0.6
2026-07-02T14:00:04.578503-04:00,prod,2026-07-02,tx,KXHIGHAUS,KXHIGHAUS-26JUL02,94.6973,3.2013,0.0779,skip,effective_confidence<0.6
2026-07-03T13:00:29.134859-04:00,prod,2026-07-03,ny,KXHIGHNY,KXHIGHNY-26JUL03,102.9780,3.4110,0.0758,skip,effective_confidence<0.6
2026-07-03T13:00:29.136292-04:00,prod,2026-07-03,fl,KXHIGHMIA,KXHIGHMIA-26JUL03,88.9235,2.4500,0.3052,skip,effective_confidence<0.6
2026-07-03T14:00:04.416990-04:00,prod,2026-07-03,il,KXHIGHCHI,KXHIGHCHI-26JUL03,89.1521,3.0239,0.0770,skip,effective_confidence<0.6
2026-07-03T14:00:04.418419-04:00,prod,2026-07-03,tx,KXHIGHAUS,KXHIGHAUS-26JUL03,95.7570,2.7715,0.1994,skip,effective_confidence<0.6
2026-07-04T13:00:05.635292-04:00,prod,2026-07-04,ny,KXHIGHNY,KXHIGHNY-26JUL04,96.6744,1.6325,0.6886,skip,count_zero_after_caps;yes_ask=93;budget_cap=0
2026-07-04T13:00:06.051424-04:00,prod,2026-07-04,fl,KXHIGHMIA,KXHIGHMIA-26JUL04,91.0210,1.6733,0.7091,skip,count_zero_after_caps;yes_ask=49;budget_cap=0
2026-07-04T14:00:06.604108-04:00,prod,2026-07-04,il,KXHIGHCHI,KXHIGHCHI-26JUL04,82.8409,0.8600,0.7194,skip,count_zero_after_caps;yes_ask=91;budget_cap=0
2026-07-04T14:00:06.609360-04:00,prod,2026-07-04,tx,KXHIGHAUS,KXHIGHAUS-26JUL04,96.0352,3.2824,0.0779,skip,effective_confidence<0.6
2026-07-05T13:00:06.199138-04:00,prod,2026-07-05,ny,KXHIGHNY,KXHIGHNY-26JUL05,82.8313,0.0000,0.6596,skip,count_zero_after_caps;yes_ask=80;budget_cap=0
2026-07-05T13:00:07.212334-04:00,prod,2026-07-05,fl,KXHIGHMIA,KXHIGHMIA-26JUL05,91.3854,1.8500,0.6860,skip,market_disagrees;yes_ask=1<min_yes_ask=2
2026-07-05T14:00:07.678110-04:00,prod,2026-07-05,il,KXHIGHCHI,KXHIGHCHI-26JUL05,74.2373,1.9805,0.6261,skip,count_zero_after_caps;yes_ask=97;budget_cap=0
2026-07-05T14:00:07.680396-04:00,prod,2026-07-05,tx,KXHIGHAUS,KXHIGHAUS-26JUL05,97.0399,3.2801,0.0798,skip,effective_confidence<0.6
2026-07-06T13:00:23.262034-04:00,prod,2026-07-06,ny,KXHIGHNY,KXHIGHNY-26JUL06,71.5746,0.0000,0.6599,skip,count_zero_after_caps;yes_ask=99;budget_cap=0
2026-07-06T13:00:23.265260-04:00,prod,2026-07-06,fl,KXHIGHMIA,KXHIGHMIA-26JUL06,89.7374,2.7000,0.1406,skip,effective_confidence<0.6
2026-07-06T14:00:07.318535-04:00,prod,2026-07-06,il,KXHIGHCHI,KXHIGHCHI-26JUL06,77.2391,1.8895,0.6352,skip,market_disagrees;yes_ask=1<min_yes_ask=2
2026-07-06T14:00:07.320229-04:00,prod,2026-07-06,tx,KXHIGHAUS,KXHIGHAUS-26JUL06,95.9535,3.1233,0.0818,skip,effective_confidence<0.6
2026-07-07T13:00:40.731946-04:00,prod,2026-07-07,ny,KXHIGHNY,KXHIGHNY-26JUL07,70.0351,0.0000,0.6742,skip,count_zero_after_caps;yes_ask=100;budget_cap=0
2026-07-07T13:00:41.371399-04:00,prod,2026-07-07,fl,KXHIGHMIA,KXHIGHMIA-26JUL07,90.9437,1.7968,0.7149,trade,"intraday_soft;non_monotonic;means=90.96,90.96,91.94,90.94;mode=forecast_bucket;p=0.213;market_p=0.080;ticker=KXHIGHMIA-26JUL07-B90.5;ask=8"
2026-07-07T14:00:05.828337-04:00,prod,2026-07-07,il,KXHIGHCHI,KXHIGHCHI-26JUL07,82.3436,1.7282,0.7347,skip,market_disagrees;yes_ask=1<min_yes_ask=2
2026-07-07T14:00:05.830331-04:00,prod,2026-07-07,tx,KXHIGHAUS,KXHIGHAUS-26JUL07,95.7650,3.7675,0.0791,skip,effective_confidence<0.6
2026-07-08T13:00:12.635437-04:00,prod,2026-07-08,ny,KXHIGHNY,KXHIGHNY-26JUL08,83.2681,3.4810,0.0731,skip,effective_confidence<0.6
2026-07-08T13:00:12.637096-04:00,prod,2026-07-08,fl,KXHIGHMIA,KXHIGHMIA-26JUL08,93.0879,2.1489,0.5325,skip,effective_confidence<0.6
2026-07-08T14:00:08.272196-04:00,prod,2026-07-08,il,KXHIGHCHI,KXHIGHCHI-26JUL08,89.9156,2.2113,0.4561,skip,effective_confidence<0.6
2026-07-08T14:00:08.273480-04:00,prod,2026-07-08,tx,KXHIGHAUS,KXHIGHAUS-26JUL08,97.0843,3.4579,0.0779,skip,effective_confidence<0.6
2026-07-09T13:00:37.248476-04:00,prod,2026-07-09,ny,KXHIGHNY,KXHIGHNY-26JUL09,84.0653,0.0000,0.6825,skip,count_zero_after_caps;yes_ask=31;budget_cap=0
2026-07-09T13:00:37.676889-04:00,prod,2026-07-09,fl,KXHIGHMIA,KXHIGHMIA-26JUL09,91.1472,0.5000,0.7387,trade,"intraday_soft;non_monotonic;means=90.75,90.75,92.19,91.15;mode=forecast_bucket;p=0.285;market_p=0.100;ticker=KXHIGHMIA-26JUL09-B90.5;ask=10"
2026-07-09T14:00:11.319489-04:00,prod,2026-07-09,il,KXHIGHCHI,KXHIGHCHI-26JUL09,85.5101,3.1950,0.0000,skip,effective_confidence<0.6
2026-07-09T14:00:11.320878-04:00,prod,2026-07-09,tx,KXHIGHAUS,KXHIGHAUS-26JUL09,98.2326,2.4337,0.3783,skip,effective_confidence<0.6
2026-07-10T13:01:09.679591-04:00,prod,2026-07-10,ny,KXHIGHNY,KXHIGHNY-26JUL10,87.2417,3.6292,0.0734,skip,effective_confidence<0.6
2026-07-10T13:01:10.174946-04:00,prod,2026-07-10,fl,KXHIGHMIA,KXHIGHMIA-26JUL10,91.3673,0.4000,0.7559,skip,market_disagrees;yes_ask=1<min_yes_ask=2
2026-07-10T14:00:07.846992-04:00,prod,2026-07-10,il,KXHIGHCHI,KXHIGHCHI-26JUL10,80.9478,3.0761,0.0000,skip,effective_confidence<0.6
2026-07-10T14:00:07.848891-04:00,prod,2026-07-10,tx,KXHIGHAUS,KXHIGHAUS-26JUL10,92.8508,3.1246,0.0770,skip,effective_confidence<0.6
2026-07-11T13:00:08.759028-04:00,prod,2026-07-11,ny,KXHIGHNY,KXHIGHNY-26JUL11,80.1847,0.0000,0.6934,skip,count_zero_after_caps;yes_ask=90;budget_cap=0
2026-07-11T13:00:09.701202-04:00,prod,2026-07-11,fl,KXHIGHMIA,KXHIGHMIA-26JUL11,90.9738,1.7815,0.7152,skip,count_zero_after_caps;yes_ask=65;budget_cap=0
2026-07-11T14:00:08.503243-04:00,prod,2026-07-11,il,KXHIGHCHI,KXHIGHCHI-26JUL11,82.8157,2.3056,0.3790,skip,effective_confidence<0.6
2026-07-11T14:00:08.504780-04:00,prod,2026-07-11,tx,KXHIGHAUS,KXHIGHAUS-26JUL11,91.7378,1.9909,0.4694,skip,effective_confidence<0.6
2026-07-12T13:00:33.668383-04:00,prod,2026-07-12,ny,KXHIGHNY,KXHIGHNY-26JUL12,83.8039,2.9981,0.5416,skip,effective_confidence<0.55
2026-07-12T13:00:34.425450-04:00,prod,2026-07-12,fl,KXHIGHMIA,KXHIGHMIA-26JUL12,91.8795,2.5000,0.5864,skip,count_zero_after_caps;yes_ask=37;budget_cap=0
2026-07-12T14:01:08.250820-04:00,prod,2026-07-12,il,KXHIGHCHI,KXHIGHCHI-26JUL12,85.2340,2.7494,0.6025,skip,count_zero_after_caps;yes_ask=20;budget_cap=0
2026-07-12T14:01:08.309606-04:00,prod,2026-07-12,tx,KXHIGHAUS,KXHIGHAUS-26JUL12,93.2777,3.1112,0.5100,skip,effective_confidence<0.55
2026-07-13T13:00:29.972503-04:00,prod,2026-07-13,ny,KXHIGHNY,KXHIGHNY-26JUL13,84.9068,3.3466,0.5417,skip,effective_confidence<0.55
2026-07-13T13:00:30.438234-04:00,prod,2026-07-13,fl,KXHIGHMIA,KXHIGHMIA-26JUL13,93.7437,2.2867,0.6550,skip,count_zero_after_caps;yes_ask=49;budget_cap=0
2026-07-13T14:00:10.444886-04:00,prod,2026-07-13,il,KXHIGHCHI,KXHIGHCHI-26JUL13,92.5816,0.3750,0.8746,trade,"intraday_soft;non_monotonic;means=93.67,92.70,92.58,93.34;mode=forecast_bucket;p=0.264;market_p=0.280;ticker=KXHIGHCHI-26JUL13-B93.5;ask=28"
2026-07-14T13:01:06.727185-04:00,prod,2026-07-14,ny,KXHIGHNY,KXHIGHNY-26JUL14,95.2109,3.2445,0.5415,skip,effective_confidence<0.55
2026-07-14T13:01:07.545560-04:00,prod,2026-07-14,fl,KXHIGHMIA,KXHIGHMIA-26JUL14,91.1598,2.1201,0.7291,skip,market_disagrees;yes_ask=1<min_yes_ask=2
2026-07-14T14:00:13.591388-04:00,prod,2026-07-14,il,KXHIGHCHI,KXHIGHCHI-26JUL14,97.4917,1.4496,0.8875,trade,"intraday_soft;non_monotonic;means=98.21,97.49,97.49,98.21;mode=forecast_bucket;p=0.216;market_p=0.240;ticker=KXHIGHCHI-26JUL14-B96.5;ask=24"
2026-07-15T13:00:06.690596-04:00,prod,2026-07-15,ny,KXHIGHNY,KXHIGHNY-26JUL15,99.3457,3.8771,0.5388,skip,effective_confidence<0.55
2026-07-15T13:00:07.442483-04:00,prod,2026-07-15,fl,KXHIGHMIA,KXHIGHMIA-26JUL15,90.9310,2.7398,0.5586,skip,market_disagrees;yes_ask=1<min_yes_ask=2
2026-07-15T14:00:12.432807-04:00,prod,2026-07-15,il,KXHIGHCHI,KXHIGHCHI-26JUL15,96.3090,0.7876,0.8905,trade,"low_ask_depth(13<25);intraday_soft;non_monotonic;means=97.29,96.33,96.31,97.03;mode=forecast_bucket;p=0.445;market_p=0.290;ticker=KXHIGHCHI-26JUL15-B96.5;ask=29"
2026-07-16T13:00:49.766721-04:00,prod,2026-07-16,ny,KXHIGHNY,KXHIGHNY-26JUL16,91.9907,2.9086,0.5595,trade,intraday_soft;sigma_too_high;sigma=2.9086;cap=2.5000;mode=forecast_bucket;p=0.135;market_p=0.040;ticker=KXHIGHNY-26JUL16-B91.5;ask=4
2026-07-16T14:00:08.925849-04:00,prod,2026-07-16,il,KXHIGHCHI,KXHIGHCHI-26JUL16,91.0671,0.9325,0.8915,trade,"intraday_soft;non_monotonic;means=91.73,91.07,91.07,91.73;mode=forecast_bucket;p=0.471;market_p=0.740;ticker=KXHIGHCHI-26JUL16-T92;ask=74"
2026-07-18T13:00:06.294428-04:00,prod,2026-07-18,ny,KXHIGHNY,KXHIGHNY-26JUL18,77.3607,3.6196,0.5353,skip,effective_confidence<0.55
2026-07-18T13:00:06.297433-04:00,prod,2026-07-18,fl,KXHIGHMIA,KXHIGHMIA-26JUL18,89.3878,4.3500,0.4759,skip,effective_confidence<0.55
2026-07-18T14:00:16.279034-04:00,prod,2026-07-18,il,KXHIGHCHI,KXHIGHCHI-26JUL18,91.4973,2.0241,0.8180,trade,"intraday_soft;non_monotonic;means=90.52,91.15,92.17,91.50;mode=forecast_bucket;p=0.195;market_p=0.120;ticker=KXHIGHCHI-26JUL18-B91.5;ask=12"
2026-07-19T13:00:06.673786-04:00,prod,2026-07-19,ny,KXHIGHNY,KXHIGHNY-26JUL19,81.2294,3.2853,0.5343,skip,effective_confidence<0.55
2026-07-19T13:00:06.675054-04:00,prod,2026-07-19,fl,KXHIGHMIA,KXHIGHMIA-26JUL19,91.5858,2.8000,0.4882,skip,effective_confidence<0.55
2026-07-19T14:00:06.756576-04:00,prod,2026-07-19,il,KXHIGHCHI,KXHIGHCHI-26JUL19,80.8653,0.6550,0.8843,trade,"intraday_soft;non_monotonic;means=80.33,80.26,80.26,80.87;mode=forecast_bucket;p=0.455;market_p=0.260;ticker=KXHIGHCHI-26JUL19-B80.5;ask=26"
2026-07-20T13:00:43.150183-04:00,prod,2026-07-20,ny,KXHIGHNY,KXHIGHNY-26JUL20,81.9906,3.8047,0.5339,skip,effective_confidence<0.55
2026-07-20T13:00:43.608369-04:00,prod,2026-07-20,fl,KXHIGHMIA,KXHIGHMIA-26JUL20,91.3714,1.6500,0.7951,trade,"intraday_ok;ok;trend=increasing;means=91.06,91.06,91.37,92.62;sigma=1.6500;mode=forecast_bucket;p=0.237;market_p=0.420;ticker=KXHIGHMIA-26JUL20-B91.5;ask=42"
2026-07-20T14:00:07.534553-04:00,prod,2026-07-20,il,KXHIGHCHI,KXHIGHCHI-26JUL20,87.5475,0.8280,0.8908,trade,"low_ask_depth(8<25);intraday_ok;ok;trend=increasing;means=86.97,86.97,86.97,87.55;sigma=0.8280;mode=forecast_bucket;p=0.453;market_p=0.030;ticker=KXHIGHCHI-26JUL20-B87.5;ask=3"
2026-07-21T13:00:06.014351-04:00,prod,2026-07-21,ny,KXHIGHNY,KXHIGHNY-26JUL21,80.0567,0.0000,0.8112,skip,count_zero_after_caps;yes_ask=62;budget_cap=0
2026-07-21T13:00:06.018178-04:00,prod,2026-07-21,fl,KXHIGHMIA,KXHIGHMIA-26JUL21,91.0064,3.6500,0.4757,skip,effective_confidence<0.55
2026-07-21T14:00:08.562654-04:00,prod,2026-07-21,il,KXHIGHCHI,KXHIGHCHI-26JUL21,88.0852,0.6419,0.8890,trade,"low_ask_depth(4<25);intraday_soft;non_monotonic;means=87.69,87.49,88.09,87.49;mode=forecast_bucket;p=0.435;market_p=0.080;ticker=KXHIGHCHI-26JUL21-B88.5;ask=8"
2026-07-22T13:00:46.882966-04:00,prod,2026-07-22,ny,KXHIGHNY,KXHIGHNY-26JUL22,84.7696,3.5152,0.5373,skip,effective_confidence<0.55
2026-07-22T13:00:47.462103-04:00,prod,2026-07-22,fl,KXHIGHMIA,KXHIGHMIA-26JUL22,90.7602,0.0000,0.8011,trade,"low_ask_depth(1<25);intraday_soft;non_monotonic;means=89.80,89.80,89.79,90.76;mode=forecast_bucket;p=0.315;market_p=0.150;ticker=KXHIGHMIA-26JUL22-B90.5;ask=15"
2026-07-22T14:00:06.011131-04:00,prod,2026-07-22,il,KXHIGHCHI,KXHIGHCHI-26JUL22,74.9750,2.6696,0.5946,trade,low_ask_depth(24<25);intraday_soft;sigma_too_high;sigma=2.6696;cap=2.5000;mode=forecast_bucket;p=0.146;market_p=0.060;ticker=KXHIGHCHI-26JUL22-B75.5;ask=6
2026-07-23T13:00:55.815110-04:00,prod,2026-07-23,ny,KXHIGHNY,KXHIGHNY-26JUL23,81.5415,2.4326,0.6808,trade,"low_ask_depth(4<25);intraday_soft;non_monotonic;means=81.82,81.82,81.89,81.54;mode=forecast_bucket;p=0.163;market_p=0.480;ticker=KXHIGHNY-26JUL23-B81.5;ask=48"
2026-07-23T14:00:06.038844-04:00,prod,2026-07-23,il,KXHIGHCHI,KXHIGHCHI-26JUL23,79.8522,0.6100,0.8797,trade,"low_ask_depth(2<25);intraday_soft;non_monotonic;means=79.27,79.27,79.85,79.27;mode=forecast_bucket;p=0.355;market_p=0.050;ticker=KXHIGHCHI-26JUL23-B80.5;ask=5"
2026-07-24T13:00:42.757933-04:00,prod,2026-07-24,ny,KXHIGHNY,KXHIGHNY-26JUL24,82.4698,3.6651,0.5400,skip,effective_confidence<0.55
2026-07-24T13:00:42.759442-04:00,prod,2026-07-24,fl,KXHIGHMIA,KXHIGHMIA-26JUL24,90.4878,2.8061,0.5165,skip,effective_confidence<0.55
2026-07-24T14:00:08.065169-04:00,prod,2026-07-24,il,KXHIGHCHI,KXHIGHCHI-26JUL24,80.0621,0.0400,0.8838,trade,"low_ask_depth(2<25);intraday_soft;non_monotonic;means=80.06,80.06,80.62,80.06;mode=forecast_bucket;p=0.427;market_p=0.620;ticker=KXHIGHCHI-26JUL24-B80.5;ask=62"
2026-07-25T13:00:04.953527-04:00,prod,2026-07-25,ny,KXHIGHNY,KXHIGHNY-26JUL25,81.6987,0.4250,0.8722,trade,"intraday_soft;non_monotonic;means=82.04,81.95,81.70,81.95;mode=forecast_bucket;p=0.302;market_p=0.360;ticker=KXHIGHNY-26JUL25-B82.5;ask=36"
2026-07-25T14:00:06.417983-04:00,prod,2026-07-25,il,KXHIGHCHI,KXHIGHCHI-26JUL25,79.6035,1.1900,0.8835,trade,"intraday_soft;non_monotonic;means=81.25,80.07,79.60,80.16;mode=forecast_bucket;p=0.249;market_p=0.490;ticker=KXHIGHCHI-26JUL25-B80.5;ask=49"
2026-07-26T13:00:04.632726-04:00,prod,2026-07-26,ny,KXHIGHNY,KXHIGHNY-26JUL26,84.1852,1.0083,0.8803,skip,count_zero_after_caps;yes_ask=81;budget_cap=0
2026-07-26T13:00:05.201968-04:00,prod,2026-07-26,fl,KXHIGHMIA,KXHIGHMIA-26JUL26,92.2096,2.1626,0.6749,skip,market_disagrees;yes_ask=1<min_yes_ask=2
2026-07-26T14:00:51.137886-04:00,prod,2026-07-26,il,KXHIGHCHI,KXHIGHCHI-26JUL26,90.7653,1.0100,0.8833,trade,"intraday_soft;non_monotonic;means=91.41,90.83,90.77,91.35;mode=forecast_bucket;p=0.297;market_p=0.440;ticker=KXHIGHCHI-26JUL26-B91.5;ask=44"
2026-07-27T13:00:06.514465-04:00,prod,2026-07-27,ny,KXHIGHNY,KXHIGHNY-26JUL27,82.7762,0.6246,0.8843,trade,"intraday_ok;ok;trend=decreasing;means=82.78,82.78,82.78,82.54;sigma=0.6246;mode=forecast_bucket;p=0.328;market_p=0.700;ticker=KXHIGHNY-26JUL27-B83.5;ask=70"
2026-07-27T14:00:05.241831-04:00,prod,2026-07-27,il,KXHIGHCHI,KXHIGHCHI-26JUL27,88.3644,2.7600,0.5673,trade,intraday_soft;sigma_too_high;sigma=2.7600;cap=2.5000;mode=forecast_bucket;p=0.591;market_p=0.960;ticker=KXHIGHCHI-26JUL27-T90;ask=96
2026-07-28T13:00:05.171684-04:00,prod,2026-07-28,ny,KXHIGHNY,KXHIGHNY-26JUL28,78.8665,0.9862,0.8072,skip,count_zero_after_caps;yes_ask=44;budget_cap=0
2026-07-28T13:00:05.797513-04:00,prod,2026-07-28,fl,KXHIGHMIA,KXHIGHMIA-26JUL28,89.7170,1.8000,0.7121,trade,"intraday_soft;non_monotonic;means=89.75,89.72,90.85,89.72;mode=forecast_bucket;p=0.200;market_p=0.350;ticker=KXHIGHMIA-26JUL28-B90.5;ask=35"
2026-07-28T14:00:06.265429-04:00,prod,2026-07-28,il,KXHIGHCHI,KXHIGHCHI-26JUL28,76.3805,1.2200,0.8070,trade,"intraday_soft;non_monotonic;means=75.86,75.83,75.83,76.38;mode=forecast_bucket;p=0.249;market_p=0.060;ticker=KXHIGHCHI-26JUL28-B75.5;ask=6"
2026-07-28T14:00:07.234271-04:00,prod,2026-07-28,tx,KXHIGHAUS,KXHIGHAUS-26JUL28,99.3013,0.8350,0.7799,trade,"low_ask_depth(12<25);intraday_soft;non_monotonic;means=99.27,98.31,99.30,98.31;mode=forecast_bucket;p=0.373;market_p=0.580;ticker=KXHIGHAUS-26JUL28-B99.5;ask=58"
2026-07-29T13:00:05.982819-04:00,prod,2026-07-29,ny,KXHIGHNY,KXHIGHNY-26JUL29,77.7162,0.9150,0.8281,trade,"low_ask_depth(3<25);intraday_ok;ok;trend=decreasing;means=78.96,78.16,78.16,77.72;sigma=0.9150;mode=forecast_bucket;p=0.298;market_p=0.380;ticker=KXHIGHNY-26JUL29-B78.5;ask=38"
2026-07-29T13:00:06.324254-04:00,prod,2026-07-29,fl,KXHIGHMIA,KXHIGHMIA-26JUL29,93.8058,2.8000,0.4156,skip,effective_confidence<0.55
2026-07-29T14:00:04.823283-04:00,prod,2026-07-29,il,KXHIGHCHI,KXHIGHCHI-26JUL29,78.7839,0.6941,0.8148,trade,"intraday_soft;non_monotonic;means=79.07,78.18,78.36,78.78;mode=forecast_bucket;p=0.605;market_p=0.760;ticker=KXHIGHCHI-26JUL29-T80;ask=76"
2026-07-29T14:00:05.611912-04:00,prod,2026-07-29,tx,KXHIGHAUS,KXHIGHAUS-26JUL29,99.3281,0.8350,0.7663,trade,"low_ask_depth(12<25);intraday_soft;non_monotonic;means=99.26,98.26,98.26,99.33;mode=forecast_bucket;p=0.273;market_p=0.650;ticker=KXHIGHAUS-26JUL29-B98.5;ask=65"
2026-07-30T13:00:05.626001-04:00,prod,2026-07-30,ny,KXHIGHNY,KXHIGHNY-26JUL30,76.2894,1.0211,0.8098,skip,count_zero_after_caps;yes_ask=70;budget_cap=0
2026-07-30T13:00:06.263100-04:00,prod,2026-07-30,fl,KXHIGHMIA,KXHIGHMIA-26JUL30,93.6724,2.0500,0.6010,trade,"intraday_soft;non_monotonic;means=92.43,92.43,93.67,92.43;mode=forecast_bucket;p=0.178;market_p=0.390;ticker=KXHIGHMIA-26JUL30-B94.5;ask=39"
2026-07-30T14:00:08.835996-04:00,prod,2026-07-30,il,KXHIGHCHI,KXHIGHCHI-26JUL30,86.9733,0.9618,0.8257,trade,"intraday_soft;non_monotonic;means=86.90,86.97,87.51,86.97;mode=forecast_bucket;p=0.346;market_p=0.720;ticker=KXHIGHCHI-26JUL30-B87.5;ask=72"
2026-07-30T14:00:09.958352-04:00,prod,2026-07-30,tx,KXHIGHAUS,KXHIGHAUS-26JUL30,98.9552,0.1150,0.7554,trade,"low_ask_depth(12<25);intraday_soft;non_monotonic;means=100.02,98.96,100.08,98.96;mode=forecast_bucket;p=0.323;market_p=0.390;ticker=KXHIGHAUS-26JUL30-B98.5;ask=39"
2026-07-31T13:00:04.800313-04:00,prod,2026-07-31,ny,KXHIGHNY,KXHIGHNY-26JUL31,85.3428,1.2166,0.8147,trade,"low_ask_depth(4<25);intraday_soft;non_monotonic;means=85.34,85.34,85.34,85.34;mode=forecast_bucket;p=0.254;market_p=0.800;ticker=KXHIGHNY-26JUL31-B84.5;ask=80"
2026-07-31T13:00:05.164644-04:00,prod,2026-07-31,fl,KXHIGHMIA,KXHIGHMIA-26JUL31,93.1571,4.2500,0.3723,skip,effective_confidence<0.55
2026-07-31T14:00:05.570826-04:00,prod,2026-07-31,il,KXHIGHCHI,KXHIGHCHI-26JUL31,84.0006,1.5700,0.6569,skip,market_disagrees;yes_ask=1<min_yes_ask=2
2026-07-31T14:00:06.202189-04:00,prod,2026-07-31,tx,KXHIGHAUS,KXHIGHAUS-26JUL31,100.7193,0.5150,0.7430,trade,"intraday_soft;non_monotonic;means=99.60,99.42,100.72,99.53;mode=forecast_bucket;p=0.332;market_p=0.750;ticker=KXHIGHAUS-26JUL31-B100.5;ask=75"
2026-08-01T13:00:49.884685-04:00,prod,2026-08-01,ny,KXHIGHNY,KXHIGHNY-26AUG01,85.7871,2.0303,0.7318,trade,"low_ask_depth(7<25);intraday_soft;non_monotonic;means=86.65,86.65,85.67,85.79;mode=forecast_bucket;p=0.183;market_p=0.500;ticker=KXHIGHNY-26AUG01-B86.5;ask=50"
2026-08-01T13:00:50.255310-04:00,prod,2026-08-01,fl,KXHIGHMIA,KXHIGHMIA-26AUG01,92.0082,2.4000,0.5312,skip,effective_confidence<0.55
2026-08-01T14:00:07.058718-04:00,prod,2026-08-01,il,KXHIGHCHI,KXHIGHCHI-26AUG01,72.5101,0.7750,0.7164,skip,market_disagrees;yes_ask=1<min_yes_ask=2
2026-08-01T14:00:07.060645-04:00,prod,2026-08-01,tx,KXHIGHAUS,KXHIGHAUS-26AUG01,97.5960,3.7520,0.4546,skip,effective_confidence<0.55
2026-08-02T13:00:05.536467-04:00,prod,2026-08-02,ny,KXHIGHNY,KXHIGHNY-26AUG02,83.1357,1.6000,0.8228,trade,"low_ask_depth(4<25);intraday_soft;non_monotonic;means=83.28,83.28,83.14,83.28;mode=forecast_bucket;p=0.227;market_p=0.610;ticker=KXHIGHNY-26AUG02-B82.5;ask=61"
2026-08-02T13:00:06.120533-04:00,prod,2026-08-02,fl,KXHIGHMIA,KXHIGHMIA-26AUG02,88.4234,0.3000,0.8758,skip,market_disagrees;yes_ask=1<min_yes_ask=2
2026-08-02T14:00:05.203199-04:00,prod,2026-08-02,il,KXHIGHCHI,KXHIGHCHI-26AUG02,75.2905,2.3815,0.6549,skip,count_zero_after_caps;yes_ask=40;budget_cap=0
2026-08-02T14:00:05.669224-04:00,prod,2026-08-02,tx,KXHIGHAUS,KXHIGHAUS-26AUG02,99.7570,1.4150,0.7501,trade,"low_ask_depth(1<25);intraday_soft;non_monotonic;means=98.53,98.61,99.76,98.61;mode=forecast_bucket;p=0.272;market_p=0.620;ticker=KXHIGHAUS-26AUG02-B99.5;ask=62"
2026-08-03T13:00:14.004640-04:00,prod,2026-08-03,ny,KXHIGHNY,KXHIGHNY-26AUG03,81.6488,0.0000,0.8193,trade,"intraday_soft;non_monotonic;means=81.80,81.80,81.65,82.04;mode=forecast_bucket;p=0.284;market_p=0.180;ticker=KXHIGHNY-26AUG03-B82.5;ask=18"
2026-08-03T13:00:14.944552-04:00,prod,2026-08-03,fl,KXHIGHMIA,KXHIGHMIA-26AUG03,89.8721,1.7500,0.8468,skip,market_disagrees;yes_ask=1<min_yes_ask=2
2026-08-03T14:00:06.192983-04:00,prod,2026-08-03,il,KXHIGHCHI,KXHIGHCHI-26AUG03,79.7087,2.2004,0.6824,skip,count_zero_after_caps;yes_ask=56;budget_cap=0
2026-08-03T14:00:06.197255-04:00,prod,2026-08-03,tx,KXHIGHAUS,KXHIGHAUS-26AUG03,101.4030,2.6961,0.5268,skip,effective_confidence<0.55
2026-08-04T13:00:40.748435-04:00,prod,2026-08-04,ny,KXHIGHNY,KXHIGHNY-26AUG04,83.1643,0.0000,0.8084,trade,"intraday_ok;ok;trend=increasing;means=82.38,82.38,83.16,83.32;sigma=0.2500;mode=forecast_bucket;p=0.442;market_p=0.780;ticker=KXHIGHNY-26AUG04-B83.5;ask=78"
2026-08-04T13:00:41.413324-04:00,prod,2026-08-04,fl,KXHIGHMIA,KXHIGHMIA-26AUG04,90.9956,1.1000,0.7134,trade,"low_ask_depth(1<25);intraday_soft;non_monotonic;means=89.29,89.29,91.00,90.18;mode=forecast_bucket;p=0.271;market_p=0.460;ticker=KXHIGHMIA-26AUG04-B90.5;ask=46"
2026-08-04T14:00:12.217323-04:00,prod,2026-08-04,il,KXHIGHCHI,KXHIGHCHI-26AUG04,85.8229,3.3385,0.4724,skip,effective_confidence<0.55
2026-08-04T14:00:12.218965-04:00,prod,2026-08-04,tx,KXHIGHAUS,KXHIGHAUS-26AUG04,100.5395,2.8417,0.4943,skip,effective_confidence<0.55
2026-08-05T13:00:05.776239-04:00,prod,2026-08-05,ny,KXHIGHNY,KXHIGHNY-26AUG05,84.6432,1.4000,0.8147,trade,"intraday_soft;non_monotonic;means=83.45,84.64,84.64,84.59;mode=forecast_bucket;p=0.278;market_p=0.210;ticker=KXHIGHNY-26AUG05-B84.5;ask=21"
2026-08-05T13:00:06.439742-04:00,prod,2026-08-05,fl,KXHIGHMIA,KXHIGHMIA-26AUG05,89.7165,2.1732,0.7045,trade,"intraday_soft;non_monotonic;means=88.95,89.72,90.39,89.72;mode=forecast_bucket;p=0.171;market_p=0.730;ticker=KXHIGHMIA-26AUG05-B90.5;ask=73"
2026-08-05T14:00:05.423457-04:00,prod,2026-08-05,il,KXHIGHCHI,KXHIGHCHI-26AUG05,83.4713,2.9385,0.4962,skip,effective_confidence<0.55
2026-08-05T14:00:06.057900-04:00,prod,2026-08-05,tx,KXHIGHAUS,KXHIGHAUS-26AUG05,99.9789,2.4670,0.5901,trade,"intraday_soft;non_monotonic;means=100.03,98.87,98.87,99.98;mode=forecast_bucket;p=0.157;market_p=0.560;ticker=KXHIGHAUS-26AUG05-B100.5;ask=56"
2026-08-06T13:00:06.925563-04:00,prod,2026-08-06,ny,KXHIGHNY,KXHIGHNY-26AUG06,89.0182,1.7468,0.7871,trade,"low_ask_depth(13<25);intraday_soft;non_monotonic;means=89.26,89.26,89.51,89.02;mode=forecast_bucket;p=0.216;market_p=0.600;ticker=KXHIGHNY-26AUG06-B88.5;ask=60"
2026-08-06T13:00:07.937351-04:00,prod,2026-08-06,fl,KXHIGHMIA,KXHIGHMIA-26AUG06,89.9703,2.4500,0.6397,trade,"low_ask_depth(1<25);intraday_ok;ok;trend=increasing;means=89.39,89.39,89.39,89.97;sigma=2.4500;mode=forecast_bucket;p=0.159;market_p=0.120;ticker=KXHIGHMIA-26AUG06-B89.5;ask=12"
2026-08-06T14:00:05.099826-04:00,prod,2026-08-06,il,KXHIGHCHI,KXHIGHCHI-26AUG06,77.8069,0.0000,0.8127,skip,count_zero_after_caps;yes_ask=75;budget_cap=0
2026-08-06T14:00:05.106000-04:00,prod,2026-08-06,tx,KXHIGHAUS,KXHIGHAUS-26AUG06,97.9292,3.5854,0.4697,skip,effective_confidence<0.55
2026-08-07T13:00:16.036299-04:00,prod,2026-08-07,ny,KXHIGHNY,KXHIGHNY-26AUG07,90.4925,2.5427,0.6203,trade,intraday_soft;sigma_too_high;sigma=2.5427;cap=2.5000;mode=forecast_bucket;p=0.145;market_p=0.260;ticker=KXHIGHNY-26AUG07-B89.5;ask=26
2026-08-07T13:00:16.269869-04:00,prod,2026-08-07,fl,KXHIGHMIA,KXHIGHMIA-26AUG07,90.3373,2.9000,0.4694,skip,effective_confidence<0.55
2026-08-07T14:00:09.249098-04:00,prod,2026-08-07,il,KXHIGHCHI,KXHIGHCHI-26AUG07,85.8512,0.0000,0.7984,trade,"intraday_soft;non_monotonic;means=86.60,85.11,85.32,85.85;mode=forecast_bucket;p=0.348;market_p=0.600;ticker=KXHIGHCHI-26AUG07-B86.5;ask=60"
2026-08-07T14:00:09.976668-04:00,prod,2026-08-07,tx,KXHIGHAUS,KXHIGHAUS-26AUG07,98.2144,2.2051,0.6575,trade,"low_ask_depth(4<25);intraday_soft;non_monotonic;means=98.30,97.06,97.09,98.21;mode=forecast_bucket;p=0.170;market_p=0.250;ticker=KXHIGHAUS-26AUG07-B97.5;ask=25"
2026-08-08T13:00:05.873399-04:00,prod,2026-08-08,ny,KXHIGHNY,KXHIGHNY-26AUG08,89.6234,0.0000,0.8099,trade,"low_ask_depth(5<25);intraday_soft;non_monotonic;means=89.49,89.60,89.59,89.62;mode=forecast_bucket;p=0.526;market_p=0.700;ticker=KXHIGHNY-26AUG08-B89.5;ask=70"
2026-08-08T13:00:07.121386-04:00,prod,2026-08-08,fl,KXHIGHMIA,KXHIGHMIA-26AUG08,91.7462,1.8500,0.7381,trade,"low_ask_depth(13<25);intraday_soft;non_monotonic;means=90.76,91.23,91.75,91.23;mode=forecast_bucket;p=0.211;market_p=0.560;ticker=KXHIGHMIA-26AUG08-B91.5;ask=56"
2026-08-08T14:00:05.254252-04:00,prod,2026-08-08,il,KXHIGHCHI,KXHIGHCHI-26AUG08,85.4337,3.8832,0.4943,skip,effective_confidence<0.55
2026-08-08T14:00:05.255711-04:00,prod,2026-08-08,tx,KXHIGHAUS,KXHIGHAUS-26AUG08,98.8969,2.8632,0.4948,skip,effective_confidence<0.55
2026-08-09T13:00:05.110497-04:00,prod,2026-08-09,ny,KXHIGHNY,KXHIGHNY-26AUG09,91.0385,0.0000,0.7900,trade,"low_ask_depth(4<25);intraday_soft;non_monotonic;means=91.04,91.04,91.29,91.04;mode=forecast_bucket;p=0.401;market_p=0.640;ticker=KXHIGHNY-26AUG09-B90.5;ask=64"
2026-08-09T13:00:05.668459-04:00,prod,2026-08-09,fl,KXHIGHMIA,KXHIGHMIA-26AUG09,89.2707,0.1000,0.7250,skip,market_disagrees;yes_ask=1<min_yes_ask=2
2026-08-09T14:00:05.974808-04:00,prod,2026-08-09,il,KXHIGHCHI,KXHIGHCHI-26AUG09,86.9497,2.0500,0.6047,trade,"low_ask_depth(7<25);intraday_soft;non_monotonic;means=87.01,86.95,86.95,88.33;mode=forecast_bucket;p=0.186;market_p=0.180;ticker=KXHIGHCHI-26AUG09-B87.5;ask=18"
2026-08-09T14:00:06.152376-04:00,prod,2026-08-09,tx,KXHIGHAUS,KXHIGHAUS-26AUG09,97.0014,2.8493,0.5028,skip,effective_confidence<0.55
2026-08-10T13:00:05.401613-04:00,prod,2026-08-10,ny,KXHIGHNY,KXHIGHNY-26AUG10,91.8361,2.2880,0.6880,skip,market_disagrees;yes_ask=1<min_yes_ask=2
2026-08-10T13:00:06.055109-04:00,prod,2026-08-10,fl,KXHIGHMIA,KXHIGHMIA-26AUG10,90.8979,2.0511,0.6564,skip,market_disagrees;yes_ask=1<min_yes_ask=2
2026-08-10T14:00:05.546308-04:00,prod,2026-08-10,il,KXHIGHCHI,KXHIGHCHI-26AUG10,85.2070,0.8196,0.7121,skip,market_disagrees;yes_ask=1<min_yes_ask=2
2026-08-10T14:00:05.549376-04:00,prod,2026-08-10,tx,KXHIGHAUS,KXHIGHAUS-26AUG10,96.2690,3.0655,0.4625,skip,effective_confidence<0.55
2026-08-11T13:00:06.630464-04:00,prod,2026-08-11,ny,KXHIGHNY,KXHIGHNY-26AUG11,88.0949,2.5525,0.6229,skip,count_zero_after_caps;yes_ask=99;budget_cap=0
2026-08-11T13:00:07.301152-04:00,prod,2026-08-11,fl,KXHIGHMIA,KXHIGHMIA-26AUG11,91.2063,2.0968,0.6495,skip,market_disagrees;yes_ask=1<min_yes_ask=2
2026-08-11T14:00:06.421314-04:00,prod,2026-08-11,il,KXHIGHCHI,KXHIGHCHI-26AUG11,81.4876,0.1840,0.7137,trade,"low_ask_depth(4<25);intraday_soft;non_monotonic;means=81.27,80.19,81.49,80.19;mode=forecast_bucket;p=0.243;market_p=0.360;ticker=KXHIGHCHI-26AUG11-B80.5;ask=36"
2026-08-11T14:00:07.292829-04:00,prod,2026-08-11,tx,KXHIGHAUS,KXHIGHAUS-26AUG11,100.4494,0.0000,0.7415,trade,"low_ask_depth(4<25);intraday_soft;non_monotonic;means=99.56,98.87,99.28,100.45;mode=forecast_bucket;p=0.246;market_p=0.460;ticker=KXHIGHAUS-26AUG11-B99.5;ask=46"
2026-08-12T13:00:06.274057-04:00,prod,2026-08-12,ny,KXHIGHNY,KXHIGHNY-26AUG12,88.5557,2.4221,0.6172,trade,"intraday_ok;ok;trend=decreasing;means=88.58,88.57,88.56,88.56;sigma=2.4221;mode=forecast_bucket;p=0.152;market_p=0.020;ticker=KXHIGHNY-26AUG12-B89.5;ask=2"
2026-08-12T13:00:07.348626-04:00,prod,2026-08-12,fl,KXHIGHMIA,KXHIGHMIA-26AUG12,93.8374,1.7652,0.7225,skip,count_zero_after_caps;yes_ask=84;budget_cap=0
2026-08-12T14:00:54.240887-04:00,prod,2026-08-12,il,KXHIGHCHI,KXHIGHCHI-26AUG12,80.9511,0.0000,0.7355,trade,"intraday_soft;non_monotonic;means=81.16,81.16,80.95,82.14;mode=forecast_bucket;p=0.399;market_p=0.420;ticker=KXHIGHCHI-26AUG12-B80.5;ask=42"
2026-08-12T14:00:55.093565-04:00,prod,2026-08-12,tx,KXHIGHAUS,KXHIGHAUS-26AUG12,100.8642,2.3679,0.5961,trade,"intraday_soft;non_monotonic;means=100.90,100.90,102.06,100.86;mode=forecast_bucket;p=0.161;market_p=0.750;ticker=KXHIGHAUS-26AUG12-B101.5;ask=75"
2026-08-13T13:00:18.768690-04:00,prod,2026-08-13,ny,KXHIGHNY,KXHIGHNY-26AUG13,85.8099,2.7679,0.5630,trade,low_ask_depth(5<25);intraday_soft;sigma_too_high;sigma=2.7679;cap=2.5000;mode=forecast_bucket;p=0.142;market_p=0.490;ticker=KXHIGHNY-26AUG13-B85.5;ask=49
2026-08-13T13:00:19.468155-04:00,prod,2026-08-13,fl,KXHIGHMIA,KXHIGHMIA-26AUG13,93.0889,2.3464,0.5923,skip,market_disagrees;yes_ask=1<min_yes_ask=2
2026-08-13T14:00:29.432905-04:00,prod,2026-08-13,il,KXHIGHCHI,KXHIGHCHI-26AUG13,79.0453,3.7274,0.4784,skip,effective_confidence<0.55
2026-08-13T14:00:30.071332-04:00,prod,2026-08-13,tx,KXHIGHAUS,KXHIGHAUS-26AUG13,102.1496,2.0676,0.6728,trade,"intraday_soft;non_monotonic;means=100.91,100.91,102.15,100.96;mode=forecast_bucket;p=0.182;market_p=0.810;ticker=KXHIGHAUS-26AUG13-B101.5;ask=81"
2026-08-14T13:00:08.407683-04:00,prod,2026-08-14,ny,KXHIGHNY,KXHIGHNY-26AUG14,87.1534,3.0233,0.4941,skip,effective_confidence<0.55
2026-08-14T13:00:08.409532-04:00,prod,2026-08-14,fl,KXHIGHMIA,KXHIGHMIA-26AUG14,91.2984,2.5508,0.5327,skip,effective_confidence<0.55
2026-08-14T14:00:07.763469-04:00,prod,2026-08-14,il,KXHIGHCHI,KXHIGHCHI-26AUG14,79.8030,1.9569,0.7356,skip,market_disagrees;yes_ask=1<min_yes_ask=2
2026-08-14T14:00:07.767587-04:00,prod,2026-08-14,tx,KXHIGHAUS,KXHIGHAUS-26AUG14,97.2958,3.0021,0.4548,skip,effective_confidence<0.55
2026-08-15T13:00:10.023697-04:00,prod,2026-08-15,ny,KXHIGHNY,KXHIGHNY-26AUG15,83.4736,2.5563,0.6084,skip,market_disagrees;yes_ask=1<min_yes_ask=2
2026-08-15T13:00:11.075131-04:00,prod,2026-08-15,fl,KXHIGHMIA,KXHIGHMIA-26AUG15,91.6484,0.6000,0.7371,skip,market_disagrees;yes_ask=1<min_yes_ask=2
2026-08-15T14:00:05.997720-04:00,prod,2026-08-15,il,KXHIGHCHI,KXHIGHCHI-26AUG15,80.6777,0.0000,0.7736,trade,"low_ask_depth(4<25);intraday_soft;non_monotonic;means=81.79,80.68,81.61,80.68;mode=forecast_bucket;p=0.000;market_p=0.580;ticker=KXHIGHCHI-26AUG15-T81;ask=58"
2026-08-15T14:00:06.902710-04:00,prod,2026-08-15,tx,KXHIGHAUS,KXHIGHAUS-26AUG15,100.0533,2.2734,0.6290,skip,market_disagrees;yes_ask=1<min_yes_ask=2
2026-08-16T13:00:05.597922-04:00,prod,2026-08-16,ny,KXHIGHNY,KXHIGHNY-26AUG16,81.8028,0.0000,0.8158,skip,market_disagrees;yes_ask=1<min_yes_ask=2
2026-08-16T13:00:06.105122-04:00,prod,2026-08-16,fl,KXHIGHMIA,KXHIGHMIA-26AUG16,89.4044,0.5000,0.7074,skip,market_disagrees;yes_ask=1<min_yes_ask=2
2026-08-16T14:00:10.703283-04:00,prod,2026-08-16,il,KXHIGHCHI,KXHIGHCHI-26AUG16,84.1146,2.1268,0.7081,skip,market_disagrees;yes_ask=1<min_yes_ask=2
2026-08-16T14:00:10.707803-04:00,prod,2026-08-16,tx,KXHIGHAUS,KXHIGHAUS-26AUG16,101.4919,2.6903,0.5251,skip,effective_confidence<0.55
2026-08-17T13:00:06.541938-04:00,prod,2026-08-17,ny,KXHIGHNY,KXHIGHNY-26AUG17,83.8408,1.8339,0.8153,skip,count_zero_after_caps;yes_ask=95;budget_cap=0
2026-08-17T13:00:07.243694-04:00,prod,2026-08-17,fl,KXHIGHMIA,KXHIGHMIA-26AUG17,92.9264,2.2187,0.6285,skip,market_disagrees;yes_ask=1<min_yes_ask=2
2026-08-17T14:00:05.192058-04:00,prod,2026-08-17,il,KXHIGHCHI,KXHIGHCHI-26AUG17,76.4256,2.6488,0.5898,trade,low_ask_depth(21<25);intraday_soft;sigma_too_high;sigma=2.6488;cap=2.5000;mode=forecast_bucket;p=0.000;market_p=0.180;ticker=KXHIGHCHI-26AUG17-T78;ask=18
2026-08-17T14:00:06.025011-04:00,prod,2026-08-17,tx,KXHIGHAUS,KXHIGHAUS-26AUG17,102.8665,2.2344,0.6646,skip,market_disagrees;yes_ask=1<min_yes_ask=2
2026-08-18T13:00:37.477292-04:00,prod,2026-08-18,ny,KXHIGHNY,KXHIGHNY-26AUG18,84.9786,2.7343,0.5774,skip,count_zero_after_caps;yes_ask=46;budget_cap=0
2026-08-18T13:00:38.075573-04:00,prod,2026-08-18,fl,KXHIGHMIA,KXHIGHMIA-26AUG18,96.6897,0.0000,0.7720,skip,market_disagrees;yes_ask=1<min_yes_ask=2
2026-08-18T14:00:05.712000-04:00,prod,2026-08-18,il,KXHIGHCHI,KXHIGHCHI-26AUG18,80.4860,1.6570,0.8027,skip,market_disagrees;yes_ask=1<min_yes_ask=2
2026-08-18T14:00:06.357583-04:00,prod,2026-08-18,tx,KXHIGHAUS,KXHIGHAUS-26AUG18,100.8274,2.2863,0.6399,skip,market_disagrees;yes_ask=1<min_yes_ask=2
2026-08-19T13:00:06.827856-04:00,prod,2026-08-19,ny,KXHIGHNY,KXHIGHNY-26AUG19,87.4310,1.6000,0.7986,skip,market_disagrees;yes_ask=1<min_yes_ask=2
2026-08-19T13:00:06.829456-04:00,prod,2026-08-19,fl,KXHIGHMIA,KXHIGHMIA-26AUG19,92.5091,2.6954,0.4806,skip,effective_confidence<0.55
2026-08-19T14:00:10.643968-04:00,prod,2026-08-19,il,KXHIGHCHI,KXHIGHCHI-26AUG19,79.1480,0.3250,0.8026,skip,market_disagrees;yes_ask=1<min_yes_ask=2
2026-08-19T14:00:11.454353-04:00,prod,2026-08-19,tx,KXHIGHAUS,KXHIGHAUS-26AUG19,100.8913,0.0000,0.7268,skip,market_disagrees;yes_ask=1<min_yes_ask=2
2026-08-20T13:00:06.864917-04:00,prod,2026-08-20,ny,KXHIGHNY,KXHIGHNY-26AUG20,82.9151,3.2425,0.5244,skip,effective_confidence<0.55
2026-08-20T13:00:07.362241-04:00,prod,2026-08-20,fl,KXHIGHMIA,KXHIGHMIA-26AUG20,92.5415,0.0000,0.6858,skip,market_disagrees;yes_ask=1<min_yes_ask=2
2026-08-20T14:00:05.831592-04:00,prod,2026-08-20,il,KXHIGHCHI,KXHIGHCHI-26AUG20,79.1027,0.7850,0.8030,skip,market_disagrees;yes_ask=1<min_yes_ask=2
2026-08-20T14:00:06.497930-04:00,prod,2026-08-20,tx,KXHIGHAUS,KXHIGHAUS-26AUG20,101.7777,0.0000,0.7263,skip,market_disagrees;yes_ask=1<min_yes_ask=2
2026-08-21T13:00:06.141249-04:00,prod,2026-08-21,ny,KXHIGHNY,KXHIGHNY-26AUG21,77.9572,2.1049,0.6842,skip,count_zero_after_caps;yes_ask=62;budget_cap=0
2026-08-21T13:00:06.749559-04:00,prod,2026-08-21,fl,KXHIGHMIA,KXHIGHMIA-26AUG21,90.7957,0.0000,0.6819,skip,market_disagrees;yes_ask=1<min_yes_ask=2
2026-08-21T14:00:05.870644-04:00,prod,2026-08-21,il,KXHIGHCHI,KXHIGHCHI-26AUG21,81.1701,1.2550,0.8145,trade,"low_ask_depth(14<25);intraday_soft;non_monotonic;means=81.27,80.84,80.84,81.17;mode=forecast_bucket;p=0.000;market_p=0.240;ticker=KXHIGHCHI-26AUG21-T78;ask=24"
2026-08-21T14:00:06.537550-04:00,prod,2026-08-21,tx,KXHIGHAUS,KXHIGHAUS-26AUG21,103.9166,2.3539,0.6167,trade,"intraday_soft;non_monotonic;means=103.91,102.69,102.69,103.92;mode=forecast_bucket;p=0.000;market_p=0.040;ticker=KXHIGHAUS-26AUG21-T101;ask=4"
2026-08-22T13:00:08.805480-04:00,prod,2026-08-22,ny,KXHIGHNY,KXHIGHNY-26AUG22,76.2699,0.0000,0.7631,skip,market_disagrees;yes_ask=1<min_yes_ask=2
2026-08-22T13:00:09.205840-04:00,prod,2026-08-22,fl,KXHIGHMIA,KXHIGHMIA-26AUG22,92.3577,2.0101,0.6371,skip,market_disagrees;yes_ask=1<min_yes_ask=2
2026-08-22T14:00:05.989025-04:00,prod,2026-08-22,il,KXHIGHCHI,KXHIGHCHI-26AUG22,80.6476,1.6250,0.8108,skip,market_disagrees;yes_ask=1<min_yes_ask=2
2026-08-22T14:00:05.991162-04:00,prod,2026-08-22,tx,KXHIGHAUS,KXHIGHAUS-26AUG22,103.0469,2.7266,0.5043,skip,effective_confidence<0.55
2026-08-23T13:00:08.575926-04:00,prod,2026-08-23,ny,KXHIGHNY,KXHIGHNY-26AUG23,81.0856,1.8152,0.8435,skip,count_zero_after_caps;yes_ask=31;budget_cap=0
2026-08-23T13:00:09.169242-04:00,prod,2026-08-23,fl,KXHIGHMIA,KXHIGHMIA-26AUG23,91.2956,0.0000,0.6850,skip,market_disagrees;yes_ask=1<min_yes_ask=2
2026-08-23T14:00:06.714614-04:00,prod,2026-08-23,il,KXHIGHCHI,KXHIGHCHI-26AUG23,77.6704,1.1500,0.7893,skip,market_disagrees;yes_ask=1<min_yes_ask=2
2026-08-23T14:00:06.717813-04:00,prod,2026-08-23,tx,KXHIGHAUS,KXHIGHAUS-26AUG23,105.0808,2.9102,0.4522,skip,effective_confidence<0.55
2026-08-24T13:00:07.121068-04:00,prod,2026-08-24,ny,KXHIGHNY,KXHIGHNY-26AUG24,81.0554,2.6723,0.5550,skip,market_disagrees;yes_ask=1<min_yes_ask=2
2026-08-24T13:00:08.628146-04:00,prod,2026-08-24,fl,KXHIGHMIA,KXHIGHMIA-26AUG24,89.0839,1.3000,0.6795,skip,market_disagrees;yes_ask=1<min_yes_ask=2
2026-08-24T14:00:05.579962-04:00,prod,2026-08-24,il,KXHIGHCHI,KXHIGHCHI-26AUG24,77.7614,1.1550,0.7998,skip,market_disagrees;yes_ask=1<min_yes_ask=2
2026-08-24T14:00:06.025858-04:00,prod,2026-08-24,tx,KXHIGHAUS,KXHIGHAUS-26AUG24,103.6591,1.7704,0.8275,skip,market_disagrees;yes_ask=1<min_yes_ask=2
2026-08-25T13:00:06.258377-04:00,prod,2026-08-25,ny,KXHIGHNY,KXHIGHNY-26AUG25,78.7536,1.5251,0.7658,skip,count_zero_after_caps;yes_ask=85;budget_cap=0
2026-08-25T13:00:06.783997-04:00,prod,2026-08-25,fl,KXHIGHMIA,KXHIGHMIA-26AUG25,92.1507,1.8500,0.6282,skip,market_disagrees;yes_ask=1<min_yes_ask=2
2026-08-25T14:00:10.079654-04:00,prod,2026-08-25,il,KXHIGHCHI,KXHIGHCHI-26AUG25,80.9638,1.1100,0.8087,skip,market_disagrees;yes_ask=1<min_yes_ask=2
2026-08-25T14:00:11.448790-04:00,prod,2026-08-25,tx,KXHIGHAUS,KXHIGHAUS-26AUG25,102.5141,1.8929,0.8297,trade,"intraday_soft;non_monotonic;means=102.45,102.20,103.43,102.51;mode=forecast_bucket;p=0.000;market_p=0.020;ticker=KXHIGHAUS-26AUG25-T101;ask=2"
2026-08-26T13:00:06.388189-04:00,prod,2026-08-26,ny,KXHIGHNY,KXHIGHNY-26AUG26,82.4432,3.1284,0.4873,skip,effective_confidence<0.55
2026-08-26T13:00:07.870359-04:00,prod,2026-08-26,fl,KXHIGHMIA,KXHIGHMIA-26AUG26,89.6803,0.2000,0.7512,skip,market_disagrees;yes_ask=1<min_yes_ask=2
2026-08-26T14:00:10.454444-04:00,prod,2026-08-26,il,KXHIGHCHI,KXHIGHCHI-26AUG26,84.3935,1.2050,0.8134,skip,market_disagrees;yes_ask=1<min_yes_ask=2
2026-08-26T14:00:11.121651-04:00,prod,2026-08-26,tx,KXHIGHAUS,KXHIGHAUS-26AUG26,103.4486,0.6450,0.7202,trade,"intraday_soft;non_monotonic;means=102.69,102.18,102.18,103.45;mode=forecast_bucket;p=0.000;market_p=0.020;ticker=KXHIGHAUS-26AUG26-T101;ask=2"
2026-08-27T13:00:05.577281-04:00,prod,2026-08-27,ny,KXHIGHNY,KXHIGHNY-26AUG27,81.2731,2.0134,0.7552,skip,count_zero_after_caps;yes_ask=92;budget_cap=0
2026-08-27T13:00:06.257759-04:00,prod,2026-08-27,fl,KXHIGHMIA,KXHIGHMIA-26AUG27,90.9469,1.4500,0.7512,skip,market_disagrees;yes_ask=1<min_yes_ask=2
2026-08-27T14:00:06.099187-04:00,prod,2026-08-27,il,KXHIGHCHI,KXHIGHCHI-26AUG27,80.6103,2.3109,0.6814,skip,market_disagrees;yes_ask=1<min_yes_ask=2
2026-08-27T14:00:06.667898-04:00,prod,2026-08-27,tx,KXHIGHAUS,KXHIGHAUS-26AUG27,102.4551,0.1050,0.7369,skip,market_disagrees;yes_ask=1<min_yes_ask=2
2026-08-28T13:00:34.561196-04:00,prod,2026-08-28,ny,KXHIGHNY,KXHIGHNY-26AUG28,81.6299,1.6849,0.7872,skip,market_disagrees;yes_ask=1<min_yes_ask=2
2026-08-28T13:00:34.564958-04:00,prod,2026-08-28,fl,KXHIGHMIA,KXHIGHMIA-26AUG28,92.3506,2.7500,0.4053,skip,effective_confidence<0.55
2026-08-28T14:00:07.126917-04:00,prod,2026-08-28,il,KXHIGHCHI,KXHIGHCHI-26AUG28,83.5892,3.0054,0.5094,skip,effective_confidence<0.55
2026-08-28T14:00:08.529187-04:00,prod,2026-08-28,tx,KXHIGHAUS,KXHIGHAUS-26AUG28,97.6503,0.7350,0.7355,trade,"low_ask_depth(4<25);intraday_soft;non_monotonic;means=97.49,97.65,98.93,97.65;mode=forecast_bucket;p=0.000;market_p=0.060;ticker=KXHIGHAUS-26AUG28-T97;ask=6"
2026-08-29T13:00:32.959652-04:00,prod,2026-08-29,ny,KXHIGHNY,KXHIGHNY-26AUG29,80.5939,0.5650,0.8340,trade,"low_ask_depth(14<25);intraday_soft;non_monotonic;means=80.57,80.57,80.59,80.51;mode=forecast_bucket;p=0.000;market_p=0.870;ticker=KXHIGHNY-26AUG29-T79;ask=87"
2026-08-29T13:00:34.014425-04:00,prod,2026-08-29,fl,KXHIGHMIA,KXHIGHMIA-26AUG29,87.5830,1.2000,0.7681,trade,"intraday_soft;non_monotonic;means=87.64,87.64,88.90,87.58;mode=forecast_bucket;p=0.000;market_p=0.840;ticker=KXHIGHMIA-26AUG29-T88;ask=84"
2026-08-29T14:00:05.936025-04:00,prod,2026-08-29,il,KXHIGHCHI,KXHIGHCHI-26AUG29,83.0739,1.7770,0.7993,skip,market_disagrees;yes_ask=1<min_yes_ask=2
2026-08-29T14:00:06.372950-04:00,prod,2026-08-29,tx,KXHIGHAUS,KXHIGHAUS-26AUG29,98.1020,2.3990,0.5696,trade,"low_ask_depth(5<25);intraday_soft;non_monotonic;means=98.10,98.10,99.42,98.10;mode=forecast_bucket;p=0.000;market_p=0.050;ticker=KXHIGHAUS-26AUG29-T97;ask=5"
2026-08-30T13:00:18.482616-04:00,prod,2026-08-30,ny,KXHIGHNY,KXHIGHNY-26AUG30,80.9853,1.8524,0.7753,trade,"intraday_soft;non_monotonic;means=81.51,81.56,80.99,81.43;mode=forecast_bucket;p=0.000;market_p=0.920;ticker=KXHIGHNY-26AUG30-T82;ask=92"
2026-08-30T13:00:19.303238-04:00,prod,2026-08-30,fl,KXHIGHMIA,KXHIGHMIA-26AUG30,90.0309,0.0000,0.6799,skip,market_disagrees;yes_ask=1<min_yes_ask=2
2026-08-30T14:00:08.301952-04:00,prod,2026-08-30,il,KXHIGHCHI,KXHIGHCHI-26AUG30,81.9804,2.2098,0.7224,trade,"intraday_soft;non_monotonic;means=81.98,81.98,81.98,81.98;mode=forecast_bucket;p=0.000;market_p=0.940;ticker=KXHIGHCHI-26AUG30-T86;ask=94"
2026-08-30T14:00:11.545503-04:00,prod,2026-08-30,tx,KXHIGHAUS,KXHIGHAUS-26AUG30,99.6160,2.3956,0.5722,skip,market_disagrees;yes_ask=1<min_yes_ask=2
2026-08-31T13:00:08.064169-04:00,prod,2026-08-31,ny,KXHIGHNY,KXHIGHNY-26AUG31,79.4087,2.3543,0.6374,skip,market_disagrees;yes_ask=1<min_yes_ask=2
2026-08-31T13:00:09.537957-04:00,prod,2026-08-31,fl,KXHIGHMIA,KXHIGHMIA-26AUG31,88.8342,0.0000,0.5903,skip,market_disagrees;yes_ask=1<min_yes_ask=2
2026-08-31T14:00:06.157956-04:00,prod,2026-08-31,il,KXHIGHCHI,KXHIGHCHI-26AUG31,92.6052,0.2600,0.8147,trade,"intraday_soft;non_monotonic;means=92.80,92.61,92.61,93.37;mode=forecast_bucket;p=0.000;market_p=0.230;ticker=KXHIGHCHI-26AUG31-T89;ask=23"
2026-08-31T14:00:07.173107-04:00,prod,2026-08-31,tx,KXHIGHAUS,KXHIGHAUS-26AUG31,98.8570,0.0000,0.7274,trade,"intraday_soft;non_monotonic;means=98.34,98.86,100.14,98.86;mode=forecast_bucket;p=0.000;market_p=0.020;ticker=KXHIGHAUS-26AUG31-T97;ask=2"
2026-09-01T13:00:06.717787-04:00,prod,2026-09-01,ny,KXHIGHNY,KXHIGHNY-26SEP01,82.1991,3.7004,0.5111,skip,effective_confidence<0.55
2026-09-01T13:00:07.232389-04:00,prod,2026-09-01,fl,KXHIGHMIA,KXHIGHMIA-26SEP01,88.8846,0.0000,0.6687,skip,market_disagrees;yes_ask=1<min_yes_ask=2
2026-09-01T14:00:13.944384-04:00,prod,2026-09-01,il,KXHIGHCHI,KXHIGHCHI-26SEP01,95.5875,2.3737,0.6645,skip,market_disagrees;yes_ask=1<min_yes_ask=2
2026-09-01T14:00:13.947666-04:00,prod,2026-09-01,tx,KXHIGHAUS,KXHIGHAUS-26SEP01,97.4950,3.2525,0.4228,skip,effective_confidence<0.55
