date,city,source_name,predicted_tmax,actual_tmax,absolute_error
2026-01-25,fl,consensus,79.1937,82.0,2.8063
2026-01-25,fl,open-meteo,77.7000,82.0,4.3000
2026-01-25,fl,tomorrow,77.7400,82.0,4.2600
2026-01-25,fl,visual-crossing,79.5000,82.0,2.5000
2026-01-25,fl,weatherapi,78.3000,82.0,3.7000
2026-01-25,il,consensus,18.3600,19.0,0.6400
2026-01-25,il,open-meteo,18.6000,19.0,0.4000
2026-01-25,il,tomorrow,18.4300,19.0,0.5700
2026-01-25,il,visual-crossing,18.9000,19.0,0.1000
2026-01-25,il,weatherapi,20.3000,19.0,1.3000
2026-01-25,ny,consensus,27.8788,22.0,5.8788
2026-01-25,ny,open-meteo,26.8000,22.0,4.8000
2026-01-25,ny,tomorrow,31.2100,22.0,9.2100
2026-01-25,ny,visual-crossing,27.9000,22.0,5.9000
2026-01-25,ny,weatherapi,25.3000,22.0,3.3000
2026-01-25,tx,consensus,28.2250,29.0,0.7750
2026-01-25,tx,open-meteo,28.3000,29.0,0.7000
2026-01-25,tx,tomorrow,26.3300,29.0,2.6700
2026-01-25,tx,visual-crossing,29.0000,29.0,0.0000
2026-01-25,tx,weatherapi,26.2000,29.0,2.8000
2026-01-28,fl,consensus,65.0726,64.0,1.0726
2026-01-28,fl,open-meteo,64.2000,64.0,0.2000
2026-01-28,fl,tomorrow,64.2000,64.0,0.2000
2026-01-28,fl,visual-crossing,65.9000,64.0,1.9000
2026-01-28,fl,weatherapi,62.8000,64.0,1.2000
2026-01-28,il,consensus,15.8760,18.0,2.1240
2026-01-28,il,open-meteo,17.1000,18.0,0.9000
2026-01-28,il,tomorrow,17.1900,18.0,0.8100
2026-01-28,il,visual-crossing,16.1000,18.0,1.9000
2026-01-28,il,weatherapi,22.8000,18.0,4.8000
2026-01-28,ny,consensus,22.0744,23.0,0.9256
2026-01-28,ny,open-meteo,23.6000,23.0,0.6000
2026-01-28,ny,tomorrow,23.2700,23.0,0.2700
2026-01-28,ny,visual-crossing,22.0000,23.0,1.0000
2026-01-28,ny,weatherapi,23.7000,23.0,0.7000
2026-01-28,tx,consensus,53.3457,58.0,4.6543
2026-01-28,tx,open-meteo,53.7000,58.0,4.3000
2026-01-28,tx,tomorrow,52.3600,58.0,5.6400
2026-01-28,tx,visual-crossing,53.0000,58.0,5.0000
2026-01-28,tx,weatherapi,57.6000,58.0,0.4000
2026-01-29,fl,consensus,69.8162,72.0,2.1838
2026-01-29,fl,open-meteo,67.9000,72.0,4.1000
2026-01-29,fl,tomorrow,67.9600,72.0,4.0400
2026-01-29,fl,visual-crossing,70.1000,72.0,1.9000
2026-01-29,fl,weatherapi,69.6000,72.0,2.4000
2026-01-29,il,consensus,16.4343,17.0,0.5657
2026-01-29,il,open-meteo,18.8000,17.0,1.8000
2026-01-29,il,tomorrow,18.9000,17.0,1.9000
2026-01-29,il,visual-crossing,16.1000,17.0,0.9000
2026-01-29,il,weatherapi,22.6000,17.0,5.6000
2026-01-29,ny,consensus,21.4055,23.0,1.5945
2026-01-29,ny,open-meteo,23.4000,23.0,0.4000
2026-01-29,ny,tomorrow,23.1800,23.0,0.1800
2026-01-29,ny,visual-crossing,20.9000,23.0,2.1000
2026-01-29,ny,weatherapi,21.9000,23.0,1.1000
2026-01-29,tx,consensus,69.1203,73.0,3.8797
2026-01-29,tx,open-meteo,68.6000,73.0,4.4000
2026-01-29,tx,tomorrow,67.7100,73.0,5.2900
2026-01-29,tx,visual-crossing,67.9000,73.0,5.1000
2026-01-29,tx,weatherapi,73.6000,73.0,0.6000
2026-01-30,fl,consensus,70.0990,69.0,1.0990
2026-01-30,fl,open-meteo,67.6000,69.0,1.4000
2026-01-30,fl,tomorrow,71.8200,69.0,2.8200
2026-01-30,fl,visual-crossing,69.0000,69.0,0.0000
2026-01-30,fl,weatherapi,72.1000,69.0,3.1000
2026-01-30,il,consensus,19.0890,21.0,1.9110
2026-01-30,il,open-meteo,20.0000,21.0,1.0000
2026-01-30,il,tomorrow,19.9200,21.0,1.0800
2026-01-30,il,visual-crossing,18.9000,21.0,2.1000
2026-01-30,il,weatherapi,19.9000,21.0,1.1000
2026-01-30,ny,consensus,15.4787,18.0,2.5213
2026-01-30,ny,open-meteo,18.0000,18.0,0.0000
2026-01-30,ny,tomorrow,15.0300,18.0,2.9700
2026-01-30,ny,visual-crossing,17.0000,18.0,1.0000
2026-01-30,ny,weatherapi,15.1000,18.0,2.9000
2026-01-30,tx,consensus,55.5645,55.0,0.5645
2026-01-30,tx,open-meteo,67.4000,55.0,12.4000
2026-01-30,tx,tomorrow,56.6200,55.0,1.6200
2026-01-30,tx,visual-crossing,54.9000,55.0,0.1000
2026-01-30,tx,weatherapi,59.2000,55.0,4.2000
2026-01-31,fl,consensus,64.1443,67.0,2.8557
2026-01-31,fl,open-meteo,64.6000,67.0,2.4000
2026-01-31,fl,tomorrow,64.4700,67.0,2.5300
2026-01-31,fl,visual-crossing,65.0000,67.0,2.0000
2026-01-31,fl,weatherapi,63.7000,67.0,3.3000
2026-01-31,il,consensus,25.0112,27.0,1.9888
2026-01-31,il,open-meteo,25.2000,27.0,1.8000
2026-01-31,il,tomorrow,25.4100,27.0,1.5900
2026-01-31,il,visual-crossing,25.1000,27.0,1.9000
2026-01-31,il,weatherapi,25.7000,27.0,1.3000
2026-01-31,ny,consensus,21.1116,24.0,2.8884
2026-01-31,ny,open-meteo,21.2000,24.0,2.8000
2026-01-31,ny,tomorrow,22.7100,24.0,1.2900
2026-01-31,ny,visual-crossing,22.0000,24.0,2.0000
2026-01-31,ny,weatherapi,21.0000,24.0,3.0000
2026-01-31,tx,consensus,44.6902,45.0,0.3098
2026-01-31,tx,open-meteo,52.5000,45.0,7.5000
2026-01-31,tx,tomorrow,41.9900,45.0,3.0100
2026-01-31,tx,visual-crossing,45.0000,45.0,0.0000
2026-01-31,tx,weatherapi,44.4000,45.0,0.6000
2026-02-01,fl,consensus,53.0639,52.0,1.0639
2026-02-01,fl,open-meteo,56.1000,52.0,4.1000
2026-02-01,fl,tomorrow,48.1800,52.0,3.8200
2026-02-01,fl,visual-crossing,52.1000,52.0,0.1000
2026-02-01,fl,weatherapi,57.0000,52.0,5.0000
2026-02-01,il,consensus,26.4841,27.0,0.5159
2026-02-01,il,open-meteo,26.0000,27.0,1.0000
2026-02-01,il,tomorrow,26.0600,27.0,0.9400
2026-02-01,il,visual-crossing,27.0000,27.0,0.0000
2026-02-01,il,weatherapi,32.2000,27.0,5.2000
2026-02-01,ny,consensus,23.0847,24.0,0.9153
2026-02-01,ny,open-meteo,23.1000,24.0,0.9000
2026-02-01,ny,tomorrow,22.9300,24.0,1.0700
2026-02-01,ny,visual-crossing,22.9000,24.0,1.1000
2026-02-01,ny,weatherapi,26.6000,24.0,2.6000
2026-02-01,tx,consensus,58.1461,57.0,1.1461
2026-02-01,tx,open-meteo,55.2000,57.0,1.8000
2026-02-01,tx,tomorrow,54.8100,57.0,2.1900
2026-02-01,tx,visual-crossing,58.9000,57.0,1.9000
2026-02-01,tx,weatherapi,58.6000,57.0,1.6000
2026-02-02,fl,consensus,58.5917,58.0,0.5917
2026-02-02,fl,open-meteo,56.3000,58.0,1.7000
2026-02-02,fl,tomorrow,56.3400,58.0,1.6600
2026-02-02,fl,visual-crossing,58.0000,58.0,0.0000
2026-02-02,fl,weatherapi,61.7000,58.0,3.7000
2026-02-02,il,consensus,28.9374,28.0,0.9374
2026-02-02,il,open-meteo,28.9000,28.0,0.9000
2026-02-02,il,tomorrow,28.9400,28.0,0.9400
2026-02-02,il,visual-crossing,29.0000,28.0,1.0000
2026-02-02,il,weatherapi,28.6000,28.0,0.6000
2026-02-02,ny,consensus,30.2596,35.0,4.7404
2026-02-02,ny,open-meteo,31.1000,35.0,3.9000
2026-02-02,ny,tomorrow,30.8500,35.0,4.1500
2026-02-02,ny,visual-crossing,29.9000,35.0,5.1000
2026-02-02,ny,weatherapi,30.9000,35.0,4.1000
2026-02-02,tx,consensus,68.3302,69.0,0.6698
2026-02-02,tx,open-meteo,65.8000,69.0,3.2000
2026-02-02,tx,tomorrow,64.8700,69.0,4.1300
2026-02-02,tx,visual-crossing,69.0000,69.0,0.0000
2026-02-02,tx,weatherapi,68.0000,69.0,1.0000
2026-02-03,fl,consensus,65.4491,69.0,3.5509
2026-02-03,fl,open-meteo,60.5000,69.0,8.5000
2026-02-03,fl,tomorrow,60.4200,69.0,8.5800
2026-02-03,fl,visual-crossing,67.0000,69.0,2.0000
2026-02-03,fl,weatherapi,65.1000,69.0,3.9000
2026-02-03,il,consensus,28.4999,30.0,1.5001
2026-02-03,il,open-meteo,29.4000,30.0,0.6000
2026-02-03,il,tomorrow,29.3700,30.0,0.6300
2026-02-03,il,visual-crossing,27.9000,30.0,2.1000
2026-02-03,il,weatherapi,29.1000,30.0,0.9000
2026-02-03,ny,consensus,34.3543,33.0,1.3543
2026-02-03,ny,open-meteo,32.1000,33.0,0.9000
2026-02-03,ny,tomorrow,31.8700,33.0,1.1300
2026-02-03,ny,visual-crossing,35.0000,33.0,2.0000
2026-02-03,ny,weatherapi,31.3000,33.0,1.7000
2026-02-03,tx,consensus,72.7038,72.0,0.7038
2026-02-03,tx,open-meteo,74.5000,72.0,2.5000
2026-02-03,tx,tomorrow,74.1200,72.0,2.1200
2026-02-03,tx,visual-crossing,72.1000,72.0,0.1000
2026-02-03,tx,weatherapi,70.2000,72.0,1.8000
2026-02-04,il,consensus,26.2245,27.0,0.7755
2026-02-04,il,open-meteo,25.8000,27.0,1.2000
2026-02-04,il,tomorrow,25.8800,27.0,1.1200
2026-02-04,il,visual-crossing,26.0000,27.0,1.0000
2026-02-04,il,weatherapi,27.1000,27.0,0.1000
2026-02-04,ny,consensus,32.4464,33.0,0.5536
2026-02-04,ny,open-meteo,30.3000,33.0,2.7000
2026-02-04,ny,tomorrow,30.2200,33.0,2.7800
2026-02-04,ny,visual-crossing,33.0000,33.0,0.0000
2026-02-04,ny,weatherapi,34.5000,33.0,1.5000
2026-02-04,tx,consensus,64.6850,65.0,0.3150
2026-02-04,tx,open-meteo,67.0000,65.0,2.0000
2026-02-04,tx,tomorrow,63.6600,65.0,1.3400
2026-02-04,tx,visual-crossing,65.0000,65.0,0.0000
2026-02-04,tx,weatherapi,63.0000,65.0,2.0000
2026-02-05,fl,consensus,71.8560,74.0,2.1440
2026-02-05,fl,open-meteo,74.1000,74.0,0.1000
2026-02-05,fl,tomorrow,74.1400,74.0,0.1400
2026-02-05,fl,visual-crossing,71.0000,74.0,3.0000
2026-02-05,fl,weatherapi,73.6000,74.0,0.4000
2026-02-05,il,consensus,29.1353,30.0,0.8647
2026-02-05,il,open-meteo,26.7000,30.0,3.3000
2026-02-05,il,tomorrow,31.5700,30.0,1.5700
2026-02-05,il,visual-crossing,29.9000,30.0,0.1000
2026-02-05,il,weatherapi,30.6000,30.0,0.6000
2026-02-05,ny,consensus,28.7140,32.0,3.2860
2026-02-05,ny,open-meteo,28.8000,32.0,3.2000
2026-02-05,ny,tomorrow,27.8800,32.0,4.1200
2026-02-05,ny,visual-crossing,29.0000,32.0,3.0000
2026-02-05,ny,weatherapi,32.2000,32.0,0.2000
2026-02-05,tx,consensus,68.4397,70.0,1.5603
2026-02-05,tx,open-meteo,67.0000,70.0,3.0000
2026-02-05,tx,tomorrow,66.7600,70.0,3.2400
2026-02-05,tx,visual-crossing,70.1000,70.0,0.1000
2026-02-05,tx,weatherapi,73.0000,70.0,3.0000
2026-02-06,fl,consensus,66.2186,66.0,0.2186
2026-02-06,fl,open-meteo,65.8000,66.0,0.2000
2026-02-06,fl,tomorrow,65.7500,66.0,0.2500
2026-02-06,fl,visual-crossing,65.9000,66.0,0.1000
2026-02-06,fl,weatherapi,68.7000,66.0,2.7000
2026-02-06,il,consensus,37.7093,38.0,0.2907
2026-02-06,il,open-meteo,38.2000,38.0,0.2000
2026-02-06,il,tomorrow,37.9400,38.0,0.0600
2026-02-06,il,visual-crossing,36.0000,38.0,2.0000
2026-02-06,il,weatherapi,37.2000,38.0,0.8000
2026-02-06,ny,consensus,29.9339,33.0,3.0661
2026-02-06,ny,open-meteo,29.3000,33.0,3.7000
2026-02-06,ny,tomorrow,29.0800,33.0,3.9200
2026-02-06,ny,visual-crossing,31.0000,33.0,2.0000
2026-02-06,ny,weatherapi,34.5000,33.0,1.5000
2026-02-07,fl,consensus,74.3223,79.0,4.6777
2026-02-07,fl,open-meteo,77.3000,79.0,1.7000
2026-02-07,fl,tomorrow,77.2500,79.0,1.7500
2026-02-07,fl,visual-crossing,72.9000,79.0,6.1000
2026-02-07,fl,weatherapi,79.2000,79.0,0.2000
2026-02-07,il,consensus,28.0147,25.0,3.0147
2026-02-07,il,open-meteo,31.1000,25.0,6.1000
2026-02-07,il,tomorrow,25.3400,25.0,0.3400
2026-02-07,il,visual-crossing,25.1000,25.0,0.1000
2026-02-07,il,weatherapi,31.6000,25.0,6.6000
2026-02-07,ny,consensus,26.2916,27.0,0.7084
2026-02-07,ny,open-meteo,27.4000,27.0,0.4000
2026-02-07,ny,tomorrow,24.8900,27.0,2.1100
2026-02-07,ny,visual-crossing,27.2000,27.0,0.2000
2026-02-07,ny,weatherapi,22.3000,27.0,4.7000
2026-02-08,fl,consensus,70.1962,74.0,3.8038
2026-02-08,fl,open-meteo,70.6000,74.0,3.4000
2026-02-08,fl,tomorrow,70.6100,74.0,3.3900
2026-02-08,fl,visual-crossing,70.1000,74.0,3.9000
2026-02-08,fl,weatherapi,71.2000,74.0,2.8000
2026-02-08,il,consensus,32.2452,30.0,2.2452
2026-02-08,il,open-meteo,32.5000,30.0,2.5000
2026-02-08,il,tomorrow,32.0900,30.0,2.0900
2026-02-08,il,visual-crossing,31.0000,30.0,1.0000
2026-02-08,il,weatherapi,38.7000,30.0,8.7000
2026-02-08,ny,consensus,15.9763,18.0,2.0237
2026-02-08,ny,open-meteo,15.7000,18.0,2.3000
2026-02-08,ny,tomorrow,15.4200,18.0,2.5800
2026-02-08,ny,visual-crossing,16.1000,18.0,1.9000
2026-02-08,ny,weatherapi,20.7000,18.0,2.7000
2026-02-08,tx,consensus,78.2730,80.0,1.7270
2026-02-08,tx,open-meteo,78.6000,80.0,1.4000
2026-02-08,tx,tomorrow,75.7400,80.0,4.2600
2026-02-08,tx,visual-crossing,79.1000,80.0,0.9000
2026-02-08,tx,weatherapi,84.6000,80.0,4.6000
2026-02-09,fl,consensus,71.1149,75.0,3.8851
2026-02-09,fl,open-meteo,71.5000,75.0,3.5000
2026-02-09,fl,tomorrow,71.5100,75.0,3.4900
2026-02-09,fl,visual-crossing,71.0000,75.0,4.0000
2026-02-09,fl,weatherapi,73.6000,75.0,1.4000
2026-02-09,il,consensus,38.7756,38.0,0.7756
2026-02-09,il,open-meteo,41.7000,38.0,3.7000
2026-02-09,il,tomorrow,41.7700,38.0,3.7700
2026-02-09,il,visual-crossing,36.9000,38.0,1.1000
2026-02-09,il,weatherapi,43.9000,38.0,5.9000
2026-02-09,ny,consensus,28.6636,31.0,2.3364
2026-02-09,ny,open-meteo,28.4000,31.0,2.6000
2026-02-09,ny,tomorrow,27.9500,31.0,3.0500
2026-02-09,ny,visual-crossing,29.0000,31.0,2.0000
2026-02-09,ny,weatherapi,32.2000,31.0,1.2000
2026-02-09,tx,consensus,82.8151,85.0,2.1849
2026-02-09,tx,open-meteo,83.3000,85.0,1.7000
2026-02-09,tx,tomorrow,82.7600,85.0,2.2400
2026-02-09,tx,visual-crossing,83.9000,85.0,1.1000
2026-02-09,tx,weatherapi,89.1000,85.0,4.1000
2026-02-10,fl,consensus,73.0484,76.0,2.9516
2026-02-10,fl,open-meteo,74.1000,76.0,1.9000
2026-02-10,fl,tomorrow,74.0800,76.0,1.9200
2026-02-10,fl,visual-crossing,72.9000,76.0,3.1000
2026-02-10,fl,weatherapi,77.2000,76.0,1.2000
2026-02-10,il,consensus,44.8022,49.0,4.1978
2026-02-10,il,open-meteo,48.8000,49.0,0.2000
2026-02-10,il,tomorrow,48.7900,49.0,0.2100
2026-02-10,il,visual-crossing,44.0000,49.0,5.0000
2026-02-10,il,weatherapi,47.8000,49.0,1.2000
2026-02-10,ny,consensus,34.0591,37.0,2.9409
2026-02-10,ny,open-meteo,32.9000,37.0,4.1000
2026-02-10,ny,tomorrow,32.4900,37.0,4.5100
2026-02-10,ny,visual-crossing,35.0000,37.0,2.0000
2026-02-10,ny,weatherapi,37.0000,37.0,0.0000
2026-02-10,tx,consensus,76.6125,69.0,7.6125
2026-02-10,tx,open-meteo,80.3000,69.0,11.3000
2026-02-10,tx,tomorrow,74.7900,69.0,5.7900
2026-02-10,tx,visual-crossing,76.9000,69.0,7.9000
2026-02-10,tx,weatherapi,79.3000,69.0,10.3000
2026-02-11,fl,consensus,74.2704,78.0,3.7296
2026-02-11,fl,open-meteo,74.9000,78.0,3.1000
2026-02-11,fl,tomorrow,74.9100,78.0,3.0900
2026-02-11,fl,visual-crossing,74.0000,78.0,4.0000
2026-02-11,fl,weatherapi,77.9000,78.0,0.1000
2026-02-11,il,consensus,40.9458,43.0,2.0542
2026-02-11,il,open-meteo,40.8000,43.0,2.2000
2026-02-11,il,tomorrow,40.7500,43.0,2.2500
2026-02-11,il,visual-crossing,40.9000,43.0,2.1000
2026-02-11,il,weatherapi,46.2000,43.0,3.2000
2026-02-11,ny,consensus,38.7815,41.0,2.2185
2026-02-11,ny,tomorrow,40.0300,41.0,0.9700
2026-02-11,ny,visual-crossing,38.0000,41.0,3.0000
2026-02-11,ny,weatherapi,40.5000,41.0,0.5000
2026-02-11,tx,consensus,74.3885,76.0,1.6115
2026-02-11,tx,open-meteo,73.8000,76.0,2.2000
2026-02-11,tx,tomorrow,73.3500,76.0,2.6500
2026-02-11,tx,visual-crossing,76.0000,76.0,0.0000
2026-02-11,tx,weatherapi,76.6000,76.0,0.6000
2026-02-12,fl,consensus,74.7290,81.0,6.2710
2026-02-12,fl,open-meteo,77.8000,81.0,3.2000
2026-02-12,fl,tomorrow,78.0100,81.0,2.9900
2026-02-12,fl,visual-crossing,74.0000,81.0,7.0000
2026-02-12,fl,weatherapi,79.2000,81.0,1.8000
2026-02-12,il,consensus,38.5724,39.0,0.4276
2026-02-12,il,open-meteo,40.2000,39.0,1.2000
2026-02-12,il,tomorrow,39.7900,39.0,0.7900
2026-02-12,il,visual-crossing,38.0000,39.0,1.0000
2026-02-12,il,weatherapi,43.5000,39.0,4.5000
2026-02-12,ny,consensus,34.7369,36.0,1.2631
2026-02-12,ny,open-meteo,35.4000,36.0,0.6000
2026-02-12,ny,tomorrow,33.6200,36.0,2.3800
2026-02-12,ny,visual-crossing,35.1000,36.0,0.9000
2026-02-12,ny,weatherapi,32.9000,36.0,3.1000
2026-02-12,tx,consensus,79.8477,81.0,1.1523
2026-02-12,tx,open-meteo,79.3000,81.0,1.7000
2026-02-12,tx,tomorrow,78.5700,81.0,2.4300
2026-02-12,tx,visual-crossing,81.1000,81.0,0.1000
2026-02-12,tx,weatherapi,79.0000,81.0,2.0000
2026-02-13,fl,consensus,75.4838,81.0,5.5162
2026-02-13,fl,open-meteo,77.9000,81.0,3.1000
2026-02-13,fl,tomorrow,78.0100,81.0,2.9900
2026-02-13,fl,visual-crossing,74.9000,81.0,6.1000
2026-02-13,fl,weatherapi,82.6000,81.0,1.6000
2026-02-13,il,consensus,51.3199,54.0,2.6801
2026-02-13,il,open-meteo,52.0000,54.0,2.0000
2026-02-13,il,tomorrow,51.9100,54.0,2.0900
2026-02-13,il,visual-crossing,51.0000,54.0,3.0000
2026-02-13,il,weatherapi,56.7000,54.0,2.7000
2026-02-13,ny,consensus,38.0672,38.0,0.0672
2026-02-13,ny,open-meteo,40.7000,38.0,2.7000
2026-02-13,ny,tomorrow,40.3200,38.0,2.3200
2026-02-13,ny,visual-crossing,36.0000,38.0,2.0000
2026-02-13,ny,weatherapi,41.5000,38.0,3.5000
2026-02-13,tx,consensus,80.9278,82.0,1.0722
2026-02-13,tx,open-meteo,80.6000,82.0,1.4000
2026-02-13,tx,tomorrow,80.1300,82.0,1.8700
2026-02-13,tx,visual-crossing,81.1000,82.0,0.9000
2026-02-13,tx,weatherapi,83.8000,82.0,1.8000
2026-02-14,fl,consensus,74.2838,79.0,4.7162
2026-02-14,fl,open-meteo,75.7000,79.0,3.3000
2026-02-14,fl,tomorrow,75.6500,79.0,3.3500
2026-02-14,fl,visual-crossing,74.0000,79.0,5.0000
2026-02-14,fl,weatherapi,77.2000,79.0,1.8000
2026-02-14,il,consensus,52.7161,49.0,3.7161
2026-02-14,il,open-meteo,54.3000,49.0,5.3000
2026-02-14,il,tomorrow,54.1900,49.0,5.1900
2026-02-14,il,visual-crossing,52.1000,49.0,3.1000
2026-02-14,il,weatherapi,62.8000,49.0,13.8000
2026-02-14,ny,consensus,44.6773,46.0,1.3227
2026-02-14,ny,open-meteo,48.5000,46.0,2.5000
2026-02-14,ny,tomorrow,48.3300,46.0,2.3300
2026-02-14,ny,visual-crossing,43.1000,46.0,2.9000
2026-02-14,ny,weatherapi,51.6000,46.0,5.6000
2026-02-14,tx,consensus,73.3863,75.0,1.6137
2026-02-14,tx,open-meteo,77.0000,75.0,2.0000
2026-02-14,tx,tomorrow,72.6800,75.0,2.3200
2026-02-14,tx,visual-crossing,74.0000,75.0,1.0000
2026-02-14,tx,weatherapi,72.5000,75.0,2.5000
2026-02-15,fl,consensus,76.0462,81.0,4.9538
2026-02-15,fl,open-meteo,77.8000,81.0,3.2000
2026-02-15,fl,tomorrow,77.9200,81.0,3.0800
2026-02-15,fl,visual-crossing,76.0000,81.0,5.0000
2026-02-15,fl,weatherapi,75.4000,81.0,5.6000
2026-02-15,il,consensus,56.0374,60.0,3.9626
2026-02-15,il,tomorrow,56.2800,60.0,3.7200
2026-02-15,il,visual-crossing,56.0000,60.0,4.0000
2026-02-15,il,weatherapi,41.4000,60.0,18.6000
2026-02-15,ny,consensus,40.7469,40.0,0.7469
2026-02-15,ny,open-meteo,43.5000,40.0,3.5000
2026-02-15,ny,tomorrow,43.3200,40.0,3.3200
2026-02-15,ny,visual-crossing,40.0000,40.0,0.0000
2026-02-15,ny,weatherapi,35.1000,40.0,4.9000
2026-02-15,tx,consensus,70.4848,74.0,3.5152
2026-02-15,tx,open-meteo,64.3000,74.0,9.7000
2026-02-15,tx,tomorrow,64.2200,74.0,9.7800
2026-02-15,tx,visual-crossing,72.9000,74.0,1.1000
2026-02-15,tx,weatherapi,73.9000,74.0,0.1000
2026-02-16,fl,consensus,79.4236,86.0,6.5764
2026-02-16,fl,open-meteo,85.5000,86.0,0.5000
2026-02-16,fl,tomorrow,85.4800,86.0,0.5200
2026-02-16,fl,visual-crossing,78.0000,86.0,8.0000
2026-02-16,fl,weatherapi,82.0000,86.0,4.0000
2026-02-16,ny,consensus,40.3094,39.0,1.3094
2026-02-16,ny,open-meteo,41.7000,39.0,2.7000
2026-02-16,ny,tomorrow,43.2500,39.0,4.2500
2026-02-16,ny,visual-crossing,38.9000,39.0,0.1000
2026-02-16,ny,weatherapi,43.7000,39.0,4.7000
2026-02-16,tx,consensus,76.7775,78.0,1.2225
2026-02-16,tx,open-meteo,76.6000,78.0,1.4000
2026-02-16,tx,tomorrow,75.7800,78.0,2.2200
2026-02-16,tx,visual-crossing,76.9000,78.0,1.1000
2026-02-16,tx,weatherapi,79.2000,78.0,1.2000
2026-02-17,fl,consensus,75.8322,80.0,4.1678
2026-02-17,fl,open-meteo,76.2000,80.0,3.8000
2026-02-17,fl,tomorrow,76.1700,80.0,3.8300
2026-02-17,fl,visual-crossing,74.9000,80.0,5.1000
2026-02-17,fl,weatherapi,78.6000,80.0,1.4000
2026-02-17,il,consensus,60.3534,57.0,3.3534
2026-02-17,il,open-meteo,62.4000,57.0,5.4000
2026-02-17,il,tomorrow,62.5800,57.0,5.5800
2026-02-17,il,visual-crossing,56.9000,57.0,0.1000
2026-02-17,il,weatherapi,68.4000,57.0,11.4000
2026-02-17,ny,consensus,47.2304,47.0,0.2304
2026-02-17,ny,open-meteo,49.5000,47.0,2.5000
2026-02-17,ny,tomorrow,49.3200,47.0,2.3200
2026-02-17,ny,visual-crossing,45.9000,47.0,1.1000
2026-02-17,ny,weatherapi,52.9000,47.0,5.9000
2026-02-17,tx,consensus,81.3921,84.0,2.6079
2026-02-17,tx,open-meteo,81.9000,84.0,2.1000
2026-02-17,tx,tomorrow,81.2300,84.0,2.7700
2026-02-17,tx,visual-crossing,81.1000,84.0,2.9000
2026-02-17,tx,weatherapi,84.7000,84.0,0.7000
2026-02-18,fl,consensus,76.4054,80.0,3.5946
2026-02-18,fl,open-meteo,77.6000,80.0,2.4000
2026-02-18,fl,tomorrow,77.5900,80.0,2.4100
2026-02-18,fl,visual-crossing,76.0000,80.0,4.0000
2026-02-18,fl,weatherapi,78.1000,80.0,1.9000
2026-02-18,il,consensus,63.7996,64.0,0.2004
2026-02-18,il,open-meteo,62.3000,64.0,1.7000
2026-02-18,il,tomorrow,62.5500,64.0,1.4500
2026-02-18,il,visual-crossing,65.9000,64.0,1.9000
2026-02-18,il,weatherapi,66.7000,64.0,2.7000
2026-02-18,ny,consensus,44.3639,41.0,3.3639
2026-02-18,ny,tomorrow,46.4900,41.0,5.4900
2026-02-18,ny,visual-crossing,44.0000,41.0,3.0000
2026-02-18,ny,weatherapi,44.4000,41.0,3.4000
2026-02-18,tx,consensus,82.6913,77.0,5.6913
2026-02-18,tx,open-meteo,82.6000,77.0,5.6000
2026-02-18,tx,tomorrow,81.8100,77.0,4.8100
2026-02-18,tx,visual-crossing,83.0000,77.0,6.0000
2026-02-18,tx,weatherapi,86.9000,77.0,9.9000
2026-02-19,fl,consensus,78.3852,82.0,3.6148
2026-02-19,fl,open-meteo,79.0000,82.0,3.0000
2026-02-19,fl,tomorrow,79.0500,82.0,2.9500
2026-02-19,fl,visual-crossing,78.0000,82.0,4.0000
2026-02-19,fl,weatherapi,81.3000,82.0,0.7000
2026-02-19,il,consensus,54.2077,58.0,3.7923
2026-02-19,il,tomorrow,57.8800,58.0,0.1200
2026-02-19,il,visual-crossing,52.1000,58.0,5.9000
2026-02-19,il,weatherapi,54.0000,58.0,4.0000
2026-02-19,ny,consensus,41.7899,42.0,0.2101
2026-02-19,ny,open-meteo,41.6000,42.0,0.4000
2026-02-19,ny,tomorrow,41.9200,42.0,0.0800
2026-02-19,ny,visual-crossing,42.0000,42.0,0.0000
2026-02-19,ny,weatherapi,41.7000,42.0,0.3000
2026-02-19,tx,consensus,85.0944,85.0,0.0944
2026-02-19,tx,open-meteo,85.4000,85.0,0.4000
2026-02-19,tx,tomorrow,84.9000,85.0,0.1000
2026-02-19,tx,visual-crossing,85.0000,85.0,0.0000
2026-02-19,tx,weatherapi,89.6000,85.0,4.6000
2026-02-20,fl,consensus,78.9570,83.0,4.0430
2026-02-20,fl,open-meteo,79.6000,83.0,3.4000
2026-02-20,fl,tomorrow,79.6600,83.0,3.3400
2026-02-20,fl,visual-crossing,78.0000,83.0,5.0000
2026-02-20,fl,weatherapi,84.6000,83.0,1.6000
2026-02-20,il,consensus,44.7284,47.0,2.2716
2026-02-20,il,open-meteo,47.7000,47.0,0.7000
2026-02-20,il,tomorrow,33.9600,47.0,13.0400
2026-02-20,il,visual-crossing,46.1000,47.0,0.9000
2026-02-20,il,weatherapi,37.8000,47.0,9.2000
2026-02-20,ny,consensus,38.9236,37.0,1.9236
2026-02-20,ny,open-meteo,37.5000,37.0,0.5000
2026-02-20,ny,tomorrow,37.3500,37.0,0.3500
2026-02-20,ny,visual-crossing,40.0000,37.0,3.0000
2026-02-20,ny,weatherapi,38.8000,37.0,1.8000
2026-02-20,tx,consensus,68.7264,68.0,0.7264
2026-02-20,tx,open-meteo,80.8000,68.0,12.8000
2026-02-20,tx,tomorrow,66.1500,68.0,1.8500
2026-02-20,tx,visual-crossing,67.9000,68.0,0.1000
2026-02-20,tx,weatherapi,71.1000,68.0,3.1000
2026-02-21,fl,consensus,79.1794,84.0,4.8206
2026-02-21,fl,open-meteo,80.0000,84.0,4.0000
2026-02-21,fl,tomorrow,80.4900,84.0,3.5100
2026-02-21,fl,visual-crossing,78.0000,84.0,6.0000
2026-02-21,fl,weatherapi,85.3000,84.0,1.3000
2026-02-21,il,consensus,33.6712,29.0,4.6712
2026-02-21,il,open-meteo,32.7000,29.0,3.7000
2026-02-21,il,tomorrow,32.7600,29.0,3.7600
2026-02-21,il,visual-crossing,34.1000,29.0,5.1000
2026-02-21,il,weatherapi,34.7000,29.0,5.7000
2026-02-21,ny,consensus,45.3717,46.0,0.6283
2026-02-21,ny,open-meteo,44.9000,46.0,1.1000
2026-02-21,ny,tomorrow,45.1900,46.0,0.8100
2026-02-21,ny,visual-crossing,45.9000,46.0,0.1000
2026-02-21,ny,weatherapi,43.9000,46.0,2.1000
2026-02-21,tx,consensus,72.4449,74.0,1.5551
2026-02-21,tx,open-meteo,69.2000,74.0,4.8000
2026-02-21,tx,tomorrow,68.6300,74.0,5.3700
2026-02-21,tx,visual-crossing,74.0000,74.0,0.0000
2026-02-21,tx,weatherapi,74.5000,74.0,0.5000
2026-02-22,fl,consensus,83.3100,88.0,4.6900
2026-02-22,fl,open-meteo,87.1000,88.0,0.9000
2026-02-22,fl,tomorrow,87.1500,88.0,0.8500
2026-02-22,fl,visual-crossing,81.1000,88.0,6.9000
2026-02-22,fl,weatherapi,91.4000,88.0,3.4000
2026-02-22,il,consensus,28.2989,27.0,1.2989
2026-02-22,il,open-meteo,28.9000,27.0,1.9000
2026-02-22,il,tomorrow,28.8700,27.0,1.8700
2026-02-22,il,visual-crossing,27.9000,27.0,0.9000
2026-02-22,il,weatherapi,28.8000,27.0,1.8000
2026-02-22,ny,consensus,40.1025,39.0,1.1025
2026-02-22,ny,open-meteo,43.5000,39.0,4.5000
2026-02-22,ny,tomorrow,36.9000,39.0,2.1000
2026-02-22,ny,visual-crossing,38.7000,39.0,0.3000
2026-02-22,ny,weatherapi,37.8000,39.0,1.2000
2026-02-22,tx,consensus,61.9597,63.0,1.0403
2026-02-22,tx,open-meteo,65.3000,63.0,2.3000
2026-02-22,tx,tomorrow,59.9700,63.0,3.0300
2026-02-22,tx,visual-crossing,63.1000,63.0,0.1000
2026-02-22,tx,weatherapi,66.0000,63.0,3.0000
2026-02-23,fl,consensus,64.2124,64.0,0.2124
2026-02-23,fl,open-meteo,74.1000,64.0,10.1000
2026-02-23,fl,tomorrow,64.2400,64.0,0.2400
2026-02-23,fl,visual-crossing,63.1000,64.0,0.9000
2026-02-23,fl,weatherapi,69.3000,64.0,5.3000
2026-02-23,il,consensus,28.2047,29.0,0.7953
2026-02-23,il,open-meteo,28.9000,29.0,0.1000
2026-02-23,il,tomorrow,28.4200,29.0,0.5800
2026-02-23,il,visual-crossing,27.9000,29.0,1.1000
2026-02-23,il,weatherapi,28.2000,29.0,0.8000
2026-02-23,ny,consensus,34.9114,35.0,0.0886
2026-02-23,ny,open-meteo,34.5000,35.0,0.5000
2026-02-23,ny,tomorrow,35.0400,35.0,0.0400
2026-02-23,ny,visual-crossing,34.1000,35.0,0.9000
2026-02-23,ny,weatherapi,35.8000,35.0,0.8000
2026-02-23,tx,consensus,63.9737,67.0,3.0263
2026-02-23,tx,open-meteo,63.4000,67.0,3.6000
2026-02-23,tx,tomorrow,62.9200,67.0,4.0800
2026-02-23,tx,visual-crossing,65.0000,67.0,2.0000
2026-02-23,tx,weatherapi,68.4000,67.0,1.4000
2026-02-24,fl,consensus,64.0603,67.0,2.9397
2026-02-24,fl,open-meteo,65.5000,67.0,1.5000
2026-02-24,fl,tomorrow,65.5300,67.0,1.4700
2026-02-24,fl,visual-crossing,63.9000,67.0,3.1000
2026-02-24,fl,weatherapi,69.6000,67.0,2.6000
2026-02-24,il,consensus,41.5742,40.0,1.5742
2026-02-24,il,open-meteo,43.2000,40.0,3.2000
2026-02-24,il,tomorrow,43.1100,40.0,3.1100
2026-02-24,il,visual-crossing,40.9000,40.0,0.9000
2026-02-24,il,weatherapi,48.4000,40.0,8.4000
2026-02-24,ny,consensus,30.6091,31.0,0.3909
2026-02-24,ny,open-meteo,34.5000,31.0,3.5000
2026-02-24,ny,tomorrow,27.5000,31.0,3.5000
2026-02-24,ny,visual-crossing,30.1000,31.0,0.9000
2026-02-24,ny,weatherapi,28.2000,31.0,2.8000
2026-02-24,tx,consensus,73.8132,75.0,1.1868
2026-02-24,tx,open-meteo,71.9000,75.0,3.1000
2026-02-24,tx,tomorrow,71.6400,75.0,3.3600
2026-02-24,tx,visual-crossing,74.9000,75.0,0.1000
2026-02-24,tx,weatherapi,78.6000,75.0,3.6000
2026-02-25,fl,consensus,71.9794,72.0,0.0206
2026-02-25,fl,open-meteo,70.5000,72.0,1.5000
2026-02-25,fl,tomorrow,70.4500,72.0,1.5500
2026-02-25,fl,visual-crossing,72.1000,72.0,0.1000
2026-02-25,fl,weatherapi,71.8000,72.0,0.2000
2026-02-25,il,consensus,36.2677,38.0,1.7323
2026-02-25,il,open-meteo,37.1000,38.0,0.9000
2026-02-25,il,tomorrow,37.0600,38.0,0.9400
2026-02-25,il,visual-crossing,36.0000,38.0,2.0000
2026-02-25,il,weatherapi,40.5000,38.0,2.5000
2026-02-25,ny,consensus,40.2099,44.0,3.7901
2026-02-25,ny,open-meteo,40.2000,44.0,3.8000
2026-02-25,ny,tomorrow,39.9900,44.0,4.0100
2026-02-25,ny,visual-crossing,40.0000,44.0,4.0000
2026-02-25,ny,weatherapi,42.6000,44.0,1.4000
2026-02-25,tx,consensus,87.3179,88.0,0.6821
2026-02-25,tx,open-meteo,85.3000,88.0,2.7000
2026-02-25,tx,tomorrow,87.9800,88.0,0.0200
2026-02-25,tx,visual-crossing,87.0000,88.0,1.0000
2026-02-25,tx,weatherapi,92.5000,88.0,4.5000
2026-02-26,fl,consensus,75.0180,79.0,3.9820
2026-02-26,fl,open-meteo,76.5000,79.0,2.5000
2026-02-26,fl,tomorrow,76.4000,79.0,2.6000
2026-02-26,fl,visual-crossing,74.9000,79.0,4.1000
2026-02-26,fl,weatherapi,76.1000,79.0,2.9000
2026-02-26,il,consensus,42.7765,43.0,0.2235
2026-02-26,il,open-meteo,42.3000,43.0,0.7000
2026-02-26,il,tomorrow,42.3000,43.0,0.7000
2026-02-26,il,visual-crossing,43.1000,43.0,0.1000
2026-02-26,il,weatherapi,44.4000,43.0,1.4000
2026-02-26,ny,consensus,41.4271,49.0,7.5729
2026-02-26,ny,open-meteo,41.3000,49.0,7.7000
2026-02-26,ny,tomorrow,40.5000,49.0,8.5000
2026-02-26,ny,visual-crossing,41.9000,49.0,7.1000
2026-02-26,ny,weatherapi,45.0000,49.0,4.0000
2026-02-26,tx,consensus,85.7225,85.0,0.7225
2026-02-26,tx,open-meteo,81.4000,85.0,3.6000
2026-02-26,tx,tomorrow,82.0000,85.0,3.0000
2026-02-26,tx,visual-crossing,87.0000,85.0,2.0000
2026-02-26,tx,weatherapi,89.2000,85.0,4.2000
2026-02-27,fl,consensus,77.1211,83.0,5.8789
2026-02-27,fl,open-meteo,78.5000,83.0,4.5000
2026-02-27,fl,tomorrow,78.5000,83.0,4.5000
2026-02-27,fl,visual-crossing,76.9000,83.0,6.1000
2026-02-27,fl,weatherapi,79.2000,83.0,3.8000
2026-02-27,il,consensus,62.2732,65.0,2.7268
2026-02-27,il,open-meteo,63.2000,65.0,1.8000
2026-02-27,il,tomorrow,63.3000,65.0,1.7000
2026-02-27,il,visual-crossing,62.0000,65.0,3.0000
2026-02-27,il,weatherapi,70.2000,65.0,5.2000
2026-02-27,ny,consensus,40.5339,44.0,3.4661
2026-02-27,ny,open-meteo,40.0000,44.0,4.0000
2026-02-27,ny,tomorrow,38.6000,44.0,5.4000
2026-02-27,ny,visual-crossing,45.9000,44.0,1.9000
2026-02-27,ny,weatherapi,43.0000,44.0,1.0000
2026-02-27,tx,consensus,85.8398,87.0,1.1602
2026-02-27,tx,open-meteo,84.0000,87.0,3.0000
2026-02-27,tx,tomorrow,84.9000,87.0,2.1000
2026-02-27,tx,visual-crossing,85.9000,87.0,1.1000
2026-02-27,tx,weatherapi,90.1000,87.0,3.1000
2026-02-28,fl,consensus,78.4112,87.0,8.5888
2026-02-28,fl,open-meteo,79.9000,87.0,7.1000
2026-02-28,fl,tomorrow,80.1000,87.0,6.9000
2026-02-28,fl,visual-crossing,78.0000,87.0,9.0000
2026-02-28,fl,weatherapi,85.5000,87.0,1.5000
2026-02-28,il,consensus,46.6031,47.0,0.3969
2026-02-28,il,open-meteo,58.9000,47.0,11.9000
2026-02-28,il,tomorrow,38.7000,47.0,8.3000
2026-02-28,il,visual-crossing,47.9000,47.0,0.9000
2026-02-28,il,weatherapi,38.7000,47.0,8.3000
2026-02-28,ny,consensus,47.3174,54.0,6.6826
2026-02-28,ny,open-meteo,49.4000,54.0,4.6000
2026-02-28,ny,tomorrow,49.1000,54.0,4.9000
2026-02-28,ny,visual-crossing,45.9000,54.0,8.1000
2026-02-28,ny,weatherapi,49.1000,54.0,4.9000
2026-02-28,tx,consensus,84.9513,87.0,2.0487
2026-02-28,tx,open-meteo,82.8000,87.0,4.2000
2026-02-28,tx,tomorrow,83.9000,87.0,3.1000
2026-02-28,tx,visual-crossing,85.0000,87.0,2.0000
2026-02-28,tx,weatherapi,89.4000,87.0,2.4000
2026-03-01,fl,consensus,77.2988,84.0,6.7012
2026-03-01,fl,open-meteo,78.1000,84.0,5.9000
2026-03-01,fl,tomorrow,78.0000,84.0,6.0000
2026-03-01,fl,visual-crossing,76.9000,84.0,7.1000
2026-03-01,fl,weatherapi,80.2000,84.0,3.8000
2026-03-01,il,consensus,31.9537,32.0,0.0463
2026-03-01,il,open-meteo,31.7000,32.0,0.3000
2026-03-01,il,tomorrow,31.6000,32.0,0.4000
2026-03-01,il,visual-crossing,31.9000,32.0,0.1000
2026-03-01,il,weatherapi,35.6000,32.0,3.6000
2026-03-01,ny,consensus,41.5265,43.0,1.4735
2026-03-01,ny,open-meteo,43.8000,43.0,0.8000
2026-03-01,ny,tomorrow,39.4000,43.0,3.6000
2026-03-01,ny,visual-crossing,42.3000,43.0,0.7000
2026-03-01,ny,weatherapi,36.0000,43.0,7.0000
2026-03-01,tx,consensus,83.5100,86.0,2.4900
2026-03-01,tx,open-meteo,80.5000,86.0,5.5000
2026-03-01,tx,tomorrow,81.6000,86.0,4.4000
2026-03-01,tx,visual-crossing,83.9000,86.0,2.1000
2026-03-01,tx,weatherapi,86.9000,86.0,0.9000
2026-03-02,fl,consensus,77.3190,82.0,4.6810
2026-03-02,fl,open-meteo,78.6000,82.0,3.4000
2026-03-02,fl,tomorrow,78.6000,82.0,3.4000
2026-03-02,fl,visual-crossing,76.9000,82.0,5.1000
2026-03-02,fl,weatherapi,78.8000,82.0,3.2000
2026-03-02,il,consensus,43.0828,41.0,2.0828
2026-03-02,il,open-meteo,43.4000,41.0,2.4000
2026-03-02,il,tomorrow,42.9000,41.0,1.9000
2026-03-02,il,visual-crossing,43.1000,41.0,2.1000
2026-03-02,il,weatherapi,47.7000,41.0,6.7000
2026-03-02,ny,consensus,33.5654,33.0,0.5654
2026-03-02,ny,open-meteo,35.7000,33.0,2.7000
2026-03-02,ny,tomorrow,35.4000,33.0,2.4000
2026-03-02,ny,visual-crossing,31.0000,33.0,2.0000
2026-03-02,ny,weatherapi,40.1000,33.0,7.1000
2026-03-02,tx,consensus,82.8852,86.0,3.1148
2026-03-02,tx,open-meteo,79.6000,86.0,6.4000
2026-03-02,tx,tomorrow,80.2900,86.0,5.7100
2026-03-02,tx,visual-crossing,83.0000,86.0,3.0000
2026-03-02,tx,weatherapi,86.9000,86.0,0.9000
2026-03-03,fl,consensus,78.4822,83.0,4.5178
2026-03-03,fl,open-meteo,80.0000,83.0,3.0000
2026-03-03,fl,tomorrow,79.9500,83.0,3.0500
2026-03-03,fl,visual-crossing,76.9000,83.0,6.1000
2026-03-03,fl,weatherapi,81.1000,83.0,1.9000
2026-03-03,il,consensus,40.9381,43.0,2.0619
2026-03-03,il,open-meteo,40.1000,43.0,2.9000
2026-03-03,il,tomorrow,40.1000,43.0,2.9000
2026-03-03,il,visual-crossing,40.9000,43.0,2.1000
2026-03-03,il,weatherapi,39.4000,43.0,3.6000
2026-03-03,ny,consensus,38.5375,36.0,2.5375
2026-03-03,ny,open-meteo,36.1000,36.0,0.1000
2026-03-03,ny,tomorrow,39.4700,36.0,3.4700
2026-03-03,ny,visual-crossing,38.9000,36.0,2.9000
2026-03-03,ny,weatherapi,36.7000,36.0,0.7000
2026-03-03,tx,consensus,87.7248,89.0,1.2752
2026-03-03,tx,open-meteo,84.5000,89.0,4.5000
2026-03-03,tx,tomorrow,85.6600,89.0,3.3400
2026-03-03,tx,visual-crossing,88.1000,89.0,0.9000
2026-03-03,tx,weatherapi,89.2000,89.0,0.2000
2026-03-04,fl,consensus,79.2161,81.0,1.7839
2026-03-04,fl,open-meteo,79.8000,81.0,1.2000
2026-03-04,fl,tomorrow,79.8000,81.0,1.2000
2026-03-04,fl,visual-crossing,78.0000,81.0,3.0000
2026-03-04,fl,weatherapi,81.5000,81.0,0.5000
2026-03-04,il,consensus,44.3000,42.0,2.3000
2026-03-04,il,open-meteo,44.6000,42.0,2.6000
2026-03-04,il,tomorrow,44.1300,42.0,2.1300
2026-03-04,il,visual-crossing,44.0000,42.0,2.0000
2026-03-04,il,weatherapi,46.0000,42.0,4.0000
2026-03-04,ny,consensus,49.9811,49.0,0.9811
2026-03-04,ny,open-meteo,52.7000,49.0,3.7000
2026-03-04,ny,tomorrow,52.4800,49.0,3.4800
2026-03-04,ny,visual-crossing,47.0000,49.0,2.0000
2026-03-04,ny,weatherapi,53.4000,49.0,4.4000
2026-03-04,tx,consensus,83.6265,88.0,4.3735
2026-03-04,tx,open-meteo,84.9000,88.0,3.1000
2026-03-04,tx,tomorrow,86.2000,88.0,1.8000
2026-03-04,tx,visual-crossing,83.9000,88.0,4.1000
2026-03-04,tx,weatherapi,81.3000,88.0,6.7000
2026-03-05,fl,consensus,79.3624,84.0,4.6376
2026-03-05,fl,open-meteo,80.4000,84.0,3.6000
2026-03-05,fl,tomorrow,80.3300,84.0,3.6700
2026-03-05,fl,visual-crossing,78.0000,84.0,6.0000
2026-03-05,fl,weatherapi,81.7000,84.0,2.3000
2026-03-05,il,consensus,42.5963,51.0,8.4037
2026-03-05,il,open-meteo,51.1000,51.0,0.1000
2026-03-05,il,tomorrow,50.7900,51.0,0.2100
2026-03-05,il,visual-crossing,40.9000,51.0,10.1000
2026-03-05,il,weatherapi,46.8000,51.0,4.2000
2026-03-05,ny,consensus,44.5329,46.0,1.4671
2026-03-05,ny,open-meteo,44.4000,46.0,1.6000
2026-03-05,ny,tomorrow,43.6000,46.0,2.4000
2026-03-05,ny,visual-crossing,45.7000,46.0,0.3000
2026-03-05,ny,weatherapi,43.3000,46.0,2.7000
2026-03-05,tx,consensus,83.8658,88.0,4.1342
2026-03-05,tx,open-meteo,79.1000,88.0,8.9000
2026-03-05,tx,tomorrow,79.9700,88.0,8.0300
2026-03-05,tx,visual-crossing,85.0000,88.0,3.0000
2026-03-05,tx,weatherapi,84.0000,88.0,4.0000
2026-03-06,fl,consensus,79.9507,84.0,4.0493
2026-03-06,fl,open-meteo,80.5000,84.0,3.5000
2026-03-06,fl,tomorrow,80.5000,84.0,3.5000
2026-03-06,fl,visual-crossing,79.1000,84.0,4.9000
2026-03-06,fl,weatherapi,81.5000,84.0,2.5000
2026-03-06,il,consensus,69.0850,74.0,4.9150
2026-03-06,il,open-meteo,69.1000,74.0,4.9000
2026-03-06,il,tomorrow,68.8600,74.0,5.1400
2026-03-06,il,visual-crossing,69.0000,74.0,5.0000
2026-03-06,il,weatherapi,75.4000,74.0,1.4000
2026-03-06,ny,consensus,41.9503,41.0,0.9503
2026-03-06,ny,open-meteo,40.7000,41.0,0.3000
2026-03-06,ny,tomorrow,40.5300,41.0,0.4700
2026-03-06,ny,visual-crossing,43.1000,41.0,2.1000
2026-03-06,ny,weatherapi,41.9000,41.0,0.9000
2026-03-06,tx,consensus,83.0550,86.0,2.9450
2026-03-06,tx,open-meteo,82.1000,86.0,3.9000
2026-03-06,tx,tomorrow,82.4200,86.0,3.5800
2026-03-06,tx,visual-crossing,83.0000,86.0,3.0000
2026-03-06,tx,weatherapi,83.7000,86.0,2.3000
2026-03-07,fl,consensus,80.2189,83.0,2.7811
2026-03-07,fl,open-meteo,80.2000,83.0,2.8000
2026-03-07,fl,tomorrow,80.2000,83.0,2.8000
2026-03-07,fl,visual-crossing,79.1000,83.0,3.9000
2026-03-07,fl,weatherapi,82.0000,83.0,1.0000
2026-03-07,il,consensus,62.8235,64.0,1.1765
2026-03-07,il,open-meteo,63.4000,64.0,0.6000
2026-03-07,il,tomorrow,61.0000,64.0,3.0000
2026-03-07,il,visual-crossing,63.1000,64.0,0.9000
2026-03-07,il,weatherapi,62.4000,64.0,1.6000
2026-03-07,ny,consensus,47.2687,52.0,4.7313
2026-03-07,ny,open-meteo,46.0000,52.0,6.0000
2026-03-07,ny,tomorrow,45.7200,52.0,6.2800
2026-03-07,ny,visual-crossing,49.0000,52.0,3.0000
2026-03-07,ny,weatherapi,43.7000,52.0,8.3000
2026-03-07,tx,consensus,78.7587,77.0,1.7587
2026-03-07,tx,open-meteo,79.7000,77.0,2.7000
2026-03-07,tx,tomorrow,75.2700,77.0,1.7300
2026-03-07,tx,visual-crossing,81.9000,77.0,4.9000
2026-03-07,tx,weatherapi,77.0000,77.0,0.0000
2026-03-08,fl,consensus,81.4653,84.0,2.5347
2026-03-08,fl,open-meteo,81.4000,84.0,2.6000
2026-03-08,fl,tomorrow,81.4800,84.0,2.5200
2026-03-08,fl,visual-crossing,79.1000,84.0,4.9000
2026-03-08,fl,weatherapi,86.9000,84.0,2.9000
2026-03-08,il,consensus,60.8768,63.0,2.1232
2026-03-08,il,open-meteo,60.4000,63.0,2.6000
2026-03-08,il,tomorrow,60.3500,63.0,2.6500
2026-03-08,il,visual-crossing,61.1000,63.0,1.9000
2026-03-08,il,weatherapi,63.9000,63.0,0.9000
2026-03-08,ny,consensus,66.0964,69.0,2.9036
2026-03-08,ny,open-meteo,66.4000,69.0,2.6000
2026-03-08,ny,tomorrow,66.2200,69.0,2.7800
2026-03-08,ny,visual-crossing,65.9000,69.0,3.1000
2026-03-08,ny,weatherapi,66.2000,69.0,2.8000
2026-03-08,tx,consensus,67.5586,67.0,0.5586
2026-03-08,tx,open-meteo,64.2000,67.0,2.8000
2026-03-08,tx,tomorrow,64.1100,67.0,2.8900
2026-03-08,tx,visual-crossing,69.0000,67.0,2.0000
2026-03-09,fl,consensus,80.6404,85.0,4.3596
2026-03-09,fl,open-meteo,82.3000,85.0,2.7000
2026-03-09,fl,tomorrow,82.3600,85.0,2.6400
2026-03-09,fl,visual-crossing,80.0000,85.0,5.0000
2026-03-09,fl,weatherapi,82.8000,85.0,2.2000
2026-03-09,il,consensus,73.2655,73.0,0.2655
2026-03-09,il,open-meteo,74.0000,73.0,1.0000
2026-03-09,il,tomorrow,73.9900,73.0,0.9900
2026-03-09,il,visual-crossing,72.1000,73.0,0.9000
2026-03-09,il,weatherapi,79.9000,73.0,6.9000
2026-03-09,ny,consensus,69.0498,73.0,3.9502
2026-03-09,ny,open-meteo,71.0000,73.0,2.0000
2026-03-09,ny,tomorrow,70.6100,73.0,2.3900
2026-03-09,ny,visual-crossing,67.9000,73.0,5.1000
2026-03-09,ny,weatherapi,68.9000,73.0,4.1000
2026-03-09,tx,consensus,82.4408,80.0,2.4408
2026-03-09,tx,open-meteo,77.0000,80.0,3.0000
2026-03-09,tx,tomorrow,76.2600,80.0,3.7400
2026-03-09,tx,visual-crossing,83.0000,80.0,3.0000
2026-03-09,tx,weatherapi,88.2000,80.0,8.2000
2026-03-10,fl,consensus,80.3061,85.0,4.6939
2026-03-10,fl,open-meteo,82.2000,85.0,2.8000
2026-03-10,fl,tomorrow,82.2000,85.0,2.8000
2026-03-10,fl,visual-crossing,79.1000,85.0,5.9000
2026-03-10,fl,weatherapi,87.3000,85.0,2.3000
2026-03-10,il,consensus,60.7683,63.0,2.2317
2026-03-10,il,open-meteo,61.8000,63.0,1.2000
2026-03-10,il,tomorrow,58.9100,63.0,4.0900
2026-03-10,il,visual-crossing,61.1000,63.0,1.9000
2026-03-10,il,weatherapi,62.6000,63.0,0.4000
2026-03-10,ny,consensus,74.9409,80.0,5.0591
2026-03-10,ny,open-meteo,77.0000,80.0,3.0000
2026-03-10,ny,tomorrow,76.5700,80.0,3.4300
2026-03-10,ny,visual-crossing,72.9000,80.0,7.1000
2026-03-10,ny,weatherapi,74.5000,80.0,5.5000
2026-03-10,tx,consensus,82.7277,85.0,2.2723
2026-03-10,tx,open-meteo,82.8000,85.0,2.2000
2026-03-10,tx,tomorrow,82.4700,85.0,2.5300
2026-03-10,tx,visual-crossing,83.0000,85.0,2.0000
2026-03-10,tx,weatherapi,83.8000,85.0,1.2000
2026-03-11,fl,consensus,79.7384,84.0,4.2616
2026-03-11,fl,open-meteo,82.2000,84.0,1.8000
2026-03-11,fl,tomorrow,82.0600,84.0,1.9400
2026-03-11,fl,visual-crossing,80.0000,84.0,4.0000
2026-03-11,fl,weatherapi,76.5000,84.0,7.5000
2026-03-11,il,consensus,46.0453,45.0,1.0453
2026-03-11,il,open-meteo,51.3000,45.0,6.3000
2026-03-11,il,tomorrow,39.7900,45.0,5.2100
2026-03-11,il,visual-crossing,46.1000,45.0,1.1000
2026-03-11,il,weatherapi,40.2000,45.0,4.8000
2026-03-11,ny,consensus,72.7503,72.0,0.7503
2026-03-11,ny,open-meteo,71.4000,72.0,0.6000
2026-03-11,ny,tomorrow,76.7300,72.0,4.7300
2026-03-11,ny,visual-crossing,72.9000,72.0,0.9000
2026-03-11,ny,weatherapi,45.3000,72.0,26.7000
2026-03-11,tx,consensus,79.7386,84.0,4.2614
2026-03-11,tx,open-meteo,78.7000,84.0,5.3000
2026-03-11,tx,tomorrow,76.8000,84.0,7.2000
2026-03-11,tx,visual-crossing,81.9000,84.0,2.1000
2026-03-11,tx,weatherapi,76.6000,84.0,7.4000
2026-03-12,fl,consensus,81.9825,87.0,5.0175
2026-03-12,fl,open-meteo,82.8000,87.0,4.2000
2026-03-12,fl,tomorrow,82.8300,87.0,4.1700
2026-03-12,fl,visual-crossing,81.1000,87.0,5.9000
2026-03-12,fl,weatherapi,88.0000,87.0,1.0000
2026-03-12,il,consensus,45.5707,45.0,0.5707
2026-03-12,il,open-meteo,44.2000,45.0,0.8000
2026-03-12,il,tomorrow,44.1300,45.0,0.8700
2026-03-12,il,visual-crossing,45.9000,45.0,0.9000
2026-03-12,il,weatherapi,48.4000,45.0,3.4000
2026-03-12,ny,consensus,57.3708,63.0,5.6292
2026-03-12,ny,open-meteo,57.1000,63.0,5.9000
2026-03-12,ny,tomorrow,53.6000,63.0,9.4000
2026-03-12,ny,visual-crossing,59.5000,63.0,3.5000
2026-03-12,ny,weatherapi,59.9000,63.0,3.1000
2026-03-12,tx,consensus,66.7578,66.0,0.7578
2026-03-12,tx,open-meteo,79.4000,66.0,13.4000
2026-03-12,tx,tomorrow,64.8900,66.0,1.1100
2026-03-12,tx,visual-crossing,65.9000,66.0,0.1000
2026-03-12,tx,weatherapi,69.4000,66.0,3.4000
2026-03-13,fl,consensus,79.4045,81.0,1.5955
2026-03-13,fl,open-meteo,82.0000,81.0,1.0000
2026-03-13,fl,tomorrow,81.9900,81.0,0.9900
2026-03-13,fl,visual-crossing,79.1000,81.0,1.9000
2026-03-13,fl,weatherapi,79.9000,81.0,1.1000
2026-03-13,il,consensus,45.2390,48.0,2.7610
2026-03-13,il,open-meteo,44.8000,48.0,3.2000
2026-03-13,il,tomorrow,44.8300,48.0,3.1700
2026-03-13,il,visual-crossing,45.0000,48.0,3.0000
2026-03-13,il,weatherapi,48.2000,48.0,0.2000
2026-03-13,ny,consensus,43.7080,42.0,1.7080
2026-03-13,ny,open-meteo,41.9000,42.0,0.1000
2026-03-13,ny,tomorrow,41.7000,42.0,0.3000
2026-03-13,ny,visual-crossing,45.9000,42.0,3.9000
2026-03-13,ny,weatherapi,43.5000,42.0,1.5000
2026-03-13,tx,consensus,77.8888,81.0,3.1112
2026-03-13,tx,open-meteo,75.7000,81.0,5.3000
2026-03-13,tx,tomorrow,75.6000,81.0,5.4000
2026-03-13,tx,visual-crossing,79.1000,81.0,1.9000
2026-03-13,tx,weatherapi,83.5000,81.0,2.5000
2026-03-14,fl,consensus,80.2000,85.0,4.8000
2026-03-14,fl,open-meteo,79.4000,85.0,5.6000
2026-03-14,fl,tomorrow,79.3400,85.0,5.6600
2026-03-14,fl,visual-crossing,79.1000,85.0,5.9000
2026-03-14,fl,weatherapi,83.7000,85.0,1.3000
2026-03-14,il,consensus,40.9624,38.0,2.9624
2026-03-14,il,open-meteo,42.0000,38.0,4.0000
2026-03-14,il,tomorrow,40.5000,38.0,2.5000
2026-03-14,il,visual-crossing,40.9000,38.0,2.9000
2026-03-14,il,weatherapi,41.4000,38.0,3.4000
2026-03-14,ny,consensus,48.9351,51.0,2.0649
2026-03-14,ny,tomorrow,47.0800,51.0,3.9200
2026-03-14,ny,visual-crossing,49.9000,51.0,1.1000
2026-03-14,ny,weatherapi,51.1000,51.0,0.1000
2026-03-14,tx,consensus,83.4339,86.0,2.5661
2026-03-14,tx,open-meteo,81.4000,86.0,4.6000
2026-03-14,tx,tomorrow,81.5500,86.0,4.4500
2026-03-14,tx,visual-crossing,83.9000,86.0,2.1000
2026-03-14,tx,weatherapi,88.3000,86.0,2.3000
2026-03-15,fl,consensus,80.5877,81.0,0.4123
2026-03-15,fl,open-meteo,80.0000,81.0,1.0000
2026-03-15,fl,tomorrow,79.9500,81.0,1.0500
2026-03-15,fl,visual-crossing,79.1000,81.0,1.9000
2026-03-15,fl,weatherapi,85.3000,81.0,4.3000
2026-03-15,il,consensus,59.5398,64.0,4.4602
2026-03-15,il,open-meteo,59.5000,64.0,4.5000
2026-03-15,il,tomorrow,59.5000,64.0,4.5000
2026-03-15,il,visual-crossing,58.9000,64.0,5.1000
2026-03-15,il,weatherapi,64.4000,64.0,0.4000
2026-03-15,ny,consensus,48.3338,48.0,0.3338
2026-03-15,ny,open-meteo,46.9000,48.0,1.1000
2026-03-15,ny,tomorrow,51.8000,48.0,3.8000
2026-03-15,ny,visual-crossing,47.9000,48.0,0.1000
2026-03-15,ny,weatherapi,50.7000,48.0,2.7000
2026-03-15,tx,consensus,93.4019,98.0,4.5981
2026-03-15,tx,open-meteo,92.7000,98.0,5.3000
2026-03-15,tx,tomorrow,93.0200,98.0,4.9800
2026-03-15,tx,visual-crossing,92.9000,98.0,5.1000
2026-03-15,tx,weatherapi,102.0000,98.0,4.0000
2026-03-16,fl,consensus,82.5716,87.0,4.4284
2026-03-16,fl,open-meteo,80.4000,87.0,6.6000
2026-03-16,fl,tomorrow,80.4000,87.0,6.6000
2026-03-16,fl,visual-crossing,81.1000,87.0,5.9000
2026-03-16,fl,weatherapi,85.8000,87.0,1.2000
2026-03-16,il,consensus,31.2505,32.0,0.7495
2026-03-16,il,open-meteo,37.3000,32.0,5.3000
2026-03-16,il,tomorrow,25.6500,32.0,6.3500
2026-03-16,il,visual-crossing,31.9000,32.0,0.1000
2026-03-16,il,weatherapi,27.3000,32.0,4.7000
2026-03-16,ny,consensus,62.1494,57.0,5.1494
2026-03-16,ny,open-meteo,63.0000,57.0,6.0000
2026-03-16,ny,tomorrow,62.7600,57.0,5.7600
2026-03-16,ny,visual-crossing,62.0000,57.0,5.0000
2026-03-16,ny,weatherapi,63.0000,57.0,6.0000
2026-03-16,tx,consensus,56.4308,56.0,0.4308
2026-03-16,tx,open-meteo,75.5000,56.0,19.5000
2026-03-16,tx,tomorrow,54.6800,56.0,1.3200
2026-03-16,tx,visual-crossing,56.0000,56.0,0.0000
2026-03-16,tx,weatherapi,60.6000,56.0,4.6000
2026-03-17,fl,consensus,70.9618,71.0,0.0382
2026-03-17,fl,open-meteo,77.3000,71.0,6.3000
2026-03-17,fl,tomorrow,70.1200,71.0,0.8800
2026-03-17,fl,visual-crossing,71.0000,71.0,0.0000
2026-03-17,fl,weatherapi,69.4000,71.0,1.6000
2026-03-17,il,consensus,24.5010,25.0,0.4990
2026-03-17,il,open-meteo,26.1000,25.0,1.1000
2026-03-17,il,tomorrow,26.1300,25.0,1.1300
2026-03-17,il,visual-crossing,24.0000,25.0,1.0000
2026-03-17,il,weatherapi,27.0000,25.0,2.0000
2026-03-17,ny,consensus,51.4353,48.0,3.4353
2026-03-17,ny,open-meteo,56.1000,48.0,8.1000
2026-03-17,ny,tomorrow,35.7100,48.0,12.2900
2026-03-17,ny,visual-crossing,54.1000,48.0,6.1000
2026-03-17,ny,weatherapi,37.8000,48.0,10.2000
2026-03-17,tx,consensus,65.6405,67.0,1.3595
2026-03-17,tx,open-meteo,64.3000,67.0,2.7000
2026-03-17,tx,tomorrow,64.2600,67.0,2.7400
2026-03-17,tx,visual-crossing,65.9000,67.0,1.1000
2026-03-17,tx,weatherapi,71.8000,67.0,4.8000
2026-03-18,fl,consensus,70.4848,69.0,1.4848
2026-03-18,fl,google-weather,68.3600,69.0,0.6400
2026-03-18,fl,open-meteo,69.3000,69.0,0.3000
2026-03-18,fl,openweathermap,66.4000,69.0,2.6000
2026-03-18,fl,pirateweather,69.3300,69.0,0.3300
2026-03-18,fl,tomorrow,69.2100,69.0,0.2100
2026-03-18,fl,visual-crossing,72.1000,69.0,3.1000
2026-03-18,fl,weather.gov,72.0000,69.0,3.0000
2026-03-18,fl,weatherapi,68.7000,69.0,0.3000
2026-03-18,il,consensus,44.0069,47.0,2.9931
2026-03-18,il,google-weather,46.0400,47.0,0.9600
2026-03-18,il,open-meteo,47.2000,47.0,0.2000
2026-03-18,il,openweathermap,43.5200,47.0,3.4800
2026-03-18,il,pirateweather,43.4300,47.0,3.5700
2026-03-18,il,tomorrow,47.1600,47.0,0.1600
2026-03-18,il,visual-crossing,43.1000,47.0,3.9000
2026-03-18,il,weather.gov,44.0000,47.0,3.0000
2026-03-18,il,weatherapi,47.5000,47.0,0.5000
2026-03-18,ny,consensus,37.5006,37.0,0.5006
2026-03-18,ny,google-weather,35.9600,37.0,1.0400
2026-03-18,ny,open-meteo,38.1000,37.0,1.1000
2026-03-18,ny,openweathermap,36.1900,37.0,0.8100
2026-03-18,ny,pirateweather,36.8200,37.0,0.1800
2026-03-18,ny,tomorrow,37.9000,37.0,0.9000
2026-03-18,ny,visual-crossing,36.9000,37.0,0.1000
2026-03-18,ny,weather.gov,37.0000,37.0,0.0000
2026-03-18,ny,weatherapi,41.9000,37.0,4.9000
2026-03-18,tx,consensus,77.0685,78.0,0.9315
2026-03-18,tx,google-weather,75.0200,78.0,2.9800
2026-03-18,tx,open-meteo,74.8000,78.0,3.2000
2026-03-18,tx,openweathermap,77.5400,78.0,0.4600
2026-03-18,tx,pirateweather,76.5100,78.0,1.4900
2026-03-18,tx,tomorrow,74.7500,78.0,3.2500
2026-03-18,tx,visual-crossing,78.0000,78.0,0.0000
2026-03-18,tx,weather.gov,78.0000,78.0,0.0000
2026-03-18,tx,weatherapi,81.1000,78.0,3.1000
2026-03-19,fl,consensus,74.6100,78.0,3.3900
2026-03-19,fl,google-weather,73.5800,78.0,4.4200
2026-03-19,fl,open-meteo,71.7000,78.0,6.3000
2026-03-19,fl,openweathermap,74.0100,78.0,3.9900
2026-03-19,fl,pirateweather,72.3400,78.0,5.6600
2026-03-19,fl,tomorrow,71.7100,78.0,6.2900
2026-03-19,fl,visual-crossing,74.0000,78.0,4.0000
2026-03-19,fl,weather.gov,75.0000,78.0,3.0000
2026-03-19,fl,weatherapi,77.4000,78.0,0.6000
2026-03-19,il,consensus,54.3624,60.0,5.6376
2026-03-19,il,google-weather,57.7400,60.0,2.2600
2026-03-19,il,open-meteo,57.6000,60.0,2.4000
2026-03-19,il,openweathermap,61.6600,60.0,1.6600
2026-03-19,il,pirateweather,55.6900,60.0,4.3100
2026-03-19,il,tomorrow,56.7700,60.0,3.2300
2026-03-19,il,visual-crossing,53.0000,60.0,7.0000
2026-03-19,il,weather.gov,55.0000,60.0,5.0000
2026-03-19,il,weatherapi,57.6000,60.0,2.4000
2026-03-19,ny,consensus,45.1261,44.0,1.1261
2026-03-19,ny,google-weather,42.8000,44.0,1.2000
2026-03-19,ny,open-meteo,45.0000,44.0,1.0000
2026-03-19,ny,openweathermap,43.8300,44.0,0.1700
2026-03-19,ny,pirateweather,45.6100,44.0,1.6100
2026-03-19,ny,tomorrow,44.6900,44.0,0.6900
2026-03-19,ny,visual-crossing,45.0000,44.0,1.0000
2026-03-19,ny,weather.gov,46.0000,44.0,2.0000
2026-03-19,ny,weatherapi,46.2000,44.0,2.2000
2026-03-19,tx,consensus,84.4603,86.0,1.5397
2026-03-19,tx,google-weather,81.5000,86.0,4.5000
2026-03-19,tx,open-meteo,80.8000,86.0,5.2000
2026-03-19,tx,openweathermap,84.9600,86.0,1.0400
2026-03-19,tx,pirateweather,84.6100,86.0,1.3900
2026-03-19,tx,tomorrow,81.2700,86.0,4.7300
2026-03-19,tx,visual-crossing,85.0000,86.0,1.0000
2026-03-19,tx,weather.gov,85.0000,86.0,1.0000
2026-03-19,tx,weatherapi,88.3000,86.0,2.3000
2026-03-20,fl,consensus,74.7133,78.0,3.2867
2026-03-20,fl,google-weather,72.6800,78.0,5.3200
2026-03-20,fl,open-meteo,72.5000,78.0,5.5000
2026-03-20,fl,openweathermap,72.6100,78.0,5.3900
2026-03-20,fl,pirateweather,72.5000,78.0,5.5000
2026-03-20,fl,tomorrow,72.5200,78.0,5.4800
2026-03-20,fl,visual-crossing,72.9000,78.0,5.1000
2026-03-20,fl,weather.gov,74.0000,78.0,4.0000
2026-03-20,fl,weatherapi,77.4000,78.0,0.6000
2026-03-20,il,consensus,67.2055,72.0,4.7945
2026-03-20,il,google-weather,66.7400,72.0,5.2600
2026-03-20,il,open-meteo,69.2000,72.0,2.8000
2026-03-20,il,openweathermap,72.3200,72.0,0.3200
2026-03-20,il,pirateweather,64.6700,72.0,7.3300
2026-03-20,il,tomorrow,69.0300,72.0,2.9700
2026-03-20,il,visual-crossing,65.9000,72.0,6.1000
2026-03-20,il,weather.gov,69.0000,72.0,3.0000
2026-03-20,il,weatherapi,69.8000,72.0,2.2000
2026-03-20,ny,consensus,59.1002,57.0,2.1002
2026-03-20,ny,google-weather,56.4800,57.0,0.5200
2026-03-20,ny,open-meteo,59.2000,57.0,2.2000
2026-03-20,ny,openweathermap,56.5000,57.0,0.5000
2026-03-20,ny,pirateweather,57.3300,57.0,0.3300
2026-03-20,ny,tomorrow,60.7300,57.0,3.7300
2026-03-20,ny,visual-crossing,58.0000,57.0,1.0000
2026-03-20,ny,weather.gov,58.0000,57.0,1.0000
2026-03-20,ny,weatherapi,66.4000,57.0,9.4000
2026-03-20,tx,consensus,88.5038,90.0,1.4962
2026-03-20,tx,google-weather,86.1800,90.0,3.8200
2026-03-20,tx,open-meteo,85.3000,90.0,4.7000
2026-03-20,tx,openweathermap,90.0700,90.0,0.0700
2026-03-20,tx,pirateweather,88.6600,90.0,1.3400
2026-03-20,tx,tomorrow,85.5900,90.0,4.4100
2026-03-20,tx,visual-crossing,89.0000,90.0,1.0000
2026-03-20,tx,weather.gov,89.0000,90.0,1.0000
2026-03-20,tx,weatherapi,92.7000,90.0,2.7000
2026-03-21,fl,consensus,74.8555,81.0,6.1445
2026-03-21,fl,google-weather,76.4600,81.0,4.5400
2026-03-21,fl,open-meteo,74.9000,81.0,6.1000
2026-03-21,fl,openweathermap,75.3100,81.0,5.6900
2026-03-21,fl,pirateweather,75.2200,81.0,5.7800
2026-03-21,fl,tomorrow,75.1300,81.0,5.8700
2026-03-21,fl,visual-crossing,74.9000,81.0,6.1000
2026-03-21,fl,weather.gov,77.0000,81.0,4.0000
2026-03-21,fl,weatherapi,74.7000,81.0,6.3000
2026-03-21,il,consensus,75.7532,77.0,1.2468
2026-03-21,il,google-weather,73.5800,77.0,3.4200
2026-03-21,il,openweathermap,72.6800,77.0,4.3200
2026-03-21,il,pirateweather,72.7000,77.0,4.3000
2026-03-21,il,tomorrow,75.6300,77.0,1.3700
2026-03-21,il,visual-crossing,74.9000,77.0,2.1000
2026-03-21,il,weather.gov,77.0000,77.0,0.0000
2026-03-21,il,weatherapi,80.4000,77.0,3.4000
2026-03-21,ny,consensus,56.7097,59.0,2.2903
2026-03-21,ny,google-weather,55.9400,59.0,3.0600
2026-03-21,ny,open-meteo,56.3000,59.0,2.7000
2026-03-21,ny,openweathermap,58.0100,59.0,0.9900
2026-03-21,ny,pirateweather,57.0400,59.0,1.9600
2026-03-21,ny,tomorrow,55.9800,59.0,3.0200
2026-03-21,ny,visual-crossing,56.9000,59.0,2.1000
2026-03-21,ny,weather.gov,57.0000,59.0,2.0000
2026-03-21,ny,weatherapi,56.3000,59.0,2.7000
2026-03-21,tx,consensus,91.4584,93.0,1.5416
2026-03-21,tx,google-weather,88.8800,93.0,4.1200
2026-03-21,tx,open-meteo,88.2000,93.0,4.8000
2026-03-21,tx,openweathermap,89.4900,93.0,3.5100
2026-03-21,tx,pirateweather,91.4200,93.0,1.5800
2026-03-21,tx,tomorrow,88.0900,93.0,4.9100
2026-03-21,tx,visual-crossing,92.0000,93.0,1.0000
2026-03-21,tx,weather.gov,92.0000,93.0,1.0000
2026-03-21,tx,weatherapi,95.7000,93.0,2.7000
2026-03-22,fl,consensus,77.8300,81.0,3.1700
2026-03-22,fl,google-weather,77.1800,81.0,3.8200
2026-03-22,fl,open-meteo,75.3000,81.0,5.7000
2026-03-22,fl,openweathermap,79.3600,81.0,1.6400
2026-03-22,fl,pirateweather,76.3300,81.0,4.6700
2026-03-22,fl,tomorrow,75.4300,81.0,5.5700
2026-03-22,fl,visual-crossing,76.9000,81.0,4.1000
2026-03-22,fl,weather.gov,78.0000,81.0,3.0000
2026-03-22,fl,weatherapi,81.0000,81.0,0.0000
2026-03-22,il,consensus,67.2965,71.0,3.7035
2026-03-22,il,google-weather,48.0200,71.0,22.9800
2026-03-22,il,open-meteo,72.1000,71.0,1.1000
2026-03-22,il,openweathermap,48.9900,71.0,22.0100
2026-03-22,il,pirateweather,65.1600,71.0,5.8400
2026-03-22,il,tomorrow,59.1100,71.0,11.8900
2026-03-22,il,visual-crossing,70.0000,71.0,1.0000
2026-03-22,il,weather.gov,46.0000,71.0,25.0000
2026-03-22,il,weatherapi,58.1000,71.0,12.9000
2026-03-22,ny,consensus,65.5940,63.0,2.5940
2026-03-22,ny,google-weather,66.2000,63.0,3.2000
2026-03-22,ny,openweathermap,66.5100,63.0,3.5100
2026-03-22,ny,pirateweather,64.8100,63.0,1.8100
2026-03-22,ny,tomorrow,69.6400,63.0,6.6400
2026-03-22,ny,visual-crossing,63.1000,63.0,0.1000
2026-03-22,ny,weather.gov,63.0000,63.0,0.0000
2026-03-22,ny,weatherapi,74.8000,63.0,11.8000
2026-03-22,tx,consensus,93.1032,93.0,0.1032
2026-03-22,tx,google-weather,88.3400,93.0,4.6600
2026-03-22,tx,open-meteo,87.8000,93.0,5.2000
2026-03-22,tx,openweathermap,91.4400,93.0,1.5600
2026-03-22,tx,pirateweather,91.3800,93.0,1.6200
2026-03-22,tx,tomorrow,88.1100,93.0,4.8900
2026-03-22,tx,visual-crossing,94.0000,93.0,1.0000
2026-03-22,tx,weather.gov,93.0000,93.0,0.0000
2026-03-22,tx,weatherapi,95.2000,93.0,2.2000
2026-03-23,fl,consensus,78.2624,82.0,3.7376
2026-03-23,fl,google-weather,78.4400,82.0,3.5600
2026-03-23,fl,open-meteo,77.7000,82.0,4.3000
2026-03-23,fl,openweathermap,81.7200,82.0,0.2800
2026-03-23,fl,pirateweather,77.2700,82.0,4.7300
2026-03-23,fl,tomorrow,77.7700,82.0,4.2300
2026-03-23,fl,visual-crossing,76.9000,82.0,5.1000
2026-03-23,fl,weather.gov,79.0000,82.0,3.0000
2026-03-23,fl,weatherapi,83.1000,82.0,1.1000
2026-03-23,il,consensus,39.9887,41.0,1.0113
2026-03-23,il,google-weather,39.7400,41.0,1.2600
2026-03-23,il,open-meteo,39.7000,41.0,1.3000
2026-03-23,il,openweathermap,42.1700,41.0,1.1700
2026-03-23,il,pirateweather,39.8300,41.0,1.1700
2026-03-23,il,tomorrow,39.6300,41.0,1.3700
2026-03-23,il,visual-crossing,40.0000,41.0,1.0000
2026-03-23,il,weather.gov,41.0000,41.0,0.0000
2026-03-23,il,weatherapi,41.4000,41.0,0.4000
2026-03-23,ny,consensus,49.5163,50.0,0.4837
2026-03-23,ny,google-weather,41.7200,50.0,8.2800
2026-03-23,ny,open-meteo,51.6000,50.0,1.6000
2026-03-23,ny,openweathermap,45.3000,50.0,4.7000
2026-03-23,ny,pirateweather,52.8800,50.0,2.8800
2026-03-23,ny,tomorrow,44.9200,50.0,5.0800
2026-03-23,ny,visual-crossing,49.7000,50.0,0.3000
2026-03-23,ny,weather.gov,47.0000,50.0,3.0000
2026-03-23,ny,weatherapi,44.8000,50.0,5.2000
2026-03-23,tx,consensus,86.6498,88.0,1.3502
2026-03-23,tx,google-weather,84.2000,88.0,3.8000
2026-03-23,tx,open-meteo,83.9000,88.0,4.1000
2026-03-23,tx,openweathermap,85.9800,88.0,2.0200
2026-03-23,tx,pirateweather,86.3200,88.0,1.6800
2026-03-23,tx,tomorrow,83.7700,88.0,4.2300
2026-03-23,tx,visual-crossing,87.0000,88.0,1.0000
2026-03-23,tx,weather.gov,87.0000,88.0,1.0000
2026-03-23,tx,weatherapi,91.4000,88.0,3.4000
2026-03-24,fl,consensus,79.5766,85.0,5.4234
2026-03-24,fl,google-weather,79.8800,85.0,5.1200
2026-03-24,fl,open-meteo,79.1000,85.0,5.9000
2026-03-24,fl,openweathermap,82.3300,85.0,2.6700
2026-03-24,fl,pirateweather,77.7400,85.0,7.2600
2026-03-24,fl,tomorrow,79.9900,85.0,5.0100
2026-03-24,fl,visual-crossing,78.0000,85.0,7.0000
2026-03-24,fl,weather.gov,80.0000,85.0,5.0000
2026-03-24,fl,weatherapi,85.3000,85.0,0.3000
2026-03-24,il,consensus,53.5226,53.0,0.5226
2026-03-24,il,google-weather,51.8000,53.0,1.2000
2026-03-24,il,open-meteo,55.0000,53.0,2.0000
2026-03-24,il,openweathermap,50.7700,53.0,2.2300
2026-03-24,il,pirateweather,50.0200,53.0,2.9800
2026-03-24,il,tomorrow,54.6100,53.0,1.6100
2026-03-24,il,visual-crossing,51.0000,53.0,2.0000
2026-03-24,il,weather.gov,52.0000,53.0,1.0000
2026-03-24,il,weatherapi,52.9000,53.0,0.1000
2026-03-24,ny,consensus,46.8305,48.0,1.1695
2026-03-24,ny,google-weather,45.1400,48.0,2.8600
2026-03-24,ny,open-meteo,44.4000,48.0,3.6000
2026-03-24,ny,openweathermap,47.5900,48.0,0.4100
2026-03-24,ny,pirateweather,47.7100,48.0,0.2900
2026-03-24,ny,tomorrow,44.6900,48.0,3.3100
2026-03-24,ny,visual-crossing,47.9000,48.0,0.1000
2026-03-24,ny,weather.gov,49.0000,48.0,1.0000
2026-03-24,ny,weatherapi,46.8000,48.0,1.2000
2026-03-24,tx,consensus,86.3918,88.0,1.6082
2026-03-24,tx,google-weather,83.8400,88.0,4.1600
2026-03-24,tx,open-meteo,83.8000,88.0,4.2000
2026-03-24,tx,openweathermap,86.2500,88.0,1.7500
2026-03-24,tx,pirateweather,86.5800,88.0,1.4200
2026-03-24,tx,tomorrow,83.9500,88.0,4.0500
2026-03-24,tx,visual-crossing,87.0000,88.0,1.0000
2026-03-24,tx,weather.gov,87.0000,88.0,1.0000
2026-03-24,tx,weatherapi,88.0000,88.0,0.0000
2026-03-25,fl,consensus,78.6246,82.0,3.3754
2026-03-25,fl,google-weather,79.3400,82.0,2.6600
2026-03-25,fl,open-meteo,79.4000,82.0,2.6000
2026-03-25,fl,openweathermap,81.7300,82.0,0.2700
2026-03-25,fl,pirateweather,77.5800,82.0,4.4200
2026-03-25,fl,tomorrow,79.3900,82.0,2.6100
2026-03-25,fl,visual-crossing,76.9000,82.0,5.1000
2026-03-25,fl,weather.gov,78.0000,82.0,4.0000
2026-03-25,fl,weatherapi,82.8000,82.0,0.8000
2026-03-25,il,consensus,71.2807,72.0,0.7193
2026-03-25,il,google-weather,69.2600,72.0,2.7400
2026-03-25,il,openweathermap,67.7500,72.0,4.2500
2026-03-25,il,pirateweather,67.5300,72.0,4.4700
2026-03-25,il,tomorrow,72.3200,72.0,0.3200
2026-03-25,il,visual-crossing,71.0000,72.0,1.0000
2026-03-25,il,weather.gov,71.0000,72.0,1.0000
2026-03-25,il,weatherapi,77.2000,72.0,5.2000
2026-03-25,ny,consensus,53.4085,54.0,0.5915
2026-03-25,ny,google-weather,52.3400,54.0,1.6600
2026-03-25,ny,open-meteo,53.9000,54.0,0.1000
2026-03-25,ny,openweathermap,50.9500,54.0,3.0500
2026-03-25,ny,pirateweather,52.3800,54.0,1.6200
2026-03-25,ny,tomorrow,53.4700,54.0,0.5300
2026-03-25,ny,visual-crossing,54.1000,54.0,0.1000
2026-03-25,ny,weather.gov,54.0000,54.0,0.0000
2026-03-25,ny,weatherapi,57.9000,54.0,3.9000
2026-03-25,tx,consensus,87.4940,90.0,2.5060
2026-03-25,tx,google-weather,85.1000,90.0,4.9000
2026-03-25,tx,open-meteo,82.8000,90.0,7.2000
2026-03-25,tx,openweathermap,89.0100,90.0,0.9900
2026-03-25,tx,pirateweather,88.1400,90.0,1.8600
2026-03-25,tx,tomorrow,82.5300,90.0,7.4700
2026-03-25,tx,visual-crossing,89.0000,90.0,1.0000
2026-03-25,tx,weather.gov,89.0000,90.0,1.0000
2026-03-25,tx,weatherapi,87.8000,90.0,2.2000
2026-03-26,fl,consensus,79.3222,83.0,3.6778
2026-03-26,fl,google-weather,80.0600,83.0,2.9400
2026-03-26,fl,open-meteo,81.3000,83.0,1.7000
2026-03-26,fl,openweathermap,81.5900,83.0,1.4100
2026-03-26,fl,pirateweather,77.9400,83.0,5.0600
2026-03-26,fl,tomorrow,81.0500,83.0,1.9500
2026-03-26,fl,visual-crossing,78.0000,83.0,5.0000
2026-03-26,fl,weather.gov,79.0000,83.0,4.0000
2026-03-26,fl,weatherapi,83.8000,83.0,0.8000
2026-03-26,il,consensus,75.0379,73.0,2.0379
2026-03-26,il,google-weather,74.4800,73.0,1.4800
2026-03-26,il,open-meteo,76.1000,73.0,3.1000
2026-03-26,il,openweathermap,72.0500,73.0,0.9500
2026-03-26,il,pirateweather,69.9800,73.0,3.0200
2026-03-26,il,tomorrow,76.5100,73.0,3.5100
2026-03-26,il,visual-crossing,74.0000,73.0,1.0000
2026-03-26,il,weather.gov,76.0000,73.0,3.0000
2026-03-26,il,weatherapi,74.1000,73.0,1.1000
2026-03-26,ny,consensus,74.0274,76.0,1.9726
2026-03-26,ny,google-weather,73.5800,76.0,2.4200
2026-03-26,ny,open-meteo,76.8000,76.0,0.8000
2026-03-26,ny,openweathermap,73.1700,76.0,2.8300
2026-03-26,ny,pirateweather,72.6300,76.0,3.3700
2026-03-26,ny,tomorrow,76.5300,76.0,0.5300
2026-03-26,ny,visual-crossing,72.1000,76.0,3.9000
2026-03-26,ny,weather.gov,72.0000,76.0,4.0000
2026-03-26,ny,weatherapi,81.7000,76.0,5.7000
2026-03-26,tx,consensus,88.6864,89.0,0.3136
2026-03-26,tx,google-weather,85.6400,89.0,3.3600
2026-03-26,tx,open-meteo,84.4000,89.0,4.6000
2026-03-26,tx,openweathermap,88.4800,89.0,0.5200
2026-03-26,tx,pirateweather,88.6600,89.0,0.3400
2026-03-26,tx,tomorrow,84.1500,89.0,4.8500
2026-03-26,tx,visual-crossing,89.0000,89.0,0.0000
2026-03-26,tx,weather.gov,89.0000,89.0,0.0000
2026-03-26,tx,weatherapi,91.0000,89.0,2.0000
2026-03-27,fl,consensus,78.8394,84.0,5.1606
2026-03-27,fl,google-weather,79.8800,84.0,4.1200
2026-03-27,fl,open-meteo,81.0000,84.0,3.0000
2026-03-27,fl,openweathermap,82.4200,84.0,1.5800
2026-03-27,fl,pirateweather,78.3900,84.0,5.6100
2026-03-27,fl,tomorrow,81.0300,84.0,2.9700
2026-03-27,fl,visual-crossing,78.0000,84.0,6.0000
2026-03-27,fl,weather.gov,79.0000,84.0,5.0000
2026-03-27,fl,weatherapi,82.8000,84.0,1.2000
2026-03-27,il,consensus,40.7992,44.0,3.2008
2026-03-27,il,google-weather,40.4600,44.0,3.5400
2026-03-27,il,open-meteo,43.8000,44.0,0.2000
2026-03-27,il,openweathermap,46.6700,44.0,2.6700
2026-03-27,il,pirateweather,40.7300,44.0,3.2700
2026-03-27,il,tomorrow,38.8600,44.0,5.1400
2026-03-27,il,visual-crossing,40.0000,44.0,4.0000
2026-03-27,il,weather.gov,41.0000,44.0,3.0000
2026-03-27,il,weatherapi,46.2000,44.0,2.2000
2026-03-27,ny,consensus,65.3823,65.0,0.3823
2026-03-27,ny,google-weather,52.8800,65.0,12.1200
2026-03-27,ny,open-meteo,67.8000,65.0,2.8000
2026-03-27,ny,openweathermap,54.0500,65.0,10.9500
2026-03-27,ny,pirateweather,65.2500,65.0,0.2500
2026-03-27,ny,tomorrow,59.3800,65.0,5.6200
2026-03-27,ny,visual-crossing,67.7000,65.0,2.7000
2026-03-27,ny,weather.gov,56.0000,65.0,9.0000
2026-03-27,ny,weatherapi,54.7000,65.0,10.3000
2026-03-27,tx,consensus,87.2674,88.0,0.7326
2026-03-27,tx,google-weather,85.8200,88.0,2.1800
2026-03-27,tx,open-meteo,84.6000,88.0,3.4000
2026-03-27,tx,openweathermap,88.5000,88.0,0.5000
2026-03-27,tx,pirateweather,86.8100,88.0,1.1900
2026-03-27,tx,tomorrow,84.3300,88.0,3.6700
2026-03-27,tx,visual-crossing,87.0000,88.0,1.0000
2026-03-27,tx,weather.gov,87.0000,88.0,1.0000
2026-03-27,tx,weatherapi,92.1000,88.0,4.1000
2026-03-28,fl,consensus,80.2682,85.0,4.7318
2026-03-28,fl,google-weather,81.5000,85.0,3.5000
2026-03-28,fl,open-meteo,82.9000,85.0,2.1000
2026-03-28,fl,openweathermap,85.1000,85.0,0.1000
2026-03-28,fl,pirateweather,79.3600,85.0,5.6400
2026-03-28,fl,tomorrow,82.8500,85.0,2.1500
2026-03-28,fl,visual-crossing,79.1000,85.0,5.9000
2026-03-28,fl,weather.gov,80.0000,85.0,5.0000
2026-03-28,fl,weatherapi,87.3000,85.0,2.3000
2026-03-28,il,consensus,48.5121,48.0,0.5121
2026-03-28,il,google-weather,47.4800,48.0,0.5200
2026-03-28,il,open-meteo,47.5000,48.0,0.5000
2026-03-28,il,openweathermap,49.7100,48.0,1.7100
2026-03-28,il,pirateweather,47.1700,48.0,0.8300
2026-03-28,il,tomorrow,48.1100,48.0,0.1100
2026-03-28,il,visual-crossing,49.0000,48.0,1.0000
2026-03-28,il,weather.gov,49.0000,48.0,1.0000
2026-03-28,il,weatherapi,51.8000,48.0,3.8000
2026-03-28,ny,consensus,44.3570,44.0,0.3570
2026-03-28,ny,google-weather,41.7200,44.0,2.2800
2026-03-28,ny,open-meteo,46.0000,44.0,2.0000
2026-03-28,ny,openweathermap,44.9600,44.0,0.9600
2026-03-28,ny,pirateweather,43.7000,44.0,0.3000
2026-03-28,ny,tomorrow,42.7100,44.0,1.2900
2026-03-28,ny,visual-crossing,45.0000,44.0,1.0000
2026-03-28,ny,weather.gov,45.0000,44.0,1.0000
2026-03-28,ny,weatherapi,41.9000,44.0,2.1000
2026-03-28,tx,consensus,70.4773,74.0,3.5227
2026-03-28,tx,google-weather,71.6000,74.0,2.4000
2026-03-28,tx,open-meteo,77.3000,74.0,3.3000
2026-03-28,tx,openweathermap,71.3500,74.0,2.6500
2026-03-28,tx,pirateweather,71.6400,74.0,2.3600
2026-03-28,tx,tomorrow,68.4100,74.0,5.5900
2026-03-28,tx,visual-crossing,67.9000,74.0,6.1000
2026-03-28,tx,weather.gov,68.0000,74.0,6.0000
2026-03-28,tx,weatherapi,74.3000,74.0,0.3000
2026-03-29,fl,consensus,77.2527,80.0,2.7473
2026-03-29,fl,google-weather,76.1000,80.0,3.9000
2026-03-29,fl,open-meteo,76.8000,80.0,3.2000
2026-03-29,fl,openweathermap,79.1100,80.0,0.8900
2026-03-29,fl,pirateweather,76.5900,80.0,3.4100
2026-03-29,fl,tomorrow,76.9600,80.0,3.0400
2026-03-29,fl,visual-crossing,76.9000,80.0,3.1000
2026-03-29,fl,weather.gov,78.0000,80.0,2.0000
2026-03-29,fl,weatherapi,80.1000,80.0,0.1000
2026-03-29,il,consensus,64.8329,63.0,1.8329
2026-03-29,il,google-weather,63.6800,63.0,0.6800
2026-03-29,il,open-meteo,66.9000,63.0,3.9000
2026-03-29,il,openweathermap,64.4900,63.0,1.4900
2026-03-29,il,pirateweather,62.1300,63.0,0.8700
2026-03-29,il,tomorrow,64.5300,63.0,1.5300
2026-03-29,il,visual-crossing,63.9000,63.0,0.9000
2026-03-29,il,weather.gov,64.0000,63.0,1.0000
2026-03-29,il,weatherapi,71.2000,63.0,8.2000
2026-03-29,ny,consensus,55.5044,54.0,1.5044
2026-03-29,ny,google-weather,53.6000,54.0,0.4000
2026-03-29,ny,open-meteo,56.1000,54.0,2.1000
2026-03-29,ny,openweathermap,55.9000,54.0,1.9000
2026-03-29,ny,pirateweather,54.9300,54.0,0.9300
2026-03-29,ny,tomorrow,56.1400,54.0,2.1400
2026-03-29,ny,visual-crossing,54.9000,54.0,0.9000
2026-03-29,ny,weather.gov,56.0000,54.0,2.0000
2026-03-29,ny,weatherapi,61.5000,54.0,7.5000
2026-03-29,tx,consensus,84.5981,85.0,0.4019
2026-03-29,tx,google-weather,80.9600,85.0,4.0400
2026-03-29,tx,open-meteo,80.8000,85.0,4.2000
2026-03-29,tx,openweathermap,87.3100,85.0,2.3100
2026-03-29,tx,pirateweather,84.1100,85.0,0.8900
2026-03-29,tx,tomorrow,80.6400,85.0,4.3600
2026-03-29,tx,visual-crossing,85.0000,85.0,0.0000
2026-03-29,tx,weather.gov,85.0000,85.0,0.0000
2026-03-29,tx,weatherapi,86.0000,85.0,1.0000
2026-03-30,fl,consensus,78.5960,79.0,0.4040
2026-03-30,fl,google-weather,77.3600,79.0,1.6400
2026-03-30,fl,open-meteo,78.6000,79.0,0.4000
2026-03-30,fl,openweathermap,74.2300,79.0,4.7700
2026-03-30,fl,pirateweather,77.1400,79.0,1.8600
2026-03-30,fl,tomorrow,80.4000,79.0,1.4000
2026-03-30,fl,visual-crossing,78.0000,79.0,1.0000
2026-03-30,fl,weather.gov,79.0000,79.0,0.0000
2026-03-30,fl,weatherapi,81.0000,79.0,2.0000
2026-03-30,il,consensus,78.8159,81.0,2.1841
2026-03-30,il,google-weather,78.2600,81.0,2.7400
2026-03-30,il,open-meteo,80.7000,81.0,0.3000
2026-03-30,il,openweathermap,75.6100,81.0,5.3900
2026-03-30,il,pirateweather,76.0500,81.0,4.9500
2026-03-30,il,tomorrow,80.9400,81.0,0.0600
2026-03-30,il,visual-crossing,76.9000,81.0,4.1000
2026-03-30,il,weather.gov,77.0000,81.0,4.0000
2026-03-30,il,weatherapi,84.9000,81.0,3.9000
2026-03-30,ny,consensus,69.9093,73.0,3.0907
2026-03-30,ny,google-weather,71.2400,73.0,1.7600
2026-03-30,ny,open-meteo,74.1000,73.0,1.1000
2026-03-30,ny,openweathermap,65.8400,73.0,7.1600
2026-03-30,ny,pirateweather,68.8500,73.0,4.1500
2026-03-30,ny,tomorrow,73.4000,73.0,0.4000
2026-03-30,ny,visual-crossing,63.9000,73.0,9.1000
2026-03-30,ny,weather.gov,66.0000,73.0,7.0000
2026-03-30,ny,weatherapi,77.9000,73.0,4.9000
2026-03-30,tx,consensus,88.2085,89.0,0.7915
2026-03-30,tx,google-weather,84.5600,89.0,4.4400
2026-03-30,tx,open-meteo,83.7000,89.0,5.3000
2026-03-30,tx,openweathermap,88.1200,89.0,0.8800
2026-03-30,tx,pirateweather,87.4000,89.0,1.6000
2026-03-30,tx,tomorrow,83.6600,89.0,5.3400
2026-03-30,tx,visual-crossing,89.0000,89.0,0.0000
2026-03-30,tx,weather.gov,89.0000,89.0,0.0000
2026-03-30,tx,weatherapi,89.8000,89.0,0.8000
2026-03-31,fl,consensus,79.7182,82.0,2.2818
2026-03-31,fl,google-weather,78.9800,82.0,3.0200
2026-03-31,fl,open-meteo,80.4000,82.0,1.6000
2026-03-31,fl,openweathermap,77.0500,82.0,4.9500
2026-03-31,fl,pirateweather,77.3600,82.0,4.6400
2026-03-31,fl,tomorrow,80.4700,82.0,1.5300
2026-03-31,fl,visual-crossing,78.0000,82.0,4.0000
2026-03-31,fl,weather.gov,78.0000,82.0,4.0000
2026-03-31,fl,weatherapi,85.8000,82.0,3.8000
2026-03-31,il,consensus,74.9467,69.0,5.9467
2026-03-31,il,google-weather,73.7600,69.0,4.7600
2026-03-31,il,openweathermap,71.0600,69.0,2.0600
2026-03-31,il,pirateweather,69.6900,69.0,0.6900
2026-03-31,il,tomorrow,79.2000,69.0,10.2000
2026-03-31,il,visual-crossing,71.0000,69.0,2.0000
2026-03-31,il,weather.gov,73.0000,69.0,4.0000
2026-03-31,il,weatherapi,77.7000,69.0,8.7000
2026-03-31,ny,consensus,80.3140,81.0,0.6860
2026-03-31,ny,google-weather,78.9800,81.0,2.0200
2026-03-31,ny,open-meteo,82.4000,81.0,1.4000
2026-03-31,ny,openweathermap,79.4100,81.0,1.5900
2026-03-31,ny,pirateweather,77.9400,81.0,3.0600
2026-03-31,ny,tomorrow,81.7700,81.0,0.7700
2026-03-31,ny,visual-crossing,76.9000,81.0,4.1000
2026-03-31,ny,weather.gov,78.0000,81.0,3.0000
2026-03-31,ny,weatherapi,84.0000,81.0,3.0000
2026-03-31,tx,consensus,87.4660,90.0,2.5340
2026-03-31,tx,google-weather,84.9200,90.0,5.0800
2026-03-31,tx,open-meteo,84.4000,90.0,5.6000
2026-03-31,tx,openweathermap,88.7000,90.0,1.3000
2026-03-31,tx,pirateweather,86.7000,90.0,3.3000
2026-03-31,tx,tomorrow,84.2900,90.0,5.7100
2026-03-31,tx,visual-crossing,89.0000,90.0,1.0000
2026-03-31,tx,weather.gov,89.0000,90.0,1.0000
2026-03-31,tx,weatherapi,88.7000,90.0,1.3000
2026-04-02,fl,consensus,80.7933,83.0,2.2067
2026-04-02,fl,google-weather,77.7200,83.0,5.2800
2026-04-02,fl,open-meteo,79.9000,83.0,3.1000
2026-04-02,fl,openweathermap,79.3900,83.0,3.6100
2026-04-02,fl,pirateweather,77.7900,83.0,5.2100
2026-04-02,fl,tomorrow,79.7900,83.0,3.2100
2026-04-02,fl,visual-crossing,78.0000,83.0,5.0000
2026-04-02,fl,weather.gov,79.0000,83.0,4.0000
2026-04-02,fl,weatherapi,86.5000,83.0,3.5000
2026-04-02,il,consensus,68.8729,71.0,2.1271
2026-04-02,il,google-weather,67.8200,71.0,3.1800
2026-04-02,il,open-meteo,69.0000,71.0,2.0000
2026-04-02,il,openweathermap,67.2100,71.0,3.7900
2026-04-02,il,pirateweather,68.6500,71.0,2.3500
2026-04-02,il,tomorrow,68.6800,71.0,2.3200
2026-04-02,il,visual-crossing,69.0000,71.0,2.0000
2026-04-02,il,weather.gov,69.0000,71.0,2.0000
2026-04-02,il,weatherapi,71.4000,71.0,0.4000
2026-04-02,ny,consensus,51.6554,51.0,0.6554
2026-04-02,ny,google-weather,44.6000,51.0,6.4000
2026-04-02,ny,openweathermap,52.0000,51.0,1.0000
2026-04-02,ny,pirateweather,56.5200,51.0,5.5200
2026-04-02,ny,tomorrow,44.4900,51.0,6.5100
2026-04-02,ny,visual-crossing,54.5000,51.0,3.5000
2026-04-02,ny,weather.gov,46.0000,51.0,5.0000
2026-04-02,ny,weatherapi,45.5000,51.0,5.5000
2026-04-02,tx,consensus,84.5717,87.0,2.4283
2026-04-02,tx,google-weather,84.5600,87.0,2.4400
2026-04-02,tx,open-meteo,85.7000,87.0,1.3000
2026-04-02,tx,openweathermap,84.2000,87.0,2.8000
2026-04-02,tx,pirateweather,83.0800,87.0,3.9200
2026-04-02,tx,tomorrow,85.4400,87.0,1.5600
2026-04-02,tx,visual-crossing,83.9000,87.0,3.1000
2026-04-02,tx,weather.gov,85.0000,87.0,2.0000
2026-04-02,tx,weatherapi,85.8000,87.0,1.2000
2026-04-03,fl,consensus,80.1353,84.0,3.8647
2026-04-03,fl,google-weather,79.5200,84.0,4.4800
2026-04-03,fl,open-meteo,80.2000,84.0,3.8000
2026-04-03,fl,openweathermap,81.0500,84.0,2.9500
2026-04-03,fl,pirateweather,78.1500,84.0,5.8500
2026-04-03,fl,tomorrow,80.2800,84.0,3.7200
2026-04-03,fl,visual-crossing,79.1000,84.0,4.9000
2026-04-03,fl,weather.gov,80.0000,84.0,4.0000
2026-04-03,fl,weatherapi,81.9000,84.0,2.1000
2026-04-03,il,consensus,62.3003,63.0,0.6997
2026-04-03,il,google-weather,55.7600,63.0,7.2400
2026-04-03,il,open-meteo,67.0000,63.0,4.0000
2026-04-03,il,openweathermap,68.0500,63.0,5.0500
2026-04-03,il,pirateweather,63.5900,63.0,0.5900
2026-04-03,il,tomorrow,57.0900,63.0,5.9100
2026-04-03,il,visual-crossing,63.0000,63.0,0.0000
2026-04-03,il,weather.gov,61.0000,63.0,2.0000
2026-04-03,il,weatherapi,53.6000,63.0,9.4000
2026-04-03,ny,consensus,68.3211,66.0,2.3211
2026-04-03,ny,google-weather,64.7600,66.0,1.2400
2026-04-03,ny,open-meteo,67.6000,66.0,1.6000
2026-04-03,ny,openweathermap,71.4900,66.0,5.4900
2026-04-03,ny,pirateweather,67.6900,66.0,1.6900
2026-04-03,ny,tomorrow,67.4200,66.0,1.4200
2026-04-03,ny,visual-crossing,69.0000,66.0,3.0000
2026-04-03,ny,weather.gov,70.0000,66.0,4.0000
2026-04-03,ny,weatherapi,67.6000,66.0,1.6000
2026-04-03,tx,consensus,86.8258,84.0,2.8258
2026-04-03,tx,google-weather,85.1000,84.0,1.1000
2026-04-03,tx,open-meteo,84.9000,84.0,0.9000
2026-04-03,tx,openweathermap,89.7100,84.0,5.7100
2026-04-03,tx,pirateweather,85.6900,84.0,1.6900
2026-04-03,tx,tomorrow,85.5900,84.0,1.5900
2026-04-03,tx,visual-crossing,87.0000,84.0,3.0000
2026-04-03,tx,weather.gov,88.0000,84.0,4.0000
2026-04-03,tx,weatherapi,87.6000,84.0,3.6000
2026-04-04,fl,consensus,80.2438,83.0,2.7562
2026-04-04,fl,google-weather,79.1600,83.0,3.8400
2026-04-04,fl,open-meteo,80.0000,83.0,3.0000
2026-04-04,fl,openweathermap,81.3000,83.0,1.7000
2026-04-04,fl,pirateweather,77.9900,83.0,5.0100
2026-04-04,fl,tomorrow,80.6400,83.0,2.3600
2026-04-04,fl,visual-crossing,78.0000,83.0,5.0000
2026-04-04,fl,weather.gov,79.0000,83.0,4.0000
2026-04-04,fl,weatherapi,83.1000,83.0,0.1000
2026-04-04,il,consensus,56.9042,60.0,3.0958
2026-04-04,il,google-weather,60.4400,60.0,0.4400
2026-04-04,il,open-meteo,56.0000,60.0,4.0000
2026-04-04,il,openweathermap,62.0100,60.0,2.0100
2026-04-04,il,pirateweather,59.4300,60.0,0.5700
2026-04-04,il,tomorrow,56.1600,60.0,3.8400
2026-04-04,il,visual-crossing,56.9000,60.0,3.1000
2026-04-04,il,weather.gov,57.0000,60.0,3.0000
2026-04-04,il,weatherapi,60.8000,60.0,0.8000
2026-04-04,ny,consensus,69.4868,73.0,3.5132
2026-04-04,ny,google-weather,69.9800,73.0,3.0200
2026-04-04,ny,open-meteo,74.6000,73.0,1.6000
2026-04-04,ny,openweathermap,64.1100,73.0,8.8900
2026-04-04,ny,pirateweather,68.1400,73.0,4.8600
2026-04-04,ny,tomorrow,74.5200,73.0,1.5200
2026-04-04,ny,visual-crossing,67.0000,73.0,6.0000
2026-04-04,ny,weather.gov,68.0000,73.0,5.0000
2026-04-04,ny,weatherapi,77.4000,73.0,4.4000
2026-04-04,tx,consensus,75.8263,78.0,2.1737
2026-04-04,tx,google-weather,74.8400,78.0,3.1600
2026-04-04,tx,open-meteo,78.2000,78.0,0.2000
2026-04-04,tx,openweathermap,72.5000,78.0,5.5000
2026-04-04,tx,pirateweather,74.2600,78.0,3.7400
2026-04-04,tx,tomorrow,75.3100,78.0,2.6900
2026-04-04,tx,visual-crossing,74.9000,78.0,3.1000
2026-04-04,tx,weather.gov,75.0000,78.0,3.0000
2026-04-04,tx,weatherapi,79.7000,78.0,1.7000
2026-04-05,fl,consensus,79.8375,84.0,4.1625
2026-04-05,fl,google-weather,78.9800,84.0,5.0200
2026-04-05,fl,open-meteo,79.5000,84.0,4.5000
2026-04-05,fl,openweathermap,81.9000,84.0,2.1000
2026-04-05,fl,pirateweather,78.1000,84.0,5.9000
2026-04-05,fl,tomorrow,79.4700,84.0,4.5300
2026-04-05,fl,visual-crossing,78.0000,84.0,6.0000
2026-04-05,fl,weather.gov,79.0000,84.0,5.0000
2026-04-05,fl,weatherapi,81.9000,84.0,2.1000
2026-04-05,il,consensus,50.9324,53.0,2.0676
2026-04-05,il,google-weather,50.1800,53.0,2.8200
2026-04-05,il,open-meteo,46.9000,53.0,6.1000
2026-04-05,il,openweathermap,51.5500,53.0,1.4500
2026-04-05,il,pirateweather,50.3200,53.0,2.6800
2026-04-05,il,tomorrow,48.0000,53.0,5.0000
2026-04-05,il,visual-crossing,51.0000,53.0,2.0000
2026-04-05,il,weather.gov,51.0000,53.0,2.0000
2026-04-05,il,weatherapi,55.8000,53.0,2.8000
2026-04-05,ny,consensus,61.6964,57.0,4.6964
2026-04-05,ny,google-weather,57.9200,57.0,0.9200
2026-04-05,ny,open-meteo,60.0000,57.0,3.0000
2026-04-05,ny,openweathermap,56.0300,57.0,0.9700
2026-04-05,ny,pirateweather,60.3700,57.0,3.3700
2026-04-05,ny,tomorrow,59.7700,57.0,2.7700
2026-04-05,ny,visual-crossing,63.1000,57.0,6.1000
2026-04-05,ny,weather.gov,65.0000,57.0,8.0000
2026-04-05,ny,weatherapi,63.1000,57.0,6.1000
2026-04-05,tx,consensus,69.1471,65.0,4.1471
2026-04-05,tx,google-weather,65.8400,65.0,0.8400
2026-04-05,tx,open-meteo,66.8000,65.0,1.8000
2026-04-05,tx,openweathermap,65.9300,65.0,0.9300
2026-04-05,tx,pirateweather,68.0500,65.0,3.0500
2026-04-05,tx,tomorrow,66.9600,65.0,1.9600
2026-04-05,tx,visual-crossing,69.0000,65.0,4.0000
2026-04-05,tx,weather.gov,69.0000,65.0,4.0000
2026-04-05,tx,weatherapi,74.7000,65.0,9.7000
2026-04-06,fl,consensus,80.4523,84.0,3.5477
2026-04-06,fl,google-weather,80.6000,84.0,3.4000
2026-04-06,fl,open-meteo,81.9000,84.0,2.1000
2026-04-06,fl,openweathermap,83.5700,84.0,0.4300
2026-04-06,fl,pirateweather,78.4200,84.0,5.5800
2026-04-06,fl,tomorrow,81.6600,84.0,2.3400
2026-04-06,fl,visual-crossing,78.0000,84.0,6.0000
2026-04-06,fl,weather.gov,80.0000,84.0,4.0000
2026-04-06,fl,weatherapi,82.6000,84.0,1.4000
2026-04-06,il,consensus,49.8548,52.0,2.1452
2026-04-06,il,google-weather,49.6400,52.0,2.3600
2026-04-06,il,open-meteo,49.0000,52.0,3.0000
2026-04-06,il,openweathermap,50.0400,52.0,1.9600
2026-04-06,il,pirateweather,48.8300,52.0,3.1700
2026-04-06,il,tomorrow,48.7000,52.0,3.3000
2026-04-06,il,visual-crossing,49.9000,52.0,2.1000
2026-04-06,il,weather.gov,50.0000,52.0,2.0000
2026-04-06,il,weatherapi,48.9000,52.0,3.1000
2026-04-06,ny,consensus,54.7210,56.0,1.2790
2026-04-06,ny,google-weather,53.4200,56.0,2.5800
2026-04-06,ny,open-meteo,53.5000,56.0,2.5000
2026-04-06,ny,openweathermap,54.0900,56.0,1.9100
2026-04-06,ny,pirateweather,54.6600,56.0,1.3400
2026-04-06,ny,tomorrow,52.5900,56.0,3.4100
2026-04-06,ny,visual-crossing,56.0000,56.0,0.0000
2026-04-06,ny,weather.gov,57.0000,56.0,1.0000
2026-04-06,ny,weatherapi,54.3000,56.0,1.7000
2026-04-06,tx,consensus,72.7370,74.0,1.2630
2026-04-06,tx,google-weather,70.7000,74.0,3.3000
2026-04-06,tx,open-meteo,70.9000,74.0,3.1000
2026-04-06,tx,openweathermap,69.9100,74.0,4.0900
2026-04-06,tx,pirateweather,72.4800,74.0,1.5200
2026-04-06,tx,tomorrow,70.6600,74.0,3.3400
2026-04-06,tx,visual-crossing,72.9000,74.0,1.1000
2026-04-06,tx,weather.gov,73.0000,74.0,1.0000
2026-04-06,tx,weatherapi,79.2000,74.0,5.2000
2026-04-07,fl,consensus,78.4651,84.0,5.5349
2026-04-07,fl,google-weather,74.8400,84.0,9.1600
2026-04-07,fl,open-meteo,76.8000,84.0,7.2000
2026-04-07,fl,openweathermap,82.8300,84.0,1.1700
2026-04-07,fl,pirateweather,77.0700,84.0,6.9300
2026-04-07,fl,tomorrow,75.5100,84.0,8.4900
2026-04-07,fl,visual-crossing,78.0000,84.0,6.0000
2026-04-07,fl,weather.gov,79.0000,84.0,5.0000
2026-04-07,fl,weatherapi,79.5000,84.0,4.5000
2026-04-07,il,consensus,39.9085,38.0,1.9085
2026-04-07,il,google-weather,37.4000,38.0,0.6000
2026-04-07,il,open-meteo,47.5000,38.0,9.5000
2026-04-07,il,openweathermap,43.0900,38.0,5.0900
2026-04-07,il,pirateweather,38.1700,38.0,0.1700
2026-04-07,il,tomorrow,36.9500,38.0,1.0500
2026-04-07,il,visual-crossing,40.0000,38.0,2.0000
2026-04-07,il,weather.gov,40.0000,38.0,2.0000
2026-04-07,il,weatherapi,37.0000,38.0,1.0000
2026-04-07,ny,consensus,51.7178,56.0,4.2822
2026-04-07,ny,google-weather,51.0800,56.0,4.9200
2026-04-07,ny,open-meteo,51.8000,56.0,4.2000
2026-04-07,ny,openweathermap,51.2100,56.0,4.7900
2026-04-07,ny,pirateweather,51.5100,56.0,4.4900
2026-04-07,ny,tomorrow,52.6500,56.0,3.3500
2026-04-07,ny,visual-crossing,51.0000,56.0,5.0000
2026-04-07,ny,weather.gov,53.0000,56.0,3.0000
2026-04-07,ny,weatherapi,53.2000,56.0,2.8000
2026-04-07,tx,consensus,75.1319,77.0,1.8681
2026-04-07,tx,google-weather,73.0400,77.0,3.9600
2026-04-07,tx,open-meteo,72.7000,77.0,4.3000
2026-04-07,tx,openweathermap,75.0600,77.0,1.9400
2026-04-07,tx,pirateweather,75.1500,77.0,1.8500
2026-04-07,tx,tomorrow,72.4100,77.0,4.5900
2026-04-07,tx,visual-crossing,76.0000,77.0,1.0000
2026-04-07,tx,weather.gov,75.0000,77.0,2.0000
2026-04-07,tx,weatherapi,79.5000,77.0,2.5000
2026-04-08,fl,consensus,77.4384,83.0,5.5616
2026-04-08,fl,google-weather,75.3800,83.0,7.6200
2026-04-08,fl,open-meteo,76.1000,83.0,6.9000
2026-04-08,fl,openweathermap,76.5000,83.0,6.5000
2026-04-08,fl,pirateweather,75.6100,83.0,7.3900
2026-04-08,fl,tomorrow,76.1500,83.0,6.8500
2026-04-08,fl,visual-crossing,76.9000,83.0,6.1000
2026-04-08,fl,weather.gov,78.0000,83.0,5.0000
2026-04-08,fl,weatherapi,79.3000,83.0,3.7000
2026-04-08,il,consensus,67.1647,71.0,3.8353
2026-04-08,il,google-weather,65.8400,71.0,5.1600
2026-04-08,il,open-meteo,68.9000,71.0,2.1000
2026-04-08,il,openweathermap,65.1600,71.0,5.8400
2026-04-08,il,pirateweather,65.2500,71.0,5.7500
2026-04-08,il,tomorrow,68.8600,71.0,2.1400
2026-04-08,il,visual-crossing,67.0000,71.0,4.0000
2026-04-08,il,weather.gov,67.0000,71.0,4.0000
2026-04-08,il,weatherapi,72.7000,71.0,1.7000
2026-04-08,ny,consensus,51.0150,51.0,0.0150
2026-04-08,ny,google-weather,49.4600,51.0,1.5400
2026-04-08,ny,open-meteo,52.4000,51.0,1.4000
2026-04-08,ny,openweathermap,52.3000,51.0,1.3000
2026-04-08,ny,pirateweather,48.9400,51.0,2.0600
2026-04-08,ny,tomorrow,52.0700,51.0,1.0700
2026-04-08,ny,visual-crossing,49.0000,51.0,2.0000
2026-04-08,ny,weather.gov,50.0000,51.0,1.0000
2026-04-08,ny,weatherapi,55.2000,51.0,4.2000
2026-04-08,tx,consensus,79.9505,82.0,2.0495
2026-04-08,tx,google-weather,79.3400,82.0,2.6600
2026-04-08,tx,open-meteo,78.2000,82.0,3.8000
2026-04-08,tx,openweathermap,80.9600,82.0,1.0400
2026-04-08,tx,pirateweather,80.3700,82.0,1.6300
2026-04-08,tx,tomorrow,77.7900,82.0,4.2100
2026-04-08,tx,visual-crossing,81.1000,82.0,0.9000
2026-04-08,tx,weather.gov,81.0000,82.0,1.0000
2026-04-08,tx,weatherapi,83.1000,82.0,1.1000
2026-04-09,fl,consensus,76.3735,79.0,2.6265
2026-04-09,fl,google-weather,75.9200,79.0,3.0800
2026-04-09,fl,open-meteo,76.1000,79.0,2.9000
2026-04-09,fl,openweathermap,78.9800,79.0,0.0200
2026-04-09,fl,pirateweather,75.8100,79.0,3.1900
2026-04-09,fl,tomorrow,76.1000,79.0,2.9000
2026-04-09,fl,visual-crossing,76.0000,79.0,3.0000
2026-04-09,fl,weather.gov,77.0000,79.0,2.0000
2026-04-09,fl,weatherapi,77.9000,79.0,1.1000
2026-04-09,il,consensus,70.1106,71.0,0.8894
2026-04-09,il,google-weather,69.6200,71.0,1.3800
2026-04-09,il,open-meteo,71.1000,71.0,0.1000
2026-04-09,il,openweathermap,73.3600,71.0,2.3600
2026-04-09,il,pirateweather,66.6700,71.0,4.3300
2026-04-09,il,tomorrow,71.3300,71.0,0.3300
2026-04-09,il,visual-crossing,70.1000,71.0,0.9000
2026-04-09,il,weather.gov,70.0000,71.0,1.0000
2026-04-09,il,weatherapi,72.1000,71.0,1.1000
2026-04-09,ny,consensus,50.6144,51.0,0.3856
2026-04-09,ny,google-weather,48.3800,51.0,2.6200
2026-04-09,ny,openweathermap,55.0200,51.0,4.0200
2026-04-09,ny,pirateweather,50.6100,51.0,0.3900
2026-04-09,ny,tomorrow,49.1200,51.0,1.8800
2026-04-09,ny,visual-crossing,51.0000,51.0,0.0000
2026-04-09,ny,weather.gov,54.0000,51.0,3.0000
2026-04-09,ny,weatherapi,51.6000,51.0,0.6000
2026-04-09,tx,consensus,79.0774,84.0,4.9226
2026-04-09,tx,google-weather,79.7000,84.0,4.3000
2026-04-09,tx,open-meteo,78.9000,84.0,5.1000
2026-04-09,tx,openweathermap,77.9900,84.0,6.0100
2026-04-09,tx,pirateweather,79.6300,84.0,4.3700
2026-04-09,tx,tomorrow,77.4300,84.0,6.5700
2026-04-09,tx,visual-crossing,80.0000,84.0,4.0000
2026-04-09,tx,weather.gov,81.0000,84.0,3.0000
2026-04-09,tx,weatherapi,85.3000,84.0,1.3000
2026-04-10,fl,consensus,78.2180,82.0,3.7820
2026-04-10,fl,google-weather,77.1800,82.0,4.8200
2026-04-10,fl,open-meteo,76.9000,82.0,5.1000
2026-04-10,fl,openweathermap,77.2200,82.0,4.7800
2026-04-10,fl,pirateweather,76.8000,82.0,5.2000
2026-04-10,fl,tomorrow,76.9300,82.0,5.0700
2026-04-10,fl,visual-crossing,78.0000,82.0,4.0000
2026-04-10,fl,weather.gov,78.0000,82.0,4.0000
2026-04-10,fl,weatherapi,81.9000,82.0,0.1000
2026-04-10,il,consensus,55.3589,53.0,2.3589
2026-04-10,il,google-weather,51.4400,53.0,1.5600
2026-04-10,il,open-meteo,67.6000,53.0,14.6000
2026-04-10,il,openweathermap,55.0000,53.0,2.0000
2026-04-10,il,pirateweather,52.5000,53.0,0.5000
2026-04-10,il,tomorrow,50.8100,53.0,2.1900
2026-04-10,il,visual-crossing,56.0000,53.0,3.0000
2026-04-10,il,weather.gov,50.0000,53.0,3.0000
2026-04-10,il,weatherapi,51.1000,53.0,1.9000
2026-04-10,ny,consensus,64.6248,63.0,1.6248
2026-04-10,ny,google-weather,62.4200,63.0,0.5800
2026-04-10,ny,open-meteo,64.7000,63.0,1.7000
2026-04-10,ny,openweathermap,70.5200,63.0,7.5200
2026-04-10,ny,pirateweather,61.5200,63.0,1.4800
2026-04-10,ny,tomorrow,64.8900,63.0,1.8900
2026-04-10,ny,visual-crossing,63.9000,63.0,0.9000
2026-04-10,ny,weather.gov,66.0000,63.0,3.0000
2026-04-10,ny,weatherapi,70.2000,63.0,7.2000
2026-04-10,tx,consensus,78.3824,82.0,3.6176
2026-04-10,tx,google-weather,79.7000,82.0,2.3000
2026-04-10,tx,open-meteo,77.5000,82.0,4.5000
2026-04-10,tx,openweathermap,84.1800,82.0,2.1800
2026-04-10,tx,pirateweather,79.4800,82.0,2.5200
2026-04-10,tx,tomorrow,76.6400,82.0,5.3600
2026-04-10,tx,visual-crossing,79.1000,82.0,2.9000
2026-04-10,tx,weather.gov,80.0000,82.0,2.0000
2026-04-10,tx,weatherapi,84.4000,82.0,2.4000
2026-04-11,il,consensus,54.5001,58.0,3.4999
2026-04-11,il,google-weather,55.2200,58.0,2.7800
2026-04-11,il,open-meteo,54.7000,58.0,3.3000
2026-04-11,il,openweathermap,60.8500,58.0,2.8500
2026-04-11,il,pirateweather,55.5800,58.0,2.4200
2026-04-11,il,tomorrow,54.1400,58.0,3.8600
2026-04-11,il,visual-crossing,54.1000,58.0,3.9000
2026-04-11,il,weather.gov,56.0000,58.0,2.0000
2026-04-11,il,weatherapi,57.2000,58.0,0.8000
2026-04-11,ny,consensus,62.7783,63.0,0.2217
2026-04-11,ny,google-weather,61.7000,63.0,1.3000
2026-04-11,ny,openweathermap,59.6800,63.0,3.3200
2026-04-11,ny,pirateweather,61.3800,63.0,1.6200
2026-04-11,ny,tomorrow,62.3100,63.0,0.6900
2026-04-11,ny,visual-crossing,63.1000,63.0,0.1000
2026-04-11,ny,weather.gov,63.0000,63.0,0.0000
2026-04-11,ny,weatherapi,67.1000,63.0,4.1000
2026-04-11,tx,consensus,80.4244,84.0,3.5756
2026-04-11,tx,google-weather,79.5200,84.0,4.4800
2026-04-11,tx,open-meteo,81.1000,84.0,2.9000
2026-04-11,tx,openweathermap,80.8900,84.0,3.1100
2026-04-11,tx,pirateweather,79.5000,84.0,4.5000
2026-04-11,tx,tomorrow,80.8200,84.0,3.1800
2026-04-11,tx,visual-crossing,80.0000,84.0,4.0000
2026-04-11,tx,weather.gov,82.0000,84.0,2.0000
2026-04-11,tx,weatherapi,79.7000,84.0,4.3000
2026-04-12,fl,consensus,78.7528,81.0,2.2472
2026-04-12,fl,google-weather,77.9000,81.0,3.1000
2026-04-12,fl,open-meteo,79.3000,81.0,1.7000
2026-04-12,fl,openweathermap,80.5300,81.0,0.4700
2026-04-12,fl,pirateweather,76.8200,81.0,4.1800
2026-04-12,fl,tomorrow,78.7100,81.0,2.2900
2026-04-12,fl,visual-crossing,78.0000,81.0,3.0000
2026-04-12,fl,weather.gov,78.0000,81.0,3.0000
2026-04-12,fl,weatherapi,83.7000,81.0,2.7000
2026-04-12,il,consensus,80.6742,81.0,0.3258
2026-04-12,il,google-weather,79.5200,81.0,1.4800
2026-04-12,il,open-meteo,82.1000,81.0,1.1000
2026-04-12,il,openweathermap,75.5400,81.0,5.4600
2026-04-12,il,pirateweather,78.2100,81.0,2.7900
2026-04-12,il,tomorrow,81.5200,81.0,0.5200
2026-04-12,il,visual-crossing,78.0000,81.0,3.0000
2026-04-12,il,weather.gov,78.0000,81.0,3.0000
2026-04-12,il,weatherapi,86.2000,81.0,5.2000
2026-04-12,ny,consensus,57.4249,55.0,2.4249
2026-04-12,ny,google-weather,55.0400,55.0,0.0400
2026-04-12,ny,openweathermap,58.5500,55.0,3.5500
2026-04-12,ny,pirateweather,55.7100,55.0,0.7100
2026-04-12,ny,tomorrow,55.8300,55.0,0.8300
2026-04-12,ny,visual-crossing,58.9000,55.0,3.9000
2026-04-12,ny,weather.gov,59.0000,55.0,4.0000
2026-04-12,ny,weatherapi,61.2000,55.0,6.2000
2026-04-12,tx,consensus,77.6248,80.0,2.3752
2026-04-12,tx,google-weather,75.2000,80.0,4.8000
2026-04-12,tx,open-meteo,78.8000,80.0,1.2000
2026-04-12,tx,openweathermap,81.5200,80.0,1.5200
2026-04-12,tx,pirateweather,77.4900,80.0,2.5100
2026-04-12,tx,tomorrow,76.5700,80.0,3.4300
2026-04-12,tx,visual-crossing,78.0000,80.0,2.0000
2026-04-12,tx,weather.gov,79.0000,80.0,1.0000
2026-04-12,tx,weatherapi,79.5000,80.0,0.5000
2026-04-13,fl,consensus,78.8560,82.0,3.1440
2026-04-13,fl,google-weather,78.8000,82.0,3.2000
2026-04-13,fl,open-meteo,79.8000,82.0,2.2000
2026-04-13,fl,openweathermap,80.3300,82.0,1.6700
2026-04-13,fl,pirateweather,77.2900,82.0,4.7100
2026-04-13,fl,tomorrow,79.8300,82.0,2.1700
2026-04-13,fl,visual-crossing,78.0000,82.0,4.0000
2026-04-13,fl,weather.gov,78.0000,82.0,4.0000
2026-04-13,fl,weatherapi,84.6000,82.0,2.6000
2026-04-13,il,consensus,79.0360,79.0,0.0360
2026-04-13,il,google-weather,77.0000,79.0,2.0000
2026-04-13,il,open-meteo,81.2000,79.0,2.2000
2026-04-13,il,openweathermap,82.1500,79.0,3.1500
2026-04-13,il,pirateweather,75.4700,79.0,3.5300
2026-04-13,il,tomorrow,81.5000,79.0,2.5000
2026-04-13,il,visual-crossing,76.9000,79.0,2.1000
2026-04-13,il,weather.gov,77.0000,79.0,2.0000
2026-04-13,il,weatherapi,73.4000,79.0,5.6000
2026-04-13,ny,consensus,79.8851,79.0,0.8851
2026-04-13,ny,google-weather,78.9800,79.0,0.0200
2026-04-13,ny,open-meteo,81.2000,79.0,2.2000
2026-04-13,ny,openweathermap,78.6400,79.0,0.3600
2026-04-13,ny,pirateweather,78.0600,79.0,0.9400
2026-04-13,ny,tomorrow,79.7500,79.0,0.7500
2026-04-13,ny,visual-crossing,78.0000,79.0,1.0000
2026-04-13,ny,weather.gov,78.0000,79.0,1.0000
2026-04-13,ny,weatherapi,88.7000,79.0,9.7000
2026-04-13,tx,consensus,83.4975,89.0,5.5025
2026-04-13,tx,google-weather,82.9400,89.0,6.0600
2026-04-13,tx,open-meteo,84.1000,89.0,4.9000
2026-04-13,tx,openweathermap,76.0800,89.0,12.9200
2026-04-13,tx,pirateweather,82.8000,89.0,6.2000
2026-04-13,tx,tomorrow,83.0700,89.0,5.9300
2026-04-13,tx,visual-crossing,83.0000,89.0,6.0000
2026-04-13,tx,weather.gov,84.0000,89.0,5.0000
2026-04-13,tx,weatherapi,86.0000,89.0,3.0000
2026-04-14,fl,consensus,78.6174,83.0,4.3826
2026-04-14,fl,google-weather,78.9800,83.0,4.0200
2026-04-14,fl,open-meteo,79.1000,83.0,3.9000
2026-04-14,fl,openweathermap,79.7700,83.0,3.2300
2026-04-14,fl,pirateweather,77.5600,83.0,5.4400
2026-04-14,fl,tomorrow,79.1400,83.0,3.8600
2026-04-14,fl,visual-crossing,78.0000,83.0,5.0000
2026-04-14,fl,weather.gov,78.0000,83.0,5.0000
2026-04-14,fl,weatherapi,81.0000,83.0,2.0000
2026-04-14,il,consensus,79.2821,82.0,2.7179
2026-04-14,il,google-weather,82.0400,82.0,0.0400
2026-04-14,il,open-meteo,78.4000,82.0,3.6000
2026-04-14,il,openweathermap,83.1600,82.0,1.1600
2026-04-14,il,pirateweather,78.0800,82.0,3.9200
2026-04-14,il,tomorrow,78.6600,82.0,3.3400
2026-04-14,il,visual-crossing,81.1000,82.0,0.9000
2026-04-14,il,weather.gov,80.0000,82.0,2.0000
2026-04-14,il,weatherapi,83.1000,82.0,1.1000
2026-04-14,ny,consensus,85.0715,87.0,1.9285
2026-04-14,ny,google-weather,83.6600,87.0,3.3400
2026-04-14,ny,open-meteo,87.6000,87.0,0.6000
2026-04-14,ny,openweathermap,82.5100,87.0,4.4900
2026-04-14,ny,pirateweather,82.4000,87.0,4.6000
2026-04-14,ny,tomorrow,87.3300,87.0,0.3300
2026-04-14,ny,visual-crossing,81.9000,87.0,5.1000
2026-04-14,ny,weather.gov,84.0000,87.0,3.0000
2026-04-14,ny,weatherapi,88.2000,87.0,1.2000
2026-04-14,tx,consensus,85.1468,88.0,2.8532
2026-04-14,tx,google-weather,83.8400,88.0,4.1600
2026-04-14,tx,open-meteo,86.0000,88.0,2.0000
2026-04-14,tx,openweathermap,83.5700,88.0,4.4300
2026-04-14,tx,pirateweather,82.8000,88.0,5.2000
2026-04-14,tx,tomorrow,85.8900,88.0,2.1100
2026-04-14,tx,visual-crossing,83.9000,88.0,4.1000
2026-04-14,tx,weather.gov,84.0000,88.0,4.0000
2026-04-14,tx,weatherapi,84.6000,88.0,3.4000
2026-04-15,fl,consensus,77.4104,81.0,3.5896
2026-04-15,fl,google-weather,77.0000,81.0,4.0000
2026-04-15,fl,open-meteo,77.9000,81.0,3.1000
2026-04-15,fl,openweathermap,80.0100,81.0,0.9900
2026-04-15,fl,pirateweather,76.8900,81.0,4.1100
2026-04-15,fl,tomorrow,77.1600,81.0,3.8400
2026-04-15,fl,visual-crossing,76.9000,81.0,4.1000
2026-04-15,fl,weather.gov,78.0000,81.0,3.0000
2026-04-15,fl,weatherapi,79.2000,81.0,1.8000
2026-04-15,il,consensus,73.9797,73.0,0.9797
2026-04-15,il,google-weather,73.0400,73.0,0.0400
2026-04-15,il,open-meteo,80.2000,73.0,7.2000
2026-04-15,il,openweathermap,75.5100,73.0,2.5100
2026-04-15,il,pirateweather,72.0700,73.0,0.9300
2026-04-15,il,tomorrow,73.4500,73.0,0.4500
2026-04-15,il,visual-crossing,74.0000,73.0,1.0000
2026-04-15,il,weather.gov,74.0000,73.0,1.0000
2026-04-15,il,weatherapi,77.7000,73.0,4.7000
2026-04-15,ny,consensus,87.8797,90.0,2.1203
2026-04-15,ny,google-weather,87.6200,90.0,2.3800
2026-04-15,ny,open-meteo,90.1000,90.0,0.1000
2026-04-15,ny,openweathermap,88.5700,90.0,1.4300
2026-04-15,ny,pirateweather,86.9400,90.0,3.0600
2026-04-15,ny,tomorrow,89.3100,90.0,0.6900
2026-04-15,ny,visual-crossing,85.9000,90.0,4.1000
2026-04-15,ny,weather.gov,87.0000,90.0,3.0000
2026-04-15,ny,weatherapi,94.8000,90.0,4.8000
2026-04-15,tx,consensus,85.8694,86.0,0.1306
2026-04-15,tx,google-weather,84.0200,86.0,1.9800
2026-04-15,tx,open-meteo,85.9000,86.0,0.1000
2026-04-15,tx,openweathermap,88.7000,86.0,2.7000
2026-04-15,tx,pirateweather,83.4100,86.0,2.5900
2026-04-15,tx,tomorrow,86.2700,86.0,0.2700
2026-04-15,tx,visual-crossing,83.9000,86.0,2.1000
2026-04-15,tx,weather.gov,85.0000,86.0,1.0000
2026-04-15,tx,weatherapi,87.1000,86.0,1.1000
2026-04-16,fl,consensus,81.4369,82.0,0.5631
2026-04-16,fl,google-weather,79.5200,82.0,2.4800
2026-04-16,fl,open-meteo,80.9000,82.0,1.1000
2026-04-16,fl,openweathermap,80.8000,82.0,1.2000
2026-04-16,fl,pirateweather,78.4000,82.0,3.6000
2026-04-16,fl,tomorrow,80.9400,82.0,1.0600
2026-04-16,fl,visual-crossing,79.1000,82.0,2.9000
2026-04-16,fl,weather.gov,79.0000,82.0,3.0000
2026-04-16,fl,weatherapi,85.8000,82.0,3.8000
2026-04-16,il,consensus,70.5036,74.0,3.4964
2026-04-16,il,google-weather,70.8800,74.0,3.1200
2026-04-16,il,open-meteo,72.1000,74.0,1.9000
2026-04-16,il,openweathermap,69.6900,74.0,4.3100
2026-04-16,il,pirateweather,68.6300,74.0,5.3700
2026-04-16,il,tomorrow,70.7200,74.0,3.2800
2026-04-16,il,visual-crossing,71.0000,74.0,3.0000
2026-04-16,il,weather.gov,71.0000,74.0,3.0000
2026-04-16,il,weatherapi,72.9000,74.0,1.1000
2026-04-16,ny,consensus,88.1425,89.0,0.8575
2026-04-16,ny,google-weather,87.8000,89.0,1.2000
2026-04-16,ny,openweathermap,86.1400,89.0,2.8600
2026-04-16,ny,pirateweather,87.3500,89.0,1.6500
2026-04-16,ny,tomorrow,89.5800,89.0,0.5800
2026-04-16,ny,visual-crossing,87.0000,89.0,2.0000
2026-04-16,ny,weather.gov,88.0000,89.0,1.0000
2026-04-16,ny,weatherapi,94.3000,89.0,5.3000
2026-04-16,tx,consensus,87.6521,89.0,1.3479
2026-04-16,tx,google-weather,85.8200,89.0,3.1800
2026-04-16,tx,open-meteo,87.5000,89.0,1.5000
2026-04-16,tx,openweathermap,85.6900,89.0,3.3100
2026-04-16,tx,pirateweather,87.7100,89.0,1.2900
2026-04-16,tx,tomorrow,87.0300,89.0,1.9700
2026-04-16,tx,visual-crossing,88.1000,89.0,0.9000
2026-04-16,tx,weather.gov,88.0000,89.0,1.0000
2026-04-16,tx,weatherapi,88.9000,89.0,0.1000
2026-04-17,fl,consensus,81.1601,85.0,3.8399
2026-04-17,fl,google-weather,81.5000,85.0,3.5000
2026-04-17,fl,open-meteo,80.3000,85.0,4.7000
2026-04-17,fl,openweathermap,83.4300,85.0,1.5700
2026-04-17,fl,pirateweather,79.6600,85.0,5.3400
2026-04-17,fl,tomorrow,80.4000,85.0,4.6000
2026-04-17,fl,visual-crossing,80.0000,85.0,5.0000
2026-04-17,fl,weather.gov,81.0000,85.0,4.0000
2026-04-17,fl,weatherapi,84.4000,85.0,0.6000
2026-04-17,il,consensus,80.5910,82.0,1.4090
2026-04-17,il,google-weather,80.9600,82.0,1.0400
2026-04-17,il,open-meteo,80.2000,82.0,1.8000
2026-04-17,il,openweathermap,80.1500,82.0,1.8500
2026-04-17,il,pirateweather,80.2600,82.0,1.7400
2026-04-17,il,tomorrow,80.1100,82.0,1.8900
2026-04-17,il,visual-crossing,81.1000,82.0,0.9000
2026-04-17,il,weather.gov,82.0000,82.0,0.0000
2026-04-17,il,weatherapi,87.4000,82.0,5.4000
2026-04-17,ny,consensus,78.6050,81.0,2.3950
2026-04-17,ny,google-weather,77.9000,81.0,3.1000
2026-04-17,ny,open-meteo,80.2000,81.0,0.8000
2026-04-17,ny,openweathermap,77.2900,81.0,3.7100
2026-04-17,ny,pirateweather,76.0600,81.0,4.9400
2026-04-17,ny,tomorrow,80.0600,81.0,0.9400
2026-04-17,ny,visual-crossing,77.1000,81.0,3.9000
2026-04-17,ny,weather.gov,78.0000,81.0,3.0000
2026-04-17,ny,weatherapi,81.0000,81.0,0.0000
2026-04-17,tx,consensus,88.4377,89.0,0.5623
2026-04-17,tx,google-weather,86.7200,89.0,2.2800
2026-04-17,tx,open-meteo,87.8000,89.0,1.2000
2026-04-17,tx,openweathermap,96.5500,89.0,7.5500
2026-04-17,tx,pirateweather,88.1800,89.0,0.8200
2026-04-17,tx,tomorrow,87.4200,89.0,1.5800
2026-04-17,tx,visual-crossing,89.0000,89.0,0.0000
2026-04-17,tx,weather.gov,90.0000,89.0,1.0000
2026-04-17,tx,weatherapi,89.8000,89.0,0.8000
2026-04-18,fl,consensus,81.7874,86.0,4.2126
2026-04-18,fl,google-weather,82.2200,86.0,3.7800
2026-04-18,fl,open-meteo,83.4000,86.0,2.6000
2026-04-18,fl,openweathermap,83.5300,86.0,2.4700
2026-04-18,fl,pirateweather,80.6000,86.0,5.4000
2026-04-18,fl,tomorrow,83.3900,86.0,2.6100
2026-04-18,fl,visual-crossing,80.0000,86.0,6.0000
2026-04-18,fl,weather.gov,81.0000,86.0,5.0000
2026-04-18,fl,weatherapi,84.7000,86.0,1.3000
2026-04-18,il,consensus,59.6452,63.0,3.3548
2026-04-18,il,google-weather,47.6600,63.0,15.3400
2026-04-18,il,open-meteo,76.3000,63.0,13.3000
2026-04-18,il,openweathermap,51.3000,63.0,11.7000
2026-04-18,il,pirateweather,66.9600,63.0,3.9600
2026-04-18,il,tomorrow,48.9200,63.0,14.0800
2026-04-18,il,visual-crossing,63.0000,63.0,0.0000
2026-04-18,il,weather.gov,51.0000,63.0,12.0000
2026-04-18,il,weatherapi,52.3000,63.0,10.7000
2026-04-18,ny,consensus,67.1732,66.0,1.1732
2026-04-18,ny,google-weather,66.7400,66.0,0.7400
2026-04-18,ny,open-meteo,72.3000,66.0,6.3000
2026-04-18,ny,openweathermap,66.9200,66.0,0.9200
2026-04-18,ny,pirateweather,66.0400,66.0,0.0400
2026-04-18,ny,tomorrow,67.4400,66.0,1.4400
2026-04-18,ny,visual-crossing,65.0000,66.0,1.0000
2026-04-18,ny,weather.gov,66.0000,66.0,0.0000
2026-04-18,ny,weatherapi,69.1000,66.0,3.1000
2026-04-18,tx,consensus,74.2425,74.0,0.2425
2026-04-18,tx,google-weather,71.7800,74.0,2.2200
2026-04-18,tx,open-meteo,80.7000,74.0,6.7000
2026-04-18,tx,openweathermap,67.6800,74.0,6.3200
2026-04-18,tx,pirateweather,73.4400,74.0,0.5600
2026-04-18,tx,tomorrow,71.3700,74.0,2.6300
2026-04-18,tx,visual-crossing,74.0000,74.0,0.0000
2026-04-18,tx,weather.gov,75.0000,74.0,1.0000
2026-04-18,tx,weatherapi,73.4000,74.0,0.6000
2026-04-19,fl,consensus,83.0508,88.0,4.9492
2026-04-19,fl,google-weather,83.3000,88.0,4.7000
2026-04-19,fl,open-meteo,84.0000,88.0,4.0000
2026-04-19,fl,openweathermap,86.1600,88.0,1.8400
2026-04-19,fl,pirateweather,81.4100,88.0,6.5900
2026-04-19,fl,tomorrow,83.8800,88.0,4.1200
2026-04-19,fl,visual-crossing,81.1000,88.0,6.9000
2026-04-19,fl,weather.gov,83.0000,88.0,5.0000
2026-04-19,fl,weatherapi,88.5000,88.0,0.5000
2026-04-19,il,consensus,49.7752,51.0,1.2248
2026-04-19,il,google-weather,48.2000,51.0,2.8000
2026-04-19,il,open-meteo,48.8000,51.0,2.2000
2026-04-19,il,openweathermap,49.6900,51.0,1.3100
2026-04-19,il,pirateweather,47.8900,51.0,3.1100
2026-04-19,il,tomorrow,48.9200,51.0,2.0800
2026-04-19,il,visual-crossing,49.9000,51.0,1.1000
2026-04-19,il,weather.gov,50.0000,51.0,1.0000
2026-04-19,il,weatherapi,49.1000,51.0,1.9000
2026-04-19,ny,consensus,52.3107,53.0,0.6893
2026-04-19,ny,google-weather,52.5200,53.0,0.4800
2026-04-19,ny,open-meteo,53.1000,53.0,0.1000
2026-04-19,ny,openweathermap,51.6600,53.0,1.3400
2026-04-19,ny,pirateweather,53.5600,53.0,0.5600
2026-04-19,ny,tomorrow,50.6500,53.0,2.3500
2026-04-19,ny,visual-crossing,53.0000,53.0,0.0000
2026-04-19,ny,weather.gov,55.0000,53.0,2.0000
2026-04-19,ny,weatherapi,53.1000,53.0,0.1000
2026-04-19,tx,consensus,72.4683,72.0,0.4683
2026-04-19,tx,google-weather,70.8800,72.0,1.1200
2026-04-19,tx,open-meteo,72.0000,72.0,0.0000
2026-04-19,tx,openweathermap,72.1000,72.0,0.1000
2026-04-19,tx,pirateweather,70.8800,72.0,1.1200
2026-04-19,tx,tomorrow,71.4700,72.0,0.5300
2026-04-19,tx,visual-crossing,72.9000,72.0,0.9000
2026-04-19,tx,weather.gov,73.0000,72.0,1.0000
2026-04-19,tx,weatherapi,74.5000,72.0,2.5000
2026-04-20,fl,consensus,80.5077,86.0,5.4923
2026-04-20,fl,google-weather,82.4000,86.0,3.6000
2026-04-20,fl,open-meteo,84.0000,86.0,2.0000
2026-04-20,fl,openweathermap,82.2700,86.0,3.7300
2026-04-20,fl,pirateweather,79.4500,86.0,6.5500
2026-04-20,fl,tomorrow,83.9300,86.0,2.0700
2026-04-20,fl,visual-crossing,78.0000,86.0,8.0000
2026-04-20,fl,weather.gov,80.0000,86.0,6.0000
2026-04-20,fl,weatherapi,86.4000,86.0,0.4000
2026-04-20,il,consensus,54.2391,57.0,2.7609
2026-04-20,il,google-weather,54.6800,57.0,2.3200
2026-04-20,il,open-meteo,55.8000,57.0,1.2000
2026-04-20,il,openweathermap,56.3900,57.0,0.6100
2026-04-20,il,pirateweather,55.0000,57.0,2.0000
2026-04-20,il,tomorrow,55.7200,57.0,1.2800
2026-04-20,il,visual-crossing,54.1000,57.0,2.9000
2026-04-20,il,weather.gov,55.0000,57.0,2.0000
2026-04-20,il,weatherapi,59.4000,57.0,2.4000
2026-04-20,ny,consensus,51.1403,51.0,0.1403
2026-04-20,ny,google-weather,48.7400,51.0,2.2600
2026-04-20,ny,open-meteo,48.9000,51.0,2.1000
2026-04-20,ny,openweathermap,51.5100,51.0,0.5100
2026-04-20,ny,pirateweather,51.1300,51.0,0.1300
2026-04-20,ny,tomorrow,50.4700,51.0,0.5300
2026-04-20,ny,visual-crossing,52.1000,51.0,1.1000
2026-04-20,ny,weather.gov,52.0000,51.0,1.0000
2026-04-20,ny,weatherapi,48.9000,51.0,2.1000
2026-04-20,tx,consensus,64.2212,62.0,2.2212
2026-04-20,tx,google-weather,68.3600,62.0,6.3600
2026-04-20,tx,open-meteo,69.5000,62.0,7.5000
2026-04-20,tx,openweathermap,59.2000,62.0,2.8000
2026-04-20,tx,pirateweather,64.3600,62.0,2.3600
2026-04-20,tx,tomorrow,63.3400,62.0,1.3400
2026-04-20,tx,visual-crossing,63.9000,62.0,1.9000
2026-04-20,tx,weather.gov,64.0000,62.0,2.0000
2026-04-20,tx,weatherapi,64.4000,62.0,2.4000
2026-04-21,fl,consensus,76.8642,80.0,3.1358
2026-04-21,fl,google-weather,76.8200,80.0,3.1800
2026-04-21,fl,open-meteo,78.1000,80.0,1.9000
2026-04-21,fl,openweathermap,76.5500,80.0,3.4500
2026-04-21,fl,pirateweather,75.8100,80.0,4.1900
2026-04-21,fl,tomorrow,78.0300,80.0,1.9700
2026-04-21,fl,visual-crossing,76.0000,80.0,4.0000
2026-04-21,fl,weather.gov,77.0000,80.0,3.0000
2026-04-21,fl,weatherapi,82.0000,80.0,2.0000
2026-04-21,il,consensus,76.8190,76.0,0.8190
2026-04-21,il,google-weather,75.0200,76.0,0.9800
2026-04-21,il,open-meteo,77.0000,76.0,1.0000
2026-04-21,il,openweathermap,70.5400,76.0,5.4600
2026-04-21,il,pirateweather,74.0700,76.0,1.9300
2026-04-21,il,tomorrow,76.7100,76.0,0.7100
2026-04-21,il,visual-crossing,76.9000,76.0,0.9000
2026-04-21,il,weather.gov,76.0000,76.0,0.0000
2026-04-21,il,weatherapi,83.1000,76.0,7.1000
2026-04-21,ny,consensus,53.9327,54.0,0.0673
2026-04-21,ny,google-weather,52.1600,54.0,1.8400
2026-04-21,ny,open-meteo,54.3000,54.0,0.3000
2026-04-21,ny,openweathermap,52.6300,54.0,1.3700
2026-04-21,ny,pirateweather,52.7500,54.0,1.2500
2026-04-21,ny,tomorrow,54.0500,54.0,0.0500
2026-04-21,ny,visual-crossing,53.0000,54.0,1.0000
2026-04-21,ny,weather.gov,54.0000,54.0,0.0000
2026-04-21,ny,weatherapi,59.2000,54.0,5.2000
2026-04-21,tx,consensus,66.8801,64.0,2.8801
2026-04-21,tx,google-weather,64.2200,64.0,0.2200
2026-04-21,tx,open-meteo,63.8000,64.0,0.2000
2026-04-21,tx,openweathermap,65.3000,64.0,1.3000
2026-04-21,tx,pirateweather,67.2600,64.0,3.2600
2026-04-21,tx,tomorrow,64.9400,64.0,0.9400
2026-04-21,tx,visual-crossing,67.9000,64.0,3.9000
2026-04-21,tx,weather.gov,69.0000,64.0,5.0000
2026-04-21,tx,weatherapi,62.2000,64.0,1.8000
2026-04-22,fl,consensus,76.6397,81.0,4.3603
2026-04-22,fl,google-weather,76.8200,81.0,4.1800
2026-04-22,fl,open-meteo,77.9000,81.0,3.1000
2026-04-22,fl,openweathermap,74.7000,81.0,6.3000
2026-04-22,fl,pirateweather,75.5800,81.0,5.4200
2026-04-22,fl,tomorrow,77.8800,81.0,3.1200
2026-04-22,fl,visual-crossing,76.0000,81.0,5.0000
2026-04-22,fl,weather.gov,77.0000,81.0,4.0000
2026-04-22,fl,weatherapi,79.7000,81.0,1.3000
2026-04-22,il,consensus,69.3409,68.0,1.3409
2026-04-22,il,google-weather,70.5200,68.0,2.5200
2026-04-22,il,open-meteo,74.4000,68.0,6.4000
2026-04-22,il,openweathermap,73.5600,68.0,5.5600
2026-04-22,il,pirateweather,69.0600,68.0,1.0600
2026-04-22,il,tomorrow,73.4000,68.0,5.4000
2026-04-22,il,visual-crossing,69.0000,68.0,1.0000
2026-04-22,il,weather.gov,71.0000,68.0,3.0000
2026-04-22,il,weatherapi,68.4000,68.0,0.4000
2026-04-22,ny,consensus,55.0447,56.0,0.9553
2026-04-22,ny,google-weather,53.9600,56.0,2.0400
2026-04-22,ny,open-meteo,55.5000,56.0,0.5000
2026-04-22,ny,openweathermap,63.1200,56.0,7.1200
2026-04-22,ny,pirateweather,54.7200,56.0,1.2800
2026-04-22,ny,tomorrow,55.3100,56.0,0.6900
2026-04-22,ny,visual-crossing,54.9000,56.0,1.1000
2026-04-22,ny,weather.gov,56.0000,56.0,0.0000
2026-04-22,ny,weatherapi,54.0000,56.0,2.0000
2026-04-22,tx,consensus,78.8651,85.0,6.1349
2026-04-22,tx,google-weather,76.2800,85.0,8.7200
2026-04-22,tx,open-meteo,77.2000,85.0,7.8000
2026-04-22,tx,openweathermap,82.9900,85.0,2.0100
2026-04-22,tx,pirateweather,77.2300,85.0,7.7700
2026-04-22,tx,tomorrow,77.0000,85.0,8.0000
2026-04-22,tx,visual-crossing,81.1000,85.0,3.9000
2026-04-22,tx,weather.gov,82.0000,85.0,3.0000
2026-04-22,tx,weatherapi,78.7000,85.0,6.3000
2026-04-23,fl,consensus,76.8367,79.0,2.1633
2026-04-23,fl,google-weather,77.3600,79.0,1.6400
2026-04-23,fl,open-meteo,79.0000,79.0,0.0000
2026-04-23,fl,openweathermap,78.8900,79.0,0.1100
2026-04-23,fl,pirateweather,75.4300,79.0,3.5700
2026-04-23,fl,tomorrow,77.7200,79.0,1.2800
2026-04-23,fl,visual-crossing,76.0000,79.0,3.0000
2026-04-23,fl,weather.gov,77.0000,79.0,2.0000
2026-04-23,fl,weatherapi,78.6000,79.0,0.4000
2026-04-23,il,consensus,81.1069,82.0,0.8931
2026-04-23,il,google-weather,80.2400,82.0,1.7600
2026-04-23,il,open-meteo,82.0000,82.0,0.0000
2026-04-23,il,openweathermap,82.2000,82.0,0.2000
2026-04-23,il,pirateweather,79.6100,82.0,2.3900
2026-04-23,il,visual-crossing,81.1000,82.0,0.9000
2026-04-23,il,weather.gov,81.0000,82.0,1.0000
2026-04-23,il,weatherapi,87.4000,82.0,5.4000
2026-04-23,ny,consensus,74.0732,73.0,1.0732
2026-04-23,ny,google-weather,71.7800,73.0,1.2200
2026-04-23,ny,open-meteo,73.5000,73.0,0.5000
2026-04-23,ny,openweathermap,73.8700,73.0,0.8700
2026-04-23,ny,pirateweather,72.3000,73.0,0.7000
2026-04-23,ny,tomorrow,73.7100,73.0,0.7100
2026-04-23,ny,visual-crossing,74.0000,73.0,1.0000
2026-04-23,ny,weather.gov,74.0000,73.0,1.0000
2026-04-23,ny,weatherapi,80.6000,73.0,7.6000
2026-04-23,tx,consensus,81.6596,83.0,1.3404
2026-04-23,tx,google-weather,80.4200,83.0,2.5800
2026-04-23,tx,open-meteo,79.8000,83.0,3.2000
2026-04-23,tx,openweathermap,84.4200,83.0,1.4200
2026-04-23,tx,pirateweather,81.7700,83.0,1.2300
2026-04-23,tx,tomorrow,78.7500,83.0,4.2500
2026-04-23,tx,visual-crossing,83.0000,83.0,0.0000
2026-04-23,tx,weather.gov,84.0000,83.0,1.0000
2026-04-23,tx,weatherapi,87.4000,83.0,4.4000
2026-04-24,fl,consensus,78.4943,84.0,5.5057
2026-04-24,fl,google-weather,78.8000,84.0,5.2000
2026-04-24,fl,open-meteo,79.8000,84.0,4.2000
2026-04-24,fl,openweathermap,75.8500,84.0,8.1500
2026-04-24,fl,pirateweather,76.6200,84.0,7.3800
2026-04-24,fl,tomorrow,79.8100,84.0,4.1900
2026-04-24,fl,visual-crossing,76.9000,84.0,7.1000
2026-04-24,fl,weather.gov,77.0000,84.0,7.0000
2026-04-24,fl,weatherapi,81.3000,84.0,2.7000
2026-04-24,il,consensus,72.9801,71.0,1.9801
2026-04-24,il,google-weather,73.2200,71.0,2.2200
2026-04-24,il,open-meteo,78.3000,71.0,7.3000
2026-04-24,il,openweathermap,73.6900,71.0,2.6900
2026-04-24,il,pirateweather,72.3000,71.0,1.3000
2026-04-24,il,tomorrow,72.0100,71.0,1.0100
2026-04-24,il,visual-crossing,72.9000,71.0,1.9000
2026-04-24,il,weather.gov,74.0000,71.0,3.0000
2026-04-24,il,weatherapi,73.0000,71.0,2.0000
2026-04-24,ny,consensus,65.7780,68.0,2.2220
2026-04-24,ny,google-weather,65.4800,68.0,2.5200
2026-04-24,ny,open-meteo,70.1000,68.0,2.1000
2026-04-24,ny,openweathermap,68.5000,68.0,0.5000
2026-04-24,ny,pirateweather,65.8200,68.0,2.1800
2026-04-24,ny,tomorrow,67.8200,68.0,0.1800
2026-04-24,ny,visual-crossing,64.0000,68.0,4.0000
2026-04-24,ny,weather.gov,67.0000,68.0,1.0000
2026-04-24,ny,weatherapi,64.2000,68.0,3.8000
2026-04-24,tx,consensus,86.0227,90.0,3.9773
2026-04-24,tx,google-weather,86.1800,90.0,3.8200
2026-04-24,tx,open-meteo,86.9000,90.0,3.1000
2026-04-24,tx,openweathermap,92.5300,90.0,2.5300
2026-04-24,tx,pirateweather,86.6300,90.0,3.3700
2026-04-24,tx,tomorrow,86.2700,90.0,3.7300
2026-04-24,tx,visual-crossing,85.0000,90.0,5.0000
2026-04-24,tx,weather.gov,86.0000,90.0,4.0000
2026-04-24,tx,weatherapi,89.6000,90.0,0.4000
2026-04-25,fl,consensus,83.5846,85.0,1.4154
2026-04-25,fl,google-weather,81.6800,85.0,3.3200
2026-04-25,fl,open-meteo,82.2000,85.0,2.8000
2026-04-25,fl,openweathermap,85.6900,85.0,0.6900
2026-04-25,fl,pirateweather,79.6600,85.0,5.3400
2026-04-25,fl,tomorrow,82.3100,85.0,2.6900
2026-04-25,fl,visual-crossing,79.1000,85.0,5.9000
2026-04-25,fl,weather.gov,80.0000,85.0,5.0000
2026-04-25,fl,weatherapi,88.0000,85.0,3.0000
2026-04-25,il,consensus,56.9289,56.0,0.9289
2026-04-25,il,google-weather,53.4200,56.0,2.5800
2026-04-25,il,open-meteo,67.1000,56.0,11.1000
2026-04-25,il,openweathermap,57.7800,56.0,1.7800
2026-04-25,il,pirateweather,56.9300,56.0,0.9300
2026-04-25,il,tomorrow,52.9200,56.0,3.0800
2026-04-25,il,visual-crossing,56.9000,56.0,0.9000
2026-04-25,il,weather.gov,59.0000,56.0,3.0000
2026-04-25,il,weatherapi,57.9000,56.0,1.9000
2026-04-25,ny,consensus,50.3719,50.0,0.3719
2026-04-25,ny,google-weather,48.0200,50.0,1.9800
2026-04-25,ny,open-meteo,51.9000,50.0,1.9000
2026-04-25,ny,openweathermap,50.9900,50.0,0.9900
2026-04-25,ny,pirateweather,51.0100,50.0,1.0100
2026-04-25,ny,tomorrow,48.9600,50.0,1.0400
2026-04-25,ny,visual-crossing,51.1000,50.0,1.1000
2026-04-25,ny,weather.gov,51.0000,50.0,1.0000
2026-04-25,ny,weatherapi,46.6000,50.0,3.4000
2026-04-25,tx,consensus,90.1010,90.0,0.1010
2026-04-25,tx,google-weather,88.7000,90.0,1.3000
2026-04-25,tx,open-meteo,90.4000,90.0,0.4000
2026-04-25,tx,openweathermap,91.6700,90.0,1.6700
2026-04-25,tx,pirateweather,90.5700,90.0,0.5700
2026-04-25,tx,tomorrow,89.8700,90.0,0.1300
2026-04-25,tx,visual-crossing,90.1000,90.0,0.1000
2026-04-25,tx,weather.gov,91.0000,90.0,1.0000
2026-04-25,tx,weatherapi,92.5000,90.0,2.5000
2026-04-26,fl,consensus,83.9273,88.0,4.0727
2026-04-26,fl,google-weather,82.4000,88.0,5.6000
2026-04-26,fl,open-meteo,83.8000,88.0,4.2000
2026-04-26,fl,openweathermap,84.9400,88.0,3.0600
2026-04-26,fl,pirateweather,80.7600,88.0,7.2400
2026-04-26,fl,tomorrow,83.8900,88.0,4.1100
2026-04-26,fl,visual-crossing,80.0000,88.0,8.0000
2026-04-26,fl,weather.gov,83.0000,88.0,5.0000
2026-04-26,fl,weatherapi,89.2000,88.0,1.2000
2026-04-26,il,consensus,61.7869,60.0,1.7869
2026-04-26,il,google-weather,59.3600,60.0,0.6400
2026-04-26,il,open-meteo,56.4000,60.0,3.6000
2026-04-26,il,openweathermap,72.2800,60.0,12.2800
2026-04-26,il,pirateweather,61.9900,60.0,1.9900
2026-04-26,il,tomorrow,57.0200,60.0,2.9800
2026-04-26,il,visual-crossing,63.1000,60.0,3.1000
2026-04-26,il,weather.gov,63.0000,60.0,3.0000
2026-04-26,il,weatherapi,64.2000,60.0,4.2000
2026-04-26,ny,consensus,54.0123,57.0,2.9877
2026-04-26,ny,google-weather,53.0600,57.0,3.9400
2026-04-26,ny,open-meteo,50.7000,57.0,6.3000
2026-04-26,ny,openweathermap,57.9000,57.0,0.9000
2026-04-26,ny,pirateweather,54.7900,57.0,2.2100
2026-04-26,ny,tomorrow,51.7500,57.0,5.2500
2026-04-26,ny,visual-crossing,56.9000,57.0,0.1000
2026-04-26,ny,weather.gov,57.0000,57.0,0.0000
2026-04-26,ny,weatherapi,53.0000,57.0,4.0000
2026-04-26,tx,consensus,89.4447,88.0,1.4447
2026-04-26,tx,google-weather,87.9800,88.0,0.0200
2026-04-26,tx,open-meteo,89.1000,88.0,1.1000
2026-04-26,tx,openweathermap,89.7400,88.0,1.7400
2026-04-26,tx,pirateweather,89.2900,88.0,1.2900
2026-04-26,tx,tomorrow,88.6800,88.0,0.6800
2026-04-26,tx,visual-crossing,90.1000,88.0,2.1000
2026-04-26,tx,weather.gov,92.0000,88.0,4.0000
2026-04-26,tx,weatherapi,91.8000,88.0,3.8000
2026-04-27,fl,consensus,84.3532,88.0,3.6468
2026-04-27,fl,google-weather,82.5800,88.0,5.4200
2026-04-27,fl,open-meteo,83.9000,88.0,4.1000
2026-04-27,fl,openweathermap,87.2800,88.0,0.7200
2026-04-27,fl,pirateweather,81.7000,88.0,6.3000
2026-04-27,fl,tomorrow,83.2300,88.0,4.7700
2026-04-27,fl,visual-crossing,81.1000,88.0,6.9000
2026-04-27,fl,weather.gov,84.0000,88.0,4.0000
2026-04-27,fl,weatherapi,88.5000,88.0,0.5000
2026-04-27,il,consensus,65.1812,68.0,2.8188
2026-04-27,il,google-weather,66.3800,68.0,1.6200
2026-04-27,il,open-meteo,62.1000,68.0,5.9000
2026-04-27,il,openweathermap,68.9500,68.0,0.9500
2026-04-27,il,pirateweather,67.4800,68.0,0.5200
2026-04-27,il,tomorrow,63.0300,68.0,4.9700
2026-04-27,il,visual-crossing,65.0000,68.0,3.0000
2026-04-27,il,weather.gov,66.0000,68.0,2.0000
2026-04-27,il,weatherapi,72.9000,68.0,4.9000
2026-04-27,ny,consensus,66.0851,68.0,1.9149
2026-04-27,ny,google-weather,64.9400,68.0,3.0600
2026-04-27,ny,openweathermap,73.7200,68.0,5.7200
2026-04-27,ny,pirateweather,65.5900,68.0,2.4100
2026-04-27,ny,tomorrow,65.7900,68.0,2.2100
2026-04-27,ny,visual-crossing,65.9000,68.0,2.1000
2026-04-27,ny,weather.gov,67.0000,68.0,1.0000
2026-04-27,ny,weatherapi,69.6000,68.0,1.6000
2026-04-27,tx,consensus,90.3600,89.0,1.3600
2026-04-27,tx,google-weather,87.6200,89.0,1.3800
2026-04-27,tx,open-meteo,89.0000,89.0,0.0000
2026-04-27,tx,openweathermap,93.7200,89.0,4.7200
2026-04-27,tx,pirateweather,91.7800,89.0,2.7800
2026-04-27,tx,tomorrow,87.7800,89.0,1.2200
2026-04-27,tx,visual-crossing,92.0000,89.0,3.0000
2026-04-27,tx,weather.gov,93.0000,89.0,4.0000
2026-04-27,tx,weatherapi,96.3000,89.0,7.3000
2026-04-28,fl,consensus,84.7418,86.0,1.2582
2026-04-28,fl,google-weather,82.2200,86.0,3.7800
2026-04-28,fl,open-meteo,82.5000,86.0,3.5000
2026-04-28,fl,openweathermap,82.0900,86.0,3.9100
2026-04-28,fl,pirateweather,80.7300,86.0,5.2700
2026-04-28,fl,tomorrow,82.5300,86.0,3.4700
2026-04-28,fl,visual-crossing,80.0000,86.0,6.0000
2026-04-28,fl,weather.gov,82.0000,86.0,4.0000
2026-04-28,fl,weatherapi,88.5000,86.0,2.5000
2026-04-28,il,consensus,61.6125,64.0,2.3875
2026-04-28,il,google-weather,62.0600,64.0,1.9400
2026-04-28,il,open-meteo,64.4000,64.0,0.4000
2026-04-28,il,openweathermap,63.3200,64.0,0.6800
2026-04-28,il,pirateweather,62.6500,64.0,1.3500
2026-04-28,il,tomorrow,58.7700,64.0,5.2300
2026-04-28,il,visual-crossing,62.0000,64.0,2.0000
2026-04-28,il,weather.gov,62.0000,64.0,2.0000
2026-04-28,il,weatherapi,62.2000,64.0,1.8000
2026-04-28,ny,consensus,65.4642,65.0,0.4642
2026-04-28,ny,google-weather,64.7600,65.0,0.2400
2026-04-28,ny,openweathermap,65.8400,65.0,0.8400
2026-04-28,ny,pirateweather,64.5600,65.0,0.4400
2026-04-28,ny,tomorrow,66.3100,65.0,1.3100
2026-04-28,ny,visual-crossing,65.0000,65.0,0.0000
2026-04-28,ny,weather.gov,66.0000,65.0,1.0000
2026-04-28,ny,weatherapi,66.6000,65.0,1.6000
2026-04-28,tx,consensus,91.0309,91.0,0.0309
2026-04-28,tx,google-weather,89.4200,91.0,1.5800
2026-04-28,tx,open-meteo,91.1000,91.0,0.1000
2026-04-28,tx,openweathermap,93.4200,91.0,2.4200
2026-04-28,tx,pirateweather,92.8900,91.0,1.8900
2026-04-28,tx,tomorrow,91.0200,91.0,0.0200
2026-04-28,tx,visual-crossing,90.1000,91.0,0.9000
2026-04-28,tx,weather.gov,91.0000,91.0,0.0000
2026-04-28,tx,weatherapi,95.1000,91.0,4.1000
2026-04-29,fl,consensus,84.7140,84.0,0.7140
2026-04-29,fl,google-weather,83.1200,84.0,0.8800
2026-04-29,fl,open-meteo,84.1000,84.0,0.1000
2026-04-29,fl,openweathermap,85.7700,84.0,1.7700
2026-04-29,fl,pirateweather,81.5900,84.0,2.4100
2026-04-29,fl,tomorrow,84.1600,84.0,0.1600
2026-04-29,fl,visual-crossing,81.1000,84.0,2.9000
2026-04-29,fl,weather.gov,83.0000,84.0,1.0000
2026-04-29,fl,weatherapi,89.6000,84.0,5.6000
2026-04-29,il,consensus,57.5767,57.0,0.5767
2026-04-29,il,google-weather,56.6600,57.0,0.3400
2026-04-29,il,open-meteo,62.2000,57.0,5.2000
2026-04-29,il,openweathermap,52.4500,57.0,4.5500
2026-04-29,il,pirateweather,56.8900,57.0,0.1100
2026-04-29,il,tomorrow,57.3300,57.0,0.3300
2026-04-29,il,visual-crossing,57.8000,57.0,0.8000
2026-04-29,il,weather.gov,56.0000,57.0,1.0000
2026-04-29,il,weatherapi,61.2000,57.0,4.2000
2026-04-29,ny,consensus,62.0240,62.0,0.0240
2026-04-29,ny,google-weather,61.1600,62.0,0.8400
2026-04-29,ny,open-meteo,64.2000,62.0,2.2000
2026-04-29,ny,openweathermap,61.1400,62.0,0.8600
2026-04-29,ny,pirateweather,60.4900,62.0,1.5100
2026-04-29,ny,tomorrow,63.6300,62.0,1.6300
2026-04-29,ny,visual-crossing,61.1000,62.0,0.9000
2026-04-29,ny,weather.gov,63.0000,62.0,1.0000
2026-04-29,ny,weatherapi,61.2000,62.0,0.8000
2026-04-29,tx,consensus,81.7137,80.0,1.7137
2026-04-29,tx,google-weather,82.4000,80.0,2.4000
2026-04-29,tx,open-meteo,87.7000,80.0,7.7000
2026-04-29,tx,openweathermap,84.6700,80.0,4.6700
2026-04-29,tx,pirateweather,80.3100,80.0,0.3100
2026-04-29,tx,tomorrow,81.4300,80.0,1.4300
2026-04-29,tx,visual-crossing,81.1000,80.0,1.1000
2026-04-29,tx,weather.gov,82.0000,80.0,2.0000
2026-04-29,tx,weatherapi,87.9000,80.0,7.9000
2026-04-30,fl,consensus,84.7449,87.0,2.2551
2026-04-30,fl,google-weather,84.3800,87.0,2.6200
2026-04-30,fl,open-meteo,84.4000,87.0,2.6000
2026-04-30,fl,openweathermap,86.3600,87.0,0.6400
2026-04-30,fl,pirateweather,82.6500,87.0,4.3500
2026-04-30,fl,tomorrow,84.2900,87.0,2.7100
2026-04-30,fl,visual-crossing,83.0000,87.0,4.0000
2026-04-30,fl,weather.gov,84.0000,87.0,3.0000
2026-04-30,fl,weatherapi,90.0000,87.0,3.0000
2026-04-30,il,consensus,52.8158,56.0,3.1842
2026-04-30,il,google-weather,54.1400,56.0,1.8600
2026-04-30,il,open-meteo,56.4000,56.0,0.4000
2026-04-30,il,openweathermap,57.1800,56.0,1.1800
2026-04-30,il,pirateweather,53.7600,56.0,2.2400
2026-04-30,il,tomorrow,56.1400,56.0,0.1400
2026-04-30,il,visual-crossing,51.0000,56.0,5.0000
2026-04-30,il,weather.gov,52.0000,56.0,4.0000
2026-04-30,il,weatherapi,58.1000,56.0,2.1000
2026-04-30,ny,consensus,61.0357,60.0,1.0357
2026-04-30,ny,google-weather,59.3600,60.0,0.6400
2026-04-30,ny,open-meteo,59.9000,60.0,0.1000
2026-04-30,ny,openweathermap,57.6300,60.0,2.3700
2026-04-30,ny,pirateweather,61.5900,60.0,1.5900
2026-04-30,ny,tomorrow,59.6700,60.0,0.3300
2026-04-30,ny,visual-crossing,63.1000,60.0,3.1000
2026-04-30,ny,weather.gov,64.0000,60.0,4.0000
2026-04-30,ny,weatherapi,58.8000,60.0,1.2000
2026-04-30,tx,consensus,75.3000,72.0,3.3000
2026-04-30,tx,google-weather,72.6800,72.0,0.6800
2026-04-30,tx,open-meteo,72.4000,72.0,0.4000
2026-04-30,tx,openweathermap,66.4000,72.0,5.6000
2026-04-30,tx,pirateweather,74.9100,72.0,2.9100
2026-04-30,tx,tomorrow,74.5700,72.0,2.5700
2026-04-30,tx,visual-crossing,76.9000,72.0,4.9000
2026-04-30,tx,weather.gov,78.0000,72.0,6.0000
2026-04-30,tx,weatherapi,73.8000,72.0,1.8000
2026-05-01,fl,consensus,84.1726,87.0,2.8274
2026-05-01,fl,google-weather,84.0200,87.0,2.9800
2026-05-01,fl,open-meteo,84.4000,87.0,2.6000
2026-05-01,fl,openweathermap,87.8200,87.0,0.8200
2026-05-01,fl,pirateweather,83.2100,87.0,3.7900
2026-05-01,fl,tomorrow,84.2000,87.0,2.8000
2026-05-01,fl,visual-crossing,83.0000,87.0,4.0000
2026-05-01,fl,weather.gov,85.0000,87.0,2.0000
2026-05-01,fl,weatherapi,89.6000,87.0,2.6000
2026-05-01,il,consensus,48.6053,50.0,1.3947
2026-05-01,il,google-weather,48.3800,50.0,1.6200
2026-05-01,il,open-meteo,49.0000,50.0,1.0000
2026-05-01,il,openweathermap,52.4700,50.0,2.4700
2026-05-01,il,pirateweather,47.8900,50.0,2.1100
2026-05-01,il,tomorrow,47.9800,50.0,2.0200
2026-05-01,il,visual-crossing,49.0000,50.0,1.0000
2026-05-01,il,weather.gov,50.0000,50.0,0.0000
2026-05-01,il,weatherapi,48.9000,50.0,1.1000
2026-05-01,ny,consensus,64.8992,64.0,0.8992
2026-05-01,ny,google-weather,63.3200,64.0,0.6800
2026-05-01,ny,openweathermap,64.6900,64.0,0.6900
2026-05-01,ny,pirateweather,63.7300,64.0,0.2700
2026-05-01,ny,tomorrow,65.1900,64.0,1.1900
2026-05-01,ny,visual-crossing,65.0000,64.0,1.0000
2026-05-01,ny,weather.gov,65.0000,64.0,1.0000
2026-05-01,ny,weatherapi,69.4000,64.0,5.4000
2026-05-01,tx,consensus,64.4115,64.0,0.4115
2026-05-01,tx,google-weather,60.4400,64.0,3.5600
2026-05-01,tx,open-meteo,68.8000,64.0,4.8000
2026-05-01,tx,openweathermap,59.3200,64.0,4.6800
2026-05-01,tx,pirateweather,66.0700,64.0,2.0700
2026-05-01,tx,tomorrow,61.8100,64.0,2.1900
2026-05-01,tx,visual-crossing,65.0000,64.0,1.0000
2026-05-01,tx,weather.gov,63.0000,64.0,1.0000
2026-05-01,tx,weatherapi,62.4000,64.0,1.6000
2026-05-02,fl,consensus,87.5154,94.0,6.4846
2026-05-02,fl,google-weather,88.7000,94.0,5.3000
2026-05-02,fl,open-meteo,90.1000,94.0,3.9000
2026-05-02,fl,openweathermap,92.6200,94.0,1.3800
2026-05-02,fl,pirateweather,86.6500,94.0,7.3500
2026-05-02,fl,tomorrow,90.2700,94.0,3.7300
2026-05-02,fl,visual-crossing,85.9000,94.0,8.1000
2026-05-02,fl,weather.gov,89.0000,94.0,5.0000
2026-05-02,fl,weatherapi,93.9000,94.0,0.1000
2026-05-02,il,consensus,54.9010,56.0,1.0990
2026-05-02,il,google-weather,55.4000,56.0,0.6000
2026-05-02,il,open-meteo,55.6000,56.0,0.4000
2026-05-02,il,openweathermap,54.6300,56.0,1.3700
2026-05-02,il,pirateweather,54.7500,56.0,1.2500
2026-05-02,il,tomorrow,55.5600,56.0,0.4400
2026-05-02,il,visual-crossing,54.1000,56.0,1.9000
2026-05-02,il,weatherapi,55.0000,56.0,1.0000
2026-05-02,ny,consensus,61.0187,61.0,0.0187
2026-05-02,ny,google-weather,59.7200,61.0,1.2800
2026-05-02,ny,openweathermap,58.4400,61.0,2.5600
2026-05-02,ny,pirateweather,60.7300,61.0,0.2700
2026-05-02,ny,tomorrow,61.1400,61.0,0.1400
2026-05-02,ny,visual-crossing,61.1000,61.0,0.1000
2026-05-02,ny,weather.gov,62.0000,61.0,1.0000
2026-05-02,ny,weatherapi,62.6000,61.0,1.6000
2026-05-02,tx,consensus,72.2261,75.0,2.7739
2026-05-02,tx,google-weather,74.3000,75.0,0.7000
2026-05-02,tx,open-meteo,69.4000,75.0,5.6000
2026-05-02,tx,openweathermap,73.7600,75.0,1.2400
2026-05-02,tx,pirateweather,72.7900,75.0,2.2100
2026-05-02,tx,tomorrow,69.2800,75.0,5.7200
2026-05-02,tx,visual-crossing,72.9000,75.0,2.1000
2026-05-02,tx,weather.gov,73.0000,75.0,2.0000
2026-05-02,tx,weatherapi,74.8000,75.0,0.2000
2026-05-03,fl,consensus,81.7791,82.0,0.2209
2026-05-03,fl,google-weather,79.3400,82.0,2.6600
2026-05-03,fl,open-meteo,86.5000,82.0,4.5000
2026-05-03,fl,openweathermap,81.5000,82.0,0.5000
2026-05-03,fl,pirateweather,81.7300,82.0,0.2700
2026-05-03,fl,tomorrow,84.5200,82.0,2.5200
2026-05-03,fl,visual-crossing,81.1000,82.0,0.9000
2026-05-03,fl,weather.gov,83.0000,82.0,1.0000
2026-05-03,fl,weatherapi,84.7000,82.0,2.7000
2026-05-03,il,consensus,69.7441,67.0,2.7441
2026-05-03,il,google-weather,68.0000,67.0,1.0000
2026-05-03,il,open-meteo,68.4000,67.0,1.4000
2026-05-03,il,openweathermap,64.4400,67.0,2.5600
2026-05-03,il,pirateweather,66.0000,67.0,1.0000
2026-05-03,il,tomorrow,68.6500,67.0,1.6500
2026-05-03,il,visual-crossing,67.9000,67.0,0.9000
2026-05-03,il,weather.gov,68.0000,67.0,1.0000
2026-05-03,il,weatherapi,72.1000,67.0,5.1000
2026-05-03,ny,consensus,59.6810,59.0,0.6810
2026-05-03,ny,google-weather,59.3600,59.0,0.3600
2026-05-03,ny,openweathermap,60.3100,59.0,1.3100
2026-05-03,ny,pirateweather,59.3200,59.0,0.3200
2026-05-03,ny,tomorrow,59.0400,59.0,0.0400
2026-05-03,ny,visual-crossing,61.1000,59.0,2.1000
2026-05-03,ny,weather.gov,61.0000,59.0,2.0000
2026-05-03,ny,weatherapi,63.7000,59.0,4.7000
2026-05-03,tx,consensus,77.9437,80.0,2.0563
2026-05-03,tx,google-weather,79.8800,80.0,0.1200
2026-05-03,tx,open-meteo,74.5000,80.0,5.5000
2026-05-03,tx,openweathermap,80.3300,80.0,0.3300
2026-05-03,tx,pirateweather,78.0400,80.0,1.9600
2026-05-03,tx,tomorrow,73.8100,80.0,6.1900
2026-05-03,tx,visual-crossing,79.1000,80.0,0.9000
2026-05-03,tx,weather.gov,79.0000,80.0,1.0000
2026-05-03,tx,weatherapi,82.6000,80.0,2.6000
2026-05-04,fl,consensus,79.8970,82.0,2.1030
2026-05-04,fl,google-weather,80.7800,82.0,1.2200
2026-05-04,fl,open-meteo,84.6000,82.0,2.6000
2026-05-04,fl,openweathermap,77.4300,82.0,4.5700
2026-05-04,fl,pirateweather,79.2700,82.0,2.7300
2026-05-04,fl,tomorrow,84.5600,82.0,2.5600
2026-05-04,fl,visual-crossing,79.1000,82.0,2.9000
2026-05-04,fl,weather.gov,80.0000,82.0,2.0000
2026-05-04,fl,weatherapi,89.6000,82.0,7.6000
2026-05-04,il,consensus,80.9012,81.0,0.0988
2026-05-04,il,google-weather,78.9800,81.0,2.0200
2026-05-04,il,open-meteo,81.3000,81.0,0.3000
2026-05-04,il,openweathermap,80.4600,81.0,0.5400
2026-05-04,il,pirateweather,77.9900,81.0,3.0100
2026-05-04,il,tomorrow,81.3200,81.0,0.3200
2026-05-04,il,visual-crossing,78.0000,81.0,3.0000
2026-05-04,il,weather.gov,79.0000,81.0,2.0000
2026-05-04,il,weatherapi,85.5000,81.0,4.5000
2026-05-04,ny,consensus,72.0799,72.0,0.0799
2026-05-04,ny,google-weather,71.2400,72.0,0.7600
2026-05-04,ny,openweathermap,70.1800,72.0,1.8200
2026-05-04,ny,pirateweather,71.5100,72.0,0.4900
2026-05-04,ny,tomorrow,73.4000,72.0,1.4000
2026-05-04,ny,visual-crossing,71.0000,72.0,1.0000
2026-05-04,ny,weather.gov,73.0000,72.0,1.0000
2026-05-04,ny,weatherapi,75.9000,72.0,3.9000
2026-05-04,tx,consensus,84.4046,83.0,1.4046
2026-05-04,tx,google-weather,82.7600,83.0,0.2400
2026-05-04,tx,open-meteo,82.3000,83.0,0.7000
2026-05-04,tx,openweathermap,85.8900,83.0,2.8900
2026-05-04,tx,pirateweather,84.6300,83.0,1.6300
2026-05-04,tx,tomorrow,82.0800,83.0,0.9200
2026-05-04,tx,visual-crossing,85.0000,83.0,2.0000
2026-05-04,tx,weather.gov,85.0000,83.0,2.0000
2026-05-04,tx,weatherapi,87.1000,83.0,4.1000
2026-05-05,fl,consensus,82.6005,88.0,5.3995
2026-05-05,fl,google-weather,83.1200,88.0,4.8800
2026-05-05,fl,open-meteo,84.9000,88.0,3.1000
2026-05-05,fl,openweathermap,83.9800,88.0,4.0200
2026-05-05,fl,pirateweather,81.6400,88.0,6.3600
2026-05-05,fl,tomorrow,84.8500,88.0,3.1500
2026-05-05,fl,visual-crossing,81.9000,88.0,6.1000
2026-05-05,fl,weather.gov,83.0000,88.0,5.0000
2026-05-05,fl,weatherapi,90.9000,88.0,2.9000
2026-05-05,il,consensus,61.9199,60.0,1.9199
2026-05-05,il,google-weather,60.2600,60.0,0.2600
2026-05-05,il,openweathermap,62.3700,60.0,2.3700
2026-05-05,il,pirateweather,59.7600,60.0,0.2400
2026-05-05,il,tomorrow,62.3800,60.0,2.3800
2026-05-05,il,visual-crossing,60.2000,60.0,0.2000
2026-05-05,il,weather.gov,60.0000,60.0,0.0000
2026-05-05,il,weatherapi,66.6000,60.0,6.6000
2026-05-05,ny,consensus,81.4763,81.0,0.4763
2026-05-05,ny,google-weather,80.0600,81.0,0.9400
2026-05-05,ny,openweathermap,80.8700,81.0,0.1300
2026-05-05,ny,pirateweather,80.2200,81.0,0.7800
2026-05-05,ny,tomorrow,84.6500,81.0,3.6500
2026-05-05,ny,visual-crossing,81.1000,81.0,0.1000
2026-05-05,ny,weather.gov,84.0000,81.0,3.0000
2026-05-05,ny,weatherapi,88.5000,81.0,7.5000
2026-05-05,tx,consensus,85.0481,86.0,0.9519
2026-05-05,tx,google-weather,86.9000,86.0,0.9000
2026-05-05,tx,open-meteo,84.3000,86.0,1.7000
2026-05-05,tx,openweathermap,83.7000,86.0,2.3000
2026-05-05,tx,pirateweather,87.0600,86.0,1.0600
2026-05-05,tx,tomorrow,83.1700,86.0,2.8300
2026-05-05,tx,visual-crossing,85.0000,86.0,1.0000
2026-05-05,tx,weather.gov,86.0000,86.0,0.0000
2026-05-05,tx,weatherapi,90.3000,86.0,4.3000
2026-05-06,fl,consensus,83.6256,88.0,4.3744
2026-05-06,fl,google-weather,84.3800,88.0,3.6200
2026-05-06,fl,open-meteo,86.9000,88.0,1.1000
2026-05-06,fl,openweathermap,85.4800,88.0,2.5200
2026-05-06,fl,pirateweather,82.4900,88.0,5.5100
2026-05-06,fl,tomorrow,86.7700,88.0,1.2300
2026-05-06,fl,visual-crossing,83.0000,88.0,5.0000
2026-05-06,fl,weather.gov,84.0000,88.0,4.0000
2026-05-06,fl,weatherapi,90.5000,88.0,2.5000
2026-05-06,il,consensus,57.3330,58.0,0.6670
2026-05-06,il,google-weather,57.3800,58.0,0.6200
2026-05-06,il,open-meteo,59.4000,58.0,1.4000
2026-05-06,il,openweathermap,62.0100,58.0,4.0100
2026-05-06,il,pirateweather,55.3100,58.0,2.6900
2026-05-06,il,tomorrow,58.6600,58.0,0.6600
2026-05-06,il,visual-crossing,56.0000,58.0,2.0000
2026-05-06,il,weather.gov,57.0000,58.0,1.0000
2026-05-06,il,weatherapi,60.8000,58.0,2.8000
2026-05-06,ny,consensus,71.8587,71.0,0.8587
2026-05-06,ny,google-weather,67.6400,71.0,3.3600
2026-05-06,ny,openweathermap,68.1600,71.0,2.8400
2026-05-06,ny,pirateweather,71.3300,71.0,0.3300
2026-05-06,ny,tomorrow,75.7600,71.0,4.7600
2026-05-06,ny,visual-crossing,71.0000,71.0,0.0000
2026-05-06,ny,weather.gov,72.0000,71.0,1.0000
2026-05-06,ny,weatherapi,77.0000,71.0,6.0000
2026-05-06,tx,consensus,82.3125,78.0,4.3125
2026-05-06,tx,google-weather,77.5400,78.0,0.4600
2026-05-06,tx,open-meteo,81.7000,78.0,3.7000
2026-05-06,tx,openweathermap,76.1700,78.0,1.8300
2026-05-06,tx,pirateweather,80.1500,78.0,2.1500
2026-05-06,tx,tomorrow,77.6500,78.0,0.3500
2026-05-06,tx,visual-crossing,85.0000,78.0,7.0000
2026-05-06,tx,weather.gov,86.0000,78.0,8.0000
2026-05-06,tx,weatherapi,85.9000,78.0,7.9000
2026-05-07,fl,consensus,85.4285,91.0,5.5715
2026-05-07,fl,google-weather,86.0000,91.0,5.0000
2026-05-07,fl,open-meteo,86.6000,91.0,4.4000
2026-05-07,fl,openweathermap,89.4700,91.0,1.5300
2026-05-07,fl,pirateweather,85.0100,91.0,5.9900
2026-05-07,fl,tomorrow,86.5900,91.0,4.4100
2026-05-07,fl,visual-crossing,85.0000,91.0,6.0000
2026-05-07,fl,weather.gov,87.0000,91.0,4.0000
2026-05-07,fl,weatherapi,91.4000,91.0,0.4000
2026-05-07,il,consensus,60.0944,61.0,0.9056
2026-05-07,il,google-weather,59.7200,61.0,1.2800
2026-05-07,il,open-meteo,61.7000,61.0,0.7000
2026-05-07,il,openweathermap,57.6300,61.0,3.3700
2026-05-07,il,pirateweather,58.5500,61.0,2.4500
2026-05-07,il,tomorrow,60.8200,61.0,0.1800
2026-05-07,il,visual-crossing,58.9000,61.0,2.1000
2026-05-07,il,weather.gov,60.0000,61.0,1.0000
2026-05-07,il,weatherapi,61.9000,61.0,0.9000
2026-05-07,ny,consensus,63.9498,64.0,0.0502
2026-05-07,ny,google-weather,63.1400,64.0,0.8600
2026-05-07,ny,openweathermap,66.4200,64.0,2.4200
2026-05-07,ny,pirateweather,64.1300,64.0,0.1300
2026-05-07,ny,tomorrow,63.5000,64.0,0.5000
2026-05-07,ny,visual-crossing,63.9000,64.0,0.1000
2026-05-07,ny,weather.gov,65.0000,64.0,1.0000
2026-05-07,ny,weatherapi,68.7000,64.0,4.7000
2026-05-07,tx,consensus,72.2198,69.0,3.2198
2026-05-07,tx,google-weather,68.0000,69.0,1.0000
2026-05-07,tx,open-meteo,68.7000,69.0,0.3000
2026-05-07,tx,openweathermap,75.6000,69.0,6.6000
2026-05-07,tx,pirateweather,73.4900,69.0,4.4900
2026-05-07,tx,tomorrow,71.6700,69.0,2.6700
2026-05-07,tx,visual-crossing,72.1000,69.0,3.1000
2026-05-07,tx,weather.gov,73.0000,69.0,4.0000
2026-05-07,tx,weatherapi,76.6000,69.0,7.6000
2026-05-08,fl,consensus,86.3428,93.0,6.6572
2026-05-08,fl,google-weather,87.2600,93.0,5.7400
2026-05-08,fl,open-meteo,89.4000,93.0,3.6000
2026-05-08,fl,openweathermap,92.9800,93.0,0.0200
2026-05-08,fl,pirateweather,85.0100,93.0,7.9900
2026-05-08,fl,tomorrow,89.3800,93.0,3.6200
2026-05-08,fl,visual-crossing,85.0000,93.0,8.0000
2026-05-08,fl,weather.gov,87.0000,93.0,6.0000
2026-05-08,fl,weatherapi,95.0000,93.0,2.0000
2026-05-08,il,consensus,68.0197,65.0,3.0197
2026-05-08,il,google-weather,65.1200,65.0,0.1200
2026-05-08,il,open-meteo,69.0000,65.0,4.0000
2026-05-08,il,openweathermap,68.3100,65.0,3.3100
2026-05-08,il,pirateweather,65.2100,65.0,0.2100
2026-05-08,il,tomorrow,69.1000,65.0,4.1000
2026-05-08,il,visual-crossing,67.0000,65.0,2.0000
2026-05-08,il,weather.gov,67.0000,65.0,2.0000
2026-05-08,il,weatherapi,70.5000,65.0,5.5000
2026-05-08,ny,consensus,63.5525,63.0,0.5525
2026-05-08,ny,google-weather,62.7800,63.0,0.2200
2026-05-08,ny,open-meteo,63.2000,63.0,0.2000
2026-05-08,ny,openweathermap,61.5200,63.0,1.4800
2026-05-08,ny,pirateweather,63.2300,63.0,0.2300
2026-05-08,ny,tomorrow,63.0700,63.0,0.0700
2026-05-08,ny,visual-crossing,63.9000,63.0,0.9000
2026-05-08,ny,weather.gov,65.0000,63.0,2.0000
2026-05-08,ny,weatherapi,64.6000,63.0,1.6000
2026-05-08,tx,consensus,77.8917,81.0,3.1083
2026-05-08,tx,google-weather,77.0000,81.0,4.0000
2026-05-08,tx,open-meteo,74.8000,81.0,6.2000
2026-05-08,tx,openweathermap,74.4600,81.0,6.5400
2026-05-08,tx,pirateweather,79.0700,81.0,1.9300
2026-05-08,tx,tomorrow,74.9500,81.0,6.0500
2026-05-08,tx,visual-crossing,79.1000,81.0,1.9000
2026-05-08,tx,weatherapi,79.1000,81.0,1.9000
2026-05-09,fl,consensus,86.0955,91.0,4.9045
2026-05-09,fl,google-weather,87.4400,91.0,3.5600
2026-05-09,fl,open-meteo,87.6000,91.0,3.4000
2026-05-09,fl,openweathermap,89.4200,91.0,1.5800
2026-05-09,fl,pirateweather,85.1900,91.0,5.8100
2026-05-09,fl,tomorrow,87.6600,91.0,3.3400
2026-05-09,fl,visual-crossing,85.0000,91.0,6.0000
2026-05-09,fl,weather.gov,87.0000,91.0,4.0000
2026-05-09,fl,weatherapi,93.4000,91.0,2.4000
2026-05-09,il,consensus,73.9728,76.0,2.0272
2026-05-09,il,google-weather,74.6600,76.0,1.3400
2026-05-09,il,open-meteo,74.2000,76.0,1.8000
2026-05-09,il,openweathermap,70.3400,76.0,5.6600
2026-05-09,il,pirateweather,72.2300,76.0,3.7700
2026-05-09,il,tomorrow,74.2600,76.0,1.7400
2026-05-09,il,visual-crossing,74.0000,76.0,2.0000
2026-05-09,il,weather.gov,74.0000,76.0,2.0000
2026-05-09,il,weatherapi,77.5000,76.0,1.5000
2026-05-09,ny,consensus,65.2340,65.0,0.2340
2026-05-09,ny,google-weather,61.7000,65.0,3.3000
2026-05-09,ny,open-meteo,71.2000,65.0,6.2000
2026-05-09,ny,openweathermap,60.9600,65.0,4.0400
2026-05-09,ny,pirateweather,62.8700,65.0,2.1300
2026-05-09,ny,tomorrow,71.3500,65.0,6.3500
2026-05-09,ny,visual-crossing,65.0000,65.0,0.0000
2026-05-09,ny,weather.gov,65.0000,65.0,0.0000
2026-05-09,ny,weatherapi,69.4000,65.0,4.4000
2026-05-09,tx,consensus,88.9823,89.0,0.0177
2026-05-09,tx,google-weather,88.8800,89.0,0.1200
2026-05-09,tx,open-meteo,90.3000,89.0,1.3000
2026-05-09,tx,openweathermap,93.1100,89.0,4.1100
2026-05-09,tx,pirateweather,87.3500,89.0,1.6500
2026-05-09,tx,tomorrow,90.0700,89.0,1.0700
2026-05-09,tx,visual-crossing,88.1000,89.0,0.9000
2026-05-09,tx,weather.gov,87.0000,89.0,2.0000
2026-05-09,tx,weatherapi,94.8000,89.0,5.8000
2026-05-10,fl,consensus,86.3332,91.0,4.6668
2026-05-10,fl,google-weather,87.4400,91.0,3.5600
2026-05-10,fl,open-meteo,88.0000,91.0,3.0000
2026-05-10,fl,openweathermap,90.9100,91.0,0.0900
2026-05-10,fl,pirateweather,85.3700,91.0,5.6300
2026-05-10,fl,tomorrow,88.1100,91.0,2.8900
2026-05-10,fl,visual-crossing,85.0000,91.0,6.0000
2026-05-10,fl,weather.gov,86.0000,91.0,5.0000
2026-05-10,fl,weatherapi,93.6000,91.0,2.6000
2026-05-10,il,consensus,64.0696,62.0,2.0696
2026-05-10,il,google-weather,64.2200,62.0,2.2200
2026-05-10,il,open-meteo,70.3000,62.0,8.3000
2026-05-10,il,openweathermap,66.8700,62.0,4.8700
2026-05-10,il,pirateweather,62.8700,62.0,0.8700
2026-05-10,il,tomorrow,64.4000,62.0,2.4000
2026-05-10,il,visual-crossing,63.1000,62.0,1.1000
2026-05-10,il,weather.gov,63.0000,62.0,1.0000
2026-05-10,il,weatherapi,66.2000,62.0,4.2000
2026-05-10,ny,consensus,74.8484,73.0,1.8484
2026-05-10,ny,google-weather,69.2600,73.0,3.7400
2026-05-10,ny,open-meteo,71.4000,73.0,1.6000
2026-05-10,ny,openweathermap,74.0700,73.0,1.0700
2026-05-10,ny,pirateweather,74.2100,73.0,1.2100
2026-05-10,ny,tomorrow,70.8100,73.0,2.1900
2026-05-10,ny,visual-crossing,76.9000,73.0,3.9000
2026-05-10,ny,weather.gov,77.0000,73.0,4.0000
2026-05-10,ny,weatherapi,75.7000,73.0,2.7000
2026-05-10,tx,consensus,89.2128,91.0,1.7872
2026-05-10,tx,google-weather,89.6000,91.0,1.4000
2026-05-10,tx,open-meteo,88.6000,91.0,2.4000
2026-05-10,tx,openweathermap,90.2700,91.0,0.7300
2026-05-10,tx,pirateweather,90.2300,91.0,0.7700
2026-05-10,tx,tomorrow,88.2100,91.0,2.7900
2026-05-10,tx,visual-crossing,90.9000,91.0,0.1000
2026-05-10,tx,weatherapi,93.4000,91.0,2.4000
2026-05-11,fl,consensus,86.7232,90.0,3.2768
2026-05-11,fl,google-weather,86.5400,90.0,3.4600
2026-05-11,fl,open-meteo,88.2000,90.0,1.8000
2026-05-11,fl,openweathermap,89.8000,90.0,0.2000
2026-05-11,fl,pirateweather,84.2900,90.0,5.7100
2026-05-11,fl,tomorrow,88.4500,90.0,1.5500
2026-05-11,fl,visual-crossing,85.0000,90.0,5.0000
2026-05-11,fl,weather.gov,86.0000,90.0,4.0000
2026-05-11,fl,weatherapi,93.4000,90.0,3.4000
2026-05-11,il,consensus,56.8269,56.0,0.8269
2026-05-11,il,google-weather,54.6800,56.0,1.3200
2026-05-11,il,open-meteo,61.6000,56.0,5.6000
2026-05-11,il,openweathermap,62.0200,56.0,6.0200
2026-05-11,il,pirateweather,56.2100,56.0,0.2100
2026-05-11,il,tomorrow,57.7600,56.0,1.7600
2026-05-11,il,visual-crossing,56.0000,56.0,0.0000
2026-05-11,il,weather.gov,58.0000,56.0,2.0000
2026-05-11,il,weatherapi,63.3000,56.0,7.3000
2026-05-11,ny,consensus,63.8395,61.0,2.8395
2026-05-11,ny,google-weather,61.8800,61.0,0.8800
2026-05-11,ny,openweathermap,59.5000,61.0,1.5000
2026-05-11,ny,pirateweather,61.6100,61.0,0.6100
2026-05-11,ny,tomorrow,66.6700,61.0,5.6700
2026-05-11,ny,visual-crossing,63.9000,61.0,2.9000
2026-05-11,ny,weather.gov,64.0000,61.0,3.0000
2026-05-11,ny,weatherapi,70.3000,61.0,9.3000
2026-05-11,tx,consensus,78.1248,82.0,3.8752
2026-05-11,tx,google-weather,78.8000,82.0,3.2000
2026-05-11,tx,open-meteo,85.4000,82.0,3.4000
2026-05-11,tx,openweathermap,75.6700,82.0,6.3300
2026-05-11,tx,pirateweather,77.8100,82.0,4.1900
2026-05-11,tx,tomorrow,75.1600,82.0,6.8400
2026-05-11,tx,visual-crossing,80.0000,82.0,2.0000
2026-05-11,tx,weather.gov,80.0000,82.0,2.0000
2026-05-11,tx,weatherapi,81.6000,82.0,0.4000
2026-05-12,fl,consensus,85.0983,91.0,5.9017
2026-05-12,fl,google-weather,87.0800,91.0,3.9200
2026-05-12,fl,open-meteo,87.6000,91.0,3.4000
2026-05-12,fl,openweathermap,89.4900,91.0,1.5100
2026-05-12,fl,pirateweather,84.2900,91.0,6.7100
2026-05-12,fl,tomorrow,87.6400,91.0,3.3600
2026-05-12,fl,visual-crossing,83.9000,91.0,7.1000
2026-05-12,fl,weather.gov,86.0000,91.0,5.0000
2026-05-12,fl,weatherapi,89.6000,91.0,1.4000
2026-05-12,il,consensus,77.6079,74.0,3.6079
2026-05-12,il,google-weather,75.5600,74.0,1.5600
2026-05-12,il,open-meteo,80.1000,74.0,6.1000
2026-05-12,il,openweathermap,75.9200,74.0,1.9200
2026-05-12,il,pirateweather,76.1900,74.0,2.1900
2026-05-12,il,tomorrow,79.9000,74.0,5.9000
2026-05-12,il,visual-crossing,76.9000,74.0,2.9000
2026-05-12,il,weather.gov,77.0000,74.0,3.0000
2026-05-12,il,weatherapi,84.0000,74.0,10.0000
2026-05-12,ny,consensus,66.5661,66.0,0.5661
2026-05-12,ny,google-weather,63.8600,66.0,2.1400
2026-05-12,ny,openweathermap,64.1500,66.0,1.8500
2026-05-12,ny,pirateweather,65.2100,66.0,0.7900
2026-05-12,ny,tomorrow,67.3500,66.0,1.3500
2026-05-12,ny,visual-crossing,67.0000,66.0,1.0000
2026-05-12,ny,weather.gov,68.0000,66.0,2.0000
2026-05-12,ny,weatherapi,71.2000,66.0,5.2000
2026-05-12,tx,consensus,82.9453,84.0,1.0547
2026-05-12,tx,google-weather,84.5600,84.0,0.5600
2026-05-12,tx,open-meteo,82.3000,84.0,1.7000
2026-05-12,tx,openweathermap,88.2500,84.0,4.2500
2026-05-12,tx,pirateweather,84.1100,84.0,0.1100
2026-05-12,tx,tomorrow,82.0800,84.0,1.9200
2026-05-12,tx,visual-crossing,83.9000,84.0,0.1000
2026-05-12,tx,weatherapi,85.5000,84.0,1.5000
2026-05-13,fl,consensus,87.5437,94.0,6.4563
2026-05-13,fl,google-weather,86.7200,94.0,7.2800
2026-05-13,fl,open-meteo,92.4000,94.0,1.6000
2026-05-13,fl,openweathermap,91.2600,94.0,2.7400
2026-05-13,fl,pirateweather,84.6500,94.0,9.3500
2026-05-13,fl,tomorrow,92.1400,94.0,1.8600
2026-05-13,fl,visual-crossing,85.9000,94.0,8.1000
2026-05-13,fl,weather.gov,87.0000,94.0,7.0000
2026-05-13,fl,weatherapi,96.6000,94.0,2.6000
2026-05-13,il,consensus,61.0893,59.0,2.0893
2026-05-13,il,google-weather,57.0200,59.0,1.9800
2026-05-13,il,open-meteo,64.1000,59.0,5.1000
2026-05-13,il,openweathermap,55.6200,59.0,3.3800
2026-05-13,il,pirateweather,61.4300,59.0,2.4300
2026-05-13,il,tomorrow,56.7100,59.0,2.2900
2026-05-13,il,visual-crossing,63.1000,59.0,4.1000
2026-05-13,il,weather.gov,61.0000,59.0,2.0000
2026-05-13,il,weatherapi,56.7000,59.0,2.3000
2026-05-13,ny,consensus,72.4593,72.0,0.4593
2026-05-13,ny,google-weather,69.8000,72.0,2.2000
2026-05-13,ny,openweathermap,70.7200,72.0,1.2800
2026-05-13,ny,pirateweather,70.7900,72.0,1.2100
2026-05-13,ny,tomorrow,74.4400,72.0,2.4400
2026-05-13,ny,visual-crossing,72.1000,72.0,0.1000
2026-05-13,ny,weather.gov,73.0000,72.0,1.0000
2026-05-13,ny,weatherapi,80.1000,72.0,8.1000
2026-05-13,tx,consensus,89.1786,90.0,0.8214
2026-05-13,tx,google-weather,89.7800,90.0,0.2200
2026-05-13,tx,open-meteo,86.9000,90.0,3.1000
2026-05-13,tx,openweathermap,89.6200,90.0,0.3800
2026-05-13,tx,pirateweather,88.6100,90.0,1.3900
2026-05-13,tx,tomorrow,86.9700,90.0,3.0300
2026-05-13,tx,visual-crossing,90.1000,90.0,0.1000
2026-05-13,tx,weather.gov,90.0000,90.0,0.0000
2026-05-13,tx,weatherapi,93.9000,90.0,3.9000
2026-05-14,fl,consensus,87.4756,95.0,7.5244
2026-05-14,fl,google-weather,89.4200,95.0,5.5800
2026-05-14,fl,open-meteo,91.6000,95.0,3.4000
2026-05-14,fl,openweathermap,89.7300,95.0,5.2700
2026-05-14,fl,pirateweather,84.8300,95.0,10.1700
2026-05-14,fl,tomorrow,90.9300,95.0,4.0700
2026-05-14,fl,visual-crossing,85.0000,95.0,10.0000
2026-05-14,fl,weather.gov,86.0000,95.0,9.0000
2026-05-14,fl,weatherapi,95.7000,95.0,0.7000
2026-05-14,il,consensus,64.2410,65.0,0.7590
2026-05-14,il,google-weather,64.9400,65.0,0.0600
2026-05-14,il,open-meteo,63.6000,65.0,1.4000
2026-05-14,il,openweathermap,74.5200,65.0,9.5200
2026-05-14,il,pirateweather,64.6700,65.0,0.3300
2026-05-14,il,tomorrow,64.7400,65.0,0.2600
2026-05-14,il,visual-crossing,63.1000,65.0,1.9000
2026-05-14,il,weather.gov,65.0000,65.0,0.0000
2026-05-14,il,weatherapi,70.5000,65.0,5.5000
2026-05-14,ny,consensus,65.4893,66.0,0.5107
2026-05-14,ny,google-weather,65.4800,66.0,0.5200
2026-05-14,ny,open-meteo,68.6000,66.0,2.6000
2026-05-14,ny,openweathermap,63.0500,66.0,2.9500
2026-05-14,ny,pirateweather,62.6900,66.0,3.3100
2026-05-14,ny,tomorrow,66.8500,66.0,0.8500
2026-05-14,ny,visual-crossing,63.9000,66.0,2.1000
2026-05-14,ny,weather.gov,64.0000,66.0,2.0000
2026-05-14,ny,weatherapi,68.0000,66.0,2.0000
2026-05-14,tx,consensus,90.0094,90.0,0.0094
2026-05-14,tx,google-weather,90.1400,90.0,0.1400
2026-05-14,tx,open-meteo,88.2000,90.0,1.8000
2026-05-14,tx,openweathermap,90.9500,90.0,0.9500
2026-05-14,tx,pirateweather,90.4100,90.0,0.4100
2026-05-14,tx,tomorrow,88.2000,90.0,1.8000
2026-05-14,tx,visual-crossing,90.9000,90.0,0.9000
2026-05-14,tx,weather.gov,91.0000,90.0,1.0000
2026-05-14,tx,weatherapi,95.4000,90.0,5.4000
2026-05-15,fl,consensus,85.1659,93.0,7.8341
2026-05-15,fl,google-weather,87.6200,93.0,5.3800
2026-05-15,fl,open-meteo,88.4000,93.0,4.6000
2026-05-15,fl,openweathermap,87.5800,93.0,5.4200
2026-05-15,fl,pirateweather,83.5700,93.0,9.4300
2026-05-15,fl,tomorrow,88.5000,93.0,4.5000
2026-05-15,fl,visual-crossing,83.9000,93.0,9.1000
2026-05-15,fl,weather.gov,85.0000,93.0,8.0000
2026-05-15,fl,weatherapi,89.8000,93.0,3.2000
2026-05-15,il,consensus,73.6238,76.0,2.3762
2026-05-15,il,google-weather,77.1800,76.0,1.1800
2026-05-15,il,open-meteo,73.1000,76.0,2.9000
2026-05-15,il,openweathermap,74.9800,76.0,1.0200
2026-05-15,il,pirateweather,75.4700,76.0,0.5300
2026-05-15,il,tomorrow,73.0400,76.0,2.9600
2026-05-15,il,visual-crossing,72.9000,76.0,3.1000
2026-05-15,il,weather.gov,73.0000,76.0,3.0000
2026-05-15,il,weatherapi,79.3000,76.0,3.3000
2026-05-15,ny,consensus,67.7550,66.0,1.7550
2026-05-15,ny,google-weather,66.5600,66.0,0.5600
2026-05-15,ny,openweathermap,67.6200,66.0,1.6200
2026-05-15,ny,pirateweather,67.9100,66.0,1.9100
2026-05-15,ny,tomorrow,67.6000,66.0,1.6000
2026-05-15,ny,visual-crossing,67.9000,66.0,1.9000
2026-05-15,ny,weather.gov,68.0000,66.0,2.0000
2026-05-15,ny,weatherapi,67.6000,66.0,1.6000
2026-05-15,tx,consensus,90.3965,90.0,0.3965
2026-05-15,tx,google-weather,88.8800,90.0,1.1200
2026-05-15,tx,open-meteo,89.2000,90.0,0.8000
2026-05-15,tx,openweathermap,92.4100,90.0,2.4100
2026-05-15,tx,pirateweather,91.1300,90.0,1.1300
2026-05-15,tx,tomorrow,88.7500,90.0,1.2500
2026-05-15,tx,visual-crossing,92.0000,90.0,2.0000
2026-05-15,tx,weather.gov,91.0000,90.0,1.0000
2026-05-15,tx,weatherapi,94.3000,90.0,4.3000
2026-05-16,fl,consensus,84.3570,90.0,5.6430
2026-05-16,fl,google-weather,86.0000,90.0,4.0000
2026-05-16,fl,open-meteo,86.7000,90.0,3.3000
2026-05-16,fl,openweathermap,88.1800,90.0,1.8200
2026-05-16,fl,pirateweather,84.1100,90.0,5.8900
2026-05-16,fl,tomorrow,86.4300,90.0,3.5700
2026-05-16,fl,visual-crossing,83.0000,90.0,7.0000
2026-05-16,fl,weather.gov,84.0000,90.0,6.0000
2026-05-16,fl,weatherapi,88.0000,90.0,2.0000
2026-05-16,il,consensus,84.7217,83.0,1.7217
2026-05-16,il,google-weather,84.3800,83.0,1.3800
2026-05-16,il,open-meteo,87.9000,83.0,4.9000
2026-05-16,il,openweathermap,86.4300,83.0,3.4300
2026-05-16,il,pirateweather,82.6700,83.0,0.3300
2026-05-16,il,tomorrow,85.8600,83.0,2.8600
2026-05-16,il,visual-crossing,83.9000,83.0,0.9000
2026-05-16,il,weather.gov,84.0000,83.0,1.0000
2026-05-16,il,weatherapi,91.4000,83.0,8.4000
2026-05-16,ny,consensus,80.3660,80.0,0.3660
2026-05-16,ny,google-weather,78.2600,80.0,1.7400
2026-05-16,ny,openweathermap,77.8800,80.0,2.1200
2026-05-16,ny,pirateweather,79.7900,80.0,0.2100
2026-05-16,ny,tomorrow,81.2300,80.0,1.2300
2026-05-16,ny,visual-crossing,80.0000,80.0,0.0000
2026-05-16,ny,weather.gov,81.0000,80.0,1.0000
2026-05-16,ny,weatherapi,86.4000,80.0,6.4000
2026-05-16,tx,consensus,89.6122,91.0,1.3878
2026-05-16,tx,google-weather,88.5200,91.0,2.4800
2026-05-16,tx,open-meteo,87.3000,91.0,3.7000
2026-05-16,tx,openweathermap,90.2500,91.0,0.7500
2026-05-16,tx,pirateweather,90.7700,91.0,0.2300
2026-05-16,tx,tomorrow,87.1700,91.0,3.8300
2026-05-16,tx,visual-crossing,90.9000,91.0,0.1000
2026-05-16,tx,weather.gov,91.0000,91.0,0.0000
2026-05-16,tx,weatherapi,94.1000,91.0,3.1000
2026-05-17,fl,consensus,84.4366,87.0,2.5634
2026-05-17,fl,google-weather,84.9200,87.0,2.0800
2026-05-17,fl,open-meteo,85.9000,87.0,1.1000
2026-05-17,fl,openweathermap,86.8500,87.0,0.1500
2026-05-17,fl,pirateweather,82.8500,87.0,4.1500
2026-05-17,fl,tomorrow,85.3000,87.0,1.7000
2026-05-17,fl,visual-crossing,83.0000,87.0,4.0000
2026-05-17,fl,weather.gov,84.0000,87.0,3.0000
2026-05-17,fl,weatherapi,87.8000,87.0,0.8000
2026-05-17,il,consensus,87.0009,87.0,0.0009
2026-05-17,il,google-weather,85.2800,87.0,1.7200
2026-05-17,il,open-meteo,87.6000,87.0,0.6000
2026-05-17,il,openweathermap,84.6100,87.0,2.3900
2026-05-17,il,pirateweather,86.8100,87.0,0.1900
2026-05-17,il,tomorrow,88.3200,87.0,1.3200
2026-05-17,il,visual-crossing,85.0000,87.0,2.0000
2026-05-17,il,weather.gov,85.0000,87.0,2.0000
2026-05-17,il,weatherapi,93.2000,87.0,6.2000
2026-05-17,ny,consensus,89.2741,87.0,2.2741
2026-05-17,ny,google-weather,87.9800,87.0,0.9800
2026-05-17,ny,openweathermap,87.3900,87.0,0.3900
2026-05-17,ny,pirateweather,89.5100,87.0,2.5100
2026-05-17,ny,tomorrow,89.9400,87.0,2.9400
2026-05-17,ny,visual-crossing,88.1000,87.0,1.1000
2026-05-17,ny,weather.gov,89.0000,87.0,2.0000
2026-05-17,ny,weatherapi,94.6000,87.0,7.6000
2026-05-17,tx,consensus,88.9033,89.0,0.0967
2026-05-17,tx,google-weather,84.3800,89.0,4.6200
2026-05-17,tx,open-meteo,88.2000,89.0,0.8000
2026-05-17,tx,openweathermap,87.2600,89.0,1.7400
2026-05-17,tx,pirateweather,89.5100,89.0,0.5100
2026-05-17,tx,tomorrow,88.3800,89.0,0.6200
2026-05-17,tx,visual-crossing,88.6000,89.0,0.4000
2026-05-17,tx,weather.gov,91.0000,89.0,2.0000
2026-05-17,tx,weatherapi,92.5000,89.0,3.5000
2026-05-18,fl,consensus,84.7068,87.0,2.2932
2026-05-18,fl,google-weather,84.0200,87.0,2.9800
2026-05-18,fl,open-meteo,82.2000,87.0,4.8000
2026-05-18,fl,openweathermap,85.5500,87.0,1.4500
2026-05-18,fl,pirateweather,82.8500,87.0,4.1500
2026-05-18,fl,tomorrow,82.0900,87.0,4.9100
2026-05-18,fl,visual-crossing,83.0000,87.0,4.0000
2026-05-18,fl,weather.gov,84.0000,87.0,3.0000
2026-05-18,fl,weatherapi,88.7000,87.0,1.7000
2026-05-18,il,consensus,81.5777,80.0,1.5777
2026-05-18,il,google-weather,75.7400,80.0,4.2600
2026-05-18,il,open-meteo,83.6000,80.0,3.6000
2026-05-18,il,openweathermap,84.4200,80.0,4.4200
2026-05-18,il,pirateweather,81.2300,80.0,1.2300
2026-05-18,il,tomorrow,82.4400,80.0,2.4400
2026-05-18,il,visual-crossing,79.1000,80.0,0.9000
2026-05-18,il,weather.gov,81.0000,80.0,1.0000
2026-05-18,il,weatherapi,84.9000,80.0,4.9000
2026-05-18,ny,consensus,87.3475,88.0,0.6525
2026-05-18,ny,google-weather,86.1800,88.0,1.8200
2026-05-18,ny,openweathermap,88.5000,88.0,0.5000
2026-05-18,ny,pirateweather,86.2700,88.0,1.7300
2026-05-18,ny,tomorrow,89.1900,88.0,1.1900
2026-05-18,ny,visual-crossing,87.0000,88.0,1.0000
2026-05-18,ny,weather.gov,90.0000,88.0,2.0000
2026-05-18,ny,weatherapi,93.2000,88.0,5.2000
2026-05-18,tx,consensus,90.9085,92.0,1.0915
2026-05-18,tx,google-weather,88.8800,92.0,3.1200
2026-05-18,tx,open-meteo,89.4000,92.0,2.6000
2026-05-18,tx,openweathermap,91.1100,92.0,0.8900
2026-05-18,tx,pirateweather,90.9500,92.0,1.0500
2026-05-18,tx,tomorrow,88.9500,92.0,3.0500
2026-05-18,tx,visual-crossing,92.0000,92.0,0.0000
2026-05-18,tx,weather.gov,92.0000,92.0,0.0000
2026-05-18,tx,weatherapi,90.3000,92.0,1.7000
2026-05-19,fl,consensus,83.4838,87.0,3.5162
2026-05-19,fl,google-weather,84.3800,87.0,2.6200
2026-05-19,fl,open-meteo,85.4000,87.0,1.6000
2026-05-19,fl,openweathermap,85.1900,87.0,1.8100
2026-05-19,fl,pirateweather,81.9500,87.0,5.0500
2026-05-19,fl,tomorrow,85.3000,87.0,1.7000
2026-05-19,fl,visual-crossing,83.0000,87.0,4.0000
2026-05-19,fl,weather.gov,84.0000,87.0,3.0000
2026-05-19,fl,weatherapi,83.8000,87.0,3.2000
2026-05-19,il,consensus,79.9764,79.0,0.9764
2026-05-19,il,google-weather,76.6400,79.0,2.3600
2026-05-19,il,open-meteo,80.8000,79.0,1.8000
2026-05-19,il,openweathermap,74.4300,79.0,4.5700
2026-05-19,il,pirateweather,79.0700,79.0,0.0700
2026-05-19,il,tomorrow,80.6000,79.0,1.6000
2026-05-19,il,visual-crossing,79.1000,79.0,0.1000
2026-05-19,il,weather.gov,78.0000,79.0,1.0000
2026-05-19,il,weatherapi,86.0000,79.0,7.0000
2026-05-19,ny,consensus,95.2194,93.0,2.2194
2026-05-19,ny,google-weather,94.4600,93.0,1.4600
2026-05-19,ny,openweathermap,92.0500,93.0,0.9500
2026-05-19,ny,pirateweather,94.3700,93.0,1.3700
2026-05-19,ny,tomorrow,97.7700,93.0,4.7700
2026-05-19,ny,visual-crossing,94.9000,93.0,1.9000
2026-05-19,ny,weather.gov,96.0000,93.0,3.0000
2026-05-19,ny,weatherapi,102.7000,93.0,9.7000
2026-05-19,tx,consensus,89.3369,92.0,2.6631
2026-05-19,tx,google-weather,86.0000,92.0,6.0000
2026-05-19,tx,open-meteo,88.3000,92.0,3.7000
2026-05-19,tx,openweathermap,89.8000,92.0,2.2000
2026-05-19,tx,pirateweather,89.1500,92.0,2.8500
2026-05-19,tx,tomorrow,87.8900,92.0,4.1100
2026-05-19,tx,visual-crossing,90.1000,92.0,1.9000
2026-05-19,tx,weather.gov,91.0000,92.0,1.0000
2026-05-19,tx,weatherapi,90.7000,92.0,1.3000
2026-05-20,fl,consensus,83.9861,88.0,4.0139
2026-05-20,fl,google-weather,85.6400,88.0,2.3600
2026-05-20,fl,open-meteo,85.8000,88.0,2.2000
2026-05-20,fl,openweathermap,87.0600,88.0,0.9400
2026-05-20,fl,pirateweather,83.2100,88.0,4.7900
2026-05-20,fl,tomorrow,85.7800,88.0,2.2200
2026-05-20,fl,visual-crossing,83.0000,88.0,5.0000
2026-05-20,fl,weatherapi,84.3000,88.0,3.7000
2026-05-20,il,consensus,62.1523,61.0,1.1523
2026-05-20,il,google-weather,58.8200,61.0,2.1800
2026-05-20,il,open-meteo,69.3000,61.0,8.3000
2026-05-20,il,openweathermap,59.9200,61.0,1.0800
2026-05-20,il,pirateweather,61.6100,61.0,0.6100
2026-05-20,il,tomorrow,60.4400,61.0,0.5600
2026-05-20,il,visual-crossing,62.1000,61.0,1.1000
2026-05-20,il,weather.gov,58.0000,61.0,3.0000
2026-05-20,il,weatherapi,56.6000,61.0,4.4000
2026-05-20,ny,consensus,92.7346,92.0,0.7346
2026-05-20,ny,google-weather,93.0200,92.0,1.0200
2026-05-20,ny,open-meteo,94.2000,92.0,2.2000
2026-05-20,ny,openweathermap,91.2700,92.0,0.7300
2026-05-20,ny,pirateweather,90.7700,92.0,1.2300
2026-05-20,ny,tomorrow,93.9900,92.0,1.9900
2026-05-20,ny,visual-crossing,90.9000,92.0,1.1000
2026-05-20,ny,weather.gov,93.0000,92.0,1.0000
2026-05-20,ny,weatherapi,92.2000,92.0,0.2000
2026-05-20,tx,consensus,81.6802,85.0,3.3198
2026-05-20,tx,google-weather,79.3400,85.0,5.6600
2026-05-20,tx,open-meteo,87.2000,85.0,2.2000
2026-05-20,tx,openweathermap,81.9300,85.0,3.0700
2026-05-20,tx,pirateweather,80.8700,85.0,4.1300
2026-05-20,tx,tomorrow,80.0100,85.0,4.9900
2026-05-20,tx,visual-crossing,81.9000,85.0,3.1000
2026-05-20,tx,weatherapi,84.7000,85.0,0.3000
2026-05-21,fl,consensus,85.2351,89.0,3.7649
2026-05-21,fl,google-weather,86.1800,89.0,2.8200
2026-05-21,fl,open-meteo,87.0000,89.0,2.0000
2026-05-21,fl,openweathermap,87.2400,89.0,1.7600
2026-05-21,fl,pirateweather,84.4700,89.0,4.5300
2026-05-21,fl,tomorrow,87.0300,89.0,1.9700
2026-05-21,fl,visual-crossing,83.9000,89.0,5.1000
2026-05-21,fl,weather.gov,85.0000,89.0,4.0000
2026-05-21,fl,weatherapi,91.6000,89.0,2.6000
2026-05-21,il,consensus,61.0317,61.0,0.0317
2026-05-21,il,google-weather,57.9200,61.0,3.0800
2026-05-21,il,open-meteo,61.7000,61.0,0.7000
2026-05-21,il,openweathermap,64.7800,61.0,3.7800
2026-05-21,il,pirateweather,60.3500,61.0,0.6500
2026-05-21,il,tomorrow,61.2300,61.0,0.2300
2026-05-21,il,visual-crossing,61.1000,61.0,0.1000
2026-05-21,il,weather.gov,62.0000,61.0,1.0000
2026-05-21,il,weatherapi,67.5000,61.0,6.5000
2026-05-21,ny,consensus,69.6396,66.0,3.6396
2026-05-21,ny,google-weather,63.6800,66.0,2.3200
2026-05-21,ny,open-meteo,75.0000,66.0,9.0000
2026-05-21,ny,openweathermap,63.6800,66.0,2.3200
2026-05-21,ny,pirateweather,70.9700,66.0,4.9700
2026-05-21,ny,tomorrow,63.4300,66.0,2.5700
2026-05-21,ny,visual-crossing,67.0000,66.0,1.0000
2026-05-21,ny,weather.gov,64.0000,66.0,2.0000
2026-05-21,ny,weatherapi,64.6000,66.0,1.4000
2026-05-21,tx,consensus,80.2442,83.0,2.7558
2026-05-21,tx,google-weather,81.1400,83.0,1.8600
2026-05-21,tx,open-meteo,82.1000,83.0,0.9000
2026-05-21,tx,openweathermap,83.8900,83.0,0.8900
2026-05-21,tx,pirateweather,76.9100,83.0,6.0900
2026-05-21,tx,tomorrow,81.4500,83.0,1.5500
2026-05-21,tx,visual-crossing,80.0000,83.0,3.0000
2026-05-21,tx,weather.gov,81.0000,83.0,2.0000
2026-05-21,tx,weatherapi,80.2000,83.0,2.8000
2026-05-22,fl,consensus,85.8254,89.0,3.1746
2026-05-22,fl,google-weather,86.1800,89.0,2.8200
2026-05-22,fl,open-meteo,87.4000,89.0,1.6000
2026-05-22,fl,openweathermap,87.2400,89.0,1.7600
2026-05-22,fl,pirateweather,84.2900,89.0,4.7100
2026-05-22,fl,tomorrow,87.2100,89.0,1.7900
2026-05-22,fl,visual-crossing,85.0000,89.0,4.0000
2026-05-22,fl,weather.gov,86.0000,89.0,3.0000
2026-05-22,fl,weatherapi,88.0000,89.0,1.0000
2026-05-22,il,consensus,66.4935,67.0,0.5065
2026-05-22,il,google-weather,65.1200,67.0,1.8800
2026-05-22,il,open-meteo,71.2000,67.0,4.2000
2026-05-22,il,openweathermap,70.1100,67.0,3.1100
2026-05-22,il,pirateweather,64.1300,67.0,2.8700
2026-05-22,il,tomorrow,68.2200,67.0,1.2200
2026-05-22,il,visual-crossing,65.9000,67.0,1.1000
2026-05-22,il,weather.gov,67.0000,67.0,0.0000
2026-05-22,il,weatherapi,77.2000,67.0,10.2000
2026-05-22,ny,consensus,66.7003,68.0,1.2997
2026-05-22,ny,google-weather,65.6600,68.0,2.3400
2026-05-22,ny,openweathermap,68.1300,68.0,0.1300
2026-05-22,ny,pirateweather,65.2100,68.0,2.7900
2026-05-22,ny,tomorrow,69.6200,68.0,1.6200
2026-05-22,ny,visual-crossing,65.9000,68.0,2.1000
2026-05-22,ny,weather.gov,69.0000,68.0,1.0000
2026-05-22,ny,weatherapi,74.1000,68.0,6.1000
2026-05-22,tx,consensus,86.7788,88.0,1.2212
2026-05-22,tx,google-weather,86.3600,88.0,1.6400
2026-05-22,tx,open-meteo,87.3000,88.0,0.7000
2026-05-22,tx,openweathermap,87.5500,88.0,0.4500
2026-05-22,tx,pirateweather,84.2900,88.0,3.7100
2026-05-22,tx,tomorrow,85.9600,88.0,2.0400
2026-05-22,tx,visual-crossing,87.0000,88.0,1.0000
2026-05-22,tx,weather.gov,87.0000,88.0,1.0000
2026-05-22,tx,weatherapi,91.8000,88.0,3.8000
2026-05-23,fl,consensus,85.5907,89.0,3.4093
2026-05-23,fl,google-weather,86.1800,89.0,2.8200
2026-05-23,fl,open-meteo,87.2000,89.0,1.8000
2026-05-23,fl,openweathermap,87.5500,89.0,1.4500
2026-05-23,fl,pirateweather,84.4700,89.0,4.5300
2026-05-23,fl,tomorrow,87.2400,89.0,1.7600
2026-05-23,fl,visual-crossing,85.0000,89.0,4.0000
2026-05-23,fl,weather.gov,86.0000,89.0,3.0000
2026-05-23,fl,weatherapi,87.4000,89.0,1.6000
2026-05-23,il,consensus,68.1160,70.0,1.8840
2026-05-23,il,google-weather,67.8200,70.0,2.1800
2026-05-23,il,open-meteo,65.5000,70.0,4.5000
2026-05-23,il,openweathermap,73.3600,70.0,3.3600
2026-05-23,il,pirateweather,71.3300,70.0,1.3300
2026-05-23,il,tomorrow,64.7100,70.0,5.2900
2026-05-23,il,visual-crossing,67.9000,70.0,2.1000
2026-05-23,il,weather.gov,70.0000,70.0,0.0000
2026-05-23,il,weatherapi,78.4000,70.0,8.4000
2026-05-23,ny,consensus,58.3009,57.0,1.3009
2026-05-23,ny,google-weather,56.1200,57.0,0.8800
2026-05-23,ny,openweathermap,54.5200,57.0,2.4800
2026-05-23,ny,pirateweather,58.3700,57.0,1.3700
2026-05-23,ny,tomorrow,56.2300,57.0,0.7700
2026-05-23,ny,visual-crossing,58.9000,57.0,1.9000
2026-05-23,ny,weather.gov,60.0000,57.0,3.0000
2026-05-23,ny,weatherapi,59.7000,57.0,2.7000
2026-05-23,tx,consensus,85.6261,84.0,1.6261
2026-05-23,tx,google-weather,80.6000,84.0,3.4000
2026-05-23,tx,open-meteo,86.9000,84.0,2.9000
2026-05-23,tx,openweathermap,85.2300,84.0,1.2300
2026-05-23,tx,pirateweather,83.2100,84.0,0.7900
2026-05-23,tx,tomorrow,86.8300,84.0,2.8300
2026-05-23,tx,visual-crossing,83.0000,84.0,1.0000
2026-05-23,tx,weather.gov,85.0000,84.0,1.0000
2026-05-23,tx,weatherapi,94.1000,84.0,10.1000
2026-05-24,fl,consensus,84.5973,89.0,4.4027
2026-05-24,fl,google-weather,86.1800,89.0,2.8200
2026-05-24,fl,open-meteo,86.3000,89.0,2.7000
2026-05-24,fl,openweathermap,88.7400,89.0,0.2600
2026-05-24,fl,pirateweather,84.1100,89.0,4.8900
2026-05-24,fl,tomorrow,86.2500,89.0,2.7500
2026-05-24,fl,visual-crossing,83.9000,89.0,5.1000
2026-05-24,fl,weather.gov,86.0000,89.0,3.0000
2026-05-24,fl,weatherapi,88.3000,89.0,0.7000
2026-05-24,il,consensus,75.9433,74.0,1.9433
2026-05-24,il,google-weather,74.4800,74.0,0.4800
2026-05-24,il,open-meteo,75.0000,74.0,1.0000
2026-05-24,il,openweathermap,77.1800,74.0,3.1800
2026-05-24,il,pirateweather,76.9100,74.0,2.9100
2026-05-24,il,tomorrow,74.6100,74.0,0.6100
2026-05-24,il,visual-crossing,76.0000,74.0,2.0000
2026-05-24,il,weather.gov,78.0000,74.0,4.0000
2026-05-24,il,weatherapi,79.0000,74.0,5.0000
2026-05-24,ny,consensus,57.8627,56.0,1.8627
2026-05-24,ny,google-weather,56.4800,56.0,0.4800
2026-05-24,ny,openweathermap,54.6600,56.0,1.3400
2026-05-24,ny,pirateweather,59.2700,56.0,3.2700
2026-05-24,ny,tomorrow,56.5300,56.0,0.5300
2026-05-24,ny,visual-crossing,58.0000,56.0,2.0000
2026-05-24,ny,weather.gov,58.0000,56.0,2.0000
2026-05-24,ny,weatherapi,55.8000,56.0,0.2000
2026-05-24,tx,consensus,87.6126,89.0,1.3874
2026-05-24,tx,google-weather,88.5200,89.0,0.4800
2026-05-24,tx,open-meteo,88.5000,89.0,0.5000
2026-05-24,tx,openweathermap,88.9500,89.0,0.0500
2026-05-24,tx,pirateweather,86.2700,89.0,2.7300
2026-05-24,tx,tomorrow,87.8000,89.0,1.2000
2026-05-24,tx,visual-crossing,85.9000,89.0,3.1000
2026-05-24,tx,weather.gov,86.0000,89.0,3.0000
2026-05-24,tx,weatherapi,94.5000,89.0,5.5000
2026-05-25,fl,consensus,85.6288,88.0,2.3712
2026-05-25,fl,google-weather,86.3600,88.0,1.6400
2026-05-25,fl,open-meteo,86.2000,88.0,1.8000
2026-05-25,fl,openweathermap,89.0800,88.0,1.0800
2026-05-25,fl,pirateweather,84.4700,88.0,3.5300
2026-05-25,fl,tomorrow,86.2200,88.0,1.7800
2026-05-25,fl,visual-crossing,85.0000,88.0,3.0000
2026-05-25,fl,weather.gov,86.0000,88.0,2.0000
2026-05-25,fl,weatherapi,89.1000,88.0,1.1000
2026-05-25,il,consensus,82.9618,84.0,1.0382
2026-05-25,il,google-weather,84.2000,84.0,0.2000
2026-05-25,il,open-meteo,85.6000,84.0,1.6000
2026-05-25,il,openweathermap,84.0200,84.0,0.0200
2026-05-25,il,pirateweather,83.3900,84.0,0.6100
2026-05-25,il,tomorrow,85.2300,84.0,1.2300
2026-05-25,il,visual-crossing,81.9000,84.0,2.1000
2026-05-25,il,weather.gov,83.0000,84.0,1.0000
2026-05-25,il,weatherapi,90.0000,84.0,6.0000
2026-05-25,ny,consensus,72.4230,73.0,0.5770
2026-05-25,ny,google-weather,72.5000,73.0,0.5000
2026-05-25,ny,open-meteo,73.1000,73.0,0.1000
2026-05-25,ny,openweathermap,78.5300,73.0,5.5300
2026-05-25,ny,pirateweather,73.4900,73.0,0.4900
2026-05-25,ny,tomorrow,73.7400,73.0,0.7400
2026-05-25,ny,visual-crossing,72.1000,73.0,0.9000
2026-05-25,ny,weather.gov,73.0000,73.0,0.0000
2026-05-25,ny,weatherapi,74.5000,73.0,1.5000
2026-05-25,tx,consensus,87.8136,89.0,1.1864
2026-05-25,tx,google-weather,86.7200,89.0,2.2800
2026-05-25,tx,open-meteo,87.0000,89.0,2.0000
2026-05-25,tx,openweathermap,86.9500,89.0,2.0500
2026-05-25,tx,pirateweather,88.2500,89.0,0.7500
2026-05-25,tx,tomorrow,87.1700,89.0,1.8300
2026-05-25,tx,visual-crossing,89.0000,89.0,0.0000
2026-05-25,tx,weather.gov,88.0000,89.0,1.0000
2026-05-25,tx,weatherapi,94.1000,89.0,5.1000
2026-05-26,fl,consensus,85.4517,88.0,2.5483
2026-05-26,fl,google-weather,86.5400,88.0,1.4600
2026-05-26,fl,openweathermap,86.0500,88.0,1.9500
2026-05-26,fl,pirateweather,84.6500,88.0,3.3500
2026-05-26,fl,tomorrow,86.3400,88.0,1.6600
2026-05-26,fl,visual-crossing,85.0000,88.0,3.0000
2026-05-26,fl,weather.gov,86.0000,88.0,2.0000
2026-05-26,fl,weatherapi,88.3000,88.0,0.3000
2026-05-26,il,consensus,85.2038,83.0,2.2038
2026-05-26,il,google-weather,84.0200,83.0,1.0200
2026-05-26,il,openweathermap,85.8000,83.0,2.8000
2026-05-26,il,pirateweather,85.7300,83.0,2.7300
2026-05-26,il,tomorrow,86.8300,83.0,3.8300
2026-05-26,il,visual-crossing,83.9000,83.0,0.9000
2026-05-26,il,weather.gov,85.0000,83.0,2.0000
2026-05-26,il,weatherapi,92.5000,83.0,9.5000
2026-05-26,ny,consensus,79.5671,79.0,0.5671
2026-05-26,ny,google-weather,79.7000,79.0,0.7000
2026-05-26,ny,openweathermap,78.6900,79.0,0.3100
2026-05-26,ny,pirateweather,78.8900,79.0,0.1100
2026-05-26,ny,tomorrow,81.8600,79.0,2.8600
2026-05-26,ny,visual-crossing,79.1000,79.0,0.1000
2026-05-26,ny,weather.gov,80.0000,79.0,1.0000
2026-05-26,ny,weatherapi,87.6000,79.0,8.6000
2026-05-26,tx,consensus,87.7051,88.0,0.2949
2026-05-26,tx,google-weather,85.2800,88.0,2.7200
2026-05-26,tx,openweathermap,89.6400,88.0,1.6400
2026-05-26,tx,pirateweather,87.8900,88.0,0.1100
2026-05-26,tx,tomorrow,87.4400,88.0,0.5600
2026-05-26,tx,visual-crossing,89.0000,88.0,1.0000
2026-05-26,tx,weather.gov,89.0000,88.0,1.0000
2026-05-26,tx,weatherapi,90.1000,88.0,2.1000
2026-05-27,fl,consensus,85.7795,89.0,3.2205
2026-05-27,fl,google-weather,86.0000,89.0,3.0000
2026-05-27,fl,open-meteo,86.7000,89.0,2.3000
2026-05-27,fl,openweathermap,87.5800,89.0,1.4200
2026-05-27,fl,pirateweather,84.2900,89.0,4.7100
2026-05-27,fl,tomorrow,86.8600,89.0,2.1400
2026-05-27,fl,visual-crossing,85.0000,89.0,4.0000
2026-05-27,fl,weather.gov,86.0000,89.0,3.0000
2026-05-27,fl,weatherapi,88.3000,89.0,0.7000
2026-05-27,il,consensus,82.0041,82.0,0.0041
2026-05-27,il,google-weather,81.8600,82.0,0.1400
2026-05-27,il,open-meteo,82.1000,82.0,0.1000
2026-05-27,il,openweathermap,85.3200,82.0,3.3200
2026-05-27,il,pirateweather,84.8300,82.0,2.8300
2026-05-27,il,tomorrow,80.8200,82.0,1.1800
2026-05-27,il,visual-crossing,81.1000,82.0,0.9000
2026-05-27,il,weather.gov,82.0000,82.0,0.0000
2026-05-27,il,weatherapi,90.3000,82.0,8.3000
2026-05-27,ny,consensus,84.4859,81.0,3.4859
2026-05-27,ny,google-weather,84.5600,81.0,3.5600
2026-05-27,ny,open-meteo,87.5000,81.0,6.5000
2026-05-27,ny,openweathermap,82.5300,81.0,1.5300
2026-05-27,ny,pirateweather,83.7500,81.0,2.7500
2026-05-27,ny,tomorrow,88.1100,81.0,7.1100
2026-05-27,ny,visual-crossing,83.9000,81.0,2.9000
2026-05-27,ny,weather.gov,85.0000,81.0,4.0000
2026-05-27,ny,weatherapi,92.7000,81.0,11.7000
2026-05-27,tx,consensus,79.7140,77.0,2.7140
2026-05-27,tx,google-weather,80.2400,77.0,3.2400
2026-05-27,tx,open-meteo,82.9000,77.0,5.9000
2026-05-27,tx,openweathermap,84.1800,77.0,7.1800
2026-05-27,tx,pirateweather,81.2300,77.0,4.2300
2026-05-27,tx,tomorrow,78.0100,77.0,1.0100
2026-05-27,tx,visual-crossing,81.1000,77.0,4.1000
2026-05-27,tx,weather.gov,82.0000,77.0,5.0000
2026-05-27,tx,weatherapi,84.0000,77.0,7.0000
2026-05-28,fl,consensus,85.6649,86.0,0.3351
2026-05-28,fl,google-weather,84.9200,86.0,1.0800
2026-05-28,fl,open-meteo,83.8000,86.0,2.2000
2026-05-28,fl,openweathermap,88.2300,86.0,2.2300
2026-05-28,fl,pirateweather,82.8500,86.0,3.1500
2026-05-28,fl,tomorrow,82.8700,86.0,3.1300
2026-05-28,fl,visual-crossing,83.9000,86.0,2.1000
2026-05-28,fl,weather.gov,85.0000,86.0,1.0000
2026-05-28,fl,weatherapi,91.2000,86.0,5.2000
2026-05-28,il,consensus,72.9672,72.0,0.9672
2026-05-28,il,google-weather,69.8000,72.0,2.2000
2026-05-28,il,open-meteo,77.5000,72.0,5.5000
2026-05-28,il,openweathermap,74.8800,72.0,2.8800
2026-05-28,il,pirateweather,71.5100,72.0,0.4900
2026-05-28,il,tomorrow,73.1100,72.0,1.1100
2026-05-28,il,visual-crossing,70.1000,72.0,1.9000
2026-05-28,il,weather.gov,71.0000,72.0,1.0000
2026-05-28,il,weatherapi,80.4000,72.0,8.4000
2026-05-28,ny,consensus,77.7248,75.0,2.7248
2026-05-28,ny,google-weather,74.8400,75.0,0.1600
2026-05-28,ny,openweathermap,73.0400,75.0,1.9600
2026-05-28,ny,pirateweather,76.0100,75.0,1.0100
2026-05-28,ny,tomorrow,76.1900,75.0,1.1900
2026-05-28,ny,visual-crossing,77.9000,75.0,2.9000
2026-05-28,ny,weather.gov,76.0000,75.0,1.0000
2026-05-28,ny,weatherapi,76.8000,75.0,1.8000
2026-05-28,tx,consensus,87.5923,90.0,2.4077
2026-05-28,tx,google-weather,89.4200,90.0,0.5800
2026-05-28,tx,open-meteo,86.6000,90.0,3.4000
2026-05-28,tx,openweathermap,88.8800,90.0,1.1200
2026-05-28,tx,pirateweather,86.2700,90.0,3.7300
2026-05-28,tx,tomorrow,85.4400,90.0,4.5600
2026-05-28,tx,visual-crossing,90.1000,90.0,0.1000
2026-05-28,tx,weather.gov,90.0000,90.0,0.0000
2026-05-28,tx,weatherapi,93.2000,90.0,3.2000
2026-05-29,fl,consensus,85.6829,92.0,6.3171
2026-05-29,fl,google-weather,87.2600,92.0,4.7400
2026-05-29,fl,open-meteo,83.9000,92.0,8.1000
2026-05-29,fl,openweathermap,88.2300,92.0,3.7700
2026-05-29,fl,pirateweather,83.5700,92.0,8.4300
2026-05-29,fl,tomorrow,83.8800,92.0,8.1200
2026-05-29,fl,visual-crossing,83.9000,92.0,8.1000
2026-05-29,fl,weather.gov,86.0000,92.0,6.0000
2026-05-29,fl,weatherapi,89.2000,92.0,2.8000
2026-05-29,il,consensus,81.1502,84.0,2.8498
2026-05-29,il,google-weather,80.2400,84.0,3.7600
2026-05-29,il,open-meteo,83.0000,84.0,1.0000
2026-05-29,il,openweathermap,83.7700,84.0,0.2300
2026-05-29,il,pirateweather,82.8500,84.0,1.1500
2026-05-29,il,tomorrow,82.5100,84.0,1.4900
2026-05-29,il,visual-crossing,79.1000,84.0,4.9000
2026-05-29,il,weather.gov,82.0000,84.0,2.0000
2026-05-29,il,weatherapi,92.7000,84.0,8.7000
2026-05-29,ny,consensus,78.9338,75.0,3.9338
2026-05-29,ny,google-weather,76.6400,75.0,1.6400
2026-05-29,ny,open-meteo,78.5000,75.0,3.5000
2026-05-29,ny,openweathermap,79.8400,75.0,4.8400
2026-05-29,ny,pirateweather,77.9900,75.0,2.9900
2026-05-29,ny,tomorrow,78.3300,75.0,3.3300
2026-05-29,ny,visual-crossing,79.1000,75.0,4.1000
2026-05-29,ny,weather.gov,79.0000,75.0,4.0000
2026-05-29,ny,weatherapi,83.7000,75.0,8.7000
2026-05-29,tx,consensus,91.2877,91.0,0.2877
2026-05-29,tx,google-weather,90.5000,91.0,0.5000
2026-05-29,tx,open-meteo,90.3000,91.0,0.7000
2026-05-29,tx,openweathermap,92.7700,91.0,1.7700
2026-05-29,tx,pirateweather,92.2100,91.0,1.2100
2026-05-29,tx,tomorrow,89.2400,91.0,1.7600
2026-05-29,tx,visual-crossing,92.0000,91.0,1.0000
2026-05-29,tx,weather.gov,92.0000,91.0,1.0000
2026-05-29,tx,weatherapi,96.3000,91.0,5.3000
2026-05-30,fl,consensus,86.6903,87.0,0.3097
2026-05-30,fl,google-weather,85.8200,87.0,1.1800
2026-05-30,fl,open-meteo,86.4000,87.0,0.6000
2026-05-30,fl,openweathermap,82.7800,87.0,4.2200
2026-05-30,fl,pirateweather,84.2900,87.0,2.7100
2026-05-30,fl,tomorrow,84.8800,87.0,2.1200
2026-05-30,fl,visual-crossing,85.0000,87.0,2.0000
2026-05-30,fl,weather.gov,86.0000,87.0,1.0000
2026-05-30,fl,weatherapi,90.3000,87.0,3.3000
2026-05-30,il,consensus,75.7164,74.0,1.7164
2026-05-30,il,google-weather,71.0600,74.0,2.9400
2026-05-30,il,open-meteo,79.1000,74.0,5.1000
2026-05-30,il,openweathermap,74.2600,74.0,0.2600
2026-05-30,il,pirateweather,74.2100,74.0,0.2100
2026-05-30,il,tomorrow,77.2900,74.0,3.2900
2026-05-30,il,visual-crossing,72.9000,74.0,1.1000
2026-05-30,il,weather.gov,74.0000,74.0,0.0000
2026-05-30,il,weatherapi,82.2000,74.0,8.2000
2026-05-30,ny,consensus,69.5750,69.0,0.5750
2026-05-30,ny,google-weather,61.8800,69.0,7.1200
2026-05-30,ny,open-meteo,75.2000,69.0,6.2000
2026-05-30,ny,openweathermap,59.1100,69.0,9.8900
2026-05-30,ny,pirateweather,70.7900,69.0,1.7900
2026-05-30,ny,tomorrow,62.3800,69.0,6.6200
2026-05-30,ny,visual-crossing,70.5000,69.0,1.5000
2026-05-30,ny,weather.gov,63.0000,69.0,6.0000
2026-05-30,ny,weatherapi,66.0000,69.0,3.0000
2026-05-30,tx,consensus,89.9476,89.0,0.9476
2026-05-30,tx,google-weather,87.8000,89.0,1.2000
2026-05-30,tx,open-meteo,88.8000,89.0,0.2000
2026-05-30,tx,openweathermap,93.2200,89.0,4.2200
2026-05-30,tx,pirateweather,90.9500,89.0,1.9500
2026-05-30,tx,tomorrow,88.4300,89.0,0.5700
2026-05-30,tx,visual-crossing,90.1000,89.0,1.1000
2026-05-30,tx,weather.gov,91.0000,89.0,2.0000
2026-05-30,tx,weatherapi,95.9000,89.0,6.9000
2026-05-31,fl,consensus,86.7076,95.0,8.2924
2026-05-31,fl,google-weather,88.5200,95.0,6.4800
2026-05-31,fl,open-meteo,86.2000,95.0,8.8000
2026-05-31,fl,openweathermap,88.1200,95.0,6.8800
2026-05-31,fl,pirateweather,85.3700,95.0,9.6300
2026-05-31,fl,tomorrow,86.1400,95.0,8.8600
2026-05-31,fl,visual-crossing,85.0000,95.0,10.0000
2026-05-31,fl,weather.gov,87.0000,95.0,8.0000
2026-05-31,fl,weatherapi,92.7000,95.0,2.3000
2026-05-31,il,consensus,74.8770,74.0,0.8770
2026-05-31,il,google-weather,71.2400,74.0,2.7600
2026-05-31,il,open-meteo,76.4000,74.0,2.4000
2026-05-31,il,openweathermap,74.3500,74.0,0.3500
2026-05-31,il,pirateweather,74.0300,74.0,0.0300
2026-05-31,il,tomorrow,75.7800,74.0,1.7800
2026-05-31,il,visual-crossing,74.0000,74.0,0.0000
2026-05-31,il,weather.gov,76.0000,74.0,2.0000
2026-05-31,il,weatherapi,78.3000,74.0,4.3000
2026-05-31,ny,consensus,75.1674,75.0,0.1674
2026-05-31,ny,google-weather,76.2800,75.0,1.2800
2026-05-31,ny,openweathermap,76.6400,75.0,1.6400
2026-05-31,ny,pirateweather,75.2900,75.0,0.2900
2026-05-31,ny,tomorrow,76.5100,75.0,1.5100
2026-05-31,ny,visual-crossing,74.9000,75.0,0.1000
2026-05-31,ny,weather.gov,76.0000,75.0,1.0000
2026-05-31,ny,weatherapi,76.6000,75.0,1.6000
2026-05-31,tx,consensus,91.2328,90.0,1.2328
2026-05-31,tx,google-weather,90.1400,90.0,0.1400
2026-05-31,tx,open-meteo,90.3000,90.0,0.3000
2026-05-31,tx,openweathermap,89.8200,90.0,0.1800
2026-05-31,tx,pirateweather,92.2100,90.0,2.2100
2026-05-31,tx,tomorrow,89.6900,90.0,0.3100
2026-05-31,tx,visual-crossing,92.9000,90.0,2.9000
2026-05-31,tx,weather.gov,92.0000,90.0,2.0000
2026-05-31,tx,weatherapi,95.7000,90.0,5.7000
2026-06-01,fl,consensus,87.1481,94.0,6.8519
2026-06-01,fl,google-weather,88.5200,94.0,5.4800
2026-06-01,fl,open-meteo,88.2000,94.0,5.8000
2026-06-01,fl,openweathermap,91.9900,94.0,2.0100
2026-06-01,fl,pirateweather,85.0100,94.0,8.9900
2026-06-01,fl,tomorrow,88.1100,94.0,5.8900
2026-06-01,fl,visual-crossing,85.0000,94.0,9.0000
2026-06-01,fl,weather.gov,88.0000,94.0,6.0000
2026-06-01,fl,weatherapi,92.8000,94.0,1.2000
2026-06-01,il,consensus,72.4201,71.0,1.4201
2026-06-01,il,google-weather,70.1600,71.0,0.8400
2026-06-01,il,open-meteo,71.3000,71.0,0.3000
2026-06-01,il,openweathermap,75.8800,71.0,4.8800
2026-06-01,il,pirateweather,70.4300,71.0,0.5700
2026-06-01,il,tomorrow,72.6800,71.0,1.6800
2026-06-01,il,visual-crossing,72.9000,71.0,1.9000
2026-06-01,il,weather.gov,73.0000,71.0,2.0000
2026-06-01,il,weatherapi,73.6000,71.0,2.6000
2026-06-01,ny,consensus,73.1850,71.0,2.1850
2026-06-01,ny,google-weather,70.7000,71.0,0.3000
2026-06-01,ny,open-meteo,75.0000,71.0,4.0000
2026-06-01,ny,openweathermap,71.9100,71.0,0.9100
2026-06-01,ny,pirateweather,71.3300,71.0,0.3300
2026-06-01,ny,tomorrow,71.1100,71.0,0.1100
2026-06-01,ny,visual-crossing,74.0000,71.0,3.0000
2026-06-01,ny,weather.gov,74.0000,71.0,3.0000
2026-06-01,ny,weatherapi,73.0000,71.0,2.0000
2026-06-01,tx,consensus,91.3978,92.0,0.6022
2026-06-01,tx,google-weather,92.8400,92.0,0.8400
2026-06-01,tx,open-meteo,92.2000,92.0,0.2000
2026-06-01,tx,openweathermap,93.6300,92.0,1.6300
2026-06-01,tx,pirateweather,91.3100,92.0,0.6900
2026-06-01,tx,tomorrow,91.7100,92.0,0.2900
2026-06-01,tx,visual-crossing,90.9000,92.0,1.1000
2026-06-01,tx,weather.gov,91.0000,92.0,1.0000
2026-06-01,tx,weatherapi,98.2000,92.0,6.2000
2026-06-02,fl,consensus,88.3250,95.0,6.6750
2026-06-02,fl,google-weather,89.7800,95.0,5.2200
2026-06-02,fl,open-meteo,93.9000,95.0,1.1000
2026-06-02,fl,openweathermap,91.3800,95.0,3.6200
2026-06-02,fl,pirateweather,85.5500,95.0,9.4500
2026-06-02,fl,tomorrow,91.2200,95.0,3.7800
2026-06-02,fl,visual-crossing,85.9000,95.0,9.1000
2026-06-02,fl,weather.gov,87.0000,95.0,8.0000
2026-06-02,fl,weatherapi,90.5000,95.0,4.5000
2026-06-02,il,consensus,74.7911,75.0,0.2089
2026-06-02,il,google-weather,73.4000,75.0,1.6000
2026-06-02,il,open-meteo,74.9000,75.0,0.1000
2026-06-02,il,openweathermap,75.5800,75.0,0.5800
2026-06-02,il,pirateweather,74.0300,75.0,0.9700
2026-06-02,il,tomorrow,75.9700,75.0,0.9700
2026-06-02,il,visual-crossing,74.0000,75.0,1.0000
2026-06-02,il,weather.gov,75.0000,75.0,0.0000
2026-06-02,il,weatherapi,79.3000,75.0,4.3000
2026-06-02,ny,consensus,76.2677,76.0,0.2677
2026-06-02,ny,google-weather,77.3600,76.0,1.3600
2026-06-02,ny,open-meteo,77.0000,76.0,1.0000
2026-06-02,ny,openweathermap,78.4900,76.0,2.4900
2026-06-02,ny,pirateweather,76.1900,76.0,0.1900
2026-06-02,ny,tomorrow,77.1800,76.0,1.1800
2026-06-02,ny,visual-crossing,76.0000,76.0,0.0000
2026-06-02,ny,weather.gov,76.0000,76.0,0.0000
2026-06-02,ny,weatherapi,77.5000,76.0,1.5000
2026-06-02,tx,consensus,92.2306,94.0,1.7694
2026-06-02,tx,google-weather,92.4800,94.0,1.5200
2026-06-02,tx,open-meteo,91.4000,94.0,2.6000
2026-06-02,tx,openweathermap,93.2900,94.0,0.7100
2026-06-02,tx,pirateweather,91.1300,94.0,2.8700
2026-06-02,tx,tomorrow,91.0000,94.0,3.0000
2026-06-02,tx,visual-crossing,92.9000,94.0,1.1000
2026-06-02,tx,weather.gov,93.0000,94.0,1.0000
2026-06-02,tx,weatherapi,93.6000,94.0,0.4000
2026-06-03,fl,consensus,83.4934,86.0,2.5066
2026-06-03,fl,google-weather,81.6800,86.0,4.3200
2026-06-03,fl,open-meteo,80.6000,86.0,5.4000
2026-06-03,fl,openweathermap,79.2900,86.0,6.7100
2026-06-03,fl,pirateweather,81.4100,86.0,4.5900
2026-06-03,fl,tomorrow,82.5600,86.0,3.4400
2026-06-03,fl,visual-crossing,81.9000,86.0,4.1000
2026-06-03,fl,weather.gov,83.0000,86.0,3.0000
2026-06-03,fl,weatherapi,88.2000,86.0,2.2000
2026-06-03,il,consensus,83.2664,82.0,1.2664
2026-06-03,il,google-weather,81.5000,82.0,0.5000
2026-06-03,il,open-meteo,83.7000,82.0,1.7000
2026-06-03,il,openweathermap,81.2500,82.0,0.7500
2026-06-03,il,pirateweather,82.3100,82.0,0.3100
2026-06-03,il,tomorrow,85.0600,82.0,3.0600
2026-06-03,il,visual-crossing,83.0000,82.0,1.0000
2026-06-03,il,weather.gov,84.0000,82.0,2.0000
2026-06-03,il,weatherapi,88.5000,82.0,6.5000
2026-06-03,ny,consensus,82.1806,83.0,0.8194
2026-06-03,ny,google-weather,82.4000,83.0,0.6000
2026-06-03,ny,openweathermap,81.0300,83.0,1.9700
2026-06-03,ny,pirateweather,82.4900,83.0,0.5100
2026-06-03,ny,tomorrow,85.2800,83.0,2.2800
2026-06-03,ny,visual-crossing,81.1000,83.0,1.9000
2026-06-03,ny,weather.gov,83.0000,83.0,0.0000
2026-06-03,ny,weatherapi,88.9000,83.0,5.9000
2026-06-03,tx,consensus,87.3766,89.0,1.6234
2026-06-03,tx,google-weather,85.1000,89.0,3.9000
2026-06-03,tx,open-meteo,89.7000,89.0,0.7000
2026-06-03,tx,openweathermap,88.7000,89.0,0.3000
2026-06-03,tx,pirateweather,86.0900,89.0,2.9100
2026-06-03,tx,tomorrow,85.4600,89.0,3.5400
2026-06-03,tx,visual-crossing,88.1000,89.0,0.9000
2026-06-03,tx,weather.gov,90.0000,89.0,1.0000
2026-06-03,tx,weatherapi,88.5000,89.0,0.5000
2026-06-04,fl,consensus,80.8743,85.0,4.1257
2026-06-04,fl,google-weather,79.1600,85.0,5.8400
2026-06-04,fl,openweathermap,80.8500,85.0,4.1500
2026-06-04,fl,pirateweather,79.6100,85.0,5.3900
2026-06-04,fl,tomorrow,81.1400,85.0,3.8600
2026-06-04,fl,visual-crossing,81.1000,85.0,3.9000
2026-06-04,fl,weather.gov,81.0000,85.0,4.0000
2026-06-04,fl,weatherapi,80.6000,85.0,4.4000
2026-06-04,il,consensus,87.6577,87.0,0.6577
2026-06-04,il,google-weather,86.1800,87.0,0.8200
2026-06-04,il,openweathermap,85.7500,87.0,1.2500
2026-06-04,il,pirateweather,87.1700,87.0,0.1700
2026-06-04,il,tomorrow,88.8600,87.0,1.8600
2026-06-04,il,visual-crossing,88.1000,87.0,1.1000
2026-06-04,il,weather.gov,88.0000,87.0,1.0000
2026-06-04,il,weatherapi,93.7000,87.0,6.7000
2026-06-04,ny,consensus,86.6433,86.0,0.6433
2026-06-04,ny,google-weather,84.5600,86.0,1.4400
2026-06-04,ny,openweathermap,84.1500,86.0,1.8500
2026-06-04,ny,pirateweather,86.2700,86.0,0.2700
2026-06-04,ny,tomorrow,89.6200,86.0,3.6200
2026-06-04,ny,visual-crossing,85.9000,86.0,0.1000
2026-06-04,ny,weather.gov,89.0000,86.0,3.0000
2026-06-04,ny,weatherapi,91.8000,86.0,5.8000
2026-06-04,tx,consensus,84.2023,87.0,2.7977
2026-06-04,tx,google-weather,85.8200,87.0,1.1800
2026-06-04,tx,openweathermap,84.4700,87.0,2.5300
2026-06-04,tx,pirateweather,83.9300,87.0,3.0700
2026-06-04,tx,tomorrow,82.1100,87.0,4.8900
2026-06-04,tx,visual-crossing,85.9000,87.0,1.1000
2026-06-04,tx,weather.gov,86.0000,87.0,1.0000
2026-06-04,tx,weatherapi,86.6000,87.0,0.4000
2026-06-05,fl,consensus,81.5550,85.0,3.4450
2026-06-05,fl,google-weather,82.5800,85.0,2.4200
2026-06-05,fl,openweathermap,81.0300,85.0,3.9700
2026-06-05,fl,pirateweather,81.2300,85.0,3.7700
2026-06-05,fl,tomorrow,80.3800,85.0,4.6200
2026-06-05,fl,visual-crossing,81.9000,85.0,3.1000
2026-06-05,fl,weather.gov,82.0000,85.0,3.0000
2026-06-05,fl,weatherapi,81.2000,85.0,3.8000
2026-06-05,il,consensus,79.5506,81.0,1.4494
2026-06-05,il,google-weather,82.0400,81.0,1.0400
2026-06-05,il,open-meteo,85.2000,81.0,4.2000
2026-06-05,il,openweathermap,79.3800,81.0,1.6200
2026-06-05,il,pirateweather,79.2500,81.0,1.7500
2026-06-05,il,tomorrow,81.2500,81.0,0.2500
2026-06-05,il,visual-crossing,78.0000,81.0,3.0000
2026-06-05,il,weather.gov,78.0000,81.0,3.0000
2026-06-05,il,weatherapi,86.4000,81.0,5.4000
2026-06-05,ny,consensus,90.1072,88.0,2.1072
2026-06-05,ny,google-weather,89.0600,88.0,1.0600
2026-06-05,ny,open-meteo,94.1000,88.0,6.1000
2026-06-05,ny,openweathermap,88.7000,88.0,0.7000
2026-06-05,ny,pirateweather,90.7700,88.0,2.7700
2026-06-05,ny,tomorrow,93.6000,88.0,5.6000
2026-06-05,ny,visual-crossing,89.0000,88.0,1.0000
2026-06-05,ny,weather.gov,90.0000,88.0,2.0000
2026-06-05,ny,weatherapi,98.6000,88.0,10.6000
2026-06-05,tx,consensus,85.0368,87.0,1.9632
2026-06-05,tx,google-weather,83.3000,87.0,3.7000
2026-06-05,tx,open-meteo,86.1000,87.0,0.9000
2026-06-05,tx,openweathermap,83.0500,87.0,3.9500
2026-06-05,tx,pirateweather,84.1100,87.0,2.8900
2026-06-05,tx,tomorrow,85.0300,87.0,1.9700
2026-06-05,tx,visual-crossing,85.0000,87.0,2.0000
2026-06-05,tx,weather.gov,86.0000,87.0,1.0000
2026-06-05,tx,weatherapi,87.3000,87.0,0.3000
2026-06-06,fl,consensus,83.1442,87.0,3.8558
2026-06-06,fl,google-weather,84.5600,87.0,2.4400
2026-06-06,fl,open-meteo,82.7000,87.0,4.3000
2026-06-06,fl,openweathermap,87.1000,87.0,0.1000
2026-06-06,fl,pirateweather,83.2100,87.0,3.7900
2026-06-06,fl,tomorrow,82.6000,87.0,4.4000
2026-06-06,fl,visual-crossing,83.0000,87.0,4.0000
2026-06-06,fl,weather.gov,84.0000,87.0,3.0000
2026-06-06,fl,weatherapi,83.5000,87.0,3.5000
2026-06-06,il,consensus,85.6054,87.0,1.3946
2026-06-06,il,google-weather,84.0200,87.0,2.9800
2026-06-06,il,openweathermap,92.6600,87.0,5.6600
2026-06-06,il,pirateweather,84.2900,87.0,2.7100
2026-06-06,il,tomorrow,88.8800,87.0,1.8800
2026-06-06,il,visual-crossing,83.9000,87.0,3.1000
2026-06-06,il,weather.gov,85.0000,87.0,2.0000
2026-06-06,il,weatherapi,85.4000,87.0,1.6000
2026-06-06,ny,consensus,90.9430,87.0,3.9430
2026-06-06,ny,google-weather,90.1400,87.0,3.1400
2026-06-06,ny,openweathermap,88.7900,87.0,1.7900
2026-06-06,ny,pirateweather,91.8500,87.0,4.8500
2026-06-06,ny,tomorrow,94.2800,87.0,7.2800
2026-06-06,ny,visual-crossing,90.1000,87.0,3.1000
2026-06-06,ny,weather.gov,91.0000,87.0,4.0000
2026-06-06,ny,weatherapi,99.5000,87.0,12.5000
2026-06-06,tx,consensus,88.7758,92.0,3.2242
2026-06-06,tx,google-weather,90.3200,92.0,1.6800
2026-06-06,tx,open-meteo,89.6000,92.0,2.4000
2026-06-06,tx,openweathermap,91.0600,92.0,0.9400
2026-06-06,tx,pirateweather,86.9900,92.0,5.0100
2026-06-06,tx,tomorrow,89.1700,92.0,2.8300
2026-06-06,tx,visual-crossing,88.1000,92.0,3.9000
2026-06-06,tx,weather.gov,89.0000,92.0,3.0000
2026-06-06,tx,weatherapi,92.8000,92.0,0.8000
2026-06-07,fl,consensus,85.4972,89.0,3.5028
2026-06-07,fl,google-weather,85.6400,89.0,3.3600
2026-06-07,fl,open-meteo,85.6000,89.0,3.4000
2026-06-07,fl,openweathermap,88.2500,89.0,0.7500
2026-06-07,fl,pirateweather,84.6500,89.0,4.3500
2026-06-07,fl,tomorrow,85.5500,89.0,3.4500
2026-06-07,fl,visual-crossing,85.0000,89.0,4.0000
2026-06-07,fl,weather.gov,86.0000,89.0,3.0000
2026-06-07,fl,weatherapi,86.0000,89.0,3.0000
2026-06-07,il,consensus,81.7016,83.0,1.2984
2026-06-07,il,google-weather,80.0600,83.0,2.9400
2026-06-07,il,open-meteo,83.8000,83.0,0.8000
2026-06-07,il,openweathermap,81.8400,83.0,1.1600
2026-06-07,il,pirateweather,80.5100,83.0,2.4900
2026-06-07,il,tomorrow,83.3000,83.0,0.3000
2026-06-07,il,visual-crossing,80.0000,83.0,3.0000
2026-06-07,il,weather.gov,81.0000,83.0,2.0000
2026-06-07,il,weatherapi,90.5000,83.0,7.5000
2026-06-07,ny,consensus,83.2631,81.0,2.2631
2026-06-07,ny,google-weather,81.6800,81.0,0.6800
2026-06-07,ny,openweathermap,79.7900,81.0,1.2100
2026-06-07,ny,pirateweather,83.9300,81.0,2.9300
2026-06-07,ny,tomorrow,83.8900,81.0,2.8900
2026-06-07,ny,visual-crossing,83.0000,81.0,2.0000
2026-06-07,ny,weather.gov,84.0000,81.0,3.0000
2026-06-07,ny,weatherapi,88.2000,81.0,7.2000
2026-06-07,tx,consensus,88.0986,91.0,2.9014
2026-06-07,tx,google-weather,86.9000,91.0,4.1000
2026-06-07,tx,open-meteo,86.4000,91.0,4.6000
2026-06-07,tx,openweathermap,93.7200,91.0,2.7200
2026-06-07,tx,pirateweather,88.2500,91.0,2.7500
2026-06-07,tx,tomorrow,85.0600,91.0,5.9400
2026-06-07,tx,visual-crossing,89.0000,91.0,2.0000
2026-06-07,tx,weather.gov,90.0000,91.0,1.0000
2026-06-07,tx,weatherapi,93.6000,91.0,2.6000
2026-06-08,fl,consensus,86.7319,91.0,4.2681
2026-06-08,fl,google-weather,87.0800,91.0,3.9200
2026-06-08,fl,open-meteo,87.5000,91.0,3.5000
2026-06-08,fl,openweathermap,89.3500,91.0,1.6500
2026-06-08,fl,pirateweather,85.5500,91.0,5.4500
2026-06-08,fl,tomorrow,87.4200,91.0,3.5800
2026-06-08,fl,visual-crossing,85.0000,91.0,6.0000
2026-06-08,fl,weather.gov,87.0000,91.0,4.0000
2026-06-08,fl,weatherapi,88.7000,91.0,2.3000
2026-06-08,il,consensus,83.2956,83.0,0.2956
2026-06-08,il,google-weather,81.1400,83.0,1.8600
2026-06-08,il,openweathermap,79.1200,83.0,3.8800
2026-06-08,il,pirateweather,81.5900,83.0,1.4100
2026-06-08,il,tomorrow,86.8500,83.0,3.8500
2026-06-08,il,visual-crossing,81.1000,83.0,1.9000
2026-06-08,il,weather.gov,83.0000,83.0,0.0000
2026-06-08,il,weatherapi,87.4000,83.0,4.4000
2026-06-08,ny,consensus,77.6811,75.0,2.6811
2026-06-08,ny,google-weather,74.3000,75.0,0.7000
2026-06-08,ny,openweathermap,79.2700,75.0,4.2700
2026-06-08,ny,pirateweather,75.6500,75.0,0.6500
2026-06-08,ny,tomorrow,77.0400,75.0,2.0400
2026-06-08,ny,visual-crossing,78.0000,75.0,3.0000
2026-06-08,ny,weather.gov,78.0000,75.0,3.0000
2026-06-08,ny,weatherapi,83.5000,75.0,8.5000
2026-06-08,tx,consensus,88.3231,89.0,0.6769
2026-06-08,tx,google-weather,84.2000,89.0,4.8000
2026-06-08,tx,open-meteo,85.5000,89.0,3.5000
2026-06-08,tx,openweathermap,93.3100,89.0,4.3100
2026-06-08,tx,pirateweather,87.7100,89.0,1.2900
2026-06-08,tx,tomorrow,85.3700,89.0,3.6300
2026-06-08,tx,visual-crossing,89.0000,89.0,0.0000
2026-06-08,tx,weather.gov,89.0000,89.0,0.0000
2026-06-08,tx,weatherapi,96.1000,89.0,7.1000
2026-06-09,fl,consensus,87.1964,89.0,1.8036
2026-06-09,fl,google-weather,86.7200,89.0,2.2800
2026-06-09,fl,open-meteo,87.9000,89.0,1.1000
2026-06-09,fl,openweathermap,88.3900,89.0,0.6100
2026-06-09,fl,pirateweather,85.1900,89.0,3.8100
2026-06-09,fl,tomorrow,87.6900,89.0,1.3100
2026-06-09,fl,visual-crossing,85.0000,89.0,4.0000
2026-06-09,fl,weather.gov,87.0000,89.0,2.0000
2026-06-09,fl,weatherapi,91.6000,89.0,2.6000
2026-06-09,il,consensus,86.4934,88.0,1.5066
2026-06-09,il,google-weather,86.5400,88.0,1.4600
2026-06-09,il,open-meteo,85.5000,88.0,2.5000
2026-06-09,il,openweathermap,84.5800,88.0,3.4200
2026-06-09,il,pirateweather,87.5300,88.0,0.4700
2026-06-09,il,tomorrow,86.6700,88.0,1.3300
2026-06-09,il,visual-crossing,85.9000,88.0,2.1000
2026-06-09,il,weather.gov,86.0000,88.0,2.0000
2026-06-09,il,weatherapi,95.5000,88.0,7.5000
2026-06-09,ny,consensus,78.8372,79.0,0.1628
2026-06-09,ny,google-weather,78.9800,79.0,0.0200
2026-06-09,ny,openweathermap,78.3700,79.0,0.6300
2026-06-09,ny,pirateweather,80.5100,79.0,1.5100
2026-06-09,ny,tomorrow,81.4800,79.0,2.4800
2026-06-09,ny,visual-crossing,78.0000,79.0,1.0000
2026-06-09,ny,weather.gov,79.0000,79.0,0.0000
2026-06-09,ny,weatherapi,85.5000,79.0,6.5000
2026-06-09,tx,consensus,91.3854,93.0,1.6146
2026-06-09,tx,google-weather,91.9400,93.0,1.0600
2026-06-09,tx,open-meteo,89.4000,93.0,3.6000
2026-06-09,tx,openweathermap,89.6700,93.0,3.3300
2026-06-09,tx,pirateweather,91.4900,93.0,1.5100
2026-06-09,tx,tomorrow,89.6500,93.0,3.3500
2026-06-09,tx,visual-crossing,92.0000,93.0,1.0000
2026-06-09,tx,weather.gov,92.0000,93.0,1.0000
2026-06-09,tx,weatherapi,93.6000,93.0,0.6000
2026-06-10,fl,consensus,85.4224,88.0,2.5776
2026-06-10,fl,google-weather,85.4600,88.0,2.5400
2026-06-10,fl,open-meteo,87.6000,88.0,0.4000
2026-06-10,fl,openweathermap,83.8400,88.0,4.1600
2026-06-10,fl,pirateweather,83.7500,88.0,4.2500
2026-06-10,fl,tomorrow,87.6700,88.0,0.3300
2026-06-10,fl,visual-crossing,83.9000,88.0,4.1000
2026-06-10,fl,weather.gov,86.0000,88.0,2.0000
2026-06-10,fl,weatherapi,87.1000,88.0,0.9000
2026-06-10,il,consensus,90.9349,91.0,0.0651
2026-06-10,il,google-weather,90.5000,91.0,0.5000
2026-06-10,il,open-meteo,93.3000,91.0,2.3000
2026-06-10,il,openweathermap,90.1800,91.0,0.8200
2026-06-10,il,pirateweather,89.6900,91.0,1.3100
2026-06-10,il,tomorrow,93.2500,91.0,2.2500
2026-06-10,il,visual-crossing,89.0000,91.0,2.0000
2026-06-10,il,weather.gov,90.0000,91.0,1.0000
2026-06-10,il,weatherapi,99.1000,91.0,8.1000
2026-06-10,ny,consensus,79.9850,82.0,2.0150
2026-06-10,ny,google-weather,81.6800,82.0,0.3200
2026-06-10,ny,openweathermap,81.2500,82.0,0.7500
2026-06-10,ny,pirateweather,81.7700,82.0,0.2300
2026-06-10,ny,tomorrow,85.6400,82.0,3.6400
2026-06-10,ny,visual-crossing,79.1000,82.0,2.9000
2026-06-10,ny,weather.gov,80.0000,82.0,2.0000
2026-06-10,ny,weatherapi,91.0000,82.0,9.0000
2026-06-10,tx,consensus,91.2829,91.0,0.2829
2026-06-10,tx,google-weather,92.1200,91.0,1.1200
2026-06-10,tx,open-meteo,87.2000,91.0,3.8000
2026-06-10,tx,openweathermap,92.3200,91.0,1.3200
2026-06-10,tx,pirateweather,92.0300,91.0,1.0300
2026-06-10,tx,tomorrow,87.0300,91.0,3.9700
2026-06-10,tx,visual-crossing,92.9000,91.0,1.9000
2026-06-10,tx,weather.gov,92.0000,91.0,1.0000
2026-06-10,tx,weatherapi,91.7000,91.0,0.7000
2026-06-11,fl,consensus,86.9069,90.0,3.0931
2026-06-11,fl,google-weather,86.1800,90.0,3.8200
2026-06-11,fl,open-meteo,87.0000,90.0,3.0000
2026-06-11,fl,openweathermap,88.8100,90.0,1.1900
2026-06-11,fl,pirateweather,85.3700,90.0,4.6300
2026-06-11,fl,tomorrow,86.9200,90.0,3.0800
2026-06-11,fl,visual-crossing,85.0000,90.0,5.0000
2026-06-11,fl,weather.gov,87.0000,90.0,3.0000
2026-06-11,fl,weatherapi,92.5000,90.0,2.5000
2026-06-11,il,consensus,82.5322,82.0,0.5322
2026-06-11,il,google-weather,82.5800,82.0,0.5800
2026-06-11,il,open-meteo,80.2000,82.0,1.8000
2026-06-11,il,openweathermap,89.8000,82.0,7.8000
2026-06-11,il,pirateweather,85.5500,82.0,3.5500
2026-06-11,il,tomorrow,82.1100,82.0,0.1100
2026-06-11,il,visual-crossing,81.9000,82.0,0.1000
2026-06-11,il,weather.gov,82.0000,82.0,0.0000
2026-06-11,il,weatherapi,91.9000,82.0,9.9000
2026-06-11,ny,consensus,94.4435,91.0,3.4435
2026-06-11,ny,google-weather,92.6600,91.0,1.6600
2026-06-11,ny,open-meteo,97.8000,91.0,6.8000
2026-06-11,ny,openweathermap,90.6400,91.0,0.3600
2026-06-11,ny,pirateweather,92.9300,91.0,1.9300
2026-06-11,ny,tomorrow,98.0600,91.0,7.0600
2026-06-11,ny,visual-crossing,94.0000,91.0,3.0000
2026-06-11,ny,weather.gov,94.0000,91.0,3.0000
2026-06-11,ny,weatherapi,98.2000,91.0,7.2000
2026-06-11,tx,consensus,93.1896,93.0,0.1896
2026-06-11,tx,google-weather,93.3800,93.0,0.3800
2026-06-11,tx,open-meteo,90.9000,93.0,2.1000
2026-06-11,tx,openweathermap,88.6500,93.0,4.3500
2026-06-11,tx,pirateweather,92.7500,93.0,0.2500
2026-06-11,tx,tomorrow,91.0400,93.0,1.9600
2026-06-11,tx,visual-crossing,94.0000,93.0,1.0000
2026-06-11,tx,weather.gov,94.0000,93.0,1.0000
2026-06-11,tx,weatherapi,98.4000,93.0,5.4000
2026-06-12,fl,consensus,87.6202,91.0,3.3798
2026-06-12,fl,google-weather,87.2600,91.0,3.7400
2026-06-12,fl,open-meteo,87.9000,91.0,3.1000
2026-06-12,fl,openweathermap,88.9500,91.0,2.0500
2026-06-12,fl,pirateweather,85.9100,91.0,5.0900
2026-06-12,fl,tomorrow,87.9300,91.0,3.0700
2026-06-12,fl,visual-crossing,85.9000,91.0,5.1000
2026-06-12,fl,weather.gov,88.0000,91.0,3.0000
2026-06-12,fl,weatherapi,92.3000,91.0,1.3000
2026-06-12,il,consensus,77.8010,82.0,4.1990
2026-06-12,il,google-weather,81.3200,82.0,0.6800
2026-06-12,il,open-meteo,76.1000,82.0,5.9000
2026-06-12,il,openweathermap,75.9400,82.0,6.0600
2026-06-12,il,pirateweather,79.7900,82.0,2.2100
2026-06-12,il,tomorrow,76.1000,82.0,5.9000
2026-06-12,il,visual-crossing,80.0000,82.0,2.0000
2026-06-12,il,weather.gov,81.0000,82.0,1.0000
2026-06-12,il,weatherapi,81.1000,82.0,0.9000
2026-06-12,ny,consensus,94.9821,90.0,4.9821
2026-06-12,ny,google-weather,93.7400,90.0,3.7400
2026-06-12,ny,open-meteo,96.9000,90.0,6.9000
2026-06-12,ny,openweathermap,92.2500,90.0,2.2500
2026-06-12,ny,pirateweather,93.6500,90.0,3.6500
2026-06-12,ny,tomorrow,96.4900,90.0,6.4900
2026-06-12,ny,visual-crossing,94.9000,90.0,4.9000
2026-06-12,ny,weather.gov,95.0000,90.0,5.0000
2026-06-12,ny,weatherapi,96.6000,90.0,6.6000
2026-06-12,tx,consensus,90.9585,95.0,4.0415
2026-06-12,tx,google-weather,94.2800,95.0,0.7200
2026-06-12,tx,open-meteo,90.0000,95.0,5.0000
2026-06-12,tx,openweathermap,94.2800,95.0,0.7200
2026-06-12,tx,pirateweather,91.6700,95.0,3.3300
2026-06-12,tx,tomorrow,88.8400,95.0,6.1600
2026-06-12,tx,visual-crossing,92.0000,95.0,3.0000
2026-06-12,tx,weather.gov,93.0000,95.0,2.0000
2026-06-12,tx,weatherapi,94.5000,95.0,0.5000
2026-06-13,fl,consensus,87.8565,91.0,3.1435
2026-06-13,fl,google-weather,87.9800,91.0,3.0200
2026-06-13,fl,open-meteo,88.5000,91.0,2.5000
2026-06-13,fl,openweathermap,89.1100,91.0,1.8900
2026-06-13,fl,pirateweather,85.9100,91.0,5.0900
2026-06-13,fl,tomorrow,88.5900,91.0,2.4100
2026-06-13,fl,visual-crossing,85.9000,91.0,5.1000
2026-06-13,fl,weather.gov,88.0000,91.0,3.0000
2026-06-13,fl,weatherapi,93.9000,91.0,2.9000
2026-06-13,il,consensus,85.8338,83.0,2.8338
2026-06-13,il,google-weather,84.5600,83.0,1.5600
2026-06-13,il,open-meteo,85.1000,83.0,2.1000
2026-06-13,il,openweathermap,83.1000,83.0,0.1000
2026-06-13,il,pirateweather,85.9100,83.0,2.9100
2026-06-13,il,tomorrow,85.3000,83.0,2.3000
2026-06-13,il,visual-crossing,87.0000,83.0,4.0000
2026-06-13,il,weather.gov,87.0000,83.0,4.0000
2026-06-13,il,weatherapi,89.6000,83.0,6.6000
2026-06-13,ny,consensus,89.1156,85.0,4.1156
2026-06-13,ny,google-weather,86.9000,85.0,1.9000
2026-06-13,ny,open-meteo,90.8000,85.0,5.8000
2026-06-13,ny,openweathermap,86.9500,85.0,1.9500
2026-06-13,ny,pirateweather,88.6100,85.0,3.6100
2026-06-13,ny,tomorrow,90.5200,85.0,5.5200
2026-06-13,ny,visual-crossing,89.0000,85.0,4.0000
2026-06-13,ny,weather.gov,89.0000,85.0,4.0000
2026-06-13,ny,weatherapi,93.0000,85.0,8.0000
2026-06-13,tx,consensus,92.1949,94.0,1.8051
2026-06-13,tx,google-weather,92.1200,94.0,1.8800
2026-06-13,tx,open-meteo,92.8000,94.0,1.2000
2026-06-13,tx,openweathermap,96.3000,94.0,2.3000
2026-06-13,tx,pirateweather,91.4900,94.0,2.5100
2026-06-13,tx,tomorrow,92.3000,94.0,1.7000
2026-06-13,tx,visual-crossing,92.0000,94.0,2.0000
2026-06-13,tx,weather.gov,93.0000,94.0,1.0000
2026-06-13,tx,weatherapi,97.5000,94.0,3.5000
2026-06-14,fl,consensus,88.1532,93.0,4.8468
2026-06-14,fl,google-weather,89.7800,93.0,3.2200
2026-06-14,fl,open-meteo,89.6000,93.0,3.4000
2026-06-14,fl,openweathermap,94.3900,93.0,1.3900
2026-06-14,fl,pirateweather,86.9900,93.0,6.0100
2026-06-14,fl,tomorrow,89.6700,93.0,3.3300
2026-06-14,fl,visual-crossing,87.0000,93.0,6.0000
2026-06-14,fl,weather.gov,89.0000,93.0,4.0000
2026-06-14,fl,weatherapi,91.4000,93.0,1.6000
2026-06-14,il,consensus,69.2744,71.0,1.7256
2026-06-14,il,google-weather,70.1600,71.0,0.8400
2026-06-14,il,open-meteo,76.4000,71.0,5.4000
2026-06-14,il,openweathermap,68.2300,71.0,2.7700
2026-06-14,il,pirateweather,71.1500,71.0,0.1500
2026-06-14,il,tomorrow,68.9000,71.0,2.1000
2026-06-14,il,visual-crossing,70.1000,71.0,0.9000
2026-06-14,il,weather.gov,71.0000,71.0,0.0000
2026-06-14,il,weatherapi,72.3000,71.0,1.3000
2026-06-14,ny,consensus,89.1212,87.0,2.1212
2026-06-14,ny,google-weather,87.6200,87.0,0.6200
2026-06-14,ny,open-meteo,90.6000,87.0,3.6000
2026-06-14,ny,openweathermap,86.3600,87.0,0.6400
2026-06-14,ny,pirateweather,88.9700,87.0,1.9700
2026-06-14,ny,tomorrow,90.3700,87.0,3.3700
2026-06-14,ny,visual-crossing,89.0000,87.0,2.0000
2026-06-14,ny,weather.gov,90.0000,87.0,3.0000
2026-06-14,ny,weatherapi,96.3000,87.0,9.3000
2026-06-14,tx,consensus,90.3734,92.0,1.6266
2026-06-14,tx,google-weather,89.2400,92.0,2.7600
2026-06-14,tx,open-meteo,91.3000,92.0,0.7000
2026-06-14,tx,openweathermap,91.4000,92.0,0.6000
2026-06-14,tx,pirateweather,89.1500,92.0,2.8500
2026-06-14,tx,tomorrow,90.7000,92.0,1.3000
2026-06-14,tx,visual-crossing,90.1000,92.0,1.9000
2026-06-14,tx,weather.gov,91.0000,92.0,1.0000
2026-06-14,tx,weatherapi,95.9000,92.0,3.9000
2026-06-15,fl,consensus,88.0473,95.0,6.9527
2026-06-15,fl,google-weather,89.2400,95.0,5.7600
2026-06-15,fl,open-meteo,89.4000,95.0,5.6000
2026-06-15,fl,openweathermap,92.5200,95.0,2.4800
2026-06-15,fl,pirateweather,86.9900,95.0,8.0100
2026-06-15,fl,tomorrow,89.5100,95.0,5.4900
2026-06-15,fl,visual-crossing,87.0000,95.0,8.0000
2026-06-15,fl,weather.gov,89.0000,95.0,6.0000
2026-06-15,fl,weatherapi,90.9000,95.0,4.1000
2026-06-15,il,consensus,75.2803,76.0,0.7197
2026-06-15,il,google-weather,76.8200,76.0,0.8200
2026-06-15,il,open-meteo,75.4000,76.0,0.6000
2026-06-15,il,openweathermap,76.7300,76.0,0.7300
2026-06-15,il,pirateweather,74.5700,76.0,1.4300
2026-06-15,il,tomorrow,75.4500,76.0,0.5500
2026-06-15,il,visual-crossing,74.9000,76.0,1.1000
2026-06-15,il,weather.gov,75.0000,76.0,1.0000
2026-06-15,il,weatherapi,77.0000,76.0,1.0000
2026-06-15,ny,consensus,79.8977,74.0,5.8977
2026-06-15,ny,google-weather,76.1000,74.0,2.1000
2026-06-15,ny,open-meteo,80.6000,74.0,6.6000
2026-06-15,ny,openweathermap,78.8900,74.0,4.8900
2026-06-15,ny,pirateweather,77.6300,74.0,3.6300
2026-06-15,ny,tomorrow,78.9300,74.0,4.9300
2026-06-15,ny,visual-crossing,80.0000,74.0,6.0000
2026-06-15,ny,weather.gov,80.0000,74.0,6.0000
2026-06-15,ny,weatherapi,78.3000,74.0,4.3000
2026-06-15,tx,consensus,82.1478,84.0,1.8522
2026-06-15,tx,google-weather,78.4400,84.0,5.5600
2026-06-15,tx,open-meteo,84.8000,84.0,0.8000
2026-06-15,tx,openweathermap,81.9700,84.0,2.0300
2026-06-15,tx,pirateweather,80.1500,84.0,3.8500
2026-06-15,tx,tomorrow,84.6000,84.0,0.6000
2026-06-15,tx,visual-crossing,81.1000,84.0,2.9000
2026-06-15,tx,weather.gov,82.0000,84.0,2.0000
2026-06-15,tx,weatherapi,82.8000,84.0,1.2000
2026-06-16,fl,consensus,89.1769,95.0,5.8231
2026-06-16,fl,google-weather,90.1400,95.0,4.8600
2026-06-16,fl,open-meteo,89.4000,95.0,5.6000
2026-06-16,fl,openweathermap,92.7000,95.0,2.3000
2026-06-16,fl,pirateweather,88.0700,95.0,6.9300
2026-06-16,fl,tomorrow,89.4900,95.0,5.5100
2026-06-16,fl,visual-crossing,87.0000,95.0,8.0000
2026-06-16,fl,weather.gov,90.0000,95.0,5.0000
2026-06-16,fl,weatherapi,95.2000,95.0,0.2000
2026-06-16,il,consensus,75.7878,77.0,1.2122
2026-06-16,il,google-weather,74.6600,77.0,2.3400
2026-06-16,il,open-meteo,76.5000,77.0,0.5000
2026-06-16,il,openweathermap,73.4900,77.0,3.5100
2026-06-16,il,pirateweather,73.8500,77.0,3.1500
2026-06-16,il,tomorrow,76.5000,77.0,0.5000
2026-06-16,il,visual-crossing,72.9000,77.0,4.1000
2026-06-16,il,weather.gov,73.0000,77.0,4.0000
2026-06-16,il,weatherapi,79.7000,77.0,2.7000
2026-06-16,ny,consensus,78.0230,76.0,2.0230
2026-06-16,ny,google-weather,76.6400,76.0,0.6400
2026-06-16,ny,open-meteo,79.4000,76.0,3.4000
2026-06-16,ny,openweathermap,73.9400,76.0,2.0600
2026-06-16,ny,pirateweather,77.8100,76.0,1.8100
2026-06-16,ny,tomorrow,79.0300,76.0,3.0300
2026-06-16,ny,visual-crossing,78.0000,76.0,2.0000
2026-06-16,ny,weather.gov,79.0000,76.0,3.0000
2026-06-16,ny,weatherapi,84.6000,76.0,8.6000
2026-06-16,tx,consensus,85.6717,91.0,5.3283
2026-06-16,tx,google-weather,87.4400,91.0,3.5600
2026-06-16,tx,open-meteo,85.1000,91.0,5.9000
2026-06-16,tx,openweathermap,86.7600,91.0,4.2400
2026-06-16,tx,pirateweather,85.5500,91.0,5.4500
2026-06-16,tx,tomorrow,85.1500,91.0,5.8500
2026-06-16,tx,visual-crossing,85.9000,91.0,5.1000
2026-06-16,tx,weather.gov,87.0000,91.0,4.0000
2026-06-16,tx,weatherapi,85.1000,91.0,5.9000
2026-06-17,fl,consensus,90.2155,94.0,3.7845
2026-06-17,fl,google-weather,89.6000,94.0,4.4000
2026-06-17,fl,open-meteo,90.0000,94.0,4.0000
2026-06-17,fl,openweathermap,91.7400,94.0,2.2600
2026-06-17,fl,pirateweather,88.6100,94.0,5.3900
2026-06-17,fl,tomorrow,90.0900,94.0,3.9100
2026-06-17,fl,visual-crossing,88.1000,94.0,5.9000
2026-06-17,fl,weather.gov,90.0000,94.0,4.0000
2026-06-17,fl,weatherapi,95.4000,94.0,1.4000
2026-06-17,il,consensus,70.2646,71.0,0.7354
2026-06-17,il,google-weather,71.2400,71.0,0.2400
2026-06-17,il,open-meteo,69.2000,71.0,1.8000
2026-06-17,il,openweathermap,70.4300,71.0,0.5700
2026-06-17,il,pirateweather,70.2500,71.0,0.7500
2026-06-17,il,tomorrow,70.5000,71.0,0.5000
2026-06-17,il,visual-crossing,70.1000,71.0,0.9000
2026-06-17,il,weather.gov,71.0000,71.0,0.0000
2026-06-17,il,weatherapi,68.5000,71.0,2.5000
2026-06-17,ny,consensus,78.0655,78.0,0.0655
2026-06-17,ny,google-weather,76.4600,78.0,1.5400
2026-06-17,ny,open-meteo,79.4000,78.0,1.4000
2026-06-17,ny,openweathermap,76.5500,78.0,1.4500
2026-06-17,ny,pirateweather,78.1700,78.0,0.1700
2026-06-17,ny,tomorrow,79.2100,78.0,1.2100
2026-06-17,ny,visual-crossing,78.0000,78.0,0.0000
2026-06-17,ny,weather.gov,80.0000,78.0,2.0000
2026-06-17,ny,weatherapi,84.9000,78.0,6.9000
2026-06-17,tx,consensus,90.4231,90.0,0.4231
2026-06-17,tx,google-weather,91.2200,90.0,1.2200
2026-06-17,tx,open-meteo,87.7000,90.0,2.3000
2026-06-17,tx,openweathermap,95.9400,90.0,5.9400
2026-06-17,tx,pirateweather,92.2100,90.0,2.2100
2026-06-17,tx,tomorrow,87.2800,90.0,2.7200
2026-06-17,tx,visual-crossing,92.0000,90.0,2.0000
2026-06-17,tx,weather.gov,91.0000,90.0,1.0000
2026-06-17,tx,weatherapi,92.3000,90.0,2.3000
2026-06-18,fl,consensus,90.1109,93.0,2.8891
2026-06-18,fl,google-weather,89.4200,93.0,3.5800
2026-06-18,fl,open-meteo,90.3000,93.0,2.7000
2026-06-18,fl,openweathermap,93.5600,93.0,0.5600
2026-06-18,fl,pirateweather,88.2500,93.0,4.7500
2026-06-18,fl,tomorrow,90.2700,93.0,2.7300
2026-06-18,fl,visual-crossing,88.1000,93.0,4.9000
2026-06-18,fl,weather.gov,90.0000,93.0,3.0000
2026-06-18,fl,weatherapi,95.0000,93.0,2.0000
2026-06-18,il,consensus,72.5787,73.0,0.4213
2026-06-18,il,google-weather,73.5800,73.0,0.5800
2026-06-18,il,open-meteo,72.6000,73.0,0.4000
2026-06-18,il,openweathermap,73.2400,73.0,0.2400
2026-06-18,il,pirateweather,72.5900,73.0,0.4100
2026-06-18,il,tomorrow,72.7900,73.0,0.2100
2026-06-18,il,visual-crossing,72.1000,73.0,0.9000
2026-06-18,il,weather.gov,73.0000,73.0,0.0000
2026-06-18,il,weatherapi,72.9000,73.0,0.1000
2026-06-18,ny,consensus,88.4215,86.0,2.4215
2026-06-18,ny,google-weather,90.5000,86.0,4.5000
2026-06-18,ny,open-meteo,92.8000,86.0,6.8000
2026-06-18,ny,openweathermap,91.2700,86.0,5.2700
2026-06-18,ny,pirateweather,87.8900,86.0,1.8900
2026-06-18,ny,tomorrow,92.5500,86.0,6.5500
2026-06-18,ny,visual-crossing,88.1000,86.0,2.1000
2026-06-18,ny,weather.gov,88.0000,86.0,2.0000
2026-06-18,ny,weatherapi,95.9000,86.0,9.9000
2026-06-18,tx,consensus,96.9245,97.0,0.0755
2026-06-18,tx,google-weather,96.8000,97.0,0.2000
2026-06-18,tx,open-meteo,93.5000,97.0,3.5000
2026-06-18,tx,openweathermap,102.1600,97.0,5.1600
2026-06-18,tx,pirateweather,97.0700,97.0,0.0700
2026-06-18,tx,tomorrow,92.7900,97.0,4.2100
2026-06-18,tx,visual-crossing,98.0000,97.0,1.0000
2026-06-18,tx,weather.gov,97.0000,97.0,0.0000
2026-06-18,tx,weatherapi,102.0000,97.0,5.0000
2026-06-19,fl,consensus,89.5353,92.0,2.4647
2026-06-19,fl,google-weather,89.4200,92.0,2.5800
2026-06-19,fl,open-meteo,90.9000,92.0,1.1000
2026-06-19,fl,openweathermap,92.7500,92.0,0.7500
2026-06-19,fl,pirateweather,88.4300,92.0,3.5700
2026-06-19,fl,tomorrow,90.9300,92.0,1.0700
2026-06-19,fl,visual-crossing,88.1000,92.0,3.9000
2026-06-19,fl,weather.gov,90.0000,92.0,2.0000
2026-06-19,fl,weatherapi,93.6000,92.0,1.6000
2026-06-19,il,consensus,77.7312,77.0,0.7312
2026-06-19,il,google-weather,77.5400,77.0,0.5400
2026-06-19,il,open-meteo,77.5000,77.0,0.5000
2026-06-19,il,openweathermap,78.2100,77.0,1.2100
2026-06-19,il,pirateweather,76.7300,77.0,0.2700
2026-06-19,il,tomorrow,77.5400,77.0,0.5400
2026-06-19,il,visual-crossing,78.0000,77.0,1.0000
2026-06-19,il,weather.gov,79.0000,77.0,2.0000
2026-06-19,il,weatherapi,82.9000,77.0,5.9000
2026-06-19,ny,consensus,83.2255,81.0,2.2255
2026-06-19,ny,google-weather,81.5000,81.0,0.5000
2026-06-19,ny,open-meteo,86.0000,81.0,5.0000
2026-06-19,ny,openweathermap,82.6700,81.0,1.6700
2026-06-19,ny,pirateweather,83.3900,81.0,2.3900
2026-06-19,ny,tomorrow,85.8200,81.0,4.8200
2026-06-19,ny,visual-crossing,83.0000,81.0,2.0000
2026-06-19,ny,weather.gov,83.0000,81.0,2.0000
2026-06-19,ny,weatherapi,89.4000,81.0,8.4000
2026-06-19,tx,consensus,90.4877,88.0,2.4877
2026-06-19,tx,google-weather,90.1400,88.0,2.1400
2026-06-19,tx,open-meteo,92.0000,88.0,4.0000
2026-06-19,tx,openweathermap,86.6500,88.0,1.3500
2026-06-19,tx,pirateweather,90.4100,88.0,2.4100
2026-06-19,tx,tomorrow,85.0800,88.0,2.9200
2026-06-19,tx,visual-crossing,92.0000,88.0,4.0000
2026-06-19,tx,weather.gov,93.0000,88.0,5.0000
2026-06-19,tx,weatherapi,93.2000,88.0,5.2000
2026-06-20,fl,consensus,89.4064,93.0,3.5936
2026-06-20,fl,google-weather,88.8800,93.0,4.1200
2026-06-20,fl,open-meteo,90.4000,93.0,2.6000
2026-06-20,fl,openweathermap,91.4400,93.0,1.5600
2026-06-20,fl,pirateweather,87.1700,93.0,5.8300
2026-06-20,fl,tomorrow,90.7000,93.0,2.3000
2026-06-20,fl,visual-crossing,87.0000,93.0,6.0000
2026-06-20,fl,weather.gov,90.0000,93.0,3.0000
2026-06-20,fl,weatherapi,95.9000,93.0,2.9000
2026-06-20,il,consensus,78.4694,77.0,1.4694
2026-06-20,il,google-weather,78.0800,77.0,1.0800
2026-06-20,il,open-meteo,78.1000,77.0,1.1000
2026-06-20,il,openweathermap,77.8600,77.0,0.8600
2026-06-20,il,pirateweather,77.8100,77.0,0.8100
2026-06-20,il,tomorrow,77.9900,77.0,0.9900
2026-06-20,il,visual-crossing,79.1000,77.0,2.1000
2026-06-20,il,weather.gov,78.0000,77.0,1.0000
2026-06-20,il,weatherapi,80.6000,77.0,3.6000
2026-06-20,ny,consensus,82.1977,81.0,1.1977
2026-06-20,ny,google-weather,82.0400,81.0,1.0400
2026-06-20,ny,open-meteo,84.2000,81.0,3.2000
2026-06-20,ny,openweathermap,80.7100,81.0,0.2900
2026-06-20,ny,pirateweather,82.1300,81.0,1.1300
2026-06-20,ny,tomorrow,84.0900,81.0,3.0900
2026-06-20,ny,visual-crossing,81.9000,81.0,0.9000
2026-06-20,ny,weather.gov,82.0000,81.0,1.0000
2026-06-20,ny,weatherapi,88.9000,81.0,7.9000
2026-06-20,tx,consensus,88.5032,90.0,1.4968
2026-06-20,tx,google-weather,87.9800,90.0,2.0200
2026-06-20,tx,open-meteo,83.7000,90.0,6.3000
2026-06-20,tx,openweathermap,89.3300,90.0,0.6700
2026-06-20,tx,pirateweather,87.7100,90.0,2.2900
2026-06-20,tx,tomorrow,87.0800,90.0,2.9200
2026-06-20,tx,visual-crossing,89.0000,90.0,1.0000
2026-06-20,tx,weather.gov,90.0000,90.0,0.0000
2026-06-20,tx,weatherapi,91.2000,90.0,1.2000
2026-06-21,fl,consensus,89.5245,94.0,4.4755
2026-06-21,fl,google-weather,90.3200,94.0,3.6800
2026-06-21,fl,open-meteo,88.2000,94.0,5.8000
2026-06-21,fl,openweathermap,91.2600,94.0,2.7400
2026-06-21,fl,pirateweather,88.0700,94.0,5.9300
2026-06-21,fl,tomorrow,88.0500,94.0,5.9500
2026-06-21,fl,visual-crossing,88.1000,94.0,5.9000
2026-06-21,fl,weather.gov,90.0000,94.0,4.0000
2026-06-21,fl,weatherapi,93.9000,94.0,0.1000
2026-06-21,il,consensus,72.7998,72.0,0.7998
2026-06-21,il,google-weather,71.6000,72.0,0.4000
2026-06-21,il,open-meteo,76.4000,72.0,4.4000
2026-06-21,il,openweathermap,68.2200,72.0,3.7800
2026-06-21,il,pirateweather,71.3300,72.0,0.6700
2026-06-21,il,tomorrow,75.4900,72.0,3.4900
2026-06-21,il,visual-crossing,71.0000,72.0,1.0000
2026-06-21,il,weather.gov,72.0000,72.0,0.0000
2026-06-21,il,weatherapi,77.4000,72.0,5.4000
2026-06-21,ny,consensus,81.6572,82.0,0.3428
2026-06-21,ny,google-weather,81.8600,82.0,0.1400
2026-06-21,ny,open-meteo,83.2000,82.0,1.2000
2026-06-21,ny,openweathermap,78.8200,82.0,3.1800
2026-06-21,ny,pirateweather,82.8500,82.0,0.8500
2026-06-21,ny,tomorrow,84.4000,82.0,2.4000
2026-06-21,ny,visual-crossing,81.1000,82.0,0.9000
2026-06-21,ny,weather.gov,83.0000,82.0,1.0000
2026-06-21,ny,weatherapi,83.3000,82.0,1.3000
2026-06-21,tx,consensus,91.6944,93.0,1.3056
2026-06-21,tx,google-weather,92.1200,93.0,0.8800
2026-06-21,tx,open-meteo,88.8000,93.0,4.2000
2026-06-21,tx,openweathermap,85.6800,93.0,7.3200
2026-06-21,tx,pirateweather,90.2300,93.0,2.7700
2026-06-21,tx,tomorrow,88.1600,93.0,4.8400
2026-06-21,tx,visual-crossing,92.0000,93.0,1.0000
2026-06-21,tx,weather.gov,91.0000,93.0,2.0000
2026-06-21,tx,weatherapi,98.0000,93.0,5.0000
2026-06-22,fl,consensus,88.6840,93.0,4.3160
2026-06-22,fl,google-weather,90.3200,93.0,2.6800
2026-06-22,fl,open-meteo,90.6000,93.0,2.4000
2026-06-22,fl,openweathermap,92.6800,93.0,0.3200
2026-06-22,fl,pirateweather,88.6100,93.0,4.3900
2026-06-22,fl,tomorrow,90.6400,93.0,2.3600
2026-06-22,fl,visual-crossing,88.1000,93.0,4.9000
2026-06-22,fl,weather.gov,90.0000,93.0,3.0000
2026-06-22,fl,weatherapi,89.2000,93.0,3.8000
2026-06-22,il,consensus,69.0375,73.0,3.9625
2026-06-22,il,google-weather,71.9600,73.0,1.0400
2026-06-22,il,open-meteo,67.7000,73.0,5.3000
2026-06-22,il,openweathermap,73.6900,73.0,0.6900
2026-06-22,il,pirateweather,70.0700,73.0,2.9300
2026-06-22,il,tomorrow,67.7100,73.0,5.2900
2026-06-22,il,visual-crossing,69.0000,73.0,4.0000
2026-06-22,il,weather.gov,70.0000,73.0,3.0000
2026-06-22,il,weatherapi,70.8000,73.0,2.2000
2026-06-22,ny,consensus,76.8859,73.0,3.8859
2026-06-22,ny,google-weather,75.0200,73.0,2.0200
2026-06-22,ny,open-meteo,80.2000,73.0,7.2000
2026-06-22,ny,openweathermap,72.6400,73.0,0.3600
2026-06-22,ny,pirateweather,74.9300,73.0,1.9300
2026-06-22,ny,tomorrow,79.9700,73.0,6.9700
2026-06-22,ny,visual-crossing,74.9000,73.0,1.9000
2026-06-22,ny,weather.gov,75.0000,73.0,2.0000
2026-06-22,ny,weatherapi,83.5000,73.0,10.5000
2026-06-22,tx,consensus,92.7239,94.0,1.2761
2026-06-22,tx,google-weather,94.4600,94.0,0.4600
2026-06-22,tx,open-meteo,91.9000,94.0,2.1000
2026-06-22,tx,openweathermap,96.4000,94.0,2.4000
2026-06-22,tx,pirateweather,93.2900,94.0,0.7100
2026-06-22,tx,tomorrow,90.7000,94.0,3.3000
2026-06-22,tx,visual-crossing,92.9000,94.0,1.1000
2026-06-22,tx,weather.gov,93.0000,94.0,1.0000
2026-06-22,tx,weatherapi,95.1000,94.0,1.1000
2026-06-23,fl,consensus,89.1933,91.0,1.8067
2026-06-23,fl,google-weather,89.4200,91.0,1.5800
2026-06-23,fl,open-meteo,90.8000,91.0,0.2000
2026-06-23,fl,openweathermap,93.8500,91.0,2.8500
2026-06-23,fl,pirateweather,87.8900,91.0,3.1100
2026-06-23,fl,tomorrow,90.8200,91.0,0.1800
2026-06-23,fl,visual-crossing,88.1000,91.0,2.9000
2026-06-23,fl,weather.gov,90.0000,91.0,1.0000
2026-06-23,fl,weatherapi,91.9000,91.0,0.9000
2026-06-23,il,consensus,72.9844,73.0,0.0156
2026-06-23,il,google-weather,73.0400,73.0,0.0400
2026-06-23,il,open-meteo,73.9000,73.0,0.9000
2026-06-23,il,openweathermap,78.0300,73.0,5.0300
2026-06-23,il,pirateweather,71.8700,73.0,1.1300
2026-06-23,il,tomorrow,73.4900,73.0,0.4900
2026-06-23,il,visual-crossing,72.9000,73.0,0.1000
2026-06-23,il,weather.gov,74.0000,73.0,1.0000
2026-06-23,il,weatherapi,75.4000,73.0,2.4000
2026-06-23,ny,consensus,71.7649,71.0,0.7649
2026-06-23,ny,google-weather,70.1600,71.0,0.8400
2026-06-23,ny,open-meteo,71.5000,71.0,0.5000
2026-06-23,ny,openweathermap,67.4400,71.0,3.5600
2026-06-23,ny,pirateweather,72.0500,71.0,1.0500
2026-06-23,ny,tomorrow,71.1700,71.0,0.1700
2026-06-23,ny,visual-crossing,72.1000,71.0,1.1000
2026-06-23,ny,weather.gov,72.0000,71.0,1.0000
2026-06-23,ny,weatherapi,76.3000,71.0,5.3000
2026-06-23,tx,consensus,94.5573,94.0,0.5573
2026-06-23,tx,google-weather,95.0000,94.0,1.0000
2026-06-23,tx,open-meteo,92.0000,94.0,2.0000
2026-06-23,tx,openweathermap,95.2000,94.0,1.2000
2026-06-23,tx,pirateweather,94.1900,94.0,0.1900
2026-06-23,tx,tomorrow,91.5400,94.0,2.4600
2026-06-23,tx,visual-crossing,94.9000,94.0,0.9000
2026-06-23,tx,weather.gov,95.0000,94.0,1.0000
2026-06-23,tx,weatherapi,97.9000,94.0,3.9000
2026-06-24,fl,consensus,88.4989,93.0,4.5011
2026-06-24,fl,google-weather,89.4200,93.0,3.5800
2026-06-24,fl,open-meteo,89.7000,93.0,3.3000
2026-06-24,fl,openweathermap,87.0800,93.0,5.9200
2026-06-24,fl,pirateweather,87.3500,93.0,5.6500
2026-06-24,fl,tomorrow,89.7600,93.0,3.2400
2026-06-24,fl,visual-crossing,87.0000,93.0,6.0000
2026-06-24,fl,weather.gov,89.0000,93.0,4.0000
2026-06-24,fl,weatherapi,95.4000,93.0,2.4000
2026-06-24,il,consensus,78.5122,74.0,4.5122
2026-06-24,il,google-weather,77.7200,74.0,3.7200
2026-06-24,il,open-meteo,77.8000,74.0,3.8000
2026-06-24,il,openweathermap,76.6400,74.0,2.6400
2026-06-24,il,pirateweather,75.8300,74.0,1.8300
2026-06-24,il,tomorrow,78.1000,74.0,4.1000
2026-06-24,il,visual-crossing,79.1000,74.0,5.1000
2026-06-24,il,weather.gov,79.0000,74.0,5.0000
2026-06-24,il,weatherapi,83.7000,74.0,9.7000
2026-06-24,ny,consensus,83.8962,82.0,1.8962
2026-06-24,ny,google-weather,82.0400,82.0,0.0400
2026-06-24,ny,open-meteo,84.5000,82.0,2.5000
2026-06-24,ny,openweathermap,87.6900,82.0,5.6900
2026-06-24,ny,pirateweather,81.9500,82.0,0.0500
2026-06-24,ny,tomorrow,84.2500,82.0,2.2500
2026-06-24,ny,visual-crossing,83.9000,82.0,1.9000
2026-06-24,ny,weather.gov,83.0000,82.0,1.0000
2026-06-24,ny,weatherapi,85.1000,82.0,3.1000
2026-06-24,tx,consensus,95.6665,93.0,2.6665
2026-06-24,tx,google-weather,94.4600,93.0,1.4600
2026-06-24,tx,open-meteo,92.4000,93.0,0.6000
2026-06-24,tx,openweathermap,94.2600,93.0,1.2600
2026-06-24,tx,pirateweather,94.5500,93.0,1.5500
2026-06-24,tx,tomorrow,92.0700,93.0,0.9300
2026-06-24,tx,visual-crossing,96.0000,93.0,3.0000
2026-06-24,tx,weather.gov,95.0000,93.0,2.0000
2026-06-24,tx,weatherapi,99.5000,93.0,6.5000
2026-06-25,fl,consensus,89.1423,92.0,2.8577
2026-06-25,fl,google-weather,89.2400,92.0,2.7600
2026-06-25,fl,open-meteo,89.5000,92.0,2.5000
2026-06-25,fl,openweathermap,88.2500,92.0,3.7500
2026-06-25,fl,pirateweather,87.8900,92.0,4.1100
2026-06-25,fl,tomorrow,89.5300,92.0,2.4700
2026-06-25,fl,visual-crossing,88.1000,92.0,3.9000
2026-06-25,fl,weather.gov,90.0000,92.0,2.0000
2026-06-25,fl,weatherapi,92.5000,92.0,0.5000
2026-06-25,il,consensus,79.4167,80.0,0.5833
2026-06-25,il,google-weather,78.2600,80.0,1.7400
2026-06-25,il,open-meteo,79.8000,80.0,0.2000
2026-06-25,il,openweathermap,85.3000,80.0,5.3000
2026-06-25,il,pirateweather,78.3500,80.0,1.6500
2026-06-25,il,tomorrow,79.6500,80.0,0.3500
2026-06-25,il,visual-crossing,79.1000,80.0,0.9000
2026-06-25,il,weather.gov,79.0000,80.0,1.0000
2026-06-25,il,weatherapi,84.9000,80.0,4.9000
2026-06-25,ny,consensus,84.2205,83.0,1.2205
2026-06-25,ny,google-weather,81.6800,83.0,1.3200
2026-06-25,ny,open-meteo,85.8000,83.0,2.8000
2026-06-25,ny,openweathermap,82.6300,83.0,0.3700
2026-06-25,ny,pirateweather,82.6700,83.0,0.3300
2026-06-25,ny,tomorrow,85.5700,83.0,2.5700
2026-06-25,ny,visual-crossing,83.9000,83.0,0.9000
2026-06-25,ny,weather.gov,85.0000,83.0,2.0000
2026-06-25,ny,weatherapi,87.8000,83.0,4.8000
2026-06-25,tx,consensus,94.6555,93.0,1.6555
2026-06-25,tx,google-weather,94.1000,93.0,1.1000
2026-06-25,tx,open-meteo,91.0000,93.0,2.0000
2026-06-25,tx,openweathermap,93.3400,93.0,0.3400
2026-06-25,tx,pirateweather,93.8300,93.0,0.8300
2026-06-25,tx,tomorrow,90.7200,93.0,2.2800
2026-06-25,tx,visual-crossing,94.9000,93.0,1.9000
2026-06-25,tx,weather.gov,95.0000,93.0,2.0000
2026-06-25,tx,weatherapi,98.4000,93.0,5.4000
2026-06-26,fl,consensus,88.4354,92.0,3.5646
2026-06-26,fl,google-weather,89.0600,92.0,2.9400
2026-06-26,fl,open-meteo,90.4000,92.0,1.6000
2026-06-26,fl,openweathermap,91.3600,92.0,0.6400
2026-06-26,fl,pirateweather,87.3500,92.0,4.6500
2026-06-26,fl,tomorrow,90.3900,92.0,1.6100
2026-06-26,fl,visual-crossing,87.0000,92.0,5.0000
2026-06-26,fl,weather.gov,89.0000,92.0,3.0000
2026-06-26,fl,weatherapi,90.5000,92.0,1.5000
2026-06-26,il,consensus,69.4415,67.0,2.4415
2026-06-26,il,google-weather,68.7200,67.0,1.7200
2026-06-26,il,open-meteo,77.8000,67.0,10.8000
2026-06-26,il,openweathermap,69.9400,67.0,2.9400
2026-06-26,il,pirateweather,68.2700,67.0,1.2700
2026-06-26,il,tomorrow,68.4100,67.0,1.4100
2026-06-26,il,visual-crossing,70.1000,67.0,3.1000
2026-06-26,il,weather.gov,71.0000,67.0,4.0000
2026-06-26,il,weatherapi,72.8000,67.0,5.8000
2026-06-26,ny,consensus,85.9619,80.0,5.9619
2026-06-26,ny,google-weather,82.4000,80.0,2.4000
2026-06-26,ny,open-meteo,87.6000,80.0,7.6000
2026-06-26,ny,openweathermap,85.4400,80.0,5.4400
2026-06-26,ny,pirateweather,85.5500,80.0,5.5500
2026-06-26,ny,tomorrow,87.1700,80.0,7.1700
2026-06-26,ny,visual-crossing,83.0000,80.0,3.0000
2026-06-26,ny,weather.gov,84.0000,80.0,4.0000
2026-06-26,ny,weatherapi,94.1000,80.0,14.1000
2026-06-26,tx,consensus,95.5614,95.0,0.5614
2026-06-26,tx,google-weather,95.3600,95.0,0.3600
2026-06-26,tx,open-meteo,92.1000,95.0,2.9000
2026-06-26,tx,openweathermap,95.3800,95.0,0.3800
2026-06-26,tx,pirateweather,94.5500,95.0,0.4500
2026-06-26,tx,tomorrow,91.7200,95.0,3.2800
2026-06-26,tx,visual-crossing,96.0000,95.0,1.0000
2026-06-26,tx,weather.gov,95.0000,95.0,0.0000
2026-06-26,tx,weatherapi,98.6000,95.0,3.6000
2026-06-27,fl,consensus,89.1370,92.0,2.8630
2026-06-27,fl,google-weather,89.4200,92.0,2.5800
2026-06-27,fl,open-meteo,90.7000,92.0,1.3000
2026-06-27,fl,openweathermap,89.2400,92.0,2.7600
2026-06-27,fl,pirateweather,87.5300,92.0,4.4700
2026-06-27,fl,tomorrow,90.4600,92.0,1.5400
2026-06-27,fl,visual-crossing,87.0000,92.0,5.0000
2026-06-27,fl,weather.gov,89.0000,92.0,3.0000
2026-06-27,fl,weatherapi,94.3000,92.0,2.3000
2026-06-27,il,consensus,76.0916,78.0,1.9084
2026-06-27,il,google-weather,74.4800,78.0,3.5200
2026-06-27,il,open-meteo,77.8000,78.0,0.2000
2026-06-27,il,openweathermap,78.9800,78.0,0.9800
2026-06-27,il,pirateweather,75.4700,78.0,2.5300
2026-06-27,il,tomorrow,76.8700,78.0,1.1300
2026-06-27,il,visual-crossing,74.9000,78.0,3.1000
2026-06-27,il,weather.gov,76.0000,78.0,2.0000
2026-06-27,il,weatherapi,77.9000,78.0,0.1000
2026-06-27,ny,consensus,80.7684,78.0,2.7684
2026-06-27,ny,google-weather,77.1800,78.0,0.8200
2026-06-27,ny,open-meteo,84.0000,78.0,6.0000
2026-06-27,ny,openweathermap,74.3200,78.0,3.6800
2026-06-27,ny,pirateweather,77.2700,78.0,0.7300
2026-06-27,ny,tomorrow,82.6700,78.0,4.6700
2026-06-27,ny,visual-crossing,79.1000,78.0,1.1000
2026-06-27,ny,weather.gov,79.0000,78.0,1.0000
2026-06-27,ny,weatherapi,82.8000,78.0,4.8000
2026-06-27,tx,consensus,95.3012,95.0,0.3012
2026-06-27,tx,google-weather,95.5400,95.0,0.5400
2026-06-27,tx,open-meteo,92.2000,95.0,2.8000
2026-06-27,tx,openweathermap,97.1600,95.0,2.1600
2026-06-27,tx,pirateweather,94.9100,95.0,0.0900
2026-06-27,tx,tomorrow,92.6200,95.0,2.3800
2026-06-27,tx,visual-crossing,96.0000,95.0,1.0000
2026-06-27,tx,weather.gov,96.0000,95.0,1.0000
2026-06-27,tx,weatherapi,99.7000,95.0,4.7000
2026-06-28,fl,consensus,88.8142,92.0,3.1858
2026-06-28,fl,google-weather,88.8800,92.0,3.1200
2026-06-28,fl,open-meteo,89.8000,92.0,2.2000
2026-06-28,fl,openweathermap,92.7100,92.0,0.7100
2026-06-28,fl,pirateweather,87.7100,92.0,4.2900
2026-06-28,fl,tomorrow,89.7400,92.0,2.2600
2026-06-28,fl,visual-crossing,87.0000,92.0,5.0000
2026-06-28,fl,weather.gov,89.0000,92.0,3.0000
2026-06-28,fl,weatherapi,90.3000,92.0,1.7000
2026-06-28,il,consensus,83.8056,82.0,1.8056
2026-06-28,il,google-weather,84.7400,82.0,2.7400
2026-06-28,il,open-meteo,84.1000,82.0,2.1000
2026-06-28,il,openweathermap,86.6500,82.0,4.6500
2026-06-28,il,pirateweather,84.1100,82.0,2.1100
2026-06-28,il,tomorrow,83.9300,82.0,1.9300
2026-06-28,il,visual-crossing,83.0000,82.0,1.0000
2026-06-28,il,weather.gov,84.0000,82.0,2.0000
2026-06-28,il,weatherapi,88.7000,82.0,6.7000
2026-06-28,ny,consensus,81.3674,82.0,0.6326
2026-06-28,ny,google-weather,81.1400,82.0,0.8600
2026-06-28,ny,open-meteo,83.8000,82.0,1.8000
2026-06-28,ny,openweathermap,81.8100,82.0,0.1900
2026-06-28,ny,pirateweather,81.2300,82.0,0.7700
2026-06-28,ny,tomorrow,83.5200,82.0,1.5200
2026-06-28,ny,visual-crossing,79.1000,82.0,2.9000
2026-06-28,ny,weather.gov,82.0000,82.0,0.0000
2026-06-28,ny,weatherapi,84.6000,82.0,2.6000
2026-06-28,tx,consensus,96.3534,95.0,1.3534
2026-06-28,tx,google-weather,95.5400,95.0,0.5400
2026-06-28,tx,open-meteo,93.1000,95.0,1.9000
2026-06-28,tx,openweathermap,94.8600,95.0,0.1400
2026-06-28,tx,pirateweather,95.2700,95.0,0.2700
2026-06-28,tx,tomorrow,92.7100,95.0,2.2900
2026-06-28,tx,visual-crossing,97.1000,95.0,2.1000
2026-06-28,tx,weather.gov,97.0000,95.0,2.0000
2026-06-28,tx,weatherapi,100.4000,95.0,5.4000
2026-06-29,fl,consensus,90.4973,93.0,2.5027
2026-06-29,fl,google-weather,90.1400,93.0,2.8600
2026-06-29,fl,open-meteo,91.2000,93.0,1.8000
2026-06-29,fl,openweathermap,91.6500,93.0,1.3500
2026-06-29,fl,pirateweather,88.6100,93.0,4.3900
2026-06-29,fl,tomorrow,91.0900,93.0,1.9100
2026-06-29,fl,visual-crossing,88.1000,93.0,4.9000
2026-06-29,fl,weather.gov,90.0000,93.0,3.0000
2026-06-29,fl,weatherapi,95.7000,93.0,2.7000
2026-06-29,il,consensus,94.3733,93.0,1.3733
2026-06-29,il,google-weather,92.4800,93.0,0.5200
2026-06-29,il,open-meteo,94.5000,93.0,1.5000
2026-06-29,il,openweathermap,90.5700,93.0,2.4300
2026-06-29,il,pirateweather,93.1100,93.0,0.1100
2026-06-29,il,tomorrow,94.4800,93.0,1.4800
2026-06-29,il,visual-crossing,94.0000,93.0,1.0000
2026-06-29,il,weather.gov,94.0000,93.0,1.0000
2026-06-29,il,weatherapi,100.8000,93.0,7.8000
2026-06-29,ny,consensus,85.5687,88.0,2.4313
2026-06-29,ny,google-weather,86.7200,88.0,1.2800
2026-06-29,ny,openweathermap,87.6700,88.0,0.3300
2026-06-29,ny,pirateweather,85.0100,88.0,2.9900
2026-06-29,ny,tomorrow,90.9500,88.0,2.9500
2026-06-29,ny,visual-crossing,83.9000,88.0,4.1000
2026-06-29,ny,weather.gov,86.0000,88.0,2.0000
2026-06-29,ny,weatherapi,96.6000,88.0,8.6000
2026-06-29,tx,consensus,96.5446,97.0,0.4554
2026-06-29,tx,google-weather,96.2600,97.0,0.7400
2026-06-29,tx,open-meteo,94.0000,97.0,3.0000
2026-06-29,tx,openweathermap,96.4400,97.0,0.5600
2026-06-29,tx,pirateweather,96.1700,97.0,0.8300
2026-06-29,tx,tomorrow,93.7900,97.0,3.2100
2026-06-29,tx,visual-crossing,97.1000,97.0,0.1000
2026-06-29,tx,weather.gov,96.0000,97.0,1.0000
2026-06-29,tx,weatherapi,102.0000,97.0,5.0000
2026-06-30,fl,consensus,90.4010,94.0,3.5990
2026-06-30,fl,google-weather,90.8600,94.0,3.1400
2026-06-30,fl,open-meteo,90.9000,94.0,3.1000
2026-06-30,fl,openweathermap,93.7600,94.0,0.2400
2026-06-30,fl,pirateweather,88.9700,94.0,5.0300
2026-06-30,fl,tomorrow,90.8400,94.0,3.1600
2026-06-30,fl,visual-crossing,88.1000,94.0,5.9000
2026-06-30,fl,weather.gov,91.0000,94.0,3.0000
2026-06-30,fl,weatherapi,95.7000,94.0,1.7000
2026-06-30,il,consensus,95.6861,94.0,1.6861
2026-06-30,il,google-weather,93.7400,94.0,0.2600
2026-06-30,il,open-meteo,96.1000,94.0,2.1000
2026-06-30,il,openweathermap,92.7300,94.0,1.2700
2026-06-30,il,pirateweather,94.1900,94.0,0.1900
2026-06-30,il,tomorrow,96.0300,94.0,2.0300
2026-06-30,il,visual-crossing,94.9000,94.0,0.9000
2026-06-30,il,weather.gov,95.0000,94.0,1.0000
2026-06-30,il,weatherapi,101.8000,94.0,7.8000
2026-06-30,ny,consensus,89.9347,87.0,2.9347
2026-06-30,ny,google-weather,88.5200,87.0,1.5200
2026-06-30,ny,open-meteo,93.0000,87.0,6.0000
2026-06-30,ny,openweathermap,88.0300,87.0,1.0300
2026-06-30,ny,pirateweather,88.9700,87.0,1.9700
2026-06-30,ny,tomorrow,92.9300,87.0,5.9300
2026-06-30,ny,visual-crossing,89.0000,87.0,2.0000
2026-06-30,ny,weather.gov,91.0000,87.0,4.0000
2026-06-30,ny,weatherapi,93.7000,87.0,6.7000
2026-06-30,tx,consensus,94.4199,96.0,1.5801
2026-06-30,tx,google-weather,95.1800,96.0,0.8200
2026-06-30,tx,open-meteo,94.6000,96.0,1.4000
2026-06-30,tx,openweathermap,96.0600,96.0,0.0600
2026-06-30,tx,pirateweather,93.4700,96.0,2.5300
2026-06-30,tx,tomorrow,94.0800,96.0,1.9200
2026-06-30,tx,visual-crossing,94.9000,96.0,1.1000
2026-06-30,tx,weather.gov,95.0000,96.0,1.0000
2026-06-30,tx,weatherapi,100.8000,96.0,4.8000
2026-07-01,fl,consensus,88.6090,93.0,4.3910
2026-07-01,fl,google-weather,89.0600,93.0,3.9400
2026-07-01,fl,open-meteo,91.1000,93.0,1.9000
2026-07-01,fl,openweathermap,88.5900,93.0,4.4100
2026-07-01,fl,pirateweather,87.7100,93.0,5.2900
2026-07-01,fl,tomorrow,91.0600,93.0,1.9400
2026-07-01,fl,visual-crossing,87.0000,93.0,6.0000
2026-07-01,fl,weather.gov,89.0000,93.0,4.0000
2026-07-01,fl,weatherapi,88.9000,93.0,4.1000
2026-07-01,il,consensus,95.9250,94.0,1.9250
2026-07-01,il,google-weather,95.3600,94.0,1.3600
2026-07-01,il,open-meteo,96.4000,94.0,2.4000
2026-07-01,il,openweathermap,93.6000,94.0,0.4000
2026-07-01,il,pirateweather,94.0100,94.0,0.0100
2026-07-01,il,tomorrow,96.3700,94.0,2.3700
2026-07-01,il,visual-crossing,94.9000,94.0,0.9000
2026-07-01,il,weather.gov,95.0000,94.0,1.0000
2026-07-01,il,weatherapi,102.9000,94.0,8.9000
2026-07-01,ny,consensus,95.8158,93.0,2.8158
2026-07-01,ny,google-weather,94.2800,93.0,1.2800
2026-07-01,ny,open-meteo,98.1000,93.0,5.1000
2026-07-01,ny,openweathermap,90.7700,93.0,2.2300
2026-07-01,ny,pirateweather,94.5500,93.0,1.5500
2026-07-01,ny,tomorrow,97.7900,93.0,4.7900
2026-07-01,ny,visual-crossing,94.9000,93.0,1.9000
2026-07-01,ny,weather.gov,95.0000,93.0,2.0000
2026-07-01,ny,weatherapi,102.2000,93.0,9.2000
2026-07-01,tx,consensus,95.3668,96.0,0.6332
2026-07-01,tx,google-weather,95.7200,96.0,0.2800
2026-07-01,tx,open-meteo,94.9000,96.0,1.1000
2026-07-01,tx,openweathermap,98.8200,96.0,2.8200
2026-07-01,tx,pirateweather,93.4700,96.0,2.5300
2026-07-01,tx,tomorrow,94.1500,96.0,1.8500
2026-07-01,tx,visual-crossing,96.0000,96.0,0.0000
2026-07-01,tx,weather.gov,95.0000,96.0,1.0000
2026-07-01,tx,weatherapi,100.6000,96.0,4.6000
2026-07-02,fl,consensus,86.8916,93.0,6.1084
2026-07-02,fl,google-weather,88.5200,93.0,4.4800
2026-07-02,fl,open-meteo,84.3000,93.0,8.7000
2026-07-02,fl,openweathermap,90.0900,93.0,2.9100
2026-07-02,fl,pirateweather,86.0900,93.0,6.9100
2026-07-02,fl,tomorrow,84.4200,93.0,8.5800
2026-07-02,fl,visual-crossing,87.0000,93.0,6.0000
2026-07-02,fl,weather.gov,88.0000,93.0,5.0000
2026-07-02,fl,weatherapi,90.9000,93.0,2.1000
2026-07-02,il,consensus,96.0244,95.0,1.0244
2026-07-02,il,google-weather,94.8200,95.0,0.1800
2026-07-02,il,open-meteo,96.4000,95.0,1.4000
2026-07-02,il,openweathermap,94.8000,95.0,0.2000
2026-07-02,il,pirateweather,93.6500,95.0,1.3500
2026-07-02,il,tomorrow,96.2800,95.0,1.2800
2026-07-02,il,visual-crossing,96.0000,95.0,1.0000
2026-07-02,il,weather.gov,96.0000,95.0,1.0000
2026-07-02,il,weatherapi,102.6000,95.0,7.6000
2026-07-02,ny,consensus,102.4514,100.0,2.4514
2026-07-02,ny,google-weather,98.0600,100.0,1.9400
2026-07-02,ny,open-meteo,105.6000,100.0,5.6000
2026-07-02,ny,openweathermap,103.2600,100.0,3.2600
2026-07-02,ny,pirateweather,99.5900,100.0,0.4100
2026-07-02,ny,tomorrow,105.2800,100.0,5.2800
2026-07-02,ny,visual-crossing,101.0000,100.0,1.0000
2026-07-02,ny,weather.gov,101.0000,100.0,1.0000
2026-07-02,ny,weatherapi,109.9000,100.0,9.9000
2026-07-02,tx,consensus,94.7302,96.0,1.2698
2026-07-02,tx,google-weather,96.4400,96.0,0.4400
2026-07-02,tx,open-meteo,95.5000,96.0,0.5000
2026-07-02,tx,openweathermap,96.3500,96.0,0.3500
2026-07-02,tx,pirateweather,93.4700,96.0,2.5300
2026-07-02,tx,tomorrow,94.9300,96.0,1.0700
2026-07-02,tx,visual-crossing,94.9000,96.0,1.1000
2026-07-02,tx,weather.gov,95.0000,96.0,1.0000
2026-07-02,tx,weatherapi,101.7000,96.0,5.7000
2026-07-03,fl,consensus,88.6114,91.0,2.3886
2026-07-03,fl,google-weather,89.2400,91.0,1.7600
2026-07-03,fl,open-meteo,87.0000,91.0,4.0000
2026-07-03,fl,openweathermap,89.2900,91.0,1.7100
2026-07-03,fl,pirateweather,87.1700,91.0,3.8300
2026-07-03,fl,tomorrow,87.1700,91.0,3.8300
2026-07-03,fl,visual-crossing,87.0000,91.0,4.0000
2026-07-03,fl,weather.gov,89.0000,91.0,2.0000
2026-07-03,fl,weatherapi,92.7000,91.0,1.7000
2026-07-03,il,consensus,89.9979,91.0,1.0021
2026-07-03,il,google-weather,89.6000,91.0,1.4000
2026-07-03,il,open-meteo,92.6000,91.0,1.6000
2026-07-03,il,openweathermap,90.1000,91.0,0.9000
2026-07-03,il,pirateweather,89.6900,91.0,1.3100
2026-07-03,il,tomorrow,89.3500,91.0,1.6500
2026-07-03,il,visual-crossing,90.9000,91.0,0.1000
2026-07-03,il,weather.gov,90.0000,91.0,1.0000
2026-07-03,il,weatherapi,100.4000,91.0,9.4000
2026-07-03,ny,consensus,102.9596,98.0,4.9596
2026-07-03,ny,google-weather,100.9400,98.0,2.9400
2026-07-03,ny,open-meteo,105.0000,98.0,7.0000
2026-07-03,ny,openweathermap,101.2300,98.0,3.2300
2026-07-03,ny,pirateweather,100.4900,98.0,2.4900
2026-07-03,ny,tomorrow,104.3200,98.0,6.3200
2026-07-03,ny,visual-crossing,103.0000,98.0,5.0000
2026-07-03,ny,weather.gov,102.0000,98.0,4.0000
2026-07-03,ny,weatherapi,103.3000,98.0,5.3000
2026-07-03,tx,consensus,95.7877,98.0,2.2123
2026-07-03,tx,google-weather,96.2600,98.0,1.7400
2026-07-03,tx,open-meteo,95.8000,98.0,2.2000
2026-07-03,tx,openweathermap,95.4900,98.0,2.5100
2026-07-03,tx,pirateweather,94.3700,98.0,3.6300
2026-07-03,tx,tomorrow,95.2300,98.0,2.7700
2026-07-03,tx,visual-crossing,96.0000,98.0,2.0000
2026-07-03,tx,weather.gov,95.0000,98.0,3.0000
2026-07-03,tx,weatherapi,103.1000,98.0,5.1000
2026-07-04,fl,consensus,88.2893,93.0,4.7107
2026-07-04,fl,google-weather,89.7800,93.0,3.2200
2026-07-04,fl,open-meteo,86.2000,93.0,6.8000
2026-07-04,fl,openweathermap,89.0200,93.0,3.9800
2026-07-04,fl,pirateweather,87.1700,93.0,5.8300
2026-07-04,fl,tomorrow,86.2000,93.0,6.8000
2026-07-04,fl,visual-crossing,87.0000,93.0,6.0000
2026-07-04,fl,weather.gov,89.0000,93.0,4.0000
2026-07-04,fl,weatherapi,92.7000,93.0,0.3000
2026-07-04,il,consensus,82.9921,85.0,2.0079
2026-07-04,il,google-weather,83.6600,85.0,1.3400
2026-07-04,il,open-meteo,83.1000,85.0,1.9000
2026-07-04,il,openweathermap,77.8600,85.0,7.1400
2026-07-04,il,pirateweather,82.4900,85.0,2.5100
2026-07-04,il,tomorrow,82.9400,85.0,2.0600
2026-07-04,il,visual-crossing,83.0000,85.0,2.0000
2026-07-04,il,weather.gov,84.0000,85.0,1.0000
2026-07-04,il,weatherapi,89.9000,85.0,4.9000
2026-07-04,ny,consensus,97.2930,94.0,3.2930
2026-07-04,ny,google-weather,96.2600,94.0,2.2600
2026-07-04,ny,open-meteo,99.4000,94.0,5.4000
2026-07-04,ny,openweathermap,97.7200,94.0,3.7200
2026-07-04,ny,pirateweather,96.1700,94.0,2.1700
2026-07-04,ny,tomorrow,99.0100,94.0,5.0100
2026-07-04,ny,visual-crossing,97.1000,94.0,3.1000
2026-07-04,ny,weather.gov,97.0000,94.0,3.0000
2026-07-04,ny,weatherapi,97.5000,94.0,3.5000
2026-07-04,tx,consensus,96.0650,97.0,0.9350
2026-07-04,tx,google-weather,96.2600,97.0,0.7400
2026-07-04,tx,open-meteo,96.5000,97.0,0.5000
2026-07-04,tx,openweathermap,97.7900,97.0,0.7900
2026-07-04,tx,pirateweather,95.6300,97.0,1.3700
2026-07-04,tx,tomorrow,95.8600,97.0,1.1400
2026-07-04,tx,visual-crossing,96.0000,97.0,1.0000
2026-07-04,tx,weather.gov,96.0000,97.0,1.0000
2026-07-04,tx,weatherapi,102.9000,97.0,5.9000
2026-07-05,fl,consensus,88.7124,94.0,5.2876
2026-07-05,fl,google-weather,88.1600,94.0,5.8400
2026-07-05,fl,open-meteo,84.4000,94.0,9.6000
2026-07-05,fl,openweathermap,90.7200,94.0,3.2800
2026-07-05,fl,pirateweather,86.9900,94.0,7.0100
2026-07-05,fl,tomorrow,85.1500,94.0,8.8500
2026-07-05,fl,visual-crossing,87.0000,94.0,7.0000
2026-07-05,fl,weather.gov,89.0000,94.0,5.0000
2026-07-05,fl,weatherapi,92.8000,94.0,1.2000
2026-07-05,il,consensus,74.2595,77.0,2.7405
2026-07-05,il,google-weather,77.3600,77.0,0.3600
2026-07-05,il,open-meteo,73.8000,77.0,3.2000
2026-07-05,il,openweathermap,74.4100,77.0,2.5900
2026-07-05,il,pirateweather,75.6500,77.0,1.3500
2026-07-05,il,tomorrow,73.4000,77.0,3.6000
2026-07-05,il,visual-crossing,76.0000,77.0,1.0000
2026-07-05,il,weather.gov,77.0000,77.0,0.0000
2026-07-05,il,weatherapi,76.5000,77.0,0.5000
2026-07-05,ny,consensus,84.4277,81.0,3.4277
2026-07-05,ny,google-weather,84.2000,81.0,3.2000
2026-07-05,ny,open-meteo,92.2000,81.0,11.2000
2026-07-05,ny,openweathermap,81.3600,81.0,0.3600
2026-07-05,ny,pirateweather,82.8500,81.0,1.8500
2026-07-05,ny,tomorrow,89.8000,81.0,8.8000
2026-07-05,ny,visual-crossing,83.0000,81.0,2.0000
2026-07-05,ny,weather.gov,83.0000,81.0,2.0000
2026-07-05,ny,weatherapi,92.1000,81.0,11.1000
2026-07-05,tx,consensus,97.1265,96.0,1.1265
2026-07-05,tx,google-weather,97.3400,96.0,1.3400
2026-07-05,tx,open-meteo,97.5000,96.0,1.5000
2026-07-05,tx,openweathermap,100.2700,96.0,4.2700
2026-07-05,tx,pirateweather,95.8100,96.0,0.1900
2026-07-05,tx,tomorrow,96.8700,96.0,0.8700
2026-07-05,tx,visual-crossing,97.1000,96.0,1.1000
2026-07-05,tx,weather.gov,97.0000,96.0,1.0000
2026-07-05,tx,weatherapi,103.6000,96.0,7.6000
2026-07-06,fl,consensus,89.4114,93.0,3.5886
2026-07-06,fl,google-weather,88.3400,93.0,4.6600
2026-07-06,fl,open-meteo,87.7000,93.0,5.3000
2026-07-06,fl,openweathermap,89.0400,93.0,3.9600
2026-07-06,fl,pirateweather,87.1700,93.0,5.8300
2026-07-06,fl,tomorrow,87.6000,93.0,5.4000
2026-07-06,fl,visual-crossing,87.0000,93.0,6.0000
2026-07-06,fl,weather.gov,89.0000,93.0,4.0000
2026-07-06,fl,weatherapi,93.7000,93.0,0.7000
2026-07-06,il,consensus,77.0135,80.0,2.9865
2026-07-06,il,google-weather,79.1600,80.0,0.8400
2026-07-06,il,open-meteo,73.9000,80.0,6.1000
2026-07-06,il,openweathermap,81.3200,80.0,1.3200
2026-07-06,il,pirateweather,78.1700,80.0,1.8300
2026-07-06,il,visual-crossing,76.0000,80.0,4.0000
2026-07-06,il,weather.gov,77.0000,80.0,3.0000
2026-07-06,il,weatherapi,77.2000,80.0,2.8000
2026-07-06,ny,consensus,71.9845,69.0,2.9845
2026-07-06,ny,google-weather,69.6200,69.0,0.6200
2026-07-06,ny,openweathermap,70.9500,69.0,1.9500
2026-07-06,ny,pirateweather,74.3900,69.0,5.3900
2026-07-06,ny,tomorrow,71.0200,69.0,2.0200
2026-07-06,ny,visual-crossing,72.1000,69.0,3.1000
2026-07-06,ny,weather.gov,72.0000,69.0,3.0000
2026-07-06,ny,weatherapi,71.8000,69.0,2.8000
2026-07-06,tx,consensus,95.9698,98.0,2.0302
2026-07-06,tx,google-weather,96.0800,98.0,1.9200
2026-07-06,tx,open-meteo,96.3000,98.0,1.7000
2026-07-06,tx,openweathermap,98.6500,98.0,0.6500
2026-07-06,tx,pirateweather,94.7300,98.0,3.2700
2026-07-06,tx,tomorrow,95.7400,98.0,2.2600
2026-07-06,tx,visual-crossing,96.0000,98.0,2.0000
2026-07-06,tx,weather.gov,96.0000,98.0,2.0000
2026-07-06,tx,weatherapi,103.5000,98.0,5.5000
2026-07-07,fl,consensus,91.0300,93.0,1.9700
2026-07-07,fl,google-weather,89.0600,93.0,3.9400
2026-07-07,fl,open-meteo,87.8000,93.0,5.2000
2026-07-07,fl,openweathermap,88.7000,93.0,4.3000
2026-07-07,fl,pirateweather,87.3500,93.0,5.6500
2026-07-07,fl,tomorrow,87.7500,93.0,5.2500
2026-07-07,fl,visual-crossing,88.1000,93.0,4.9000
2026-07-07,fl,weather.gov,89.0000,93.0,4.0000
2026-07-07,fl,weatherapi,93.7000,93.0,0.7000
2026-07-07,il,consensus,81.3091,84.0,2.6909
2026-07-07,il,google-weather,84.2000,84.0,0.2000
2026-07-07,il,open-meteo,80.7000,84.0,3.3000
2026-07-07,il,openweathermap,85.9100,84.0,1.9100
2026-07-07,il,pirateweather,82.8500,84.0,1.1500
2026-07-07,il,tomorrow,80.5100,84.0,3.4900
2026-07-07,il,visual-crossing,81.1000,84.0,2.9000
2026-07-07,il,weather.gov,82.0000,84.0,2.0000
2026-07-07,il,weatherapi,84.9000,84.0,0.9000
2026-07-07,ny,consensus,71.6819,70.0,1.6819
2026-07-07,ny,google-weather,71.6000,70.0,1.6000
2026-07-07,ny,openweathermap,67.1200,70.0,2.8800
2026-07-07,ny,pirateweather,72.4100,70.0,2.4100
2026-07-07,ny,tomorrow,67.9600,70.0,2.0400
2026-07-07,ny,visual-crossing,72.9000,70.0,2.9000
2026-07-07,ny,weather.gov,71.0000,70.0,1.0000
2026-07-07,ny,weatherapi,68.4000,70.0,1.6000
2026-07-07,tx,consensus,96.1524,98.0,1.8476
2026-07-07,tx,google-weather,96.8000,98.0,1.2000
2026-07-07,tx,open-meteo,96.9000,98.0,1.1000
2026-07-07,tx,openweathermap,97.3900,98.0,0.6100
2026-07-07,tx,pirateweather,93.8300,98.0,4.1700
2026-07-07,tx,tomorrow,96.4200,98.0,1.5800
2026-07-07,tx,visual-crossing,96.0000,98.0,2.0000
2026-07-07,tx,weather.gov,96.0000,98.0,2.0000
2026-07-07,tx,weatherapi,102.9000,98.0,4.9000
2026-07-08,fl,consensus,90.4409,92.0,1.5591
2026-07-08,fl,google-weather,90.5000,92.0,1.5000
2026-07-08,fl,open-meteo,89.7000,92.0,2.3000
2026-07-08,fl,openweathermap,93.1100,92.0,1.1100
2026-07-08,fl,pirateweather,88.7900,92.0,3.2100
2026-07-08,fl,tomorrow,90.2700,92.0,1.7300
2026-07-08,fl,visual-crossing,89.0000,92.0,3.0000
2026-07-08,fl,weather.gov,90.0000,92.0,2.0000
2026-07-08,fl,weatherapi,91.2000,92.0,0.8000
2026-07-08,il,consensus,88.4134,89.0,0.5866
2026-07-08,il,google-weather,89.0600,89.0,0.0600
2026-07-08,il,open-meteo,88.3000,89.0,0.7000
2026-07-08,il,openweathermap,89.2400,89.0,0.2400
2026-07-08,il,pirateweather,88.0700,89.0,0.9300
2026-07-08,il,tomorrow,88.2500,89.0,0.7500
2026-07-08,il,visual-crossing,89.0000,89.0,0.0000
2026-07-08,il,weather.gov,89.0000,89.0,0.0000
2026-07-08,il,weatherapi,88.5000,89.0,0.5000
2026-07-08,ny,consensus,81.9099,85.0,3.0901
2026-07-08,ny,google-weather,82.9400,85.0,2.0600
2026-07-08,ny,openweathermap,91.6500,85.0,6.6500
2026-07-08,ny,pirateweather,83.2100,85.0,1.7900
2026-07-08,ny,tomorrow,82.8700,85.0,2.1300
2026-07-08,ny,visual-crossing,81.1000,85.0,3.9000
2026-07-08,ny,weather.gov,82.0000,85.0,3.0000
2026-07-08,ny,weatherapi,84.5000,85.0,0.5000
2026-07-08,tx,consensus,96.9614,99.0,2.0386
2026-07-08,tx,google-weather,97.8800,99.0,1.1200
2026-07-08,tx,open-meteo,96.9000,99.0,2.1000
2026-07-08,tx,openweathermap,95.7200,99.0,3.2800
2026-07-08,tx,pirateweather,94.9100,99.0,4.0900
2026-07-08,tx,tomorrow,96.6600,99.0,2.3400
2026-07-08,tx,visual-crossing,97.1000,99.0,1.9000
2026-07-08,tx,weather.gov,96.0000,99.0,3.0000
2026-07-08,tx,weatherapi,101.3000,99.0,2.3000
2026-07-09,fl,consensus,91.2388,92.0,0.7612
2026-07-09,fl,google-weather,90.1400,92.0,1.8600
2026-07-09,fl,open-meteo,90.3000,92.0,1.7000
2026-07-09,fl,openweathermap,92.8000,92.0,0.8000
2026-07-09,fl,pirateweather,89.1500,92.0,2.8500
2026-07-09,fl,tomorrow,90.1900,92.0,1.8100
2026-07-09,fl,visual-crossing,89.0000,92.0,3.0000
2026-07-09,fl,weather.gov,91.0000,92.0,1.0000
2026-07-09,fl,weatherapi,93.4000,92.0,1.4000
2026-07-09,il,consensus,85.0134,87.0,1.9866
2026-07-09,il,google-weather,84.0200,87.0,2.9800
2026-07-09,il,open-meteo,86.4000,87.0,0.6000
2026-07-09,il,openweathermap,88.3600,87.0,1.3600
2026-07-09,il,pirateweather,83.7500,87.0,3.2500
2026-07-09,il,tomorrow,86.6500,87.0,0.3500
2026-07-09,il,visual-crossing,83.0000,87.0,4.0000
2026-07-09,il,weather.gov,83.0000,87.0,4.0000
2026-07-09,il,weatherapi,86.5000,87.0,0.5000
2026-07-09,ny,consensus,84.0191,82.0,2.0191
2026-07-09,ny,google-weather,82.0400,82.0,0.0400
2026-07-09,ny,open-meteo,84.3000,82.0,2.3000
2026-07-09,ny,openweathermap,83.9300,82.0,1.9300
2026-07-09,ny,pirateweather,85.0100,82.0,3.0100
2026-07-09,ny,tomorrow,84.0700,82.0,2.0700
2026-07-09,ny,visual-crossing,83.9000,82.0,1.9000
2026-07-09,ny,weather.gov,85.0000,82.0,3.0000
2026-07-09,ny,weatherapi,86.7000,82.0,4.7000
2026-07-09,tx,consensus,98.1435,98.0,0.1435
2026-07-09,tx,google-weather,96.6200,98.0,1.3800
2026-07-09,tx,open-meteo,96.5000,98.0,1.5000
2026-07-09,tx,openweathermap,98.6000,98.0,0.6000
2026-07-09,tx,pirateweather,95.6300,98.0,2.3700
2026-07-09,tx,tomorrow,95.8100,98.0,2.1900
2026-07-09,tx,visual-crossing,99.1000,98.0,1.1000
2026-07-09,tx,weather.gov,99.0000,98.0,1.0000
2026-07-09,tx,weatherapi,102.4000,98.0,4.4000
2026-07-10,fl,consensus,91.9346,93.0,1.0654
2026-07-10,fl,google-weather,90.3200,93.0,2.6800
2026-07-10,fl,open-meteo,90.0000,93.0,3.0000
2026-07-10,fl,openweathermap,92.0800,93.0,0.9200
2026-07-10,fl,pirateweather,88.6100,93.0,4.3900
2026-07-10,fl,tomorrow,90.1800,93.0,2.8200
2026-07-10,fl,visual-crossing,88.1000,93.0,4.9000
2026-07-10,fl,weather.gov,90.0000,93.0,3.0000
2026-07-10,fl,weatherapi,94.6000,93.0,1.6000
2026-07-10,il,consensus,81.0006,82.0,0.9994
2026-07-10,il,google-weather,80.7800,82.0,1.2200
2026-07-10,il,open-meteo,83.1000,82.0,1.1000
2026-07-10,il,openweathermap,85.4600,82.0,3.4600
2026-07-10,il,pirateweather,80.5100,82.0,1.4900
2026-07-10,il,tomorrow,81.8600,82.0,0.1400
2026-07-10,il,visual-crossing,80.0000,82.0,2.0000
2026-07-10,il,weather.gov,81.0000,82.0,1.0000
2026-07-10,il,weatherapi,84.4000,82.0,2.4000
2026-07-10,ny,consensus,87.4418,85.0,2.4418
2026-07-10,ny,google-weather,87.4400,85.0,2.4400
2026-07-10,ny,openweathermap,82.9900,85.0,2.0100
2026-07-10,ny,pirateweather,86.0900,85.0,1.0900
2026-07-10,ny,tomorrow,89.3100,85.0,4.3100
2026-07-10,ny,visual-crossing,87.0000,85.0,2.0000
2026-07-10,ny,weather.gov,88.0000,85.0,3.0000
2026-07-10,ny,weatherapi,94.1000,85.0,9.1000
2026-07-10,tx,consensus,92.7476,95.0,2.2524
2026-07-10,tx,google-weather,91.4000,95.0,3.6000
2026-07-10,tx,open-meteo,93.3000,95.0,1.7000
2026-07-10,tx,openweathermap,92.5900,95.0,2.4100
2026-07-10,tx,pirateweather,91.1300,95.0,3.8700
2026-07-10,tx,tomorrow,92.3400,95.0,2.6600
2026-07-10,tx,visual-crossing,92.9000,95.0,2.1000
2026-07-10,tx,weather.gov,94.0000,95.0,1.0000
2026-07-10,tx,weatherapi,93.9000,95.0,1.1000
2026-07-11,fl,consensus,90.2545,91.0,0.7455
2026-07-11,fl,google-weather,87.6200,91.0,3.3800
2026-07-11,fl,open-meteo,86.7000,91.0,4.3000
2026-07-11,fl,openweathermap,91.1800,91.0,0.1800
2026-07-11,fl,pirateweather,88.7900,91.0,2.2100
2026-07-11,fl,tomorrow,86.6700,91.0,4.3300
2026-07-11,fl,visual-crossing,89.0000,91.0,2.0000
2026-07-11,fl,weather.gov,91.0000,91.0,0.0000
2026-07-11,fl,weatherapi,91.8000,91.0,0.8000
2026-07-11,il,consensus,82.1720,83.0,0.8280
2026-07-11,il,google-weather,81.6800,83.0,1.3200
2026-07-11,il,open-meteo,81.5000,83.0,1.5000
2026-07-11,il,openweathermap,84.4900,83.0,1.4900
2026-07-11,il,pirateweather,81.4100,83.0,1.5900
2026-07-11,il,tomorrow,81.4800,83.0,1.5200
2026-07-11,il,visual-crossing,83.0000,83.0,0.0000
2026-07-11,il,weather.gov,83.0000,83.0,0.0000
2026-07-11,il,weatherapi,87.6000,83.0,4.6000
2026-07-11,ny,consensus,80.2696,82.0,1.7304
2026-07-11,ny,google-weather,79.7000,82.0,2.3000
2026-07-11,ny,open-meteo,83.0000,82.0,1.0000
2026-07-11,ny,openweathermap,83.0800,82.0,1.0800
2026-07-11,ny,pirateweather,81.0500,82.0,0.9500
2026-07-11,ny,tomorrow,78.2600,82.0,3.7400
2026-07-11,ny,visual-crossing,81.1000,82.0,0.9000
2026-07-11,ny,weather.gov,82.0000,82.0,0.0000
2026-07-11,ny,weatherapi,88.2000,82.0,6.2000
2026-07-11,tx,consensus,92.7897,90.0,2.7897
2026-07-11,tx,google-weather,86.9000,90.0,3.1000
2026-07-11,tx,open-meteo,96.9000,90.0,6.9000
2026-07-11,tx,openweathermap,89.3800,90.0,0.6200
2026-07-11,tx,pirateweather,88.7900,90.0,1.2100
2026-07-11,tx,tomorrow,96.2100,90.0,6.2100
2026-07-11,tx,visual-crossing,92.0000,90.0,2.0000
2026-07-11,tx,weather.gov,92.0000,90.0,2.0000
2026-07-11,tx,weatherapi,87.3000,90.0,2.7000
2026-07-12,fl,consensus,91.9383,94.0,2.0617
2026-07-12,fl,google-weather,89.9600,94.0,4.0400
2026-07-12,fl,open-meteo,89.8000,94.0,4.2000
2026-07-12,fl,openweathermap,88.8600,94.0,5.1400
2026-07-12,fl,pirateweather,89.5100,94.0,4.4900
2026-07-12,fl,tomorrow,88.8100,94.0,5.1900
2026-07-12,fl,visual-crossing,89.0000,94.0,5.0000
2026-07-12,fl,weather.gov,91.0000,94.0,3.0000
2026-07-12,fl,weatherapi,95.0000,94.0,1.0000
2026-07-12,il,consensus,84.4553,86.0,1.5447
2026-07-12,il,google-weather,85.4600,86.0,0.5400
2026-07-12,il,open-meteo,84.3000,86.0,1.7000
2026-07-12,il,openweathermap,86.1800,86.0,0.1800
2026-07-12,il,pirateweather,85.1900,86.0,0.8100
2026-07-12,il,tomorrow,84.7800,86.0,1.2200
2026-07-12,il,visual-crossing,83.9000,86.0,2.1000
2026-07-12,il,weather.gov,85.0000,86.0,1.0000
2026-07-12,il,weatherapi,90.1000,86.0,4.1000
2026-07-12,ny,consensus,83.5748,84.0,0.4252
2026-07-12,ny,google-weather,83.6600,84.0,0.3400
2026-07-12,ny,open-meteo,85.1000,84.0,1.1000
2026-07-12,ny,openweathermap,85.7700,84.0,1.7700
2026-07-12,ny,pirateweather,82.4900,84.0,1.5100
2026-07-12,ny,tomorrow,84.7400,84.0,0.7400
2026-07-12,ny,visual-crossing,83.0000,84.0,1.0000
2026-07-12,ny,weather.gov,84.0000,84.0,0.0000
2026-07-12,ny,weatherapi,88.9000,84.0,4.9000
2026-07-12,tx,consensus,92.1999,96.0,3.8001
2026-07-12,tx,google-weather,93.3800,96.0,2.6200
2026-07-12,tx,open-meteo,92.8000,96.0,3.2000
2026-07-12,tx,openweathermap,87.5800,96.0,8.4200
2026-07-12,tx,pirateweather,91.3100,96.0,4.6900
2026-07-12,tx,tomorrow,94.3300,96.0,1.6700
2026-07-12,tx,visual-crossing,92.0000,96.0,4.0000
2026-07-12,tx,weather.gov,92.0000,96.0,4.0000
2026-07-12,tx,weatherapi,93.8000,96.0,2.2000
2026-07-13,fl,consensus,92.1632,93.0,0.8368
2026-07-13,fl,google-weather,90.3200,93.0,2.6800
2026-07-13,fl,open-meteo,91.2000,93.0,1.8000
2026-07-13,fl,openweathermap,94.1900,93.0,1.1900
2026-07-13,fl,pirateweather,89.3300,93.0,3.6700
2026-07-13,fl,tomorrow,90.4500,93.0,2.5500
2026-07-13,fl,visual-crossing,89.0000,93.0,4.0000
2026-07-13,fl,weather.gov,91.0000,93.0,2.0000
2026-07-13,fl,weatherapi,96.1000,93.0,3.1000
2026-07-13,il,consensus,92.8911,92.0,0.8911
2026-07-13,il,google-weather,92.3000,92.0,0.3000
2026-07-13,il,open-meteo,93.1000,92.0,1.1000
2026-07-13,il,openweathermap,90.4100,92.0,1.5900
2026-07-13,il,pirateweather,93.1100,92.0,1.1100
2026-07-13,il,tomorrow,94.5000,92.0,2.5000
2026-07-13,il,visual-crossing,92.0000,92.0,0.0000
2026-07-13,il,weather.gov,94.0000,92.0,2.0000
2026-07-13,il,weatherapi,97.7000,92.0,5.7000
2026-07-13,ny,consensus,84.9481,84.0,0.9481
2026-07-13,ny,google-weather,84.7400,84.0,0.7400
2026-07-13,ny,openweathermap,84.4300,84.0,0.4300
2026-07-13,ny,pirateweather,85.0100,84.0,1.0100
2026-07-13,ny,tomorrow,87.0600,84.0,3.0600
2026-07-13,ny,visual-crossing,83.9000,84.0,0.1000
2026-07-13,ny,weather.gov,85.0000,84.0,1.0000
2026-07-13,ny,weatherapi,91.8000,84.0,7.8000
2026-07-13,tx,consensus,90.3528,94.0,3.6472
2026-07-13,tx,google-weather,92.6600,94.0,1.3400
2026-07-13,tx,open-meteo,90.8000,94.0,3.2000
2026-07-13,tx,openweathermap,88.9200,94.0,5.0800
2026-07-13,tx,pirateweather,88.4300,94.0,5.5700
2026-07-13,tx,tomorrow,90.3400,94.0,3.6600
2026-07-13,tx,visual-crossing,90.1000,94.0,3.9000
2026-07-13,tx,weather.gov,91.0000,94.0,3.0000
2026-07-13,tx,weatherapi,99.5000,94.0,5.5000
2026-07-14,fl,consensus,89.7417,94.0,4.2583
2026-07-14,fl,google-weather,89.7800,94.0,4.2200
2026-07-14,fl,open-meteo,89.0000,94.0,5.0000
2026-07-14,fl,openweathermap,92.8400,94.0,1.1600
2026-07-14,fl,pirateweather,89.1500,94.0,4.8500
2026-07-14,fl,tomorrow,89.9100,94.0,4.0900
2026-07-14,fl,visual-crossing,89.0000,94.0,5.0000
2026-07-14,fl,weather.gov,91.0000,94.0,3.0000
2026-07-14,fl,weatherapi,95.5000,94.0,1.5000
2026-07-14,il,consensus,97.6926,96.0,1.6926
2026-07-14,il,google-weather,95.7200,96.0,0.2800
2026-07-14,il,open-meteo,99.9000,96.0,3.9000
2026-07-14,il,openweathermap,94.1700,96.0,1.8300
2026-07-14,il,pirateweather,95.8100,96.0,0.1900
2026-07-14,il,tomorrow,100.3300,96.0,4.3300
2026-07-14,il,visual-crossing,97.1000,96.0,1.1000
2026-07-14,il,weather.gov,97.0000,96.0,1.0000
2026-07-14,il,weatherapi,103.5000,96.0,7.5000
2026-07-14,ny,consensus,94.9464,90.0,4.9464
2026-07-14,ny,google-weather,95.0000,90.0,5.0000
2026-07-14,ny,open-meteo,98.3000,90.0,8.3000
2026-07-14,ny,openweathermap,96.4000,90.0,6.4000
2026-07-14,ny,pirateweather,95.9900,90.0,5.9900
2026-07-14,ny,tomorrow,96.9600,90.0,6.9600
2026-07-14,ny,visual-crossing,94.0000,90.0,4.0000
2026-07-14,ny,weather.gov,95.0000,90.0,5.0000
2026-07-14,ny,weatherapi,102.4000,90.0,12.4000
2026-07-14,tx,consensus,83.4052,80.0,3.4052
2026-07-14,tx,google-weather,81.8600,80.0,1.8600
2026-07-14,tx,open-meteo,79.9000,80.0,0.1000
2026-07-14,tx,openweathermap,76.9800,80.0,3.0200
2026-07-14,tx,pirateweather,83.9300,80.0,3.9300
2026-07-14,tx,tomorrow,78.9300,80.0,1.0700
2026-07-14,tx,visual-crossing,85.0000,80.0,5.0000
2026-07-14,tx,weather.gov,85.0000,80.0,5.0000
2026-07-14,tx,weatherapi,85.1000,80.0,5.1000
2026-07-15,fl,consensus,89.9577,94.0,4.0423
2026-07-15,fl,google-weather,89.9600,94.0,4.0400
2026-07-15,fl,open-meteo,90.2000,94.0,3.8000
2026-07-15,fl,openweathermap,93.1100,94.0,0.8900
2026-07-15,fl,pirateweather,89.3300,94.0,4.6700
2026-07-15,fl,tomorrow,90.2700,94.0,3.7300
2026-07-15,fl,visual-crossing,89.0000,94.0,5.0000
2026-07-15,fl,weather.gov,91.0000,94.0,3.0000
2026-07-15,fl,weatherapi,95.5000,94.0,1.5000
2026-07-15,il,consensus,96.8948,95.0,1.8948
2026-07-15,il,google-weather,95.1800,95.0,0.1800
2026-07-15,il,open-meteo,99.0000,95.0,4.0000
2026-07-15,il,openweathermap,94.6400,95.0,0.3600
2026-07-15,il,pirateweather,95.2700,95.0,0.2700
2026-07-15,il,tomorrow,98.8000,95.0,3.8000
2026-07-15,il,visual-crossing,96.0000,95.0,1.0000
2026-07-15,il,weather.gov,96.0000,95.0,1.0000
2026-07-15,il,weatherapi,104.5000,95.0,9.5000
2026-07-15,ny,consensus,99.4986,95.0,4.4986
2026-07-15,ny,google-weather,97.1600,95.0,2.1600
2026-07-15,ny,open-meteo,102.8000,95.0,7.8000
2026-07-15,ny,openweathermap,93.7800,95.0,1.2200
2026-07-15,ny,pirateweather,98.5100,95.0,3.5100
2026-07-15,ny,tomorrow,102.2000,95.0,7.2000
2026-07-15,ny,visual-crossing,99.1000,95.0,4.1000
2026-07-15,ny,weather.gov,98.0000,95.0,3.0000
2026-07-15,ny,weatherapi,106.9000,95.0,11.9000
2026-07-15,tx,consensus,81.8532,80.0,1.8532
2026-07-15,tx,google-weather,78.9800,80.0,1.0200
2026-07-15,tx,open-meteo,80.5000,80.0,0.5000
2026-07-15,tx,openweathermap,74.6600,80.0,5.3400
2026-07-15,tx,pirateweather,82.4900,80.0,2.4900
2026-07-15,tx,tomorrow,80.3800,80.0,0.3800
2026-07-15,tx,visual-crossing,83.0000,80.0,3.0000
2026-07-15,tx,weather.gov,83.0000,80.0,3.0000
2026-07-15,tx,weatherapi,82.8000,80.0,2.8000
2026-07-16,fl,consensus,91.6015,97.0,5.3985
2026-07-16,fl,google-weather,90.8600,97.0,6.1400
2026-07-16,fl,open-meteo,92.0000,97.0,5.0000
2026-07-16,fl,openweathermap,92.5200,97.0,4.4800
2026-07-16,fl,pirateweather,89.8700,97.0,7.1300
2026-07-16,fl,tomorrow,92.0100,97.0,4.9900
2026-07-16,fl,visual-crossing,90.1000,97.0,6.9000
2026-07-16,fl,weather.gov,92.0000,97.0,5.0000
2026-07-16,fl,weatherapi,97.3000,97.0,0.3000
2026-07-16,il,consensus,91.0681,91.0,0.0681
2026-07-16,il,google-weather,88.1600,91.0,2.8400
2026-07-16,il,open-meteo,92.8000,91.0,1.8000
2026-07-16,il,openweathermap,90.3700,91.0,0.6300
2026-07-16,il,pirateweather,90.2300,91.0,0.7700
2026-07-16,il,tomorrow,92.1700,91.0,1.1700
2026-07-16,il,visual-crossing,90.1000,91.0,0.9000
2026-07-16,il,weather.gov,91.0000,91.0,0.0000
2026-07-16,il,weatherapi,96.4000,91.0,5.4000
2026-07-16,ny,consensus,92.4607,85.0,7.4607
2026-07-16,ny,google-weather,92.1200,85.0,7.1200
2026-07-16,ny,openweathermap,88.8300,85.0,3.8300
2026-07-16,ny,pirateweather,92.9300,85.0,7.9300
2026-07-16,ny,tomorrow,96.2600,85.0,11.2600
2026-07-16,ny,visual-crossing,92.0000,85.0,7.0000
2026-07-16,ny,weather.gov,92.0000,85.0,7.0000
2026-07-16,ny,weatherapi,98.6000,85.0,13.6000
2026-07-16,tx,consensus,88.1144,90.0,1.8856
2026-07-16,tx,google-weather,87.8000,90.0,2.2000
2026-07-16,tx,open-meteo,89.1000,90.0,0.9000
2026-07-16,tx,openweathermap,87.2600,90.0,2.7400
2026-07-16,tx,pirateweather,86.9900,90.0,3.0100
2026-07-16,tx,tomorrow,88.1400,90.0,1.8600
2026-07-16,tx,visual-crossing,88.1000,90.0,1.9000
2026-07-16,tx,weather.gov,87.0000,90.0,3.0000
2026-07-16,tx,weatherapi,87.1000,90.0,2.9000
2026-07-17,fl,consensus,90.6003,94.0,3.3997
2026-07-17,fl,google-weather,89.7800,94.0,4.2200
2026-07-17,fl,open-meteo,89.2000,94.0,4.8000
2026-07-17,fl,openweathermap,92.9500,94.0,1.0500
2026-07-17,fl,pirateweather,89.3300,94.0,4.6700
2026-07-17,fl,tomorrow,89.3300,94.0,4.6700
2026-07-17,fl,visual-crossing,89.0000,94.0,5.0000
2026-07-17,fl,weather.gov,91.0000,94.0,3.0000
2026-07-17,fl,weatherapi,96.1000,94.0,2.1000
2026-07-17,il,consensus,91.4407,94.0,2.5593
2026-07-17,il,google-weather,90.5000,94.0,3.5000
2026-07-17,il,openweathermap,90.8200,94.0,3.1800
2026-07-17,il,pirateweather,90.0500,94.0,3.9500
2026-07-17,il,tomorrow,95.2200,94.0,1.2200
2026-07-17,il,visual-crossing,90.9000,94.0,3.1000
2026-07-17,il,weather.gov,91.0000,94.0,3.0000
2026-07-17,il,weatherapi,97.2000,94.0,3.2000
2026-07-17,ny,consensus,86.5945,86.0,0.5945
2026-07-17,ny,google-weather,86.7200,86.0,0.7200
2026-07-17,ny,open-meteo,92.8000,86.0,6.8000
2026-07-17,ny,openweathermap,80.1300,86.0,5.8700
2026-07-17,ny,pirateweather,86.2700,86.0,0.2700
2026-07-17,ny,tomorrow,90.5200,86.0,4.5200
2026-07-17,ny,visual-crossing,85.9000,86.0,0.1000
2026-07-17,ny,weather.gov,87.0000,86.0,1.0000
2026-07-17,ny,weatherapi,97.0000,86.0,11.0000
2026-07-17,tx,consensus,91.6746,94.0,2.3254
2026-07-17,tx,google-weather,92.4800,94.0,1.5200
2026-07-17,tx,open-meteo,93.0000,94.0,1.0000
2026-07-17,tx,openweathermap,89.8900,94.0,4.1100
2026-07-17,tx,pirateweather,90.2300,94.0,3.7700
2026-07-17,tx,tomorrow,92.3000,94.0,1.7000
2026-07-17,tx,visual-crossing,90.9000,94.0,3.1000
2026-07-17,tx,weather.gov,91.0000,94.0,3.0000
2026-07-17,tx,weatherapi,99.0000,94.0,5.0000
2026-07-18,fl,consensus,89.5717,91.0,1.4283
2026-07-18,fl,google-weather,89.2400,91.0,1.7600
2026-07-18,fl,open-meteo,90.2000,91.0,0.8000
2026-07-18,fl,openweathermap,87.5500,91.0,3.4500
2026-07-18,fl,pirateweather,87.3500,91.0,3.6500
2026-07-18,fl,tomorrow,90.2700,91.0,0.7300
2026-07-18,fl,visual-crossing,87.0000,91.0,4.0000
2026-07-18,fl,weather.gov,89.0000,91.0,2.0000
2026-07-18,fl,weatherapi,95.0000,91.0,4.0000
2026-07-18,il,consensus,91.2813,91.0,0.2813
2026-07-18,il,google-weather,86.5400,91.0,4.4600
2026-07-18,il,open-meteo,92.1000,91.0,1.1000
2026-07-18,il,openweathermap,86.6500,91.0,4.3500
2026-07-18,il,pirateweather,88.6100,91.0,2.3900
2026-07-18,il,tomorrow,92.5300,91.0,1.5300
2026-07-18,il,visual-crossing,90.9000,91.0,0.1000
2026-07-18,il,weather.gov,90.0000,91.0,1.0000
2026-07-18,il,weatherapi,97.0000,91.0,6.0000
2026-07-18,ny,consensus,77.6008,76.0,1.6008
2026-07-18,ny,google-weather,77.1800,76.0,1.1800
2026-07-18,ny,openweathermap,75.2700,76.0,0.7300
2026-07-18,ny,pirateweather,79.7900,76.0,3.7900
2026-07-18,ny,tomorrow,92.5700,76.0,16.5700
2026-07-18,ny,visual-crossing,76.9000,76.0,0.9000
2026-07-18,ny,weather.gov,81.0000,76.0,5.0000
2026-07-18,ny,weatherapi,94.6000,76.0,18.6000
2026-07-18,tx,consensus,94.1710,95.0,0.8290
2026-07-18,tx,google-weather,94.4600,95.0,0.5400
2026-07-18,tx,open-meteo,94.6000,95.0,0.4000
2026-07-18,tx,openweathermap,93.3600,95.0,1.6400
2026-07-18,tx,pirateweather,93.1100,95.0,1.8900
2026-07-18,tx,tomorrow,94.0100,95.0,0.9900
2026-07-18,tx,visual-crossing,94.0000,95.0,1.0000
2026-07-18,tx,weather.gov,94.0000,95.0,1.0000
2026-07-18,tx,weatherapi,100.6000,95.0,5.6000
2026-07-19,fl,consensus,90.6567,91.0,0.3433
2026-07-19,fl,google-weather,89.4200,91.0,1.5800
2026-07-19,fl,open-meteo,89.7000,91.0,1.3000
2026-07-19,fl,openweathermap,88.0000,91.0,3.0000
2026-07-19,fl,pirateweather,87.8900,91.0,3.1100
2026-07-19,fl,tomorrow,89.8000,91.0,1.2000
2026-07-19,fl,visual-crossing,88.1000,91.0,2.9000
2026-07-19,fl,weather.gov,89.0000,91.0,2.0000
2026-07-19,fl,weatherapi,95.7000,91.0,4.7000
2026-07-19,il,consensus,80.9375,79.0,1.9375
2026-07-19,il,google-weather,78.2600,79.0,0.7400
2026-07-19,il,open-meteo,81.7000,79.0,2.7000
2026-07-19,il,openweathermap,84.1800,79.0,5.1800
2026-07-19,il,pirateweather,78.5300,79.0,0.4700
2026-07-19,il,tomorrow,81.4800,79.0,2.4800
2026-07-19,il,visual-crossing,79.1000,79.0,0.1000
2026-07-19,il,weather.gov,80.0000,79.0,1.0000
2026-07-19,il,weatherapi,87.3000,79.0,8.3000
2026-07-19,ny,consensus,81.2030,79.0,2.2030
2026-07-19,ny,google-weather,80.2400,79.0,1.2400
2026-07-19,ny,open-meteo,83.9000,79.0,4.9000
2026-07-19,ny,openweathermap,81.5500,79.0,2.5500
2026-07-19,ny,pirateweather,79.6100,79.0,0.6100
2026-07-19,ny,tomorrow,83.1900,79.0,4.1900
2026-07-19,ny,visual-crossing,81.1000,79.0,2.1000
2026-07-19,ny,weather.gov,82.0000,79.0,3.0000
2026-07-19,ny,weatherapi,87.8000,79.0,8.8000
2026-07-19,tx,consensus,95.1248,95.0,0.1248
2026-07-19,tx,google-weather,95.0000,95.0,0.0000
2026-07-19,tx,open-meteo,96.4000,95.0,1.4000
2026-07-19,tx,openweathermap,95.7000,95.0,0.7000
2026-07-19,tx,pirateweather,93.2900,95.0,1.7100
2026-07-19,tx,tomorrow,95.9700,95.0,0.9700
2026-07-19,tx,visual-crossing,94.0000,95.0,1.0000
2026-07-19,tx,weather.gov,94.0000,95.0,1.0000
2026-07-19,tx,weatherapi,102.6000,95.0,7.6000
2026-07-20,fl,consensus,89.8523,93.0,3.1477
2026-07-20,fl,google-weather,89.2400,93.0,3.7600
2026-07-20,fl,open-meteo,89.1000,93.0,3.9000
2026-07-20,fl,openweathermap,89.8700,93.0,3.1300
2026-07-20,fl,pirateweather,88.2500,93.0,4.7500
2026-07-20,fl,tomorrow,89.1000,93.0,3.9000
2026-07-20,fl,visual-crossing,88.1000,93.0,4.9000
2026-07-20,fl,weather.gov,90.0000,93.0,3.0000
2026-07-20,fl,weatherapi,94.6000,93.0,1.6000
2026-07-20,il,consensus,87.5533,82.0,5.5533
2026-07-20,il,google-weather,81.8600,82.0,0.1400
2026-07-20,il,open-meteo,88.1000,82.0,6.1000
2026-07-20,il,openweathermap,85.5900,82.0,3.5900
2026-07-20,il,pirateweather,85.3700,82.0,3.3700
2026-07-20,il,tomorrow,88.6300,82.0,6.6300
2026-07-20,il,visual-crossing,87.0000,82.0,5.0000
2026-07-20,il,weather.gov,87.0000,82.0,5.0000
2026-07-20,il,weatherapi,94.6000,82.0,12.6000
2026-07-20,ny,consensus,82.0089,81.0,1.0089
2026-07-20,ny,google-weather,80.9600,81.0,0.0400
2026-07-20,ny,open-meteo,85.0000,81.0,4.0000
2026-07-20,ny,openweathermap,80.8000,81.0,0.2000
2026-07-20,ny,pirateweather,81.2300,81.0,0.2300
2026-07-20,ny,tomorrow,84.5200,81.0,3.5200
2026-07-20,ny,visual-crossing,81.9000,81.0,0.9000
2026-07-20,ny,weather.gov,82.0000,81.0,1.0000
2026-07-20,ny,weatherapi,89.4000,81.0,8.4000
2026-07-20,tx,consensus,96.1175,97.0,0.8825
2026-07-20,tx,google-weather,97.8800,97.0,0.8800
2026-07-20,tx,open-meteo,96.2000,97.0,0.8000
2026-07-20,tx,openweathermap,101.0300,97.0,4.0300
2026-07-20,tx,pirateweather,95.0900,97.0,1.9100
2026-07-20,tx,tomorrow,96.0800,97.0,0.9200
2026-07-20,tx,visual-crossing,96.0000,97.0,1.0000
2026-07-20,tx,weather.gov,95.0000,97.0,2.0000
2026-07-20,tx,weatherapi,104.0000,97.0,7.0000
2026-07-21,fl,consensus,90.0796,92.0,1.9204
2026-07-21,fl,google-weather,89.6000,92.0,2.4000
2026-07-21,fl,open-meteo,90.5000,92.0,1.5000
2026-07-21,fl,openweathermap,92.5900,92.0,0.5900
2026-07-21,fl,pirateweather,88.2500,92.0,3.7500
2026-07-21,fl,tomorrow,90.6300,92.0,1.3700
2026-07-21,fl,visual-crossing,88.1000,92.0,3.9000
2026-07-21,fl,weather.gov,90.0000,92.0,2.0000
2026-07-21,fl,weatherapi,93.9000,92.0,1.9000
2026-07-21,il,consensus,88.1889,86.0,2.1889
2026-07-21,il,google-weather,84.7400,86.0,1.2600
2026-07-21,il,open-meteo,89.3000,86.0,3.3000
2026-07-21,il,openweathermap,77.1400,86.0,8.8600
2026-07-21,il,pirateweather,84.6500,86.0,1.3500
2026-07-21,il,tomorrow,89.4200,86.0,3.4200
2026-07-21,il,visual-crossing,87.0000,86.0,1.0000
2026-07-21,il,weather.gov,87.0000,86.0,1.0000
2026-07-21,il,weatherapi,94.1000,86.0,8.1000
2026-07-21,ny,consensus,80.2562,81.0,0.7438
2026-07-21,ny,google-weather,79.8800,81.0,1.1200
2026-07-21,ny,openweathermap,79.8400,81.0,1.1600
2026-07-21,ny,pirateweather,78.1700,81.0,2.8300
2026-07-21,ny,tomorrow,89.1900,81.0,8.1900
2026-07-21,ny,visual-crossing,80.0000,81.0,1.0000
2026-07-21,ny,weather.gov,80.0000,81.0,1.0000
2026-07-21,ny,weatherapi,80.4000,81.0,0.6000
2026-07-21,tx,consensus,98.8313,101.0,2.1687
2026-07-21,tx,google-weather,100.2200,101.0,0.7800
2026-07-21,tx,open-meteo,98.6000,101.0,2.4000
2026-07-21,tx,openweathermap,101.3000,101.0,0.3000
2026-07-21,tx,pirateweather,98.6900,101.0,2.3100
2026-07-21,tx,tomorrow,98.1000,101.0,2.9000
2026-07-21,tx,visual-crossing,99.1000,101.0,1.9000
2026-07-21,tx,weather.gov,98.0000,101.0,3.0000
2026-07-21,tx,weatherapi,107.8000,101.0,6.8000
2026-07-22,fl,consensus,88.9229,92.0,3.0771
2026-07-22,fl,google-weather,89.4200,92.0,2.5800
2026-07-22,fl,open-meteo,90.0000,92.0,2.0000
2026-07-22,fl,openweathermap,92.2600,92.0,0.2600
2026-07-22,fl,pirateweather,87.8900,92.0,4.1100
2026-07-22,fl,tomorrow,90.0500,92.0,1.9500
2026-07-22,fl,visual-crossing,88.1000,92.0,3.9000
2026-07-22,fl,weather.gov,89.0000,92.0,3.0000
2026-07-22,fl,weatherapi,90.7000,92.0,1.3000
2026-07-22,il,consensus,74.7133,73.0,1.7133
2026-07-22,il,google-weather,72.5000,73.0,0.5000
2026-07-22,il,open-meteo,78.9000,73.0,5.9000
2026-07-22,il,openweathermap,76.5300,73.0,3.5300
2026-07-22,il,pirateweather,71.8700,73.0,1.1300
2026-07-22,il,tomorrow,73.7800,73.0,0.7800
2026-07-22,il,visual-crossing,72.1000,73.0,0.9000
2026-07-22,il,weather.gov,73.0000,73.0,0.0000
2026-07-22,il,weatherapi,77.5000,73.0,4.5000
2026-07-22,ny,consensus,84.9538,85.0,0.0462
2026-07-22,ny,google-weather,86.9000,85.0,1.9000
2026-07-22,ny,open-meteo,90.1000,85.0,5.1000
2026-07-22,ny,openweathermap,79.5000,85.0,5.5000
2026-07-22,ny,pirateweather,83.3900,85.0,1.6100
2026-07-22,ny,tomorrow,87.8500,85.0,2.8500
2026-07-22,ny,visual-crossing,83.9000,85.0,1.1000
2026-07-22,ny,weather.gov,85.0000,85.0,0.0000
2026-07-22,ny,weatherapi,90.3000,85.0,5.3000
2026-07-22,tx,consensus,102.1481,104.0,1.8519
2026-07-22,tx,google-weather,104.0000,104.0,0.0000
2026-07-22,tx,open-meteo,102.6000,104.0,1.4000
2026-07-22,tx,openweathermap,102.8700,104.0,1.1300
2026-07-22,tx,pirateweather,102.1100,104.0,1.8900
2026-07-22,tx,tomorrow,102.5400,104.0,1.4600
2026-07-22,tx,visual-crossing,101.9000,104.0,2.1000
2026-07-22,tx,weather.gov,102.0000,104.0,2.0000
2026-07-22,tx,weatherapi,111.4000,104.0,7.4000
2026-07-23,fl,consensus,89.2198,93.0,3.7802
2026-07-23,fl,google-weather,89.4200,93.0,3.5800
2026-07-23,fl,open-meteo,91.2000,93.0,1.8000
2026-07-23,fl,openweathermap,92.2300,93.0,0.7700
2026-07-23,fl,pirateweather,87.7100,93.0,5.2900
2026-07-23,fl,tomorrow,91.1500,93.0,1.8500
2026-07-23,fl,visual-crossing,88.1000,93.0,4.9000
2026-07-23,fl,weather.gov,89.0000,93.0,4.0000
2026-07-23,fl,weatherapi,92.5000,93.0,0.5000
2026-07-23,il,consensus,78.3189,77.0,1.3189
2026-07-23,il,google-weather,77.0000,77.0,0.0000
2026-07-23,il,open-meteo,77.8000,77.0,0.8000
2026-07-23,il,openweathermap,77.9200,77.0,0.9200
2026-07-23,il,pirateweather,76.5500,77.0,0.4500
2026-07-23,il,tomorrow,78.1200,77.0,1.1200
2026-07-23,il,visual-crossing,79.1000,77.0,2.1000
2026-07-23,il,weather.gov,79.0000,77.0,2.0000
2026-07-23,il,weatherapi,78.6000,77.0,1.6000
2026-07-23,ny,consensus,80.2922,79.0,1.2922
2026-07-23,ny,google-weather,79.8800,79.0,0.8800
2026-07-23,ny,open-meteo,83.1000,79.0,4.1000
2026-07-23,ny,openweathermap,82.2200,79.0,3.2200
2026-07-23,ny,pirateweather,79.9700,79.0,0.9700
2026-07-23,ny,tomorrow,81.7000,79.0,2.7000
2026-07-23,ny,visual-crossing,80.0000,79.0,1.0000
2026-07-23,ny,weather.gov,82.0000,79.0,3.0000
2026-07-23,ny,weatherapi,87.6000,79.0,8.6000
2026-07-23,tx,consensus,98.8214,100.0,1.1786
2026-07-23,tx,google-weather,97.7000,100.0,2.3000
2026-07-23,tx,open-meteo,100.2000,100.0,0.2000
2026-07-23,tx,openweathermap,101.7300,100.0,1.7300
2026-07-23,tx,pirateweather,98.1500,100.0,1.8500
2026-07-23,tx,tomorrow,96.7600,100.0,3.2400
2026-07-23,tx,visual-crossing,99.9000,100.0,0.1000
2026-07-23,tx,weather.gov,99.0000,100.0,1.0000
2026-07-23,tx,weatherapi,103.5000,100.0,3.5000
2026-07-24,fl,consensus,88.5179,93.0,4.4821
2026-07-24,fl,google-weather,89.0600,93.0,3.9400
2026-07-24,fl,open-meteo,90.9000,93.0,2.1000
2026-07-24,fl,openweathermap,90.7500,93.0,2.2500
2026-07-24,fl,pirateweather,87.3500,93.0,5.6500
2026-07-24,fl,tomorrow,90.8600,93.0,2.1400
2026-07-24,fl,visual-crossing,87.0000,93.0,6.0000
2026-07-24,fl,weather.gov,89.0000,93.0,4.0000
2026-07-24,fl,weatherapi,95.4000,93.0,2.4000
2026-07-24,il,consensus,81.2587,79.0,2.2587
2026-07-24,il,google-weather,78.4400,79.0,0.5600
2026-07-24,il,open-meteo,82.0000,79.0,3.0000
2026-07-24,il,openweathermap,77.2300,79.0,1.7700
2026-07-24,il,pirateweather,79.7900,79.0,0.7900
2026-07-24,il,tomorrow,81.8800,79.0,2.8800
2026-07-24,il,visual-crossing,80.0000,79.0,1.0000
2026-07-24,il,weather.gov,80.0000,79.0,1.0000
2026-07-24,il,weatherapi,85.3000,79.0,6.3000
2026-07-24,ny,consensus,83.1779,83.0,0.1779
2026-07-24,ny,google-weather,82.0400,83.0,0.9600
2026-07-24,ny,open-meteo,84.7000,83.0,1.7000
2026-07-24,ny,openweathermap,79.6600,83.0,3.3400
2026-07-24,ny,pirateweather,82.6700,83.0,0.3300
2026-07-24,ny,tomorrow,84.7200,83.0,1.7200
2026-07-24,ny,visual-crossing,83.0000,83.0,0.0000
2026-07-24,ny,weather.gov,84.0000,83.0,1.0000
2026-07-24,ny,weatherapi,88.2000,83.0,5.2000
2026-07-24,tx,consensus,93.4860,96.0,2.5140
2026-07-24,tx,google-weather,97.1600,96.0,1.1600
2026-07-24,tx,open-meteo,93.1000,96.0,2.9000
2026-07-24,tx,openweathermap,94.8600,96.0,1.1400
2026-07-24,tx,pirateweather,94.0100,96.0,1.9900
2026-07-24,tx,tomorrow,90.8600,96.0,5.1400
2026-07-24,tx,visual-crossing,94.9000,96.0,1.1000
2026-07-24,tx,weather.gov,96.0000,96.0,0.0000
2026-07-24,tx,weatherapi,98.8000,96.0,2.8000
2026-07-25,fl,consensus,87.9576,92.0,4.0424
2026-07-25,fl,google-weather,88.3400,92.0,3.6600
2026-07-25,fl,open-meteo,89.3000,92.0,2.7000
2026-07-25,fl,openweathermap,92.0800,92.0,0.0800
2026-07-25,fl,pirateweather,87.3500,92.0,4.6500
2026-07-25,fl,tomorrow,89.3100,92.0,2.6900
2026-07-25,fl,visual-crossing,87.0000,92.0,5.0000
2026-07-25,fl,weather.gov,89.0000,92.0,3.0000
2026-07-25,fl,weatherapi,92.8000,92.0,0.8000
2026-07-25,il,consensus,78.3254,79.0,0.6746
2026-07-25,il,google-weather,80.2400,79.0,1.2400
2026-07-25,il,open-meteo,78.0000,79.0,1.0000
2026-07-25,il,openweathermap,78.5700,79.0,0.4300
2026-07-25,il,pirateweather,81.4100,79.0,2.4100
2026-07-25,il,tomorrow,77.9400,79.0,1.0600
2026-07-25,il,visual-crossing,78.0000,79.0,1.0000
2026-07-25,il,weather.gov,78.0000,79.0,1.0000
2026-07-25,il,weatherapi,81.0000,79.0,2.0000
2026-07-25,ny,consensus,82.1766,81.0,1.1766
2026-07-25,ny,google-weather,80.7800,81.0,0.2200
2026-07-25,ny,open-meteo,84.3000,81.0,3.3000
2026-07-25,ny,openweathermap,79.8300,81.0,1.1700
2026-07-25,ny,pirateweather,81.0500,81.0,0.0500
2026-07-25,ny,tomorrow,83.6800,81.0,2.6800
2026-07-25,ny,visual-crossing,81.9000,81.0,0.9000
2026-07-25,ny,weather.gov,82.0000,81.0,1.0000
2026-07-25,ny,weatherapi,89.2000,81.0,8.2000
2026-07-25,tx,consensus,95.8593,97.0,1.1407
2026-07-25,tx,google-weather,95.9000,97.0,1.1000
2026-07-25,tx,open-meteo,96.1000,97.0,0.9000
2026-07-25,tx,openweathermap,96.7500,97.0,0.2500
2026-07-25,tx,pirateweather,95.2700,97.0,1.7300
2026-07-25,tx,tomorrow,95.4000,97.0,1.6000
2026-07-25,tx,visual-crossing,96.0000,97.0,1.0000
2026-07-25,tx,weather.gov,96.0000,97.0,1.0000
2026-07-25,tx,weatherapi,100.8000,97.0,3.8000
2026-07-26,fl,consensus,86.8216,94.0,7.1784
2026-07-26,fl,google-weather,89.7800,94.0,4.2200
2026-07-26,fl,open-meteo,89.5000,94.0,4.5000
2026-07-26,fl,openweathermap,92.1700,94.0,1.8300
2026-07-26,fl,pirateweather,86.8100,94.0,7.1900
2026-07-26,fl,tomorrow,88.5400,94.0,5.4600
2026-07-26,fl,visual-crossing,85.9000,94.0,8.1000
2026-07-26,fl,weather.gov,89.0000,94.0,5.0000
2026-07-26,fl,weatherapi,90.7000,94.0,3.3000
2026-07-26,il,consensus,90.1542,91.0,0.8458
2026-07-26,il,google-weather,88.5200,91.0,2.4800
2026-07-26,il,open-meteo,90.3000,91.0,0.7000
2026-07-26,il,openweathermap,88.5400,91.0,2.4600
2026-07-26,il,pirateweather,89.5100,91.0,1.4900
2026-07-26,il,tomorrow,90.3200,91.0,0.6800
2026-07-26,il,visual-crossing,90.1000,91.0,0.9000
2026-07-26,il,weather.gov,90.0000,91.0,1.0000
2026-07-26,il,weatherapi,99.0000,91.0,8.0000
2026-07-26,ny,consensus,84.3909,85.0,0.6091
2026-07-26,ny,google-weather,82.9400,85.0,2.0600
2026-07-26,ny,openweathermap,82.5100,85.0,2.4900
2026-07-26,ny,pirateweather,83.7500,85.0,1.2500
2026-07-26,ny,tomorrow,86.2200,85.0,1.2200
2026-07-26,ny,visual-crossing,83.9000,85.0,1.1000
2026-07-26,ny,weather.gov,85.0000,85.0,0.0000
2026-07-26,ny,weatherapi,91.4000,85.0,6.4000
2026-07-26,tx,consensus,96.6593,97.0,0.3407
2026-07-26,tx,google-weather,97.7000,97.0,0.7000
2026-07-26,tx,open-meteo,96.0000,97.0,1.0000
2026-07-26,tx,openweathermap,96.2800,97.0,0.7200
2026-07-26,tx,pirateweather,96.3500,97.0,0.6500
2026-07-26,tx,tomorrow,95.6700,97.0,1.3300
2026-07-26,tx,visual-crossing,97.1000,97.0,0.1000
2026-07-26,tx,weather.gov,97.0000,97.0,0.0000
2026-07-26,tx,weatherapi,101.3000,97.0,4.3000
2026-07-27,fl,consensus,87.3649,92.0,4.6351
2026-07-27,fl,google-weather,88.3400,92.0,3.6600
2026-07-27,fl,open-meteo,85.0000,92.0,7.0000
2026-07-27,fl,openweathermap,86.3100,92.0,5.6900
2026-07-27,fl,pirateweather,85.0100,92.0,6.9900
2026-07-27,fl,tomorrow,84.9900,92.0,7.0100
2026-07-27,fl,visual-crossing,87.0000,92.0,5.0000
2026-07-27,fl,weather.gov,88.0000,92.0,4.0000
2026-07-27,fl,weatherapi,90.0000,92.0,2.0000
2026-07-27,il,consensus,94.4162,88.0,6.4162
2026-07-27,il,google-weather,89.9600,88.0,1.9600
2026-07-27,il,open-meteo,91.9000,88.0,3.9000
2026-07-27,il,openweathermap,95.8800,88.0,7.8800
2026-07-27,il,pirateweather,91.4900,88.0,3.4900
2026-07-27,il,tomorrow,98.9200,88.0,10.9200
2026-07-27,il,visual-crossing,90.1000,88.0,2.1000
2026-07-27,il,weather.gov,91.0000,88.0,3.0000
2026-07-27,il,weatherapi,102.2000,88.0,14.2000
2026-07-27,ny,consensus,83.9227,83.0,0.9227
2026-07-27,ny,google-weather,82.9400,83.0,0.0600
2026-07-27,ny,open-meteo,85.3000,83.0,2.3000
2026-07-27,ny,openweathermap,82.7800,83.0,0.2200
2026-07-27,ny,pirateweather,82.6700,83.0,0.3300
2026-07-27,ny,tomorrow,85.2100,83.0,2.2100
2026-07-27,ny,visual-crossing,81.9000,83.0,1.1000
2026-07-27,ny,weather.gov,84.0000,83.0,1.0000
2026-07-27,ny,weatherapi,87.3000,83.0,4.3000
2026-07-27,tx,consensus,97.5165,98.0,0.4835
2026-07-27,tx,google-weather,98.2400,98.0,0.2400
2026-07-27,tx,open-meteo,96.9000,98.0,1.1000
2026-07-27,tx,openweathermap,99.0300,98.0,1.0300
2026-07-27,tx,pirateweather,97.2500,98.0,0.7500
2026-07-27,tx,tomorrow,96.4200,98.0,1.5800
2026-07-27,tx,visual-crossing,98.0000,98.0,0.0000
2026-07-27,tx,weather.gov,98.0000,98.0,0.0000
2026-07-27,tx,weatherapi,102.7000,98.0,4.7000
2026-07-28,fl,consensus,89.0544,91.0,1.9456
2026-07-28,fl,google-weather,88.7000,91.0,2.3000
2026-07-28,fl,open-meteo,87.1000,91.0,3.9000
2026-07-28,fl,openweathermap,94.6800,91.0,3.6800
2026-07-28,fl,pirateweather,87.7100,91.0,3.2900
2026-07-28,fl,tomorrow,87.1300,91.0,3.8700
2026-07-28,fl,visual-crossing,88.1000,91.0,2.9000
2026-07-28,fl,weather.gov,90.0000,91.0,1.0000
2026-07-28,fl,weatherapi,91.8000,91.0,0.8000
2026-07-28,il,consensus,75.9393,79.0,3.0607
2026-07-28,il,google-weather,78.9800,79.0,0.0200
2026-07-28,il,open-meteo,74.8000,79.0,4.2000
2026-07-28,il,openweathermap,74.5500,79.0,4.4500
2026-07-28,il,pirateweather,79.6100,79.0,0.6100
2026-07-28,il,tomorrow,73.9800,79.0,5.0200
2026-07-28,il,visual-crossing,76.0000,79.0,3.0000
2026-07-28,il,weather.gov,77.0000,79.0,2.0000
2026-07-28,il,weatherapi,80.5000,79.0,1.5000
2026-07-28,ny,consensus,80.8355,79.0,1.8355
2026-07-28,ny,google-weather,81.6800,79.0,2.6800
2026-07-28,ny,open-meteo,82.7000,79.0,3.7000
2026-07-28,ny,openweathermap,76.9300,79.0,2.0700
2026-07-28,ny,pirateweather,79.6100,79.0,0.6100
2026-07-28,ny,tomorrow,82.4900,79.0,3.4900
2026-07-28,ny,visual-crossing,79.1000,79.0,0.1000
2026-07-28,ny,weather.gov,80.0000,79.0,1.0000
2026-07-28,ny,weatherapi,89.2000,79.0,10.2000
2026-07-28,tx,consensus,98.1485,99.0,0.8515
2026-07-28,tx,google-weather,98.2400,99.0,0.7600
2026-07-28,tx,open-meteo,97.4000,99.0,1.6000
2026-07-28,tx,openweathermap,99.0500,99.0,0.0500
2026-07-28,tx,pirateweather,97.2500,99.0,1.7500
2026-07-28,tx,tomorrow,96.6700,99.0,2.3300
2026-07-28,tx,visual-crossing,99.1000,99.0,0.1000
2026-07-28,tx,weather.gov,98.0000,99.0,1.0000
2026-07-28,tx,weatherapi,102.8000,99.0,3.8000
2026-07-29,fl,consensus,91.6796,94.0,2.3204
2026-07-29,fl,google-weather,90.6800,94.0,3.3200
2026-07-29,fl,open-meteo,93.8000,94.0,0.2000
2026-07-29,fl,openweathermap,88.6300,94.0,5.3700
2026-07-29,fl,pirateweather,89.3300,94.0,4.6700
2026-07-29,fl,tomorrow,93.0700,94.0,0.9300
2026-07-29,fl,visual-crossing,90.1000,94.0,3.9000
2026-07-29,fl,weather.gov,91.0000,94.0,3.0000
2026-07-29,fl,weatherapi,93.4000,94.0,0.6000
2026-07-29,il,consensus,78.6114,80.0,1.3886
2026-07-29,il,google-weather,78.6200,80.0,1.3800
2026-07-29,il,open-meteo,78.0000,80.0,2.0000
2026-07-29,il,openweathermap,83.1200,80.0,3.1200
2026-07-29,il,pirateweather,78.7100,80.0,1.2900
2026-07-29,il,tomorrow,78.1200,80.0,1.8800
2026-07-29,il,visual-crossing,79.1000,80.0,0.9000
2026-07-29,il,weather.gov,80.0000,80.0,0.0000
2026-07-29,il,weatherapi,82.9000,80.0,2.9000
2026-07-29,ny,consensus,78.4039,80.0,1.5961
2026-07-29,ny,google-weather,80.0600,80.0,0.0600
2026-07-29,ny,open-meteo,80.6000,80.0,0.6000
2026-07-29,ny,openweathermap,78.9400,80.0,1.0600
2026-07-29,ny,pirateweather,77.2700,80.0,2.7300
2026-07-29,ny,tomorrow,79.2100,80.0,0.7900
2026-07-29,ny,visual-crossing,79.1000,80.0,0.9000
2026-07-29,ny,weather.gov,80.0000,80.0,0.0000
2026-07-29,ny,weatherapi,81.7000,80.0,1.7000
2026-07-29,tx,consensus,98.0710,99.0,0.9290
2026-07-29,tx,google-weather,98.2400,99.0,0.7600
2026-07-29,tx,open-meteo,97.5000,99.0,1.5000
2026-07-29,tx,openweathermap,99.7000,99.0,0.7000
2026-07-29,tx,pirateweather,97.2500,99.0,1.7500
2026-07-29,tx,tomorrow,97.4300,99.0,1.5700
2026-07-29,tx,visual-crossing,99.1000,99.0,0.1000
2026-07-29,tx,weather.gov,99.0000,99.0,0.0000
2026-07-29,tx,weatherapi,103.1000,99.0,4.1000
2026-07-30,fl,consensus,91.9458,96.0,4.0542
2026-07-30,fl,google-weather,92.4800,96.0,3.5200
2026-07-30,fl,open-meteo,92.6000,96.0,3.4000
2026-07-30,fl,openweathermap,91.6300,96.0,4.3700
2026-07-30,fl,pirateweather,90.5900,96.0,5.4100
2026-07-30,fl,tomorrow,92.5300,96.0,3.4700
2026-07-30,fl,visual-crossing,90.9000,96.0,5.1000
2026-07-30,fl,weather.gov,92.0000,96.0,4.0000
2026-07-30,fl,weatherapi,92.8000,96.0,3.2000
2026-07-30,il,consensus,87.0855,86.0,1.0855
2026-07-30,il,google-weather,85.6400,86.0,0.3600
2026-07-30,il,open-meteo,88.5000,86.0,2.5000
2026-07-30,il,openweathermap,84.9000,86.0,1.1000
2026-07-30,il,pirateweather,85.5500,86.0,0.4500
2026-07-30,il,tomorrow,88.4500,86.0,2.4500
2026-07-30,il,visual-crossing,85.9000,86.0,0.1000
2026-07-30,il,weather.gov,86.0000,86.0,0.0000
2026-07-30,il,weatherapi,86.4000,86.0,0.4000
2026-07-30,ny,consensus,77.4709,74.0,3.4709
2026-07-30,ny,google-weather,77.5400,74.0,3.5400
2026-07-30,ny,openweathermap,77.7700,74.0,3.7700
2026-07-30,ny,pirateweather,76.5500,74.0,2.5500
2026-07-30,ny,tomorrow,77.8600,74.0,3.8600
2026-07-30,ny,visual-crossing,78.0000,74.0,4.0000
2026-07-30,ny,weather.gov,78.0000,74.0,4.0000
2026-07-30,ny,weatherapi,77.0000,74.0,3.0000
2026-07-30,tx,consensus,99.0838,101.0,1.9162
2026-07-30,tx,google-weather,100.0400,101.0,0.9600
2026-07-30,tx,open-meteo,99.0000,101.0,2.0000
2026-07-30,tx,openweathermap,99.7300,101.0,1.2700
2026-07-30,tx,pirateweather,99.0500,101.0,1.9500
2026-07-30,tx,tomorrow,98.2200,101.0,2.7800
2026-07-30,tx,visual-crossing,99.1000,101.0,1.9000
2026-07-30,tx,weather.gov,99.0000,101.0,2.0000
2026-07-30,tx,weatherapi,103.7000,101.0,2.7000
2026-07-31,fl,consensus,93.2092,96.0,2.7908
2026-07-31,fl,google-weather,90.6800,96.0,5.3200
2026-07-31,fl,open-meteo,92.5000,96.0,3.5000
2026-07-31,fl,openweathermap,94.5100,96.0,1.4900
2026-07-31,fl,pirateweather,89.1500,96.0,6.8500
2026-07-31,fl,tomorrow,92.5700,96.0,3.4300
2026-07-31,fl,visual-crossing,89.0000,96.0,7.0000
2026-07-31,fl,weather.gov,91.0000,96.0,5.0000
2026-07-31,fl,weatherapi,98.1000,96.0,2.1000
2026-07-31,il,consensus,84.1982,82.0,2.1982
2026-07-31,il,google-weather,80.7800,82.0,1.2200
2026-07-31,il,open-meteo,86.3000,82.0,4.3000
2026-07-31,il,openweathermap,81.7200,82.0,0.2800
2026-07-31,il,pirateweather,80.5100,82.0,1.4900
2026-07-31,il,tomorrow,86.2200,82.0,4.2200
2026-07-31,il,visual-crossing,81.9000,82.0,0.1000
2026-07-31,il,weather.gov,83.0000,82.0,1.0000
2026-07-31,il,weatherapi,90.0000,82.0,8.0000
2026-07-31,ny,consensus,85.6550,85.0,0.6550
2026-07-31,ny,google-weather,85.2800,85.0,0.2800
2026-07-31,ny,open-meteo,87.2000,85.0,2.2000
2026-07-31,ny,openweathermap,90.1000,85.0,5.1000
2026-07-31,ny,pirateweather,84.2900,85.0,0.7100
2026-07-31,ny,tomorrow,86.2900,85.0,1.2900
2026-07-31,ny,visual-crossing,83.9000,85.0,1.1000
2026-07-31,ny,weather.gov,85.0000,85.0,0.0000
2026-07-31,ny,weatherapi,91.6000,85.0,6.6000
2026-07-31,tx,consensus,99.5573,100.0,0.4427
2026-07-31,tx,google-weather,100.2200,100.0,0.2200
2026-07-31,tx,open-meteo,99.8000,100.0,0.2000
2026-07-31,tx,openweathermap,100.4500,100.0,0.4500
2026-07-31,tx,pirateweather,98.8700,100.0,1.1300
2026-07-31,tx,tomorrow,99.0100,100.0,0.9900
2026-07-31,tx,visual-crossing,99.9000,100.0,0.1000
2026-07-31,tx,weather.gov,99.0000,100.0,1.0000
2026-07-31,tx,weatherapi,103.8000,100.0,3.8000
2026-08-01,fl,consensus,91.1729,94.0,2.8271
2026-08-01,fl,google-weather,90.1400,94.0,3.8600
2026-08-01,fl,open-meteo,89.5000,94.0,4.5000
2026-08-01,fl,openweathermap,91.3100,94.0,2.6900
2026-08-01,fl,pirateweather,88.7900,94.0,5.2100
2026-08-01,fl,tomorrow,89.5800,94.0,4.4200
2026-08-01,fl,visual-crossing,89.0000,94.0,5.0000
2026-08-01,fl,weather.gov,91.0000,94.0,3.0000
2026-08-01,fl,weatherapi,95.2000,94.0,1.2000
2026-08-01,il,consensus,73.8862,76.0,2.1138
2026-08-01,il,google-weather,72.5000,76.0,3.5000
2026-08-01,il,open-meteo,75.0000,76.0,1.0000
2026-08-01,il,openweathermap,73.6200,76.0,2.3800
2026-08-01,il,pirateweather,70.6100,76.0,5.3900
2026-08-01,il,tomorrow,74.8000,76.0,1.2000
2026-08-01,il,visual-crossing,73.1000,76.0,2.9000
2026-08-01,il,weather.gov,73.0000,76.0,3.0000
2026-08-01,il,weatherapi,77.0000,76.0,1.0000
2026-08-01,ny,consensus,86.3605,86.0,0.3605
2026-08-01,ny,google-weather,85.4600,86.0,0.5400
2026-08-01,ny,open-meteo,88.1000,86.0,2.1000
2026-08-01,ny,openweathermap,83.8000,86.0,2.2000
2026-08-01,ny,pirateweather,84.2900,86.0,1.7100
2026-08-01,ny,tomorrow,88.0700,86.0,2.0700
2026-08-01,ny,visual-crossing,85.0000,86.0,1.0000
2026-08-01,ny,weather.gov,85.0000,86.0,1.0000
2026-08-01,ny,weatherapi,92.7000,86.0,6.7000
2026-08-01,tx,consensus,97.1180,96.0,1.1180
2026-08-01,tx,google-weather,97.1600,96.0,1.1600
2026-08-01,tx,open-meteo,96.1000,96.0,0.1000
2026-08-01,tx,openweathermap,96.9100,96.0,0.9100
2026-08-01,tx,pirateweather,95.8100,96.0,0.1900
2026-08-01,tx,tomorrow,95.8300,96.0,0.1700
2026-08-01,tx,visual-crossing,98.0000,96.0,2.0000
2026-08-01,tx,weather.gov,98.0000,96.0,2.0000
2026-08-01,tx,weatherapi,104.9000,96.0,8.9000
2026-08-02,fl,consensus,88.2774,91.0,2.7226
2026-08-02,fl,google-weather,89.4200,91.0,1.5800
2026-08-02,fl,open-meteo,85.0000,91.0,6.0000
2026-08-02,fl,openweathermap,89.0100,91.0,1.9900
2026-08-02,fl,pirateweather,86.6300,91.0,4.3700
2026-08-02,fl,tomorrow,85.6800,91.0,5.3200
2026-08-02,fl,visual-crossing,88.1000,91.0,2.9000
2026-08-02,fl,weather.gov,89.0000,91.0,2.0000
2026-08-02,fl,weatherapi,89.1000,91.0,1.9000
2026-08-02,il,consensus,74.7230,76.0,1.2770
2026-08-02,il,google-weather,75.9200,76.0,0.0800
2026-08-02,il,open-meteo,74.1000,76.0,1.9000
2026-08-02,il,openweathermap,81.1600,76.0,5.1600
2026-08-02,il,pirateweather,74.5700,76.0,1.4300
2026-08-02,il,tomorrow,74.1400,76.0,1.8600
2026-08-02,il,visual-crossing,74.9000,76.0,1.1000
2026-08-02,il,weather.gov,76.0000,76.0,0.0000
2026-08-02,il,weatherapi,77.0000,76.0,1.0000
2026-08-02,ny,consensus,83.3246,83.0,0.3246
2026-08-02,ny,google-weather,83.3000,83.0,0.3000
2026-08-02,ny,open-meteo,85.3000,83.0,2.3000
2026-08-02,ny,openweathermap,81.3000,83.0,1.7000
2026-08-02,ny,pirateweather,81.4100,83.0,1.5900
2026-08-02,ny,tomorrow,84.9700,83.0,1.9700
2026-08-02,ny,visual-crossing,81.9000,83.0,1.1000
2026-08-02,ny,weather.gov,83.0000,83.0,0.0000
2026-08-02,ny,weatherapi,89.6000,83.0,6.6000
2026-08-02,tx,consensus,98.3730,100.0,1.6270
2026-08-02,tx,google-weather,98.4200,100.0,1.5800
2026-08-02,tx,open-meteo,97.0000,100.0,3.0000
2026-08-02,tx,openweathermap,94.3200,100.0,5.6800
2026-08-02,tx,pirateweather,97.2500,100.0,2.7500
2026-08-02,tx,tomorrow,96.6600,100.0,3.3400
2026-08-02,tx,visual-crossing,99.9000,100.0,0.1000
2026-08-02,tx,weather.gov,100.0000,100.0,0.0000
2026-08-02,tx,weatherapi,105.1000,100.0,5.1000
2026-08-03,fl,consensus,89.8609,93.0,3.1391
2026-08-03,fl,google-weather,88.5200,93.0,4.4800
2026-08-03,fl,open-meteo,86.7000,93.0,6.3000
2026-08-03,fl,openweathermap,87.3000,93.0,5.7000
2026-08-03,fl,pirateweather,86.8100,93.0,6.1900
2026-08-03,fl,tomorrow,86.6800,93.0,6.3200
2026-08-03,fl,visual-crossing,88.1000,93.0,4.9000
2026-08-03,fl,weather.gov,90.0000,93.0,3.0000
2026-08-03,fl,weatherapi,92.5000,93.0,0.5000
2026-08-03,il,consensus,79.2475,82.0,2.7525
2026-08-03,il,google-weather,80.7800,82.0,1.2200
2026-08-03,il,open-meteo,77.5000,82.0,4.5000
2026-08-03,il,openweathermap,83.4100,82.0,1.4100
2026-08-03,il,pirateweather,79.7900,82.0,2.2100
2026-08-03,il,tomorrow,77.2300,82.0,4.7700
2026-08-03,il,visual-crossing,80.0000,82.0,2.0000
2026-08-03,il,weather.gov,80.0000,82.0,2.0000
2026-08-03,il,weatherapi,84.7000,82.0,2.7000
2026-08-03,ny,consensus,81.4601,80.0,1.4601
2026-08-03,ny,google-weather,84.3800,80.0,4.3800
2026-08-03,ny,open-meteo,81.4000,80.0,1.4000
2026-08-03,ny,openweathermap,81.8100,80.0,1.8100
2026-08-03,ny,pirateweather,80.3300,80.0,0.3300
2026-08-03,ny,tomorrow,80.7600,80.0,0.7600
2026-08-03,ny,visual-crossing,81.9000,80.0,1.9000
2026-08-03,ny,weather.gov,82.0000,80.0,2.0000
2026-08-03,ny,weatherapi,82.0000,80.0,2.0000
2026-08-03,tx,consensus,100.2724,102.0,1.7276
2026-08-03,tx,google-weather,101.3000,102.0,0.7000
2026-08-03,tx,open-meteo,98.5000,102.0,3.5000
2026-08-03,tx,openweathermap,102.3300,102.0,0.3300
2026-08-03,tx,pirateweather,98.8700,102.0,3.1300
2026-08-03,tx,tomorrow,98.1300,102.0,3.8700
2026-08-03,tx,visual-crossing,101.0000,102.0,1.0000
2026-08-03,tx,weather.gov,101.0000,102.0,1.0000
2026-08-03,tx,weatherapi,106.2000,102.0,4.2000
2026-08-04,fl,consensus,88.8420,92.0,3.1580
2026-08-04,fl,google-weather,88.3400,92.0,3.6600
2026-08-04,fl,open-meteo,86.1000,92.0,5.9000
2026-08-04,fl,openweathermap,87.3500,92.0,4.6500
2026-08-04,fl,pirateweather,85.9100,92.0,6.0900
2026-08-04,fl,tomorrow,86.0700,92.0,5.9300
2026-08-04,fl,visual-crossing,87.0000,92.0,5.0000
2026-08-04,fl,weather.gov,88.0000,92.0,4.0000
2026-08-04,fl,weatherapi,91.0000,92.0,1.0000
2026-08-04,il,consensus,85.7643,86.0,0.2357
2026-08-04,il,google-weather,86.1800,86.0,0.1800
2026-08-04,il,open-meteo,86.9000,86.0,0.9000
2026-08-04,il,openweathermap,84.7200,86.0,1.2800
2026-08-04,il,pirateweather,84.1100,86.0,1.8900
2026-08-04,il,tomorrow,86.9900,86.0,0.9900
2026-08-04,il,visual-crossing,85.0000,86.0,1.0000
2026-08-04,il,weather.gov,86.0000,86.0,0.0000
2026-08-04,il,weatherapi,92.5000,86.0,6.5000
2026-08-04,ny,consensus,82.0653,84.0,1.9347
2026-08-04,ny,google-weather,83.6600,84.0,0.3400
2026-08-04,ny,open-meteo,80.4000,84.0,3.6000
2026-08-04,ny,openweathermap,83.0500,84.0,0.9500
2026-08-04,ny,pirateweather,83.2100,84.0,0.7900
2026-08-04,ny,tomorrow,79.5000,84.0,4.5000
2026-08-04,ny,visual-crossing,83.0000,84.0,1.0000
2026-08-04,ny,weather.gov,84.0000,84.0,0.0000
2026-08-04,ny,weatherapi,86.9000,84.0,2.9000
2026-08-04,tx,consensus,99.4771,101.0,1.5229
2026-08-04,tx,google-weather,99.1400,101.0,1.8600
2026-08-04,tx,open-meteo,98.4000,101.0,2.6000
2026-08-04,tx,openweathermap,102.1300,101.0,1.1300
2026-08-04,tx,pirateweather,97.7900,101.0,3.2100
2026-08-04,tx,tomorrow,98.1500,101.0,2.8500
2026-08-04,tx,visual-crossing,99.9000,101.0,1.1000
2026-08-04,tx,weather.gov,100.0000,101.0,1.0000
2026-08-04,tx,weatherapi,104.7000,101.0,3.7000
2026-08-05,fl,consensus,89.4943,90.0,0.5057
2026-08-05,fl,google-weather,86.5400,90.0,3.4600
2026-08-05,fl,open-meteo,86.2000,90.0,3.8000
2026-08-05,fl,openweathermap,85.4100,90.0,4.5900
2026-08-05,fl,pirateweather,85.3700,90.0,4.6300
2026-08-05,fl,tomorrow,86.9200,90.0,3.0800
2026-08-05,fl,visual-crossing,85.9000,90.0,4.1000
2026-08-05,fl,weather.gov,88.0000,90.0,2.0000
2026-08-05,fl,weatherapi,91.6000,90.0,1.6000
2026-08-05,il,consensus,83.3174,83.0,0.3174
2026-08-05,il,google-weather,80.7800,83.0,2.2200
2026-08-05,il,open-meteo,84.3000,83.0,1.3000
2026-08-05,il,openweathermap,85.7700,83.0,2.7700
2026-08-05,il,pirateweather,80.5100,83.0,2.4900
2026-08-05,il,tomorrow,85.2600,83.0,2.2600
2026-08-05,il,visual-crossing,81.1000,83.0,1.9000
2026-08-05,il,weather.gov,80.0000,83.0,3.0000
2026-08-05,il,weatherapi,90.7000,83.0,7.7000
2026-08-05,ny,consensus,83.4441,83.0,0.4441
2026-08-05,ny,google-weather,82.9400,83.0,0.0600
2026-08-05,ny,openweathermap,85.1900,83.0,2.1900
2026-08-05,ny,pirateweather,81.9500,83.0,1.0500
2026-08-05,ny,tomorrow,81.6300,83.0,1.3700
2026-08-05,ny,visual-crossing,83.9000,83.0,0.9000
2026-08-05,ny,weather.gov,84.0000,83.0,1.0000
2026-08-05,ny,weatherapi,90.1000,83.0,7.1000
2026-08-05,tx,consensus,98.9119,100.0,1.0881
2026-08-05,tx,google-weather,98.2400,100.0,1.7600
2026-08-05,tx,open-meteo,98.0000,100.0,2.0000
2026-08-05,tx,openweathermap,98.4900,100.0,1.5100
2026-08-05,tx,pirateweather,97.2500,100.0,2.7500
2026-08-05,tx,tomorrow,97.1800,100.0,2.8200
2026-08-05,tx,visual-crossing,99.1000,100.0,0.9000
2026-08-05,tx,weather.gov,98.0000,100.0,2.0000
2026-08-05,tx,weatherapi,104.0000,100.0,4.0000
2026-08-06,fl,consensus,87.8266,88.0,0.1734
2026-08-06,fl,google-weather,85.2800,88.0,2.7200
2026-08-06,fl,open-meteo,85.4000,88.0,2.6000
2026-08-06,fl,openweathermap,87.2400,88.0,0.7600
2026-08-06,fl,pirateweather,85.3700,88.0,2.6300
2026-08-06,fl,tomorrow,85.8700,88.0,2.1300
2026-08-06,fl,visual-crossing,85.9000,88.0,2.1000
2026-08-06,fl,weather.gov,88.0000,88.0,0.0000
2026-08-06,fl,weatherapi,89.2000,88.0,1.2000
2026-08-06,il,consensus,77.4957,80.0,2.5043
2026-08-06,il,google-weather,79.1600,80.0,0.8400
2026-08-06,il,open-meteo,77.2000,80.0,2.8000
2026-08-06,il,openweathermap,78.2200,80.0,1.7800
2026-08-06,il,pirateweather,76.5500,80.0,3.4500
2026-08-06,il,tomorrow,76.8700,80.0,3.1300
2026-08-06,il,visual-crossing,78.0000,80.0,2.0000
2026-08-06,il,weather.gov,78.0000,80.0,2.0000
2026-08-06,il,weatherapi,75.1000,80.0,4.9000
2026-08-06,ny,consensus,90.0814,88.0,2.0814
2026-08-06,ny,google-weather,90.3200,88.0,2.3200
2026-08-06,ny,open-meteo,90.6000,88.0,2.6000
2026-08-06,ny,openweathermap,88.3200,88.0,0.3200
2026-08-06,ny,pirateweather,89.8700,88.0,1.8700
2026-08-06,ny,tomorrow,89.7300,88.0,1.7300
2026-08-06,ny,visual-crossing,90.1000,88.0,2.1000
2026-08-06,ny,weather.gov,90.0000,88.0,2.0000
2026-08-06,ny,weatherapi,91.4000,88.0,3.4000
2026-08-06,tx,consensus,98.9320,101.0,2.0680
2026-08-06,tx,google-weather,99.1400,101.0,1.8600
2026-08-06,tx,open-meteo,98.5000,101.0,2.5000
2026-08-06,tx,openweathermap,99.9000,101.0,1.1000
2026-08-06,tx,pirateweather,97.2500,101.0,3.7500
2026-08-06,tx,tomorrow,98.2600,101.0,2.7400
2026-08-06,tx,visual-crossing,99.1000,101.0,1.9000
2026-08-06,tx,weather.gov,98.0000,101.0,3.0000
2026-08-06,tx,weatherapi,104.4000,101.0,3.4000
2026-08-07,fl,consensus,88.9039,91.0,2.0961
2026-08-07,fl,google-weather,88.8800,91.0,2.1200
2026-08-07,fl,open-meteo,87.5000,91.0,3.5000
2026-08-07,fl,openweathermap,87.6900,91.0,3.3100
2026-08-07,fl,pirateweather,86.6300,91.0,4.3700
2026-08-07,fl,tomorrow,87.3500,91.0,3.6500
2026-08-07,fl,visual-crossing,87.0000,91.0,4.0000
2026-08-07,fl,weather.gov,88.0000,91.0,3.0000
2026-08-07,fl,weatherapi,91.0000,91.0,0.0000
2026-08-07,il,consensus,86.5016,86.0,0.5016
2026-08-07,il,google-weather,86.0000,86.0,0.0000
2026-08-07,il,open-meteo,87.1000,86.0,1.1000
2026-08-07,il,openweathermap,85.1700,86.0,0.8300
2026-08-07,il,pirateweather,83.3900,86.0,2.6100
2026-08-07,il,tomorrow,88.4800,86.0,2.4800
2026-08-07,il,visual-crossing,85.0000,86.0,1.0000
2026-08-07,il,weather.gov,85.0000,86.0,1.0000
2026-08-07,il,weatherapi,87.1000,86.0,1.1000
2026-08-07,ny,consensus,90.4393,91.0,0.5607
2026-08-07,ny,google-weather,91.4000,91.0,0.4000
2026-08-07,ny,openweathermap,89.7800,91.0,1.2200
2026-08-07,ny,pirateweather,88.7900,91.0,2.2100
2026-08-07,ny,tomorrow,94.8200,91.0,3.8200
2026-08-07,ny,visual-crossing,90.1000,91.0,0.9000
2026-08-07,ny,weather.gov,90.0000,91.0,1.0000
2026-08-07,ny,weatherapi,98.2000,91.0,7.2000
2026-08-07,tx,consensus,97.2930,100.0,2.7070
2026-08-07,tx,google-weather,97.5200,100.0,2.4800
2026-08-07,tx,open-meteo,98.1000,100.0,1.9000
2026-08-07,tx,openweathermap,96.5300,100.0,3.4700
2026-08-07,tx,pirateweather,96.1700,100.0,3.8300
2026-08-07,tx,tomorrow,97.7000,100.0,2.3000
2026-08-07,tx,visual-crossing,97.1000,100.0,2.9000
2026-08-07,tx,weather.gov,97.0000,100.0,3.0000
2026-08-07,tx,weatherapi,104.0000,100.0,4.0000
2026-08-08,fl,consensus,90.5100,92.0,1.4900
2026-08-08,fl,google-weather,90.1400,92.0,1.8600
2026-08-08,fl,open-meteo,88.0000,92.0,4.0000
2026-08-08,fl,openweathermap,90.3900,92.0,1.6100
2026-08-08,fl,pirateweather,87.7100,92.0,4.2900
2026-08-08,fl,tomorrow,87.9800,92.0,4.0200
2026-08-08,fl,visual-crossing,88.1000,92.0,3.9000
2026-08-08,fl,weather.gov,89.0000,92.0,3.0000
2026-08-08,fl,weatherapi,93.9000,92.0,1.9000
2026-08-08,il,consensus,85.6147,84.0,1.6147
2026-08-08,il,google-weather,83.8400,84.0,0.1600
2026-08-08,il,open-meteo,88.9000,84.0,4.9000
2026-08-08,il,openweathermap,87.4800,84.0,3.4800
2026-08-08,il,pirateweather,82.4900,84.0,1.5100
2026-08-08,il,tomorrow,88.6600,84.0,4.6600
2026-08-08,il,visual-crossing,83.0000,84.0,1.0000
2026-08-08,il,weather.gov,85.0000,84.0,1.0000
2026-08-08,il,weatherapi,92.1000,84.0,8.1000
2026-08-08,ny,consensus,89.8547,87.0,2.8547
2026-08-08,ny,google-weather,90.5000,87.0,3.5000
2026-08-08,ny,open-meteo,91.1000,87.0,4.1000
2026-08-08,ny,openweathermap,89.7100,87.0,2.7100
2026-08-08,ny,pirateweather,88.2500,87.0,1.2500
2026-08-08,ny,tomorrow,89.3100,87.0,2.3100
2026-08-08,ny,visual-crossing,90.1000,87.0,3.1000
2026-08-08,ny,weather.gov,90.0000,87.0,3.0000
2026-08-08,ny,weatherapi,94.6000,87.0,7.6000
2026-08-08,tx,consensus,97.5224,99.0,1.4776
2026-08-08,tx,google-weather,98.0600,99.0,0.9400
2026-08-08,tx,open-meteo,96.7000,99.0,2.3000
2026-08-08,tx,openweathermap,100.4200,99.0,1.4200
2026-08-08,tx,pirateweather,96.5300,99.0,2.4700
2026-08-08,tx,tomorrow,96.1300,99.0,2.8700
2026-08-08,tx,visual-crossing,98.0000,99.0,1.0000
2026-08-08,tx,weather.gov,98.0000,99.0,1.0000
2026-08-08,tx,weatherapi,103.8000,99.0,4.8000
2026-08-09,fl,consensus,88.4804,92.0,3.5196
2026-08-09,fl,google-weather,89.4200,92.0,2.5800
2026-08-09,fl,open-meteo,88.3000,92.0,3.7000
2026-08-09,fl,openweathermap,92.2600,92.0,0.2600
2026-08-09,fl,pirateweather,87.1700,92.0,4.8300
2026-08-09,fl,tomorrow,88.3900,92.0,3.6100
2026-08-09,fl,visual-crossing,88.1000,92.0,3.9000
2026-08-09,fl,weather.gov,89.0000,92.0,3.0000
2026-08-09,fl,weatherapi,89.2000,92.0,2.8000
2026-08-09,il,consensus,86.3678,86.0,0.3678
2026-08-09,il,google-weather,82.4000,86.0,3.6000
2026-08-09,il,open-meteo,89.5000,86.0,3.5000
2026-08-09,il,openweathermap,86.5600,86.0,0.5600
2026-08-09,il,pirateweather,83.0300,86.0,2.9700
2026-08-09,il,tomorrow,89.2600,86.0,3.2600
2026-08-09,il,visual-crossing,83.9000,86.0,2.1000
2026-08-09,il,weather.gov,85.0000,86.0,1.0000
2026-08-09,il,weatherapi,95.4000,86.0,9.4000
2026-08-09,ny,consensus,91.1327,88.0,3.1327
2026-08-09,ny,google-weather,91.5800,88.0,3.5800
2026-08-09,ny,openweathermap,88.9300,88.0,0.9300
2026-08-09,ny,pirateweather,90.5900,88.0,2.5900
2026-08-09,ny,tomorrow,93.4300,88.0,5.4300
2026-08-09,ny,visual-crossing,90.9000,88.0,2.9000
2026-08-09,ny,weather.gov,91.0000,88.0,3.0000
2026-08-09,ny,weatherapi,95.4000,88.0,7.4000
2026-08-09,tx,consensus,97.0616,100.0,2.9384
2026-08-09,tx,google-weather,97.1600,100.0,2.8400
2026-08-09,tx,open-meteo,96.7000,100.0,3.3000
2026-08-09,tx,openweathermap,97.5900,100.0,2.4100
2026-08-09,tx,pirateweather,94.9100,100.0,5.0900
2026-08-09,tx,tomorrow,96.4400,100.0,3.5600
2026-08-09,tx,visual-crossing,97.1000,100.0,2.9000
2026-08-09,tx,weather.gov,97.0000,100.0,3.0000
2026-08-09,tx,weatherapi,103.1000,100.0,3.1000
2026-08-10,fl,consensus,89.6528,93.0,3.3472
2026-08-10,fl,google-weather,90.3200,93.0,2.6800
2026-08-10,fl,open-meteo,89.4000,93.0,3.6000
2026-08-10,fl,openweathermap,92.8900,93.0,0.1100
2026-08-10,fl,pirateweather,88.2500,93.0,4.7500
2026-08-10,fl,tomorrow,89.6400,93.0,3.3600
2026-08-10,fl,visual-crossing,88.1000,93.0,4.9000
2026-08-10,fl,weather.gov,90.0000,93.0,3.0000
2026-08-10,fl,weatherapi,95.2000,93.0,2.2000
2026-08-10,il,consensus,83.0319,88.0,4.9681
2026-08-10,il,google-weather,82.0400,88.0,5.9600
2026-08-10,il,open-meteo,83.8000,88.0,4.2000
2026-08-10,il,openweathermap,77.4100,88.0,10.5900
2026-08-10,il,pirateweather,83.2100,88.0,4.7900
2026-08-10,il,tomorrow,82.0000,88.0,6.0000
2026-08-10,il,visual-crossing,83.0000,88.0,5.0000
2026-08-10,il,weather.gov,84.0000,88.0,4.0000
2026-08-10,il,weatherapi,81.0000,88.0,7.0000
2026-08-10,ny,consensus,91.7929,85.0,6.7929
2026-08-10,ny,google-weather,88.7000,85.0,3.7000
2026-08-10,ny,open-meteo,91.9000,85.0,6.9000
2026-08-10,ny,openweathermap,87.6700,85.0,2.6700
2026-08-10,ny,pirateweather,90.0500,85.0,5.0500
2026-08-10,ny,tomorrow,91.7800,85.0,6.7800
2026-08-10,ny,visual-crossing,92.0000,85.0,7.0000
2026-08-10,ny,weather.gov,92.0000,85.0,7.0000
2026-08-10,ny,weatherapi,96.4000,85.0,11.4000
2026-08-10,tx,consensus,96.2065,99.0,2.7935
2026-08-10,tx,google-weather,96.4400,99.0,2.5600
2026-08-10,tx,open-meteo,96.6000,99.0,2.4000
2026-08-10,tx,openweathermap,94.7700,99.0,4.2300
2026-08-10,tx,pirateweather,94.9100,99.0,4.0900
2026-08-10,tx,tomorrow,95.7700,99.0,3.2300
2026-08-10,tx,visual-crossing,96.0000,99.0,3.0000
2026-08-10,tx,weather.gov,97.0000,99.0,2.0000
2026-08-10,tx,weatherapi,103.5000,99.0,4.5000
2026-08-11,fl,consensus,88.7069,94.0,5.2931
2026-08-11,fl,google-weather,90.8600,94.0,3.1400
2026-08-11,fl,open-meteo,90.0000,94.0,4.0000
2026-08-11,fl,openweathermap,93.5400,94.0,0.4600
2026-08-11,fl,pirateweather,88.6100,94.0,5.3900
2026-08-11,fl,tomorrow,90.3000,94.0,3.7000
2026-08-11,fl,visual-crossing,88.1000,94.0,5.9000
2026-08-11,fl,weather.gov,90.0000,94.0,4.0000
2026-08-11,fl,weatherapi,90.5000,94.0,3.5000
2026-08-11,il,consensus,81.1413,80.0,1.1413
2026-08-11,il,google-weather,78.9800,80.0,1.0200
2026-08-11,il,open-meteo,80.4000,80.0,0.4000
2026-08-11,il,openweathermap,86.4900,80.0,6.4900
2026-08-11,il,pirateweather,78.7100,80.0,1.2900
2026-08-11,il,tomorrow,80.7300,80.0,0.7300
2026-08-11,il,visual-crossing,81.9000,80.0,1.9000
2026-08-11,il,weather.gov,82.0000,80.0,2.0000
2026-08-11,il,weatherapi,81.8000,80.0,1.8000
2026-08-11,ny,consensus,88.2347,85.0,3.2347
2026-08-11,ny,google-weather,87.0800,85.0,2.0800
2026-08-11,ny,open-meteo,90.2000,85.0,5.2000
2026-08-11,ny,openweathermap,85.9300,85.0,0.9300
2026-08-11,ny,pirateweather,87.1700,85.0,2.1700
2026-08-11,ny,tomorrow,89.6200,85.0,4.6200
2026-08-11,ny,visual-crossing,88.1000,85.0,3.1000
2026-08-11,ny,weather.gov,89.0000,85.0,4.0000
2026-08-11,ny,weatherapi,94.1000,85.0,9.1000
2026-08-11,tx,consensus,99.6914,101.0,1.3086
2026-08-11,tx,google-weather,98.2400,101.0,2.7600
2026-08-11,tx,open-meteo,98.3000,101.0,2.7000
2026-08-11,tx,openweathermap,98.8300,101.0,2.1700
2026-08-11,tx,pirateweather,98.3300,101.0,2.6700
2026-08-11,tx,tomorrow,98.0200,101.0,2.9800
2026-08-11,tx,visual-crossing,99.9000,101.0,1.1000
2026-08-11,tx,weather.gov,100.0000,101.0,1.0000
2026-08-11,tx,weatherapi,105.1000,101.0,4.1000
2026-08-12,fl,consensus,89.9453,94.0,4.0547
2026-08-12,fl,google-weather,91.2200,94.0,2.7800
2026-08-12,fl,open-meteo,90.4000,94.0,3.6000
2026-08-12,fl,openweathermap,92.3400,94.0,1.6600
2026-08-12,fl,pirateweather,89.1500,94.0,4.8500
2026-08-12,fl,tomorrow,90.6400,94.0,3.3600
2026-08-12,fl,visual-crossing,89.0000,94.0,5.0000
2026-08-12,fl,weather.gov,91.0000,94.0,3.0000
2026-08-12,fl,weatherapi,95.2000,94.0,1.2000
2026-08-12,il,consensus,80.3628,83.0,2.6372
2026-08-12,il,google-weather,78.9800,83.0,4.0200
2026-08-12,il,open-meteo,78.8000,83.0,4.2000
2026-08-12,il,openweathermap,87.4600,83.0,4.4600
2026-08-12,il,pirateweather,78.8900,83.0,4.1100
2026-08-12,il,tomorrow,77.9200,83.0,5.0800
2026-08-12,il,visual-crossing,81.1000,83.0,1.9000
2026-08-12,il,weather.gov,82.0000,83.0,1.0000
2026-08-12,il,weatherapi,81.9000,83.0,1.1000
2026-08-12,ny,consensus,88.6767,84.0,4.6767
2026-08-12,ny,google-weather,86.7200,84.0,2.7200
2026-08-12,ny,open-meteo,89.6000,84.0,5.6000
2026-08-12,ny,openweathermap,86.6300,84.0,2.6300
2026-08-12,ny,pirateweather,86.0900,84.0,2.0900
2026-08-12,ny,tomorrow,88.8600,84.0,4.8600
2026-08-12,ny,visual-crossing,89.0000,84.0,5.0000
2026-08-12,ny,weather.gov,90.0000,84.0,6.0000
2026-08-12,ny,weatherapi,92.8000,84.0,8.8000
2026-08-12,tx,consensus,100.8675,102.0,1.1325
2026-08-12,tx,google-weather,100.4000,102.0,1.6000
2026-08-12,tx,open-meteo,99.1000,102.0,2.9000
2026-08-12,tx,openweathermap,101.2800,102.0,0.7200
2026-08-12,tx,pirateweather,100.1300,102.0,1.8700
2026-08-12,tx,tomorrow,98.7400,102.0,3.2600
2026-08-12,tx,visual-crossing,101.0000,102.0,1.0000
2026-08-12,tx,weather.gov,101.0000,102.0,1.0000
2026-08-12,tx,weatherapi,105.6000,102.0,3.6000
2026-08-13,fl,consensus,89.5638,94.0,4.4362
2026-08-13,fl,google-weather,90.3200,94.0,3.6800
2026-08-13,fl,open-meteo,91.2000,94.0,2.8000
2026-08-13,fl,openweathermap,95.6700,94.0,1.6700
2026-08-13,fl,pirateweather,88.6100,94.0,5.3900
2026-08-13,fl,tomorrow,91.0400,94.0,2.9600
2026-08-13,fl,visual-crossing,88.1000,94.0,5.9000
2026-08-13,fl,weather.gov,90.0000,94.0,4.0000
2026-08-13,fl,weatherapi,95.4000,94.0,1.4000
2026-08-13,il,consensus,79.2569,77.0,2.2569
2026-08-13,il,google-weather,77.5400,77.0,0.5400
2026-08-13,il,open-meteo,79.6000,77.0,2.6000
2026-08-13,il,openweathermap,87.5800,77.0,10.5800
2026-08-13,il,pirateweather,79.0700,77.0,2.0700
2026-08-13,il,tomorrow,79.3400,77.0,2.3400
2026-08-13,il,visual-crossing,79.1000,77.0,2.1000
2026-08-13,il,weather.gov,80.0000,77.0,3.0000
2026-08-13,il,weatherapi,83.5000,77.0,6.5000
2026-08-13,ny,consensus,86.0689,85.0,1.0689
2026-08-13,ny,google-weather,87.0800,85.0,2.0800
2026-08-13,ny,open-meteo,87.5000,85.0,2.5000
2026-08-13,ny,openweathermap,84.6900,85.0,0.3100
2026-08-13,ny,pirateweather,85.7300,85.0,0.7300
2026-08-13,ny,tomorrow,86.4300,85.0,1.4300
2026-08-13,ny,visual-crossing,85.9000,85.0,0.9000
2026-08-13,ny,weather.gov,86.0000,85.0,1.0000
2026-08-13,ny,weatherapi,91.4000,85.0,6.4000
2026-08-13,tx,consensus,100.7768,102.0,1.2232
2026-08-13,tx,google-weather,99.6800,102.0,2.3200
2026-08-13,tx,open-meteo,98.4000,102.0,3.6000
2026-08-13,tx,openweathermap,101.5500,102.0,0.4500
2026-08-13,tx,pirateweather,99.9500,102.0,2.0500
2026-08-13,tx,tomorrow,98.4700,102.0,3.5300
2026-08-13,tx,visual-crossing,101.0000,102.0,1.0000
2026-08-13,tx,weather.gov,101.0000,102.0,1.0000
2026-08-13,tx,weatherapi,104.9000,102.0,2.9000
2026-08-14,fl,consensus,90.3541,96.0,5.6459
2026-08-14,fl,google-weather,89.7800,96.0,6.2200
2026-08-14,fl,open-meteo,91.3000,96.0,4.7000
2026-08-14,fl,openweathermap,90.9700,96.0,5.0300
2026-08-14,fl,pirateweather,88.6100,96.0,7.3900
2026-08-14,fl,tomorrow,91.2700,96.0,4.7300
2026-08-14,fl,visual-crossing,89.0000,96.0,7.0000
2026-08-14,fl,weather.gov,90.0000,96.0,6.0000
2026-08-14,fl,weatherapi,96.4000,96.0,0.4000
2026-08-14,il,consensus,79.3819,80.0,0.6181
2026-08-14,il,google-weather,79.5200,80.0,0.4800
2026-08-14,il,open-meteo,80.0000,80.0,0.0000
2026-08-14,il,openweathermap,81.4800,80.0,1.4800
2026-08-14,il,pirateweather,77.8100,80.0,2.1900
2026-08-14,il,tomorrow,79.8400,80.0,0.1600
2026-08-14,il,visual-crossing,79.1000,80.0,0.9000
2026-08-14,il,weather.gov,80.0000,80.0,0.0000
2026-08-14,il,weatherapi,82.8000,80.0,2.8000
2026-08-14,ny,consensus,87.0202,84.0,3.0202
2026-08-14,ny,google-weather,85.6400,84.0,1.6400
2026-08-14,ny,openweathermap,84.9200,84.0,0.9200
2026-08-14,ny,pirateweather,85.7300,84.0,1.7300
2026-08-14,ny,tomorrow,88.1600,84.0,4.1600
2026-08-14,ny,visual-crossing,87.0000,84.0,3.0000
2026-08-14,ny,weather.gov,87.0000,84.0,3.0000
2026-08-14,ny,weatherapi,93.2000,84.0,9.2000
2026-08-14,tx,consensus,97.2182,98.0,0.7818
2026-08-14,tx,google-weather,96.4400,98.0,1.5600
2026-08-14,tx,open-meteo,96.8000,98.0,1.2000
2026-08-14,tx,openweathermap,95.8800,98.0,2.1200
2026-08-14,tx,pirateweather,95.2700,98.0,2.7300
2026-08-14,tx,tomorrow,96.6200,98.0,1.3800
2026-08-14,tx,visual-crossing,97.1000,98.0,0.9000
2026-08-14,tx,weather.gov,99.0000,98.0,1.0000
2026-08-14,tx,weatherapi,103.3000,98.0,5.3000
2026-08-15,fl,consensus,89.8429,93.0,3.1571
2026-08-15,fl,google-weather,90.6800,93.0,2.3200
2026-08-15,fl,open-meteo,91.2000,93.0,1.8000
2026-08-15,fl,openweathermap,94.2300,93.0,1.2300
2026-08-15,fl,pirateweather,88.7900,93.0,4.2100
2026-08-15,fl,tomorrow,90.9500,93.0,2.0500
2026-08-15,fl,visual-crossing,89.0000,93.0,4.0000
2026-08-15,fl,weather.gov,90.0000,93.0,3.0000
2026-08-15,fl,weatherapi,91.0000,93.0,2.0000
2026-08-15,il,consensus,80.8901,81.0,0.1099
2026-08-15,il,google-weather,80.7800,81.0,0.2200
2026-08-15,il,open-meteo,80.5000,81.0,0.5000
2026-08-15,il,openweathermap,78.2400,81.0,2.7600
2026-08-15,il,pirateweather,79.7900,81.0,1.2100
2026-08-15,il,tomorrow,80.0800,81.0,0.9200
2026-08-15,il,visual-crossing,81.1000,81.0,0.1000
2026-08-15,il,weather.gov,81.0000,81.0,0.0000
2026-08-15,il,weatherapi,79.8000,81.0,1.2000
2026-08-15,ny,consensus,83.9583,83.0,0.9583
2026-08-15,ny,google-weather,82.4000,83.0,0.6000
2026-08-15,ny,openweathermap,84.5100,83.0,1.5100
2026-08-15,ny,pirateweather,83.2100,83.0,0.2100
2026-08-15,ny,tomorrow,85.0100,83.0,2.0100
2026-08-15,ny,visual-crossing,83.9000,83.0,0.9000
2026-08-15,ny,weather.gov,84.0000,83.0,1.0000
2026-08-15,ny,weatherapi,89.1000,83.0,6.1000
2026-08-15,tx,consensus,99.9054,103.0,3.0946
2026-08-15,tx,google-weather,99.8600,103.0,3.1400
2026-08-15,tx,open-meteo,98.1000,103.0,4.9000
2026-08-15,tx,openweathermap,102.4500,103.0,0.5500
2026-08-15,tx,pirateweather,98.8700,103.0,4.1300
2026-08-15,tx,tomorrow,98.2600,103.0,4.7400
2026-08-15,tx,visual-crossing,99.9000,103.0,3.1000
2026-08-15,tx,weather.gov,100.0000,103.0,3.0000
2026-08-15,tx,weatherapi,104.6000,103.0,1.6000
2026-08-16,fl,consensus,89.1259,94.0,4.8741
2026-08-16,fl,google-weather,90.5000,94.0,3.5000
2026-08-16,fl,open-meteo,90.8000,94.0,3.2000
2026-08-16,fl,openweathermap,93.1800,94.0,0.8200
2026-08-16,fl,pirateweather,89.1500,94.0,4.8500
2026-08-16,fl,tomorrow,91.0800,94.0,2.9200
2026-08-16,fl,visual-crossing,89.0000,94.0,5.0000
2026-08-16,fl,weather.gov,91.0000,94.0,3.0000
2026-08-16,fl,weatherapi,88.4000,94.0,5.6000
2026-08-16,il,consensus,83.4416,86.0,2.5584
2026-08-16,il,google-weather,87.2600,86.0,1.2600
2026-08-16,il,open-meteo,84.0000,86.0,2.0000
2026-08-16,il,openweathermap,91.8700,86.0,5.8700
2026-08-16,il,pirateweather,84.6500,86.0,1.3500
2026-08-16,il,tomorrow,84.8700,86.0,1.1300
2026-08-16,il,visual-crossing,83.0000,86.0,3.0000
2026-08-16,il,weather.gov,84.0000,86.0,2.0000
2026-08-16,il,weatherapi,87.5000,86.0,1.5000
2026-08-16,ny,consensus,81.7669,80.0,1.7669
2026-08-16,ny,google-weather,80.4200,80.0,0.4200
2026-08-16,ny,openweathermap,79.3800,80.0,0.6200
2026-08-16,ny,pirateweather,80.6900,80.0,0.6900
2026-08-16,ny,tomorrow,82.3800,80.0,2.3800
2026-08-16,ny,visual-crossing,81.9000,80.0,1.9000
2026-08-16,ny,weather.gov,82.0000,80.0,2.0000
2026-08-16,ny,weatherapi,81.6000,80.0,1.6000
2026-08-16,tx,consensus,101.1304,102.0,0.8696
2026-08-16,tx,google-weather,100.0400,102.0,1.9600
2026-08-16,tx,open-meteo,99.0000,102.0,3.0000
2026-08-16,tx,openweathermap,100.9800,102.0,1.0200
2026-08-16,tx,pirateweather,100.4900,102.0,1.5100
2026-08-16,tx,tomorrow,98.6200,102.0,3.3800
2026-08-16,tx,visual-crossing,101.0000,102.0,1.0000
2026-08-16,tx,weather.gov,100.0000,102.0,2.0000
2026-08-16,tx,weatherapi,105.7000,102.0,3.7000
2026-08-17,fl,consensus,91.8514,95.0,3.1486
2026-08-17,fl,google-weather,90.6800,95.0,4.3200
2026-08-17,fl,open-meteo,91.7000,95.0,3.3000
2026-08-17,fl,openweathermap,95.3200,95.0,0.3200
2026-08-17,fl,pirateweather,90.5900,95.0,4.4100
2026-08-17,fl,tomorrow,92.3000,95.0,2.7000
2026-08-17,fl,visual-crossing,90.1000,95.0,4.9000
2026-08-17,fl,weather.gov,93.0000,95.0,2.0000
2026-08-17,fl,weatherapi,96.3000,95.0,1.3000
2026-08-17,il,consensus,76.5348,78.0,1.4652
2026-08-17,il,google-weather,78.0800,78.0,0.0800
2026-08-17,il,open-meteo,81.3000,78.0,3.3000
2026-08-17,il,openweathermap,79.9900,78.0,1.9900
2026-08-17,il,pirateweather,75.8300,78.0,2.1700
2026-08-17,il,tomorrow,77.0400,78.0,0.9600
2026-08-17,il,visual-crossing,76.0000,78.0,2.0000
2026-08-17,il,weather.gov,76.0000,78.0,2.0000
2026-08-17,il,weatherapi,76.1000,78.0,1.9000
2026-08-17,ny,consensus,83.9116,81.0,2.9116
2026-08-17,ny,google-weather,83.6600,81.0,2.6600
2026-08-17,ny,open-meteo,86.7000,81.0,5.7000
2026-08-17,ny,openweathermap,87.6000,81.0,6.6000
2026-08-17,ny,pirateweather,84.1100,81.0,3.1100
2026-08-17,ny,tomorrow,82.4900,81.0,1.4900
2026-08-17,ny,visual-crossing,83.9000,81.0,2.9000
2026-08-17,ny,weather.gov,84.0000,81.0,3.0000
2026-08-17,ny,weatherapi,84.9000,81.0,3.9000
2026-08-17,tx,consensus,101.6718,104.0,2.3282
2026-08-17,tx,google-weather,101.6600,104.0,2.3400
2026-08-17,tx,open-meteo,100.3000,104.0,3.7000
2026-08-17,tx,openweathermap,102.6900,104.0,1.3100
2026-08-17,tx,pirateweather,101.2100,104.0,2.7900
2026-08-17,tx,tomorrow,99.5700,104.0,4.4300
2026-08-17,tx,visual-crossing,101.9000,104.0,2.1000
2026-08-17,tx,weather.gov,102.0000,104.0,2.0000
2026-08-17,tx,weatherapi,105.6000,104.0,1.6000
2026-08-18,fl,consensus,95.0550,100.0,4.9450
2026-08-18,fl,google-weather,94.4600,100.0,5.5400
2026-08-18,fl,open-meteo,99.3000,100.0,0.7000
2026-08-18,fl,openweathermap,98.1900,100.0,1.8100
2026-08-18,fl,pirateweather,92.9300,100.0,7.0700
2026-08-18,fl,tomorrow,97.0700,100.0,2.9300
2026-08-18,fl,visual-crossing,92.9000,100.0,7.1000
2026-08-18,fl,weather.gov,96.0000,100.0,4.0000
2026-08-18,fl,weatherapi,99.9000,100.0,0.1000
2026-08-18,il,consensus,80.0373,81.0,0.9627
2026-08-18,il,google-weather,81.3200,81.0,0.3200
2026-08-18,il,open-meteo,80.4000,81.0,0.6000
2026-08-18,il,openweathermap,81.5200,81.0,0.5200
2026-08-18,il,pirateweather,79.4300,81.0,1.5700
2026-08-18,il,tomorrow,80.3700,81.0,0.6300
2026-08-18,il,visual-crossing,80.0000,81.0,1.0000
2026-08-18,il,weather.gov,80.0000,81.0,1.0000
2026-08-18,il,weatherapi,78.6000,81.0,2.4000
2026-08-18,ny,consensus,85.0347,86.0,0.9653
2026-08-18,ny,google-weather,83.4800,86.0,2.5200
2026-08-18,ny,openweathermap,81.3000,86.0,4.7000
2026-08-18,ny,pirateweather,84.2900,86.0,1.7100
2026-08-18,ny,tomorrow,86.6100,86.0,0.6100
2026-08-18,ny,visual-crossing,85.0000,86.0,1.0000
2026-08-18,ny,weather.gov,85.0000,86.0,1.0000
2026-08-18,ny,weatherapi,90.5000,86.0,4.5000
2026-08-18,tx,consensus,100.7301,102.0,1.2699
2026-08-18,tx,google-weather,101.1200,102.0,0.8800
2026-08-18,tx,open-meteo,98.8000,102.0,3.2000
2026-08-18,tx,openweathermap,101.6200,102.0,0.3800
2026-08-18,tx,pirateweather,100.6700,102.0,1.3300
2026-08-18,tx,tomorrow,98.4400,102.0,3.5600
2026-08-18,tx,visual-crossing,101.0000,102.0,1.0000
2026-08-18,tx,weather.gov,102.0000,102.0,0.0000
2026-08-18,tx,weatherapi,102.3000,102.0,0.3000
2026-08-19,fl,consensus,92.7623,96.0,3.2377
2026-08-19,fl,google-weather,93.0200,96.0,2.9800
2026-08-19,fl,open-meteo,95.0000,96.0,1.0000
2026-08-19,fl,openweathermap,95.7700,96.0,0.2300
2026-08-19,fl,pirateweather,91.6700,96.0,4.3300
2026-08-19,fl,tomorrow,95.0000,96.0,1.0000
2026-08-19,fl,visual-crossing,90.9000,96.0,5.1000
2026-08-19,fl,weather.gov,94.0000,96.0,2.0000
2026-08-19,fl,weatherapi,97.9000,96.0,1.9000
2026-08-19,il,consensus,76.4610,80.0,3.5390
2026-08-19,il,google-weather,79.7000,80.0,0.3000
2026-08-19,il,open-meteo,75.2000,80.0,4.8000
2026-08-19,il,openweathermap,79.0300,80.0,0.9700
2026-08-19,il,pirateweather,77.0900,80.0,2.9100
2026-08-19,il,tomorrow,75.0400,80.0,4.9600
2026-08-19,il,visual-crossing,78.0000,80.0,2.0000
2026-08-19,il,weather.gov,79.0000,80.0,1.0000
2026-08-19,il,weatherapi,83.7000,80.0,3.7000
2026-08-19,ny,consensus,87.3366,85.0,2.3366
2026-08-19,ny,google-weather,87.4400,85.0,2.4400
2026-08-19,ny,open-meteo,88.9000,85.0,3.9000
2026-08-19,ny,openweathermap,86.5400,85.0,1.5400
2026-08-19,ny,pirateweather,86.0900,85.0,1.0900
2026-08-19,ny,tomorrow,88.7000,85.0,3.7000
2026-08-19,ny,visual-crossing,85.9000,85.0,0.9000
2026-08-19,ny,weather.gov,87.0000,85.0,2.0000
2026-08-19,ny,weatherapi,92.5000,85.0,7.5000
2026-08-19,tx,consensus,101.5391,102.0,0.4609
2026-08-19,tx,google-weather,101.1200,102.0,0.8800
2026-08-19,tx,open-meteo,99.4000,102.0,2.6000
2026-08-19,tx,openweathermap,102.7600,102.0,0.7600
2026-08-19,tx,pirateweather,101.5700,102.0,0.4300
2026-08-19,tx,tomorrow,98.7800,102.0,3.2200
2026-08-19,tx,visual-crossing,101.9000,102.0,0.1000
2026-08-19,tx,weather.gov,102.0000,102.0,0.0000
2026-08-19,tx,weatherapi,102.8000,102.0,0.8000
2026-08-20,fl,consensus,90.1824,93.0,2.8176
2026-08-20,fl,google-weather,91.0400,93.0,1.9600
2026-08-20,fl,open-meteo,91.2000,93.0,1.8000
2026-08-20,fl,openweathermap,90.5700,93.0,2.4300
2026-08-20,fl,pirateweather,88.9700,93.0,4.0300
2026-08-20,fl,tomorrow,91.2200,93.0,1.7800
2026-08-20,fl,visual-crossing,89.0000,93.0,4.0000
2026-08-20,fl,weather.gov,91.0000,93.0,2.0000
2026-08-20,fl,weatherapi,92.3000,93.0,0.7000
2026-08-20,il,consensus,78.5202,78.0,0.5202
2026-08-20,il,google-weather,78.2600,78.0,0.2600
2026-08-20,il,open-meteo,79.7000,78.0,1.7000
2026-08-20,il,openweathermap,79.6600,78.0,1.6600
2026-08-20,il,pirateweather,76.7300,78.0,1.2700
2026-08-20,il,tomorrow,79.4100,78.0,1.4100
2026-08-20,il,visual-crossing,78.0000,78.0,0.0000
2026-08-20,il,weather.gov,79.0000,78.0,1.0000
2026-08-20,il,weatherapi,85.3000,78.0,7.3000
2026-08-20,ny,consensus,82.2586,84.0,1.7414
2026-08-20,ny,google-weather,83.8400,84.0,0.1600
2026-08-20,ny,open-meteo,87.3000,84.0,3.3000
2026-08-20,ny,openweathermap,80.8300,84.0,3.1700
2026-08-20,ny,pirateweather,81.7700,84.0,2.2300
2026-08-20,ny,tomorrow,87.1700,84.0,3.1700
2026-08-20,ny,visual-crossing,81.1000,84.0,2.9000
2026-08-20,ny,weather.gov,82.0000,84.0,2.0000
2026-08-20,ny,weatherapi,89.4000,84.0,5.4000
2026-08-20,tx,consensus,101.7602,103.0,1.2398
2026-08-20,tx,google-weather,101.8400,103.0,1.1600
2026-08-20,tx,open-meteo,100.3000,103.0,2.7000
2026-08-20,tx,openweathermap,104.0400,103.0,1.0400
2026-08-20,tx,pirateweather,102.1100,103.0,0.8900
2026-08-20,tx,tomorrow,99.8400,103.0,3.1600
2026-08-20,tx,visual-crossing,101.9000,103.0,1.1000
2026-08-20,tx,weather.gov,102.0000,103.0,1.0000
2026-08-20,tx,weatherapi,103.3000,103.0,0.3000
2026-08-21,fl,consensus,89.5924,94.0,4.4076
2026-08-21,fl,google-weather,88.3400,94.0,5.6600
2026-08-21,fl,open-meteo,91.5000,94.0,2.5000
2026-08-21,fl,openweathermap,89.1700,94.0,4.8300
2026-08-21,fl,pirateweather,88.4300,94.0,5.5700
2026-08-21,fl,tomorrow,91.4400,94.0,2.5600
2026-08-21,fl,visual-crossing,88.1000,94.0,5.9000
2026-08-21,fl,weather.gov,90.0000,94.0,4.0000
2026-08-21,fl,weatherapi,90.9000,94.0,3.1000
2026-08-21,il,consensus,81.6539,80.0,1.6539
2026-08-21,il,google-weather,80.9600,80.0,0.9600
2026-08-21,il,open-meteo,83.4000,80.0,3.4000
2026-08-21,il,openweathermap,80.6200,80.0,0.6200
2026-08-21,il,pirateweather,79.0700,80.0,0.9300
2026-08-21,il,tomorrow,83.3700,80.0,3.3700
2026-08-21,il,visual-crossing,80.0000,80.0,0.0000
2026-08-21,il,weather.gov,80.0000,80.0,0.0000
2026-08-21,il,weatherapi,83.7000,80.0,3.7000
2026-08-21,ny,consensus,78.5018,79.0,0.4982
2026-08-21,ny,google-weather,78.6200,79.0,0.3800
2026-08-21,ny,open-meteo,75.2000,79.0,3.8000
2026-08-21,ny,openweathermap,79.3900,79.0,0.3900
2026-08-21,ny,pirateweather,77.2700,79.0,1.7300
2026-08-21,ny,tomorrow,74.9700,79.0,4.0300
2026-08-21,ny,visual-crossing,79.1000,79.0,0.1000
2026-08-21,ny,weather.gov,79.0000,79.0,0.0000
2026-08-21,ny,weatherapi,82.3000,79.0,3.3000
2026-08-21,tx,consensus,102.7404,104.0,1.2596
2026-08-21,tx,google-weather,102.5600,104.0,1.4400
2026-08-21,tx,open-meteo,101.0000,104.0,3.0000
2026-08-21,tx,pirateweather,102.4700,104.0,1.5300
2026-08-21,tx,tomorrow,100.4400,104.0,3.5600
2026-08-21,tx,visual-crossing,103.0000,104.0,1.0000
2026-08-21,tx,weather.gov,103.0000,104.0,1.0000
2026-08-21,tx,weatherapi,107.4000,104.0,3.4000
2026-08-22,fl,consensus,90.3984,94.0,3.6016
2026-08-22,fl,google-weather,90.5000,94.0,3.5000
2026-08-22,fl,open-meteo,91.0000,94.0,3.0000
2026-08-22,fl,openweathermap,93.1100,94.0,0.8900
2026-08-22,fl,pirateweather,89.1500,94.0,4.8500
2026-08-22,fl,tomorrow,90.9000,94.0,3.1000
2026-08-22,fl,visual-crossing,89.0000,94.0,5.0000
2026-08-22,fl,weather.gov,91.0000,94.0,3.0000
2026-08-22,fl,weatherapi,95.5000,94.0,1.5000
2026-08-22,il,consensus,80.4794,82.0,1.5206
2026-08-22,il,google-weather,80.7800,82.0,1.2200
2026-08-22,il,open-meteo,82.3000,82.0,0.3000
2026-08-22,il,openweathermap,78.0600,82.0,3.9400
2026-08-22,il,pirateweather,77.8100,82.0,4.1900
2026-08-22,il,tomorrow,82.0800,82.0,0.0800
2026-08-22,il,visual-crossing,79.1000,82.0,2.9000
2026-08-22,il,weather.gov,79.0000,82.0,3.0000
2026-08-22,il,weatherapi,86.2000,82.0,4.2000
2026-08-22,ny,consensus,76.7364,77.0,0.2636
2026-08-22,ny,google-weather,77.3600,77.0,0.3600
2026-08-22,ny,open-meteo,76.3000,77.0,0.7000
2026-08-22,ny,openweathermap,78.0800,77.0,1.0800
2026-08-22,ny,pirateweather,76.7300,77.0,0.2700
2026-08-22,ny,tomorrow,76.1700,77.0,0.8300
2026-08-22,ny,visual-crossing,76.9000,77.0,0.1000
2026-08-22,ny,weather.gov,77.0000,77.0,0.0000
2026-08-22,ny,weatherapi,75.9000,77.0,1.1000
2026-08-22,tx,consensus,102.9648,107.0,4.0352
2026-08-22,tx,google-weather,104.9000,107.0,2.1000
2026-08-22,tx,open-meteo,101.8000,107.0,5.2000
2026-08-22,tx,openweathermap,105.7800,107.0,1.2200
2026-08-22,tx,pirateweather,103.1900,107.0,3.8100
2026-08-22,tx,tomorrow,101.2800,107.0,5.7200
2026-08-22,tx,visual-crossing,103.0000,107.0,4.0000
2026-08-22,tx,weather.gov,103.0000,107.0,4.0000
2026-08-22,tx,weatherapi,108.0000,107.0,1.0000
2026-08-23,fl,consensus,88.6736,93.0,4.3264
2026-08-23,fl,google-weather,89.7800,93.0,3.2200
2026-08-23,fl,open-meteo,87.3000,93.0,5.7000
2026-08-23,fl,openweathermap,93.0000,93.0,0.0000
2026-08-23,fl,pirateweather,88.6100,93.0,4.3900
2026-08-23,fl,tomorrow,87.3300,93.0,5.6700
2026-08-23,fl,visual-crossing,88.1000,93.0,4.9000
2026-08-23,fl,weather.gov,90.0000,93.0,3.0000
2026-08-23,fl,weatherapi,92.1000,93.0,0.9000
2026-08-23,il,consensus,77.4680,76.0,1.4680
2026-08-23,il,google-weather,76.6400,76.0,0.6400
2026-08-23,il,open-meteo,78.9000,76.0,2.9000
2026-08-23,il,openweathermap,76.2600,76.0,0.2600
2026-08-23,il,pirateweather,74.2100,76.0,1.7900
2026-08-23,il,tomorrow,78.7500,76.0,2.7500
2026-08-23,il,visual-crossing,76.0000,76.0,0.0000
2026-08-23,il,weather.gov,77.0000,76.0,1.0000
2026-08-23,il,weatherapi,84.2000,76.0,8.2000
2026-08-23,ny,consensus,80.9194,80.0,0.9194
2026-08-23,ny,google-weather,81.8600,80.0,1.8600
2026-08-23,ny,open-meteo,78.0000,80.0,2.0000
2026-08-23,ny,openweathermap,82.5300,80.0,2.5300
2026-08-23,ny,pirateweather,81.2300,80.0,1.2300
2026-08-23,ny,tomorrow,77.8300,80.0,2.1700
2026-08-23,ny,visual-crossing,81.9000,80.0,1.9000
2026-08-23,ny,weather.gov,82.0000,80.0,2.0000
2026-08-23,ny,weatherapi,84.3000,80.0,4.3000
2026-08-23,tx,consensus,103.7617,105.0,1.2383
2026-08-23,tx,google-weather,104.9000,105.0,0.1000
2026-08-23,tx,open-meteo,102.5000,105.0,2.5000
2026-08-23,tx,openweathermap,106.1800,105.0,1.1800
2026-08-23,tx,pirateweather,103.5500,105.0,1.4500
2026-08-23,tx,tomorrow,102.1600,105.0,2.8400
2026-08-23,tx,visual-crossing,103.9000,105.0,1.1000
2026-08-23,tx,weather.gov,105.0000,105.0,0.0000
2026-08-23,tx,weatherapi,109.6000,105.0,4.6000
2026-08-24,fl,consensus,89.1423,91.0,1.8577
2026-08-24,fl,google-weather,89.4200,91.0,1.5800
2026-08-24,fl,open-meteo,90.6000,91.0,0.4000
2026-08-24,fl,openweathermap,87.9300,91.0,3.0700
2026-08-24,fl,pirateweather,87.8900,91.0,3.1100
2026-08-24,fl,tomorrow,90.5200,91.0,0.4800
2026-08-24,fl,visual-crossing,88.1000,91.0,2.9000
2026-08-24,fl,weather.gov,89.0000,91.0,2.0000
2026-08-24,fl,weatherapi,90.7000,91.0,0.3000
2026-08-24,il,consensus,78.2013,79.0,0.7987
2026-08-24,il,google-weather,76.6400,79.0,2.3600
2026-08-24,il,open-meteo,80.1000,79.0,1.1000
2026-08-24,il,openweathermap,78.2200,79.0,0.7800
2026-08-24,il,pirateweather,76.3700,79.0,2.6300
2026-08-24,il,tomorrow,79.2500,79.0,0.2500
2026-08-24,il,visual-crossing,76.9000,79.0,2.1000
2026-08-24,il,weather.gov,77.0000,79.0,2.0000
2026-08-24,il,weatherapi,84.2000,79.0,5.2000
2026-08-24,ny,consensus,81.0279,79.0,2.0279
2026-08-24,ny,google-weather,80.0600,79.0,1.0600
2026-08-24,ny,open-meteo,81.2000,79.0,2.2000
2026-08-24,ny,openweathermap,78.6600,79.0,0.3400
2026-08-24,ny,pirateweather,79.4300,79.0,0.4300
2026-08-24,ny,tomorrow,81.1200,79.0,2.1200
2026-08-24,ny,visual-crossing,81.1000,79.0,2.1000
2026-08-24,ny,weather.gov,81.0000,79.0,2.0000
2026-08-24,ny,weatherapi,86.4000,79.0,7.4000
2026-08-24,tx,consensus,103.3480,104.0,0.6520
2026-08-24,tx,google-weather,103.4600,104.0,0.5400
2026-08-24,tx,open-meteo,100.5000,104.0,3.5000
2026-08-24,tx,openweathermap,105.4000,104.0,1.4000
2026-08-24,tx,pirateweather,102.6500,104.0,1.3500
2026-08-24,tx,tomorrow,100.2000,104.0,3.8000
2026-08-24,tx,visual-crossing,103.9000,104.0,0.1000
2026-08-24,tx,weather.gov,104.0000,104.0,0.0000
2026-08-24,tx,weatherapi,107.2000,104.0,3.2000
2026-08-25,fl,consensus,90.2703,92.0,1.7297
2026-08-25,fl,google-weather,89.6000,92.0,2.4000
2026-08-25,fl,open-meteo,90.3000,92.0,1.7000
2026-08-25,fl,openweathermap,89.8900,92.0,2.1100
2026-08-25,fl,pirateweather,88.0700,92.0,3.9300
2026-08-25,fl,tomorrow,90.3400,92.0,1.6600
2026-08-25,fl,visual-crossing,88.1000,92.0,3.9000
2026-08-25,fl,weather.gov,90.0000,92.0,2.0000
2026-08-25,fl,weatherapi,93.0000,92.0,1.0000
2026-08-25,il,consensus,80.7000,81.0,0.3000
2026-08-25,il,google-weather,79.7000,81.0,1.3000
2026-08-25,il,open-meteo,81.6000,81.0,0.6000
2026-08-25,il,openweathermap,79.8300,81.0,1.1700
2026-08-25,il,pirateweather,79.7900,81.0,1.2100
2026-08-25,il,tomorrow,81.5400,81.0,0.5400
2026-08-25,il,visual-crossing,80.0000,81.0,1.0000
2026-08-25,il,weather.gov,81.0000,81.0,0.0000
2026-08-25,il,weatherapi,87.4000,81.0,6.4000
2026-08-25,ny,consensus,79.1802,78.0,1.1802
2026-08-25,ny,google-weather,78.8000,78.0,0.8000
2026-08-25,ny,open-meteo,80.2000,78.0,2.2000
2026-08-25,ny,openweathermap,76.1500,78.0,1.8500
2026-08-25,ny,pirateweather,79.2500,78.0,1.2500
2026-08-25,ny,tomorrow,79.2700,78.0,1.2700
2026-08-25,ny,visual-crossing,79.1000,78.0,1.1000
2026-08-25,ny,weather.gov,81.0000,78.0,3.0000
2026-08-25,ny,weatherapi,79.3000,78.0,1.3000
2026-08-25,tx,consensus,102.5015,103.0,0.4985
2026-08-25,tx,google-weather,101.4800,103.0,1.5200
2026-08-25,tx,open-meteo,99.2000,103.0,3.8000
2026-08-25,tx,openweathermap,103.3000,103.0,0.3000
2026-08-25,tx,pirateweather,102.2900,103.0,0.7100
2026-08-25,tx,tomorrow,98.5800,103.0,4.4200
2026-08-25,tx,visual-crossing,103.0000,103.0,0.0000
2026-08-25,tx,weather.gov,103.0000,103.0,0.0000
2026-08-25,tx,weatherapi,106.3000,103.0,3.3000
2026-08-26,fl,consensus,88.3936,92.0,3.6064
2026-08-26,fl,google-weather,88.7000,92.0,3.3000
2026-08-26,fl,open-meteo,89.4000,92.0,2.6000
2026-08-26,fl,openweathermap,89.1900,92.0,2.8100
2026-08-26,fl,pirateweather,86.9900,92.0,5.0100
2026-08-26,fl,tomorrow,89.4000,92.0,2.6000
2026-08-26,fl,visual-crossing,87.0000,92.0,5.0000
2026-08-26,fl,weather.gov,89.0000,92.0,3.0000
2026-08-26,fl,weatherapi,89.4000,92.0,2.6000
2026-08-26,il,consensus,84.3330,85.0,0.6670
2026-08-26,il,google-weather,84.7400,85.0,0.2600
2026-08-26,il,open-meteo,86.5000,85.0,1.5000
2026-08-26,il,openweathermap,82.9800,85.0,2.0200
2026-08-26,il,pirateweather,83.2100,85.0,1.7900
2026-08-26,il,tomorrow,86.2700,85.0,1.2700
2026-08-26,il,visual-crossing,83.0000,85.0,2.0000
2026-08-26,il,weather.gov,84.0000,85.0,1.0000
2026-08-26,il,weatherapi,79.3000,85.0,5.7000
2026-08-26,ny,consensus,82.9192,81.0,1.9192
2026-08-26,ny,google-weather,80.9600,81.0,0.0400
2026-08-26,ny,open-meteo,84.0000,81.0,3.0000
2026-08-26,ny,openweathermap,82.3500,81.0,1.3500
2026-08-26,ny,pirateweather,82.3100,81.0,1.3100
2026-08-26,ny,tomorrow,84.0400,81.0,3.0400
2026-08-26,ny,visual-crossing,83.0000,81.0,2.0000
2026-08-26,ny,weather.gov,83.0000,81.0,2.0000
2026-08-26,ny,weatherapi,84.9000,81.0,3.9000
2026-08-26,tx,consensus,102.0816,103.0,0.9184
2026-08-26,tx,google-weather,103.6400,103.0,0.6400
2026-08-26,tx,open-meteo,100.6000,103.0,2.4000
2026-08-26,tx,openweathermap,103.7700,103.0,0.7700
2026-08-26,tx,pirateweather,103.0100,103.0,0.0100
2026-08-26,tx,tomorrow,100.3800,103.0,2.6200
2026-08-26,tx,visual-crossing,101.9000,103.0,1.1000
2026-08-26,tx,weather.gov,102.0000,103.0,1.0000
2026-08-26,tx,weatherapi,102.3000,103.0,0.7000
2026-08-27,fl,consensus,89.0511,93.0,3.9489
2026-08-27,fl,google-weather,89.7800,93.0,3.2200
2026-08-27,fl,open-meteo,90.1000,93.0,2.9000
2026-08-27,fl,openweathermap,90.9100,93.0,2.0900
2026-08-27,fl,pirateweather,87.5300,93.0,5.4700
2026-08-27,fl,tomorrow,90.3700,93.0,2.6300
2026-08-27,fl,visual-crossing,88.1000,93.0,4.9000
2026-08-27,fl,weather.gov,89.0000,93.0,4.0000
2026-08-27,fl,weatherapi,89.5000,93.0,3.5000
2026-08-27,il,consensus,79.9762,81.0,1.0238
2026-08-27,il,google-weather,80.4200,81.0,0.5800
2026-08-27,il,open-meteo,80.3000,81.0,0.7000
2026-08-27,il,openweathermap,81.2500,81.0,0.2500
2026-08-27,il,pirateweather,79.9700,81.0,1.0300
2026-08-27,il,tomorrow,79.9200,81.0,1.0800
2026-08-27,il,visual-crossing,80.0000,81.0,1.0000
2026-08-27,il,weather.gov,81.0000,81.0,0.0000
2026-08-27,il,weatherapi,82.6000,81.0,1.6000
2026-08-27,ny,consensus,81.1538,77.0,4.1538
2026-08-27,ny,google-weather,78.2600,77.0,1.2600
2026-08-27,ny,open-meteo,81.3000,77.0,4.3000
2026-08-27,ny,openweathermap,80.2400,77.0,3.2400
2026-08-27,ny,pirateweather,80.1500,77.0,3.1500
2026-08-27,ny,tomorrow,79.0900,77.0,2.0900
2026-08-27,ny,visual-crossing,81.9000,77.0,4.9000
2026-08-27,ny,weather.gov,83.0000,77.0,6.0000
2026-08-27,ny,weatherapi,82.6000,77.0,5.6000
2026-08-27,tx,consensus,101.1054,104.0,2.8946
2026-08-27,tx,google-weather,102.7400,104.0,1.2600
2026-08-27,tx,open-meteo,102.2000,104.0,1.8000
2026-08-27,tx,openweathermap,103.5500,104.0,0.4500
2026-08-27,tx,pirateweather,100.8500,104.0,3.1500
2026-08-27,tx,tomorrow,100.8500,104.0,3.1500
2026-08-27,tx,visual-crossing,101.0000,104.0,3.0000
2026-08-27,tx,weather.gov,103.0000,104.0,1.0000
2026-08-27,tx,weatherapi,104.1000,104.0,0.1000
2026-08-28,fl,consensus,89.6641,93.0,3.3359
2026-08-28,fl,google-weather,90.1400,93.0,2.8600
2026-08-28,fl,open-meteo,91.2000,93.0,1.8000
2026-08-28,fl,openweathermap,91.8900,93.0,1.1100
2026-08-28,fl,pirateweather,87.8900,93.0,5.1100
2026-08-28,fl,tomorrow,90.1600,93.0,2.8400
2026-08-28,fl,visual-crossing,88.1000,93.0,4.9000
2026-08-28,fl,weather.gov,90.0000,93.0,3.0000
2026-08-28,fl,weatherapi,90.7000,93.0,2.3000
2026-08-28,il,consensus,83.9099,84.0,0.0901
2026-08-28,il,google-weather,82.9400,84.0,1.0600
2026-08-28,il,open-meteo,84.2000,84.0,0.2000
2026-08-28,il,openweathermap,84.0200,84.0,0.0200
2026-08-28,il,pirateweather,81.7700,84.0,2.2300
2026-08-28,il,tomorrow,84.2900,84.0,0.2900
2026-08-28,il,visual-crossing,81.9000,84.0,2.1000
2026-08-28,il,weather.gov,82.0000,84.0,2.0000
2026-08-28,il,weatherapi,83.4000,84.0,0.6000
2026-08-28,ny,consensus,82.0214,84.0,1.9786
2026-08-28,ny,google-weather,80.7800,84.0,3.2200
2026-08-28,ny,open-meteo,82.0000,84.0,2.0000
2026-08-28,ny,openweathermap,78.1300,84.0,5.8700
2026-08-28,ny,pirateweather,82.3100,84.0,1.6900
2026-08-28,ny,tomorrow,81.6300,84.0,2.3700
2026-08-28,ny,visual-crossing,81.9000,84.0,2.1000
2026-08-28,ny,weather.gov,83.0000,84.0,1.0000
2026-08-28,ny,weatherapi,87.7000,84.0,3.7000
2026-08-28,tx,consensus,97.8194,102.0,4.1806
2026-08-28,tx,google-weather,98.7800,102.0,3.2200
2026-08-28,tx,open-meteo,98.5000,102.0,3.5000
2026-08-28,tx,openweathermap,95.6100,102.0,6.3900
2026-08-28,tx,pirateweather,96.5300,102.0,5.4700
2026-08-28,tx,tomorrow,97.9000,102.0,4.1000
2026-08-28,tx,visual-crossing,98.0000,102.0,4.0000
2026-08-28,tx,weather.gov,99.0000,102.0,3.0000
2026-08-28,tx,weatherapi,102.9000,102.0,0.9000
2026-08-29,fl,consensus,88.5325,85.0,3.5325
2026-08-29,fl,google-weather,83.1200,85.0,1.8800
2026-08-29,fl,open-meteo,91.5000,85.0,6.5000
2026-08-29,fl,openweathermap,93.5400,85.0,8.5400
2026-08-29,fl,pirateweather,86.6300,85.0,1.6300
2026-08-29,fl,tomorrow,91.6000,85.0,6.6000
2026-08-29,fl,visual-crossing,87.0000,85.0,2.0000
2026-08-29,fl,weather.gov,89.0000,85.0,4.0000
2026-08-29,fl,weatherapi,89.8000,85.0,4.8000
2026-08-29,il,consensus,83.5375,82.0,1.5375
2026-08-29,il,google-weather,79.7000,82.0,2.3000
2026-08-29,il,open-meteo,83.9000,82.0,1.9000
2026-08-29,il,openweathermap,79.8400,82.0,2.1600
2026-08-29,il,pirateweather,81.4100,82.0,0.5900
2026-08-29,il,tomorrow,84.1800,82.0,2.1800
2026-08-29,il,visual-crossing,81.1000,82.0,0.9000
2026-08-29,il,weather.gov,81.0000,82.0,1.0000
2026-08-29,il,weatherapi,81.5000,82.0,0.5000
2026-08-29,ny,consensus,80.3377,76.0,4.3377
2026-08-29,ny,google-weather,78.8000,76.0,2.8000
2026-08-29,ny,open-meteo,79.2000,76.0,3.2000
2026-08-29,ny,openweathermap,79.2700,76.0,3.2700
2026-08-29,ny,pirateweather,79.9700,76.0,3.9700
2026-08-29,ny,tomorrow,78.8500,76.0,2.8500
2026-08-29,ny,visual-crossing,81.1000,76.0,5.1000
2026-08-29,ny,weather.gov,81.0000,76.0,5.0000
2026-08-29,ny,weatherapi,81.9000,76.0,5.9000
2026-08-29,tx,consensus,97.8938,100.0,2.1062
2026-08-29,tx,google-weather,96.6200,100.0,3.3800
2026-08-29,tx,open-meteo,95.6000,100.0,4.4000
2026-08-29,tx,openweathermap,98.1500,100.0,1.8500
2026-08-29,tx,pirateweather,97.2500,100.0,2.7500
2026-08-29,tx,tomorrow,95.2700,100.0,4.7300
2026-08-29,tx,visual-crossing,99.1000,100.0,0.9000
2026-08-29,tx,weather.gov,99.0000,100.0,1.0000
2026-08-29,tx,weatherapi,100.5000,100.0,0.5000
2026-08-30,fl,consensus,88.0950,91.0,2.9050
2026-08-30,fl,google-weather,86.9000,91.0,4.1000
2026-08-30,fl,open-meteo,90.1000,91.0,0.9000
2026-08-30,fl,openweathermap,84.5600,91.0,6.4400
2026-08-30,fl,pirateweather,86.8100,91.0,4.1900
2026-08-30,fl,tomorrow,90.1000,91.0,0.9000
2026-08-30,fl,visual-crossing,87.0000,91.0,4.0000
2026-08-30,fl,weather.gov,88.0000,91.0,3.0000
2026-08-30,fl,weatherapi,90.2000,91.0,0.8000
2026-08-30,il,consensus,85.4123,81.0,4.4123
2026-08-30,il,google-weather,79.8800,81.0,1.1200
2026-08-30,il,open-meteo,81.3000,81.0,0.3000
2026-08-30,il,openweathermap,85.0800,81.0,4.0800
2026-08-30,il,pirateweather,83.2100,81.0,2.2100
2026-08-30,il,tomorrow,86.4500,81.0,5.4500
2026-08-30,il,visual-crossing,85.0000,81.0,4.0000
2026-08-30,il,weather.gov,81.0000,81.0,0.0000
2026-08-30,il,weatherapi,85.0000,81.0,4.0000
2026-08-30,ny,consensus,82.3529,79.0,3.3529
2026-08-30,ny,google-weather,81.3200,79.0,2.3200
2026-08-30,ny,open-meteo,79.5000,79.0,0.5000
2026-08-30,ny,openweathermap,80.4400,79.0,1.4400
2026-08-30,ny,pirateweather,81.7700,79.0,2.7700
2026-08-30,ny,tomorrow,80.6700,79.0,1.6700
2026-08-30,ny,visual-crossing,83.0000,79.0,4.0000
2026-08-30,ny,weather.gov,84.0000,79.0,5.0000
2026-08-30,ny,weatherapi,86.0000,79.0,7.0000
2026-08-30,tx,consensus,98.1695,100.0,1.8305
2026-08-30,tx,google-weather,98.4200,100.0,1.5800
2026-08-30,tx,open-meteo,96.7000,100.0,3.3000
2026-08-30,tx,openweathermap,100.7100,100.0,0.7100
2026-08-30,tx,pirateweather,97.7900,100.0,2.2100
2026-08-30,tx,tomorrow,96.1000,100.0,3.9000
2026-08-30,tx,visual-crossing,99.1000,100.0,0.9000
2026-08-30,tx,weather.gov,99.0000,100.0,1.0000
2026-08-30,tx,weatherapi,99.0000,100.0,1.0000
2026-08-31,fl,consensus,87.6783,91.0,3.3217
2026-08-31,fl,google-weather,87.4400,91.0,3.5600
2026-08-31,fl,open-meteo,88.3000,91.0,2.7000
2026-08-31,fl,openweathermap,87.9600,91.0,3.0400
2026-08-31,fl,pirateweather,86.9900,91.0,4.0100
2026-08-31,fl,tomorrow,88.4100,91.0,2.5900
2026-08-31,fl,visual-crossing,87.0000,91.0,4.0000
2026-08-31,fl,weather.gov,88.0000,91.0,3.0000
2026-08-31,fl,weatherapi,89.9000,91.0,1.1000
2026-08-31,il,consensus,92.7892,91.0,1.7892
2026-08-31,il,google-weather,88.7000,91.0,2.3000
2026-08-31,il,open-meteo,93.2000,91.0,2.2000
2026-08-31,il,openweathermap,89.1900,91.0,1.8100
2026-08-31,il,pirateweather,88.4300,91.0,2.5700
2026-08-31,il,tomorrow,93.1300,91.0,2.1300
2026-08-31,il,visual-crossing,90.3000,91.0,0.7000
2026-08-31,il,weather.gov,88.0000,91.0,3.0000
2026-08-31,il,weatherapi,88.5000,91.0,2.5000
2026-08-31,ny,consensus,79.5961,78.0,1.5961
2026-08-31,ny,google-weather,76.6400,78.0,1.3600
2026-08-31,ny,open-meteo,79.5000,78.0,1.5000
2026-08-31,ny,openweathermap,73.7600,78.0,4.2400
2026-08-31,ny,pirateweather,77.4500,78.0,0.5500
2026-08-31,ny,tomorrow,79.0200,78.0,1.0200
2026-08-31,ny,visual-crossing,80.0000,78.0,2.0000
2026-08-31,ny,weather.gov,80.0000,78.0,2.0000
2026-08-31,ny,weatherapi,82.7000,78.0,4.7000
2026-08-31,tx,consensus,97.1935,101.0,3.8065
2026-08-31,tx,google-weather,97.3400,101.0,3.6600
2026-08-31,tx,open-meteo,97.0000,101.0,4.0000
2026-08-31,tx,openweathermap,98.5300,101.0,2.4700
2026-08-31,tx,pirateweather,98.1500,101.0,2.8500
2026-08-31,tx,tomorrow,95.5400,101.0,5.4600
2026-08-31,tx,visual-crossing,97.4000,101.0,3.6000
2026-08-31,tx,weather.gov,99.0000,101.0,2.0000
2026-08-31,tx,weatherapi,99.6000,101.0,1.4000
