run_ts,as_of,city,window_days,weights_json
2026-01-24T02:15:53.023550-05:00,2026-01-23,ny,14,{}
2026-01-24T02:15:53.023550-05:00,2026-01-23,il,14,{}
2026-01-24T02:15:53.023550-05:00,2026-01-23,tx,14,{}
2026-01-24T02:15:53.023550-05:00,2026-01-23,fl,14,{}
2026-01-24T09:48:28.245273-05:00,2026-01-23,ny,14,{}
2026-01-24T09:48:28.245273-05:00,2026-01-23,il,14,{}
2026-01-24T09:48:28.245273-05:00,2026-01-23,tx,14,{}
2026-01-24T09:48:28.245273-05:00,2026-01-23,fl,14,{}
2026-01-24T09:55:17.737988-05:00,2026-01-23,ny,14,{}
2026-01-24T09:55:17.737988-05:00,2026-01-23,il,14,{}
2026-01-24T09:55:17.737988-05:00,2026-01-23,tx,14,{}
2026-01-24T09:55:17.737988-05:00,2026-01-23,fl,14,{}
2026-01-24T12:12:39.489298-05:00,2026-01-23,ny,14,{}
2026-01-24T12:12:39.489298-05:00,2026-01-23,il,14,{}
2026-01-24T12:12:39.489298-05:00,2026-01-23,tx,14,{}
2026-01-24T12:12:39.489298-05:00,2026-01-23,fl,14,{}
2026-01-25T02:15:36.188418-05:00,2026-01-24,ny,14,"{""consensus"": 0.9159890059852793, ""lstm"": 0.08401099401472073}"
2026-01-25T02:15:36.188418-05:00,2026-01-24,il,14,"{""consensus"": 0.9999810052626588, ""lstm"": 1.899473734123737e-05}"
2026-01-25T02:15:36.188418-05:00,2026-01-24,tx,14,"{""consensus"": 0.962656128182825, ""lstm"": 0.037343871817175044}"
2026-01-25T02:15:36.188418-05:00,2026-01-24,fl,14,"{""consensus"": 0.7403430951738978, ""lstm"": 0.2596569048261021}"
2026-01-25T02:15:36.274845-05:00,2026-01-24,ny,14,"{""consensus"": 0.9159890059852793, ""lstm"": 0.08401099401472073}"
2026-01-25T02:15:36.274845-05:00,2026-01-24,il,14,"{""consensus"": 0.9999810052626588, ""lstm"": 1.899473734123737e-05}"
2026-01-25T02:15:36.274845-05:00,2026-01-24,tx,14,"{""consensus"": 0.962656128182825, ""lstm"": 0.037343871817175044}"
2026-01-25T02:15:36.274845-05:00,2026-01-24,fl,14,"{""consensus"": 0.7403430951738978, ""lstm"": 0.2596569048261021}"
2026-01-25T10:13:01.365736-05:00,2026-01-24,ny,14,"{""consensus"": 0.9159890059852793, ""lstm"": 0.08401099401472073}"
2026-01-25T10:13:01.365736-05:00,2026-01-24,il,14,"{""consensus"": 0.9999810052626588, ""lstm"": 1.899473734123737e-05}"
2026-01-25T10:13:01.365736-05:00,2026-01-24,tx,14,"{""consensus"": 0.962656128182825, ""lstm"": 0.037343871817175044}"
2026-01-25T10:13:01.365736-05:00,2026-01-24,fl,14,"{""consensus"": 0.7403430951738978, ""lstm"": 0.2596569048261021}"
2026-01-25T12:29:10.454787-05:00,2026-01-24,ny,14,"{""consensus"": 0.9159890059852793, ""lstm"": 0.08401099401472073}"
2026-01-25T12:29:10.454787-05:00,2026-01-24,il,14,"{""consensus"": 0.9999810052626588, ""lstm"": 1.899473734123737e-05}"
2026-01-25T12:29:10.454787-05:00,2026-01-24,tx,14,"{""consensus"": 0.962656128182825, ""lstm"": 0.037343871817175044}"
2026-01-25T12:29:10.454787-05:00,2026-01-24,fl,14,"{""consensus"": 0.7403430951738978, ""lstm"": 0.2596569048261021}"
2026-01-25T12:32:37.505810-05:00,2026-01-24,ny,14,"{""consensus"": 0.014592309530646294, ""lstm"": 0.0007022628660218113, ""open-meteo"": 0.0006560796795410584, ""openweathermap"": 0.6382643639798242, ""pirateweather"": 0.2112776014374949, ""tomorrow"": 0.039891522748739014, ""visual-crossing"": 0.03118831961386178, ""weather.gov"": 0.05003992613601822, ""weatherapi"": 0.013387614007852678}"
2026-01-25T12:32:37.505810-05:00,2026-01-24,il,14,"{""consensus"": 0.19572916634118928, ""lstm"": 0.00033801729479509434, ""open-meteo"": 0.03483558648992357, ""openweathermap"": 0.01777325841322631, ""pirateweather"": 0.018094939821078713, ""tomorrow"": 0.04422689020740148, ""weather.gov"": 0.6881103504182435, ""weatherapi"": 0.0008917910141420435}"
2026-01-25T12:32:37.505810-05:00,2026-01-24,tx,14,"{""consensus"": 0.43034924670626395, ""lstm"": 0.013072415283508802, ""open-meteo"": 0.0014221760611697813, ""openweathermap"": 0.006704231709943889, ""pirateweather"": 0.00620242265351057, ""tomorrow"": 0.008556345829038556, ""visual-crossing"": 0.5085043397557804, ""weather.gov"": 0.00968642212412756, ""weatherapi"": 0.015502399876656445}"
2026-01-25T12:32:37.505810-05:00,2026-01-24,fl,14,"{""consensus"": 0.09612778369691297, ""lstm"": 0.052977619671501046, ""open-meteo"": 0.038038347662251934, ""openweathermap"": 0.16798073085462029, ""pirateweather"": 0.1922375481278401, ""tomorrow"": 0.034501902641498355, ""visual-crossing"": 0.3199025038395388, ""weather.gov"": 0.03213800486130373, ""weatherapi"": 0.0660955586445328}"
2026-01-26T02:15:39.301071-05:00,2026-01-25,ny,14,"{""consensus"": 0.014592309530646294, ""lstm"": 0.0007022628660218113, ""open-meteo"": 0.0006560796795410584, ""openweathermap"": 0.6382643639798242, ""pirateweather"": 0.2112776014374949, ""tomorrow"": 0.039891522748739014, ""visual-crossing"": 0.03118831961386178, ""weather.gov"": 0.05003992613601822, ""weatherapi"": 0.013387614007852678}"
2026-01-26T02:15:39.301071-05:00,2026-01-25,il,14,"{""consensus"": 0.19572916634118928, ""lstm"": 0.00033801729479509434, ""open-meteo"": 0.03483558648992357, ""openweathermap"": 0.01777325841322631, ""pirateweather"": 0.018094939821078713, ""tomorrow"": 0.04422689020740148, ""weather.gov"": 0.6881103504182435, ""weatherapi"": 0.0008917910141420435}"
2026-01-26T02:15:39.301071-05:00,2026-01-25,tx,14,"{""consensus"": 0.43034924670626395, ""lstm"": 0.013072415283508802, ""open-meteo"": 0.0014221760611697813, ""openweathermap"": 0.006704231709943889, ""pirateweather"": 0.00620242265351057, ""tomorrow"": 0.008556345829038556, ""visual-crossing"": 0.5085043397557804, ""weather.gov"": 0.00968642212412756, ""weatherapi"": 0.015502399876656445}"
2026-01-26T02:15:39.301071-05:00,2026-01-25,fl,14,"{""consensus"": 0.09612778369691297, ""lstm"": 0.052977619671501046, ""open-meteo"": 0.038038347662251934, ""openweathermap"": 0.16798073085462029, ""pirateweather"": 0.1922375481278401, ""tomorrow"": 0.034501902641498355, ""visual-crossing"": 0.3199025038395388, ""weather.gov"": 0.03213800486130373, ""weatherapi"": 0.0660955586445328}"
2026-01-26T02:15:39.321367-05:00,2026-01-25,ny,14,"{""consensus"": 0.02868349971391009, ""lstm"": 0.002545697149294958, ""open-meteo"": 0.0016679155260903565, ""openweathermap"": 0.5270367087805937, ""pirateweather"": 0.10733391907421215, ""tomorrow"": 0.09130169894405082, ""visual-crossing"": 0.11305740367858498, ""weather.gov"": 0.0994603144772972, ""weatherapi"": 0.028912842655965675}"
2026-01-26T02:15:39.321367-05:00,2026-01-25,il,14,"{""consensus"": 0.014584024362656023, ""lstm"": 0.004159264353959636, ""open-meteo"": 0.007620407613871389, ""openweathermap"": 0.23029794672002432, ""pirateweather"": 0.4065753960187261, ""tomorrow"": 0.26294486832351965, ""weather.gov"": 0.05537858776380111, ""weatherapi"": 0.018439504843441878}"
2026-01-26T02:15:39.321367-05:00,2026-01-25,tx,14,"{""consensus"": 0.43034924670626395, ""lstm"": 0.013072415283508802, ""open-meteo"": 0.0014221760611697813, ""openweathermap"": 0.006704231709943889, ""pirateweather"": 0.00620242265351057, ""tomorrow"": 0.008556345829038556, ""visual-crossing"": 0.5085043397557804, ""weather.gov"": 0.00968642212412756, ""weatherapi"": 0.015502399876656445}"
2026-01-26T02:15:39.321367-05:00,2026-01-25,fl,14,"{""consensus"": 0.09612778369691297, ""lstm"": 0.052977619671501046, ""open-meteo"": 0.038038347662251934, ""openweathermap"": 0.16798073085462029, ""pirateweather"": 0.1922375481278401, ""tomorrow"": 0.034501902641498355, ""visual-crossing"": 0.3199025038395388, ""weather.gov"": 0.03213800486130373, ""weatherapi"": 0.0660955586445328}"
2026-01-26T06:30:04.558261-05:00,2026-01-25,ny,14,"{""consensus"": 0.03018159637689962, ""lstm"": 0.0031957670358948214, ""open-meteo"": 0.0018962825760179957, ""openweathermap"": 0.488862536360152, ""pirateweather"": 0.0942750752902621, ""tomorrow"": 0.10120676658996046, ""visual-crossing"": 0.14192777170683513, ""weather.gov"": 0.10682830963943096, ""weatherapi"": 0.03162589442454689}"
2026-01-26T06:30:04.558261-05:00,2026-01-25,il,14,"{""consensus"": 0.008019436931841381, ""lstm"": 0.0040017309211023665, ""open-meteo"": 0.0045397544810215785, ""openweathermap"": 0.22524556672499849, ""pirateweather"": 0.49360585649444944, ""tomorrow"": 0.21088513372093629, ""weather.gov"": 0.03215605845029165, ""weatherapi"": 0.021546462275358794}"
2026-01-26T06:30:04.558261-05:00,2026-01-25,tx,14,"{""consensus"": 0.479325696996535, ""lstm"": 0.011396059164119763, ""open-meteo"": 0.0010273217536142013, ""openweathermap"": 0.009472527716937885, ""pirateweather"": 0.008035904746017253, ""tomorrow"": 0.012559944183814674, ""visual-crossing"": 0.4432957043813478, ""weather.gov"": 0.01086118433797257, ""weatherapi"": 0.02402565671964082}"
2026-01-26T06:30:04.558261-05:00,2026-01-25,fl,14,"{""consensus"": 0.10631018226878966, ""lstm"": 0.05485043712776549, ""open-meteo"": 0.0021609019476719494, ""openweathermap"": 0.14335673961587006, ""pirateweather"": 0.16483869057218442, ""tomorrow"": 0.041612340826215836, ""visual-crossing"": 0.33121141120850617, ""weather.gov"": 0.03934911636526322, ""weatherapi"": 0.11631018006773326}"
2026-01-26T09:52:10.798485-05:00,2026-01-25,ny,14,"{""consensus"": 0.03271740726107086, ""google-weather"": 0.15405218916377442, ""lstm"": 0.003959683524611497, ""open-meteo"": 0.0036992813141716557, ""openweathermap"": 0.29556661502542486, ""pirateweather"": 0.1063394746016572, ""tomorrow"": 0.11441243986366326, ""visual-crossing"": 0.17585420119806033, ""weather.gov"": 0.07797491861905213, ""weatherapi"": 0.03542378942851375}"
2026-01-26T09:52:10.798485-05:00,2026-01-25,il,14,"{""consensus"": 0.0005270273176130606, ""google-weather"": 0.0015602167378440798, ""lstm"": 0.0003784780838788454, ""open-meteo"": 0.03900541844610199, ""openweathermap"": 0.02635006688045922, ""pirateweather"": 0.011622521094828126, ""tomorrow"": 0.017497379273085367, ""visual-crossing"": 0.89868484099819, ""weather.gov"": 0.0019697219263275847, ""weatherapi"": 0.0024043292416717327}"
2026-01-26T09:52:10.798485-05:00,2026-01-25,tx,14,"{""consensus"": 0.4105124560350561, ""google-weather"": 0.2042782286907543, ""lstm"": 0.00802741475104589, ""open-meteo"": 0.0008733196463258579, ""openweathermap"": 0.008726661149343114, ""pirateweather"": 0.006944773468460528, ""tomorrow"": 0.013112179497564191, ""visual-crossing"": 0.3122586874267927, ""weather.gov"": 0.008822939857429714, ""weatherapi"": 0.026443339477227625}"
2026-01-26T09:52:10.798485-05:00,2026-01-25,fl,14,"{""consensus"": 0.10011968956121808, ""google-weather"": 0.07895807729245018, ""lstm"": 0.04921243181427487, ""open-meteo"": 0.0019387856382881632, ""openweathermap"": 0.11964308363470193, ""pirateweather"": 0.1217973852827744, ""tomorrow"": 0.0411589883139201, ""visual-crossing"": 0.29716661969786545, ""weather.gov"": 0.03396281541969194, ""weatherapi"": 0.15604212334481482}"
2026-01-27T02:15:36.450069-05:00,2026-01-26,ny,14,"{""consensus"": 0.03355898752180412, ""google-weather"": 0.28138086109973826, ""lstm"": 0.004408361279423397, ""open-meteo"": 0.004848774986028246, ""openweathermap"": 0.238568832314231, ""pirateweather"": 0.10980586824040933, ""tomorrow"": 0.10227446808262416, ""visual-crossing"": 0.12850916530185424, ""weather.gov"": 0.057626279880654524, ""weatherapi"": 0.03901840129323272}"
2026-01-27T02:15:36.450069-05:00,2026-01-26,il,14,"{""consensus"": 0.0044465861398422235, ""google-weather"": 0.038964198183659336, ""lstm"": 0.0022219486252505936, ""open-meteo"": 0.11061285758600509, ""openweathermap"": 0.1941741717460264, ""pirateweather"": 0.11369241876367397, ""tomorrow"": 0.08041429739954259, ""visual-crossing"": 0.42741169356073455, ""weather.gov"": 0.01743462867047322, ""weatherapi"": 0.010627199324792}"
2026-01-27T02:15:36.450069-05:00,2026-01-26,tx,14,"{""consensus"": 0.4105124560350561, ""google-weather"": 0.2042782286907543, ""lstm"": 0.00802741475104589, ""open-meteo"": 0.0008733196463258579, ""openweathermap"": 0.008726661149343114, ""pirateweather"": 0.006944773468460528, ""tomorrow"": 0.013112179497564191, ""visual-crossing"": 0.3122586874267927, ""weather.gov"": 0.008822939857429714, ""weatherapi"": 0.026443339477227625}"
2026-01-27T02:15:36.450069-05:00,2026-01-26,fl,14,"{""consensus"": 0.10011968956121808, ""google-weather"": 0.07895807729245018, ""lstm"": 0.04921243181427487, ""open-meteo"": 0.0019387856382881632, ""openweathermap"": 0.11964308363470193, ""pirateweather"": 0.1217973852827744, ""tomorrow"": 0.0411589883139201, ""visual-crossing"": 0.29716661969786545, ""weather.gov"": 0.03396281541969194, ""weatherapi"": 0.15604212334481482}"
2026-01-27T02:15:36.450073-05:00,2026-01-26,ny,14,"{""consensus"": 0.03271740726107086, ""google-weather"": 0.15405218916377442, ""lstm"": 0.003959683524611497, ""open-meteo"": 0.0036992813141716557, ""openweathermap"": 0.29556661502542486, ""pirateweather"": 0.1063394746016572, ""tomorrow"": 0.11441243986366326, ""visual-crossing"": 0.17585420119806033, ""weather.gov"": 0.07797491861905213, ""weatherapi"": 0.03542378942851375}"
2026-01-27T02:15:36.450073-05:00,2026-01-26,il,14,"{""consensus"": 0.0005270273176130606, ""google-weather"": 0.0015602167378440798, ""lstm"": 0.0003784780838788454, ""open-meteo"": 0.03900541844610199, ""openweathermap"": 0.02635006688045922, ""pirateweather"": 0.011622521094828126, ""tomorrow"": 0.017497379273085367, ""visual-crossing"": 0.89868484099819, ""weather.gov"": 0.0019697219263275847, ""weatherapi"": 0.0024043292416717327}"
2026-01-27T02:15:36.450073-05:00,2026-01-26,tx,14,"{""consensus"": 0.4105124560350561, ""google-weather"": 0.2042782286907543, ""lstm"": 0.00802741475104589, ""open-meteo"": 0.0008733196463258579, ""openweathermap"": 0.008726661149343114, ""pirateweather"": 0.006944773468460528, ""tomorrow"": 0.013112179497564191, ""visual-crossing"": 0.3122586874267927, ""weather.gov"": 0.008822939857429714, ""weatherapi"": 0.026443339477227625}"
2026-01-27T02:15:36.450073-05:00,2026-01-26,fl,14,"{""consensus"": 0.10011968956121808, ""google-weather"": 0.07895807729245018, ""lstm"": 0.04921243181427487, ""open-meteo"": 0.0019387856382881632, ""openweathermap"": 0.11964308363470193, ""pirateweather"": 0.1217973852827744, ""tomorrow"": 0.0411589883139201, ""visual-crossing"": 0.29716661969786545, ""weather.gov"": 0.03396281541969194, ""weatherapi"": 0.15604212334481482}"
2026-01-27T06:30:30.004110-05:00,2026-01-26,ny,14,"{""consensus"": 0.0354259864411124, ""google-weather"": 0.2996016410864923, ""lstm"": 0.004784464765381617, ""open-meteo"": 0.005514111870473481, ""openweathermap"": 0.22579906849369002, ""pirateweather"": 0.11553820002355913, ""tomorrow"": 0.10091634356727075, ""visual-crossing"": 0.11733410368294717, ""weather.gov"": 0.05273658423073998, ""weatherapi"": 0.04234949583833312}"
2026-01-27T06:30:30.004110-05:00,2026-01-26,il,14,"{""consensus"": 0.0056621502548445685, ""google-weather"": 0.0678884770799372, ""lstm"": 0.0024450967222624177, ""open-meteo"": 0.10370679642885415, ""openweathermap"": 0.23248634833716028, ""pirateweather"": 0.15439496596320093, ""tomorrow"": 0.08188551538383848, ""visual-crossing"": 0.31825056223873877, ""weather.gov"": 0.022579511289407314, ""weatherapi"": 0.010700576301755962}"
2026-01-27T06:30:30.004110-05:00,2026-01-26,tx,14,"{""consensus"": 0.4404016647518559, ""google-weather"": 0.1562283780379307, ""lstm"": 0.006840488858065905, ""open-meteo"": 0.0018648009452839427, ""openweathermap"": 0.012114654976969974, ""pirateweather"": 0.012415084509849624, ""tomorrow"": 0.018625603959103815, ""visual-crossing"": 0.2980096633456609, ""weather.gov"": 0.015624465562887019, ""weatherapi"": 0.03787519505239226}"
2026-01-27T06:30:30.004110-05:00,2026-01-26,fl,14,"{""consensus"": 0.10011968956121808, ""google-weather"": 0.07895807729245018, ""lstm"": 0.04921243181427487, ""open-meteo"": 0.0019387856382881632, ""openweathermap"": 0.11964308363470193, ""pirateweather"": 0.1217973852827744, ""tomorrow"": 0.0411589883139201, ""visual-crossing"": 0.29716661969786545, ""weather.gov"": 0.03396281541969194, ""weatherapi"": 0.15604212334481482}"
2026-01-28T02:15:38.767311-05:00,2026-01-27,ny,14,"{""consensus"": 0.0354259864411124, ""google-weather"": 0.2996016410864923, ""lstm"": 0.004784464765381617, ""open-meteo"": 0.005514111870473481, ""openweathermap"": 0.22579906849369002, ""pirateweather"": 0.11553820002355913, ""tomorrow"": 0.10091634356727075, ""visual-crossing"": 0.11733410368294717, ""weather.gov"": 0.05273658423073998, ""weatherapi"": 0.04234949583833312}"
2026-01-28T02:15:38.767311-05:00,2026-01-27,il,14,"{""consensus"": 0.0056621502548445685, ""google-weather"": 0.0678884770799372, ""lstm"": 0.0024450967222624177, ""open-meteo"": 0.10370679642885415, ""openweathermap"": 0.23248634833716028, ""pirateweather"": 0.15439496596320093, ""tomorrow"": 0.08188551538383848, ""visual-crossing"": 0.31825056223873877, ""weather.gov"": 0.022579511289407314, ""weatherapi"": 0.010700576301755962}"
2026-01-28T02:15:38.767311-05:00,2026-01-27,tx,14,"{""consensus"": 0.4404016647518559, ""google-weather"": 0.1562283780379307, ""lstm"": 0.006840488858065905, ""open-meteo"": 0.0018648009452839427, ""openweathermap"": 0.012114654976969974, ""pirateweather"": 0.012415084509849624, ""tomorrow"": 0.018625603959103815, ""visual-crossing"": 0.2980096633456609, ""weather.gov"": 0.015624465562887019, ""weatherapi"": 0.03787519505239226}"
2026-01-28T02:15:38.767311-05:00,2026-01-27,fl,14,"{""consensus"": 0.10011968956121808, ""google-weather"": 0.07895807729245018, ""lstm"": 0.04921243181427487, ""open-meteo"": 0.0019387856382881632, ""openweathermap"": 0.11964308363470193, ""pirateweather"": 0.1217973852827744, ""tomorrow"": 0.0411589883139201, ""visual-crossing"": 0.29716661969786545, ""weather.gov"": 0.03396281541969194, ""weatherapi"": 0.15604212334481482}"
2026-01-28T02:15:38.775149-05:00,2026-01-27,ny,14,"{""consensus"": 0.03855627069363655, ""google-weather"": 0.3350655133181582, ""lstm"": 0.005139631325049046, ""open-meteo"": 0.004383975176471585, ""openweathermap"": 0.16427424806626204, ""pirateweather"": 0.09340401700581191, ""tomorrow"": 0.12112785939132159, ""visual-crossing"": 0.12604420020999516, ""weather.gov"": 0.051343385326024754, ""weatherapi"": 0.06066089948726928}"
2026-01-28T02:15:38.775149-05:00,2026-01-27,il,14,"{""consensus"": 0.00828152165449478, ""google-weather"": 0.1189972063230401, ""lstm"": 0.0029500827486912064, ""open-meteo"": 0.030346228238279312, ""openweathermap"": 0.19397999150019204, ""pirateweather"": 0.0968625528423213, ""tomorrow"": 0.12350143651550205, ""visual-crossing"": 0.38397887693909294, ""weather.gov"": 0.023666673090265586, ""weatherapi"": 0.017435430148120865}"
2026-01-28T02:15:38.775149-05:00,2026-01-27,tx,14,"{""consensus"": 0.4404016647518559, ""google-weather"": 0.1562283780379307, ""lstm"": 0.006840488858065905, ""open-meteo"": 0.0018648009452839427, ""openweathermap"": 0.012114654976969974, ""pirateweather"": 0.012415084509849624, ""tomorrow"": 0.018625603959103815, ""visual-crossing"": 0.2980096633456609, ""weather.gov"": 0.015624465562887019, ""weatherapi"": 0.03787519505239226}"
2026-01-28T02:15:38.775149-05:00,2026-01-27,fl,14,"{""consensus"": 0.10011968956121808, ""google-weather"": 0.07895807729245018, ""lstm"": 0.04921243181427487, ""open-meteo"": 0.0019387856382881632, ""openweathermap"": 0.11964308363470193, ""pirateweather"": 0.1217973852827744, ""tomorrow"": 0.0411589883139201, ""visual-crossing"": 0.29716661969786545, ""weather.gov"": 0.03396281541969194, ""weatherapi"": 0.15604212334481482}"
2026-01-28T06:30:03.947685-05:00,2026-01-27,ny,14,"{""consensus"": 0.03931422867073344, ""google-weather"": 0.3437943442368369, ""lstm"": 0.005212419310696191, ""open-meteo"": 0.00444606148228641, ""openweathermap"": 0.14529293003806049, ""pirateweather"": 0.08543129210264346, ""tomorrow"": 0.12864686122938773, ""visual-crossing"": 0.12782925109313478, ""weather.gov"": 0.05012715402325267, ""weatherapi"": 0.06990545781296803}"
2026-01-28T06:30:03.947685-05:00,2026-01-27,il,14,"{""consensus"": 0.009114034077969676, ""google-weather"": 0.137351127671433, ""lstm"": 0.0029821633408473333, ""open-meteo"": 0.03067622744661368, ""openweathermap"": 0.17211944574735988, ""pirateweather"": 0.07924751755124466, ""tomorrow"": 0.13752637630135991, ""visual-crossing"": 0.38815444447295805, ""weather.gov"": 0.02267480416782833, ""weatherapi"": 0.020153859222385564}"
2026-01-28T06:30:03.947685-05:00,2026-01-27,tx,14,"{""consensus"": 0.2562253111728049, ""google-weather"": 0.28035347856854176, ""lstm"": 0.007565593735575008, ""open-meteo"": 0.002062473405405644, ""openweathermap"": 0.017872835048202872, ""pirateweather"": 0.010595686575028627, ""tomorrow"": 0.02717746939528025, ""visual-crossing"": 0.32959925656340094, ""weather.gov"": 0.01303457803751828, ""weatherapi"": 0.055513317498241704}"
2026-01-28T06:30:03.947685-05:00,2026-01-27,fl,14,"{""consensus"": 0.09659001325983146, ""google-weather"": 0.14881858826304323, ""lstm"": 0.04558372365296598, ""open-meteo"": 0.00179582811700095, ""openweathermap"": 0.13305031480429086, ""pirateweather"": 0.059639179948057765, ""tomorrow"": 0.03455151508245219, ""visual-crossing"": 0.2752548608513247, ""weather.gov"": 0.02618032464230779, ""weatherapi"": 0.17853565137872504}"
2026-01-29T02:15:38.586538-05:00,2026-01-28,ny,14,"{""consensus"": 0.037939946757638315, ""google-weather"": 0.3475723241176963, ""lstm"": 0.005058396466740075, ""open-meteo"": 0.004314683902493423, ""openweathermap"": 0.1558198568586664, ""pirateweather"": 0.06925326971496285, ""tomorrow"": 0.13272528504264278, ""visual-crossing"": 0.12405199841629375, ""weather.gov"": 0.04685727158422939, ""weatherapi"": 0.07640696713863689}"
2026-01-29T02:15:38.586538-05:00,2026-01-28,il,14,"{""consensus"": 0.00929291998304425, ""google-weather"": 0.16003034309721068, ""lstm"": 0.002862039515016385, ""open-meteo"": 0.029440565485220057, ""openweathermap"": 0.18581808499599067, ""pirateweather"": 0.05640828154736059, ""tomorrow"": 0.14138295330710043, ""visual-crossing"": 0.37251928584676086, ""weather.gov"": 0.020238575741861997, ""weatherapi"": 0.022006950480434134}"
2026-01-29T02:15:38.586538-05:00,2026-01-28,tx,14,"{""consensus"": 0.2562253111728049, ""google-weather"": 0.28035347856854176, ""lstm"": 0.007565593735575008, ""open-meteo"": 0.002062473405405644, ""openweathermap"": 0.017872835048202872, ""pirateweather"": 0.010595686575028627, ""tomorrow"": 0.02717746939528025, ""visual-crossing"": 0.32959925656340094, ""weather.gov"": 0.01303457803751828, ""weatherapi"": 0.055513317498241704}"
2026-01-29T02:15:38.586538-05:00,2026-01-28,fl,14,"{""consensus"": 0.09659001325983146, ""google-weather"": 0.14881858826304323, ""lstm"": 0.04558372365296598, ""open-meteo"": 0.00179582811700095, ""openweathermap"": 0.13305031480429086, ""pirateweather"": 0.059639179948057765, ""tomorrow"": 0.03455151508245219, ""visual-crossing"": 0.2752548608513247, ""weather.gov"": 0.02618032464230779, ""weatherapi"": 0.17853565137872504}"
2026-01-29T02:15:38.692501-05:00,2026-01-28,ny,14,"{""consensus"": 0.03931422867073344, ""google-weather"": 0.3437943442368369, ""lstm"": 0.005212419310696191, ""open-meteo"": 0.00444606148228641, ""openweathermap"": 0.14529293003806049, ""pirateweather"": 0.08543129210264346, ""tomorrow"": 0.12864686122938773, ""visual-crossing"": 0.12782925109313478, ""weather.gov"": 0.05012715402325267, ""weatherapi"": 0.06990545781296803}"
2026-01-29T02:15:38.692501-05:00,2026-01-28,il,14,"{""consensus"": 0.009114034077969676, ""google-weather"": 0.137351127671433, ""lstm"": 0.0029821633408473333, ""open-meteo"": 0.03067622744661368, ""openweathermap"": 0.17211944574735988, ""pirateweather"": 0.07924751755124466, ""tomorrow"": 0.13752637630135991, ""visual-crossing"": 0.38815444447295805, ""weather.gov"": 0.02267480416782833, ""weatherapi"": 0.020153859222385564}"
2026-01-29T02:15:38.692501-05:00,2026-01-28,tx,14,"{""consensus"": 0.2562253111728049, ""google-weather"": 0.28035347856854176, ""lstm"": 0.007565593735575008, ""open-meteo"": 0.002062473405405644, ""openweathermap"": 0.017872835048202872, ""pirateweather"": 0.010595686575028627, ""tomorrow"": 0.02717746939528025, ""visual-crossing"": 0.32959925656340094, ""weather.gov"": 0.01303457803751828, ""weatherapi"": 0.055513317498241704}"
2026-01-29T02:15:38.692501-05:00,2026-01-28,fl,14,"{""consensus"": 0.09659001325983146, ""google-weather"": 0.14881858826304323, ""lstm"": 0.04558372365296598, ""open-meteo"": 0.00179582811700095, ""openweathermap"": 0.13305031480429086, ""pirateweather"": 0.059639179948057765, ""tomorrow"": 0.03455151508245219, ""visual-crossing"": 0.2752548608513247, ""weather.gov"": 0.02618032464230779, ""weatherapi"": 0.17853565137872504}"
2026-01-29T06:30:02.990714-05:00,2026-01-28,ny,14,"{""consensus"": 0.03530692056587303, ""google-weather"": 0.3462799533549355, ""lstm"": 0.004752100874302741, ""open-meteo"": 0.003223354877413436, ""openweathermap"": 0.17499884870200078, ""pirateweather"": 0.04976346099090232, ""tomorrow"": 0.13868187682728192, ""visual-crossing"": 0.11654041236371983, ""weather.gov"": 0.04141839359524214, ""weatherapi"": 0.08903467784832839}"
2026-01-29T06:30:02.990714-05:00,2026-01-28,il,14,"{""consensus"": 0.009483553421991359, ""google-weather"": 0.20213264125183344, ""lstm"": 0.0026234721477390007, ""open-meteo"": 0.011223958977884389, ""openweathermap"": 0.21076100747360674, ""pirateweather"": 0.034103441928194186, ""tomorrow"": 0.14614303377950424, ""visual-crossing"": 0.34146767219215196, ""weather.gov"": 0.01653034123704416, ""weatherapi"": 0.025530877590050433}"
2026-01-29T06:30:02.990714-05:00,2026-01-28,tx,14,"{""consensus"": 0.13214409760694862, ""google-weather"": 0.4361217507498444, ""lstm"": 0.006805745027995211, ""open-meteo"": 0.0018553293521707962, ""openweathermap"": 0.0189487640198821, ""pirateweather"": 0.007810363461339221, ""tomorrow"": 0.030407073545859222, ""visual-crossing"": 0.2964960292593343, ""weather.gov"": 0.009596329152044683, ""weatherapi"": 0.05981451782458133}"
2026-01-29T06:30:02.990714-05:00,2026-01-28,fl,14,"{""consensus"": 0.09846912805954991, ""google-weather"": 0.17310893343875589, ""lstm"": 0.040142875564651466, ""open-meteo"": 0.0015814790644375289, ""openweathermap"": 0.12545965148237792, ""pirateweather"": 0.05519116095489552, ""tomorrow"": 0.04069113380172083, ""visual-crossing"": 0.24240059262910232, ""weather.gov"": 0.025200555284200434, ""weatherapi"": 0.19775448972030824}"
2026-01-30T02:15:38.584925-05:00,2026-01-29,ny,14,"{""consensus"": 0.03530692056587303, ""google-weather"": 0.3462799533549355, ""lstm"": 0.004752100874302741, ""open-meteo"": 0.003223354877413436, ""openweathermap"": 0.17499884870200078, ""pirateweather"": 0.04976346099090232, ""tomorrow"": 0.13868187682728192, ""visual-crossing"": 0.11654041236371983, ""weather.gov"": 0.04141839359524214, ""weatherapi"": 0.08903467784832839}"
2026-01-30T02:15:38.584925-05:00,2026-01-29,il,14,"{""consensus"": 0.009483553421991359, ""google-weather"": 0.20213264125183344, ""lstm"": 0.0026234721477390007, ""open-meteo"": 0.011223958977884389, ""openweathermap"": 0.21076100747360674, ""pirateweather"": 0.034103441928194186, ""tomorrow"": 0.14614303377950424, ""visual-crossing"": 0.34146767219215196, ""weather.gov"": 0.01653034123704416, ""weatherapi"": 0.025530877590050433}"
2026-01-30T02:15:38.584925-05:00,2026-01-29,tx,14,"{""consensus"": 0.13214409760694862, ""google-weather"": 0.4361217507498444, ""lstm"": 0.006805745027995211, ""open-meteo"": 0.0018553293521707962, ""openweathermap"": 0.0189487640198821, ""pirateweather"": 0.007810363461339221, ""tomorrow"": 0.030407073545859222, ""visual-crossing"": 0.2964960292593343, ""weather.gov"": 0.009596329152044683, ""weatherapi"": 0.05981451782458133}"
2026-01-30T02:15:38.584925-05:00,2026-01-29,fl,14,"{""consensus"": 0.09846912805954991, ""google-weather"": 0.17310893343875589, ""lstm"": 0.040142875564651466, ""open-meteo"": 0.0015814790644375289, ""openweathermap"": 0.12545965148237792, ""pirateweather"": 0.05519116095489552, ""tomorrow"": 0.04069113380172083, ""visual-crossing"": 0.24240059262910232, ""weather.gov"": 0.025200555284200434, ""weatherapi"": 0.19775448972030824}"
2026-01-30T02:15:38.840280-05:00,2026-01-29,ny,14,"{""consensus"": 0.04153271839444693, ""google-weather"": 0.19040462818447818, ""lstm"": 0.005472683259239542, ""open-meteo"": 0.005290824270787048, ""openweathermap"": 0.17109608341485347, ""pirateweather"": 0.06387424485139438, ""tomorrow"": 0.18360806543970698, ""visual-crossing"": 0.19928765025277828, ""weather.gov"": 0.025730491677566407, ""weatherapi"": 0.11370261025474875}"
2026-01-30T02:15:38.840280-05:00,2026-01-29,il,14,"{""consensus"": 0.011513341416516817, ""google-weather"": 0.07794255004144995, ""lstm"": 0.0029705747209226065, ""open-meteo"": 0.016856683167922284, ""openweathermap"": 0.1244370677070257, ""pirateweather"": 0.04583447027039188, ""tomorrow"": 0.16297126706858503, ""visual-crossing"": 0.5168286840798044, ""weather.gov"": 0.011646029254282837, ""weatherapi"": 0.028999332273098304}"
2026-01-30T02:15:38.840280-05:00,2026-01-29,tx,14,"{""consensus"": 0.13214409760694862, ""google-weather"": 0.4361217507498444, ""lstm"": 0.006805745027995211, ""open-meteo"": 0.0018553293521707962, ""openweathermap"": 0.0189487640198821, ""pirateweather"": 0.007810363461339221, ""tomorrow"": 0.030407073545859222, ""visual-crossing"": 0.2964960292593343, ""weather.gov"": 0.009596329152044683, ""weatherapi"": 0.05981451782458133}"
2026-01-30T02:15:38.840280-05:00,2026-01-29,fl,14,"{""consensus"": 0.09846912805954991, ""google-weather"": 0.17310893343875589, ""lstm"": 0.040142875564651466, ""open-meteo"": 0.0015814790644375289, ""openweathermap"": 0.12545965148237792, ""pirateweather"": 0.05519116095489552, ""tomorrow"": 0.04069113380172083, ""visual-crossing"": 0.24240059262910232, ""weather.gov"": 0.025200555284200434, ""weatherapi"": 0.19775448972030824}"
2026-01-30T06:30:03.989625-05:00,2026-01-29,ny,14,"{""consensus"": 0.041781205633186914, ""google-weather"": 0.1515949989173663, ""lstm"": 0.005454479682675753, ""open-meteo"": 0.00615712769981821, ""openweathermap"": 0.15959294375318087, ""pirateweather"": 0.06681497046832446, ""tomorrow"": 0.19487168242689387, ""visual-crossing"": 0.23440197601975238, ""weather.gov"": 0.020672144882403133, ""weatherapi"": 0.11865847051639807}"
2026-01-30T06:30:03.989625-05:00,2026-01-29,il,14,"{""consensus"": 0.011595945636306886, ""google-weather"": 0.05620513767636838, ""lstm"": 0.0029003457032048935, ""open-meteo"": 0.018560556039823133, ""openweathermap"": 0.09701111155132229, ""pirateweather"": 0.04839070964446774, ""tomorrow"": 0.15808616052456745, ""visual-crossing"": 0.5693368195884206, ""weather.gov"": 0.009561453011842878, ""weatherapi"": 0.02835176062367568}"
2026-01-30T06:30:03.989625-05:00,2026-01-29,tx,14,"{""consensus"": 0.14489509435483738, ""google-weather"": 0.06004367640790682, ""lstm"": 0.011879318181552107, ""open-meteo"": 0.004812746789365862, ""openweathermap"": 0.023832560474994557, ""pirateweather"": 0.015377664514736959, ""tomorrow"": 0.06240953052769017, ""visual-crossing"": 0.572302164129558, ""weather.gov"": 0.007834741760794909, ""weatherapi"": 0.09661250285856308}"
2026-01-30T06:30:03.989625-05:00,2026-01-29,fl,14,"{""consensus"": 0.09297691958418003, ""google-weather"": 0.07568383378513861, ""lstm"": 0.037295473388814795, ""open-meteo"": 0.0021585472147944225, ""openweathermap"": 0.08057006512242776, ""pirateweather"": 0.055535439762718374, ""tomorrow"": 0.04278115627656644, ""visual-crossing"": 0.3631451072320937, ""weather.gov"": 0.02180505280684613, ""weatherapi"": 0.22804840482641978}"
2026-01-31T02:15:43.863270-05:00,2026-01-30,ny,14,"{""consensus"": 0.0432227462102229, ""google-weather"": 0.11137928571280785, ""lstm"": 0.005291955456280105, ""open-meteo"": 0.0067885527202158485, ""openweathermap"": 0.15483763779722104, ""pirateweather"": 0.06624748040861113, ""tomorrow"": 0.2046973345099136, ""visual-crossing"": 0.26404490093457883, ""weather.gov"": 0.018303921324230144, ""weatherapi"": 0.12518618492591874}"
2026-01-31T02:15:43.863270-05:00,2026-01-30,il,14,"{""consensus"": 0.012987171999226436, ""google-weather"": 0.04257031736971546, ""lstm"": 0.0030728063583448967, ""open-meteo"": 0.022410925818835296, ""openweathermap"": 0.10277959626523539, ""pirateweather"": 0.05441467087204592, ""tomorrow"": 0.16763721047505714, ""visual-crossing"": 0.5528523910138115, ""weather.gov"": 0.009069403795815105, ""weatherapi"": 0.032205506031912814}"
2026-01-31T02:15:43.863270-05:00,2026-01-30,tx,14,"{""consensus"": 0.14489509435483738, ""google-weather"": 0.06004367640790682, ""lstm"": 0.011879318181552107, ""open-meteo"": 0.004812746789365862, ""openweathermap"": 0.023832560474994557, ""pirateweather"": 0.015377664514736959, ""tomorrow"": 0.06240953052769017, ""visual-crossing"": 0.572302164129558, ""weather.gov"": 0.007834741760794909, ""weatherapi"": 0.09661250285856308}"
2026-01-31T02:15:43.863270-05:00,2026-01-30,fl,14,"{""consensus"": 0.09297691958418003, ""google-weather"": 0.07568383378513861, ""lstm"": 0.037295473388814795, ""open-meteo"": 0.0021585472147944225, ""openweathermap"": 0.08057006512242776, ""pirateweather"": 0.055535439762718374, ""tomorrow"": 0.04278115627656644, ""visual-crossing"": 0.3631451072320937, ""weather.gov"": 0.02180505280684613, ""weatherapi"": 0.22804840482641978}"
2026-01-31T06:30:04.466531-05:00,2026-01-30,ny,14,"{""consensus"": 0.04387917732180701, ""google-weather"": 0.08596362289095519, ""lstm"": 0.00505485525656088, ""open-meteo"": 0.007295447359219479, ""openweathermap"": 0.14790030902545162, ""pirateweather"": 0.06456018917533686, ""tomorrow"": 0.21083793819672572, ""visual-crossing"": 0.28886961480081935, ""weather.gov"": 0.0161400472938342, ""weatherapi"": 0.12949879867928962}"
2026-01-31T06:30:04.466531-05:00,2026-01-30,il,14,"{""consensus"": 0.014251940456064973, ""google-weather"": 0.03439870513790789, ""lstm"": 0.0031995855368684013, ""open-meteo"": 0.026328400714348523, ""openweathermap"": 0.1070201214607451, ""pirateweather"": 0.05992195876764075, ""tomorrow"": 0.17469732127980817, ""visual-crossing"": 0.5357862049568334, ""weather.gov"": 0.00858002205534903, ""weatherapi"": 0.03581573963443381}"
2026-01-31T06:30:04.466531-05:00,2026-01-30,tx,14,"{""consensus"": 0.13812208568511994, ""google-weather"": 0.017973900769152878, ""lstm"": 0.009580522150817863, ""open-meteo"": 0.00401074393316344, ""openweathermap"": 0.01922066317711503, ""pirateweather"": 0.015244800398974372, ""tomorrow"": 0.06075116019307827, ""visual-crossing"": 0.6646385765845784, ""weather.gov"": 0.004771790117385663, ""weatherapi"": 0.06568575699061438}"
2026-01-31T06:30:04.466531-05:00,2026-01-30,fl,14,"{""consensus"": 0.09494965022415369, ""google-weather"": 0.053745587553543, ""lstm"": 0.032538190150509544, ""open-meteo"": 0.0026036630538951735, ""openweathermap"": 0.07029282272573946, ""pirateweather"": 0.05986348602673415, ""tomorrow"": 0.040738963230947445, ""visual-crossing"": 0.41268663983478177, ""weather.gov"": 0.014874504983253331, ""weatherapi"": 0.21770649221644267}"
2026-02-01T02:15:38.619531-05:00,2026-01-31,ny,14,"{""consensus"": 0.04462370109703064, ""google-weather"": 0.0751068606444756, ""lstm"": 0.005017745721637875, ""open-meteo"": 0.008198547584284286, ""openweathermap"": 0.12080572629045795, ""pirateweather"": 0.0643151642498027, ""tomorrow"": 0.22510944118017384, ""visual-crossing"": 0.31700465039293246, ""weather.gov"": 0.014073433270356775, ""weatherapi"": 0.12574472956884805}"
2026-02-01T02:15:38.619531-05:00,2026-01-31,il,14,"{""consensus"": 0.015514649225296039, ""google-weather"": 0.03330245871915293, ""lstm"": 0.003324316266143927, ""open-meteo"": 0.030077552944581285, ""openweathermap"": 0.08618420432433858, ""pirateweather"": 0.06246194262236014, ""tomorrow"": 0.18785201862637985, ""visual-crossing"": 0.5341834785718743, ""weather.gov"": 0.007623476428183668, ""weatherapi"": 0.0394759022716891}"
2026-02-01T02:15:38.619531-05:00,2026-01-31,tx,14,"{""consensus"": 0.13812208568511994, ""google-weather"": 0.017973900769152878, ""lstm"": 0.009580522150817863, ""open-meteo"": 0.00401074393316344, ""openweathermap"": 0.01922066317711503, ""pirateweather"": 0.015244800398974372, ""tomorrow"": 0.06075116019307827, ""visual-crossing"": 0.6646385765845784, ""weather.gov"": 0.004771790117385663, ""weatherapi"": 0.06568575699061438}"
2026-02-01T02:15:38.619531-05:00,2026-01-31,fl,14,"{""consensus"": 0.09494965022415369, ""google-weather"": 0.053745587553543, ""lstm"": 0.032538190150509544, ""open-meteo"": 0.0026036630538951735, ""openweathermap"": 0.07029282272573946, ""pirateweather"": 0.05986348602673415, ""tomorrow"": 0.040738963230947445, ""visual-crossing"": 0.41268663983478177, ""weather.gov"": 0.014874504983253331, ""weatherapi"": 0.21770649221644267}"
2026-02-01T06:30:02.501062-05:00,2026-01-31,ny,14,"{""consensus"": 0.04479582703820316, ""google-weather"": 0.06627814466669643, ""lstm"": 0.004924215998232495, ""open-meteo"": 0.009037665963002865, ""openweathermap"": 0.10074081324268094, ""pirateweather"": 0.0633241023338996, ""tomorrow"": 0.2368046956956996, ""visual-crossing"": 0.3408016811749149, ""weather.gov"": 0.012344291489074564, ""weatherapi"": 0.12094856239759551}"
2026-02-01T06:30:02.501062-05:00,2026-01-31,il,14,"{""consensus"": 0.016641262345594772, ""google-weather"": 0.032162188409948764, ""lstm"": 0.003411591942406819, ""open-meteo"": 0.03369431605625603, ""openweathermap"": 0.07188827003165783, ""pirateweather"": 0.0642953395692833, ""tomorrow"": 0.19908020100126456, ""visual-crossing"": 0.5291411537211114, ""weather.gov"": 0.006843391700439834, ""weatherapi"": 0.04284228522203662}"
2026-02-01T06:30:02.501062-05:00,2026-01-31,tx,14,"{""consensus"": 0.1462410540221923, ""google-weather"": 0.014369828715725326, ""lstm"": 0.00912729703231364, ""open-meteo"": 0.004357584163605068, ""openweathermap"": 0.015891033683105994, ""pirateweather"": 0.017327776157914566, ""tomorrow"": 0.06721559369425101, ""visual-crossing"": 0.6598545791075086, ""weather.gov"": 0.00391327779551678, ""weatherapi"": 0.06170197562786665}"
2026-02-01T06:30:02.501062-05:00,2026-01-31,fl,14,"{""consensus"": 0.10283246701301255, ""google-weather"": 0.03385024820140763, ""lstm"": 0.035457869568034185, ""open-meteo"": 0.0036969333345179736, ""openweathermap"": 0.04014419905307873, ""pirateweather"": 0.06908213918654621, ""tomorrow"": 0.05355438288923284, ""visual-crossing"": 0.37232100965926584, ""weather.gov"": 0.009406303839722139, ""weatherapi"": 0.27965444725518185}"
2026-02-02T02:15:36.820119-05:00,2026-02-01,ny,14,"{""consensus"": 0.045723765135629715, ""google-weather"": 0.053335164242346994, ""lstm"": 0.004724115887378879, ""open-meteo"": 0.009640227280898576, ""openweathermap"": 0.09664711631618958, ""pirateweather"": 0.06109394527299402, ""tomorrow"": 0.24234530564020976, ""visual-crossing"": 0.35942600377948974, ""weather.gov"": 0.010864500292919367, ""weatherapi"": 0.11619985615194361}"
2026-02-02T02:15:36.820119-05:00,2026-02-01,il,14,"{""consensus"": 0.01639911724240533, ""google-weather"": 0.02751782055507628, ""lstm"": 0.0031365514652395314, ""open-meteo"": 0.034441935486393294, ""openweathermap"": 0.06609268121974117, ""pirateweather"": 0.061693955435039805, ""tomorrow"": 0.19301597818555183, ""visual-crossing"": 0.5491926992642796, ""weather.gov"": 0.006312217967928275, ""weatherapi"": 0.04219704317834469}"
2026-02-02T02:15:36.820119-05:00,2026-02-01,tx,14,"{""consensus"": 0.1462410540221923, ""google-weather"": 0.014369828715725326, ""lstm"": 0.00912729703231364, ""open-meteo"": 0.004357584163605068, ""openweathermap"": 0.015891033683105994, ""pirateweather"": 0.017327776157914566, ""tomorrow"": 0.06721559369425101, ""visual-crossing"": 0.6598545791075086, ""weather.gov"": 0.00391327779551678, ""weatherapi"": 0.06170197562786665}"
2026-02-02T02:15:36.820119-05:00,2026-02-01,fl,14,"{""consensus"": 0.10283246701301255, ""google-weather"": 0.03385024820140763, ""lstm"": 0.035457869568034185, ""open-meteo"": 0.0036969333345179736, ""openweathermap"": 0.04014419905307873, ""pirateweather"": 0.06908213918654621, ""tomorrow"": 0.05355438288923284, ""visual-crossing"": 0.37232100965926584, ""weather.gov"": 0.009406303839722139, ""weatherapi"": 0.27965444725518185}"
2026-02-02T06:30:03.385888-05:00,2026-02-01,ny,14,"{""consensus"": 0.04645632187787372, ""google-weather"": 0.04416057592321521, ""lstm"": 0.0045225778821335536, ""open-meteo"": 0.010198356860968837, ""openweathermap"": 0.09252400259514051, ""pirateweather"": 0.05879418298169935, ""tomorrow"": 0.24678364407999498, ""visual-crossing"": 0.3755365023959154, ""weather.gov"": 0.009633657229719234, ""weatherapi"": 0.11139017817333913}"
2026-02-02T06:30:03.385888-05:00,2026-02-01,il,14,"{""consensus"": 0.0161589382674523, ""google-weather"": 0.02382310013567831, ""lstm"": 0.0028907603488604458, ""open-meteo"": 0.03507621835447313, ""openweathermap"": 0.06091342811915588, ""pirateweather"": 0.05920466672530927, ""tomorrow"": 0.1871002758620536, ""visual-crossing"": 0.567455217974149, ""weather.gov"": 0.005835178350070538, ""weatherapi"": 0.04154221586279769}"
2026-02-02T06:30:03.385888-05:00,2026-02-01,tx,14,"{""consensus"": 0.13764103577665013, ""google-weather"": 0.008616325561464373, ""lstm"": 0.0074300698415007685, ""open-meteo"": 0.0045710726615996525, ""openweathermap"": 0.012936084987823527, ""pirateweather"": 0.016133419002738104, ""tomorrow"": 0.06453367601095249, ""visual-crossing"": 0.7015891123107687, ""weather.gov"": 0.002902187722927968, ""weatherapi"": 0.043647016123574245}"
2026-02-02T06:30:03.385888-05:00,2026-02-01,fl,14,"{""consensus"": 0.11083744448039665, ""google-weather"": 0.026890660082308306, ""lstm"": 0.033016115672566376, ""open-meteo"": 0.00416908644365743, ""openweathermap"": 0.037379727988898985, ""pirateweather"": 0.0690955918902467, ""tomorrow"": 0.05740223782881172, ""visual-crossing"": 0.40686946276873215, ""weather.gov"": 0.008208763268235395, ""weatherapi"": 0.24613090957614653}"
2026-02-03T02:15:34.358870-05:00,2026-02-02,ny,14,"{""consensus"": 0.04686365411175444, ""google-weather"": 0.03550108210689296, ""lstm"": 0.004340625506954372, ""open-meteo"": 0.009788056518522818, ""openweathermap"": 0.08880157647622786, ""pirateweather"": 0.05562132233305463, ""tomorrow"": 0.2466421581873071, ""visual-crossing"": 0.39519778377340664, ""weather.gov"": 0.008196891362412228, ""weatherapi"": 0.10904684962346699}"
2026-02-03T02:15:34.358870-05:00,2026-02-02,il,14,"{""consensus"": 0.01731300314588666, ""google-weather"": 0.022679534265150954, ""lstm"": 0.0029319796424131343, ""open-meteo"": 0.038935630940537334, ""openweathermap"": 0.06178199146302969, ""pirateweather"": 0.06213787174529547, ""tomorrow"": 0.19418138836329685, ""visual-crossing"": 0.5508611276831914, ""weather.gov"": 0.005672211473892589, ""weatherapi"": 0.043505261277305814}"
2026-02-03T02:15:34.358870-05:00,2026-02-02,tx,14,"{""consensus"": 0.13764103577665013, ""google-weather"": 0.008616325561464373, ""lstm"": 0.0074300698415007685, ""open-meteo"": 0.0045710726615996525, ""openweathermap"": 0.012936084987823527, ""pirateweather"": 0.016133419002738104, ""tomorrow"": 0.06453367601095249, ""visual-crossing"": 0.7015891123107687, ""weather.gov"": 0.002902187722927968, ""weatherapi"": 0.043647016123574245}"
2026-02-03T02:15:34.358870-05:00,2026-02-02,fl,14,"{""consensus"": 0.11083744448039665, ""google-weather"": 0.026890660082308306, ""lstm"": 0.033016115672566376, ""open-meteo"": 0.00416908644365743, ""openweathermap"": 0.037379727988898985, ""pirateweather"": 0.0690955918902467, ""tomorrow"": 0.05740223782881172, ""visual-crossing"": 0.40686946276873215, ""weather.gov"": 0.008208763268235395, ""weatherapi"": 0.24613090957614653}"
2026-02-03T06:30:03.805840-05:00,2026-02-02,ny,14,"{""consensus"": 0.047122476504118056, ""google-weather"": 0.029356365095848946, ""lstm"": 0.004161166041874292, ""open-meteo"": 0.009383377657337167, ""openweathermap"": 0.08513015092081906, ""pirateweather"": 0.05261585970765349, ""tomorrow"": 0.24571310141971858, ""visual-crossing"": 0.41294707091501376, ""weather.gov"": 0.007067887115734609, ""weatherapi"": 0.10650254462188219}"
2026-02-03T06:30:03.805840-05:00,2026-02-02,il,14,"{""consensus"": 0.0184395200984831, ""google-weather"": 0.021669682040683407, ""lstm"": 0.0029624889253789663, ""open-meteo"": 0.04284373872473687, ""openweathermap"": 0.06242487596074975, ""pirateweather"": 0.0648502343106586, ""tomorrow"": 0.20049495071916854, ""visual-crossing"": 0.5354920920090053, ""weather.gov"": 0.005513347914440425, ""weatherapi"": 0.04530906929669496}"
2026-02-03T06:30:03.805840-05:00,2026-02-02,tx,14,"{""consensus"": 0.15550606212400722, ""google-weather"": 0.008655153707802694, ""lstm"": 0.007442888788548562, ""open-meteo"": 0.005769344530274229, ""openweathermap"": 0.012958403349831168, ""pirateweather"": 0.018630682822255624, ""tomorrow"": 0.067617612127101, ""visual-crossing"": 0.6693377623745468, ""weather.gov"": 0.003005283306586789, ""weatherapi"": 0.051076806869045775}"
2026-02-03T06:30:03.805840-05:00,2026-02-02,fl,14,"{""consensus"": 0.11236970346358112, ""google-weather"": 0.019409199515595988, ""lstm"": 0.030146341948374757, ""open-meteo"": 0.004542837925792939, ""openweathermap"": 0.03413066737062929, ""pirateweather"": 0.06900787163690554, ""tomorrow"": 0.056210298868484714, ""visual-crossing"": 0.414751584522481, ""weather.gov"": 0.007477082783697591, ""weatherapi"": 0.25195441196445695}"
2026-02-04T02:15:29.722175-05:00,2026-02-03,ny,14,"{""consensus"": 0.047299133128999395, ""google-weather"": 0.027884840791213252, ""lstm"": 0.003943398572472731, ""open-meteo"": 0.009852980302468978, ""openweathermap"": 0.0806750108592969, ""pirateweather"": 0.05271169762695147, ""tomorrow"": 0.2439076014152374, ""visual-crossing"": 0.41973878361248634, ""weather.gov"": 0.006368704424304885, ""weatherapi"": 0.10761784926656864}"
2026-02-04T02:15:29.722175-05:00,2026-02-03,il,14,"{""consensus"": 0.019719152859344065, ""google-weather"": 0.019913315285581636, ""lstm"": 0.003038353359033604, ""open-meteo"": 0.04558340538073805, ""openweathermap"": 0.06402347361968193, ""pirateweather"": 0.0663162709971044, ""tomorrow"": 0.2040952730083111, ""visual-crossing"": 0.523220050833819, ""weather.gov"": 0.005402731362649395, ""weatherapi"": 0.04868797329373672}"
2026-02-04T02:15:29.722175-05:00,2026-02-03,tx,14,"{""consensus"": 0.14892884530102382, ""google-weather"": 0.006605912674353264, ""lstm"": 0.006466827436178262, ""open-meteo"": 0.005959769753962244, ""openweathermap"": 0.011259036738622866, ""pirateweather"": 0.018695482809640545, ""tomorrow"": 0.064930398996772, ""visual-crossing"": 0.6845865846336473, ""weather.gov"": 0.0022642134590951917, ""weatherapi"": 0.050302928196704455}"
2026-02-04T02:15:29.722175-05:00,2026-02-03,fl,14,"{""consensus"": 0.11236970346358112, ""google-weather"": 0.019409199515595988, ""lstm"": 0.030146341948374757, ""open-meteo"": 0.004542837925792939, ""openweathermap"": 0.03413066737062929, ""pirateweather"": 0.06900787163690554, ""tomorrow"": 0.056210298868484714, ""visual-crossing"": 0.414751584522481, ""weather.gov"": 0.007477082783697591, ""weatherapi"": 0.25195441196445695}"
2026-02-04T06:30:05.888746-05:00,2026-02-03,ny,14,"{""consensus"": 0.04749489423436775, ""google-weather"": 0.02654341208515274, ""lstm"": 0.003745724371667068, ""open-meteo"": 0.010318376121788186, ""openweathermap"": 0.0766309437929035, ""pirateweather"": 0.05281697202633384, ""tomorrow"": 0.24219482741377152, ""visual-crossing"": 0.42572104517754117, ""weather.gov"": 0.005777267685839056, ""weatherapi"": 0.1087565370906353}"
2026-02-04T06:30:05.888746-05:00,2026-02-03,il,14,"{""consensus"": 0.02096773414950822, ""google-weather"": 0.01848707862687579, ""lstm"": 0.003103787822920353, ""open-meteo"": 0.0481806189380857, ""openweathermap"": 0.06540229338730888, ""pirateweather"": 0.06755922518683255, ""tomorrow"": 0.2070405650244955, ""visual-crossing"": 0.5119580874085226, ""weather.gov"": 0.0052936979113649505, ""weatherapi"": 0.052006911544085384}"
2026-02-04T06:30:05.888746-05:00,2026-02-03,tx,14,"{""consensus"": 0.1435419592180832, ""google-weather"": 0.0052643722819069655, ""lstm"": 0.005696315815699734, ""open-meteo"": 0.006121508275402296, ""openweathermap"": 0.009917541433835447, ""pirateweather"": 0.01882601897563339, ""tomorrow"": 0.06263815762119918, ""visual-crossing"": 0.6964916082235503, ""weather.gov"": 0.0017762805354985462, ""weatherapi"": 0.04972623761919077}"
2026-02-04T06:30:05.888746-05:00,2026-02-03,fl,14,"{""consensus"": 0.109796285726634, ""google-weather"": 0.0166291573973812, ""lstm"": 0.029048095100683288, ""open-meteo"": 0.005210299711657099, ""openweathermap"": 0.03288726948462406, ""pirateweather"": 0.0653080149310144, ""tomorrow"": 0.054673525072141495, ""visual-crossing"": 0.47833798546603734, ""weather.gov"": 0.0073032194430920445, ""weatherapi"": 0.20080614766673513}"
2026-02-05T02:15:24.786994-05:00,2026-02-04,ny,14,"{""consensus"": 0.047768127968897144, ""google-weather"": 0.023982607275626497, ""lstm"": 0.00356315059192951, ""open-meteo"": 0.010754774412454917, ""openweathermap"": 0.0728958048278066, ""pirateweather"": 0.05018751249937443, ""tomorrow"": 0.24536070337875407, ""visual-crossing"": 0.435198236260691, ""weather.gov"": 0.005065869400328238, ""weatherapi"": 0.10522321338413783}"
2026-02-05T02:15:24.786994-05:00,2026-02-04,il,14,"{""consensus"": 0.021968291039655023, ""google-weather"": 0.01705397041609331, ""lstm"": 0.003106546002798929, ""open-meteo"": 0.05210480592187947, ""openweathermap"": 0.06546041311066801, ""pirateweather"": 0.07161422603745637, ""tomorrow"": 0.20284225443891116, ""visual-crossing"": 0.5054494090952627, ""weather.gov"": 0.005099232923240757, ""weatherapi"": 0.05530085101403417}"
2026-02-05T02:15:24.786994-05:00,2026-02-04,tx,14,"{""consensus"": 0.15447862642019033, ""google-weather"": 0.004793248560481057, ""lstm"": 0.0057806192258112715, ""open-meteo"": 0.007084270636675107, ""openweathermap"": 0.010064317453607816, ""pirateweather"": 0.021327020167959697, ""tomorrow"": 0.06924394602650055, ""visual-crossing"": 0.676656643454402, ""weather.gov"": 0.001649878517271054, ""weatherapi"": 0.04892142953710122}"
2026-02-05T02:15:24.786994-05:00,2026-02-04,fl,14,"{""consensus"": 0.109796285726634, ""google-weather"": 0.0166291573973812, ""lstm"": 0.029048095100683288, ""open-meteo"": 0.005210299711657099, ""openweathermap"": 0.03288726948462406, ""pirateweather"": 0.0653080149310144, ""tomorrow"": 0.054673525072141495, ""visual-crossing"": 0.47833798546603734, ""weather.gov"": 0.0073032194430920445, ""weatherapi"": 0.20080614766673513}"
2026-02-05T06:30:33.632633-05:00,2026-02-04,ny,14,"{""consensus"": 0.04802017994589651, ""google-weather"": 0.021810392839352856, ""lstm"": 0.0033937124073590923, ""open-meteo"": 0.011177325031920426, ""openweathermap"": 0.06942939707597073, ""pirateweather"": 0.047751765953110925, ""tomorrow"": 0.24839283691545402, ""visual-crossing"": 0.4437010046551407, ""weather.gov"": 0.004482641747238745, ""weatherapi"": 0.10184074342855606}"
2026-02-05T06:30:33.632633-05:00,2026-02-04,il,14,"{""consensus"": 0.02294047114674018, ""google-weather"": 0.01584943596653575, ""lstm"": 0.0031040906995228336, ""open-meteo"": 0.05606058316737543, ""openweathermap"": 0.06540867553246367, ""pirateweather"": 0.07563872418211279, ""tomorrow"": 0.1986937968500158, ""visual-crossing"": 0.4987954920417669, ""weather.gov"": 0.004918300254618872, ""weatherapi"": 0.05859043015884784}"
2026-02-05T06:30:33.632633-05:00,2026-02-04,tx,14,"{""consensus"": 0.1644420104461094, ""google-weather"": 0.00442943648844814, ""lstm"": 0.005829640844013435, ""open-meteo"": 0.008041790461822617, ""openweathermap"": 0.010149666290540921, ""pirateweather"": 0.023826889710085255, ""tomorrow"": 0.07554652672573975, ""visual-crossing"": 0.6581667102540727, ""weather.gov"": 0.00154368752052988, ""weatherapi"": 0.04802364125863767}"
2026-02-05T06:30:33.632633-05:00,2026-02-04,fl,14,"{""consensus"": 0.109796285726634, ""google-weather"": 0.0166291573973812, ""lstm"": 0.029048095100683288, ""open-meteo"": 0.005210299711657099, ""openweathermap"": 0.03288726948462406, ""pirateweather"": 0.0653080149310144, ""tomorrow"": 0.054673525072141495, ""visual-crossing"": 0.47833798546603734, ""weather.gov"": 0.0073032194430920445, ""weatherapi"": 0.20080614766673513}"
2026-02-06T02:15:35.798794-05:00,2026-02-05,ny,14,"{""consensus"": 0.04861301635111891, ""google-weather"": 0.020405362903923686, ""lstm"": 0.003268379289602312, ""open-meteo"": 0.011644198325718348, ""openweathermap"": 0.06686530155018737, ""pirateweather"": 0.0450693271194501, ""tomorrow"": 0.24227878957369148, ""visual-crossing"": 0.4604959291104049, ""weather.gov"": 0.0040934311264786815, ""weatherapi"": 0.09726626464942448}"
2026-02-06T02:15:35.798794-05:00,2026-02-05,il,14,"{""consensus"": 0.02393983677428983, ""google-weather"": 0.01685877864546509, ""lstm"": 0.0031038491943508367, ""open-meteo"": 0.05903644005723225, ""openweathermap"": 0.06540358659178389, ""pirateweather"": 0.08028609940763111, ""tomorrow"": 0.204813625232804, ""visual-crossing"": 0.48208633591520944, ""weather.gov"": 0.0051318690070735785, ""weatherapi"": 0.05933957917415997}"
2026-02-06T02:15:35.798794-05:00,2026-02-05,tx,14,"{""consensus"": 0.1644420104461094, ""google-weather"": 0.00442943648844814, ""lstm"": 0.005829640844013435, ""open-meteo"": 0.008041790461822617, ""openweathermap"": 0.010149666290540921, ""pirateweather"": 0.023826889710085255, ""tomorrow"": 0.07554652672573975, ""visual-crossing"": 0.6581667102540727, ""weather.gov"": 0.00154368752052988, ""weatherapi"": 0.04802364125863767}"
2026-02-06T02:15:35.798794-05:00,2026-02-05,fl,14,"{""consensus"": 0.109796285726634, ""google-weather"": 0.0166291573973812, ""lstm"": 0.029048095100683288, ""open-meteo"": 0.005210299711657099, ""openweathermap"": 0.03288726948462406, ""pirateweather"": 0.0653080149310144, ""tomorrow"": 0.054673525072141495, ""visual-crossing"": 0.47833798546603734, ""weather.gov"": 0.0073032194430920445, ""weatherapi"": 0.20080614766673513}"
2026-02-06T06:30:05.829234-05:00,2026-02-05,ny,14,"{""consensus"": 0.04915509630533095, ""google-weather"": 0.019145451027812843, ""lstm"": 0.0031487526403300246, ""open-meteo"": 0.012092888490825664, ""openweathermap"": 0.064417950350014, ""pirateweather"": 0.04260911766362644, ""tomorrow"": 0.2362421319313886, ""visual-crossing"": 0.47645694431640334, ""weather.gov"": 0.003755421730764196, ""weatherapi"": 0.09297624554350391}"
2026-02-06T06:30:05.829234-05:00,2026-02-05,il,14,"{""consensus"": 0.024895282162261216, ""google-weather"": 0.017848175967563166, ""lstm"": 0.003097235858546709, ""open-meteo"": 0.06188087198963742, ""openweathermap"": 0.06526423192155278, ""pirateweather"": 0.08489698750392345, ""tomorrow"": 0.2104131007686993, ""visual-crossing"": 0.46643321945417693, ""weather.gov"": 0.00533525224489493, ""weatherapi"": 0.05993564212874397}"
2026-02-06T06:30:05.829234-05:00,2026-02-05,tx,14,"{""consensus"": 0.1650620315127039, ""google-weather"": 0.0038262125248495924, ""lstm"": 0.005775731092862103, ""open-meteo"": 0.00905232818233418, ""openweathermap"": 0.010055806994808488, ""pirateweather"": 0.02380539244900209, ""tomorrow"": 0.08079213546384734, ""visual-crossing"": 0.6546999674216809, ""weather.gov"": 0.001452409120627942, ""weatherapi"": 0.04547798523728337}"
2026-02-06T06:30:05.829234-05:00,2026-02-05,fl,14,"{""consensus"": 0.10793403776811346, ""google-weather"": 0.010331467307898842, ""lstm"": 0.026966080163086117, ""open-meteo"": 0.0056273124582133195, ""openweathermap"": 0.03053008268506142, ""pirateweather"": 0.05876258279832699, ""tomorrow"": 0.049313392045657316, ""visual-crossing"": 0.4925012418693774, ""weather.gov"": 0.005353674782713685, ""weatherapi"": 0.2126801281215515}"
2026-02-07T02:15:10.079293-05:00,2026-02-06,ny,14,"{""consensus"": 0.050217609774605855, ""google-weather"": 0.01869389319022241, ""lstm"": 0.002602655089999592, ""open-meteo"": 0.012771347735870612, ""openweathermap"": 0.0641388267387628, ""pirateweather"": 0.0403934553629533, ""tomorrow"": 0.24668348921535896, ""visual-crossing"": 0.4688277789960256, ""weather.gov"": 0.0034874610703580842, ""weatherapi"": 0.0921834828258428}"
2026-02-07T02:15:10.079293-05:00,2026-02-06,il,14,"{""consensus"": 0.02252828954848201, ""google-weather"": 0.0151186162602451, ""lstm"": 0.0028700563865503336, ""open-meteo"": 0.06238421910335976, ""openweathermap"": 0.0623261019866345, ""pirateweather"": 0.08548559075888043, ""tomorrow"": 0.207163811282525, ""visual-crossing"": 0.4803580138621377, ""weather.gov"": 0.004342787238222696, ""weatherapi"": 0.057422513572962276}"
2026-02-07T02:15:10.079293-05:00,2026-02-06,tx,14,"{""consensus"": 0.14557494141406285, ""google-weather"": 0.003931338257029406, ""lstm"": 0.0024814710349622426, ""open-meteo"": 0.009301042183953117, ""openweathermap"": 0.010332091719225275, ""pirateweather"": 0.024459448985270294, ""tomorrow"": 0.0830119108526547, ""visual-crossing"": 0.6726879419490523, ""weather.gov"": 0.0014923142673596054, ""weatherapi"": 0.046727499336430306}"
2026-02-07T02:15:10.079293-05:00,2026-02-06,fl,14,"{""consensus"": 0.10980256608024504, ""google-weather"": 0.010372072691402173, ""lstm"": 0.021697481809283593, ""open-meteo"": 0.0056494292760523625, ""openweathermap"": 0.030650073938856274, ""pirateweather"": 0.058993535202188155, ""tomorrow"": 0.049507206644899486, ""visual-crossing"": 0.49443690126856876, ""weather.gov"": 0.005374716132526407, ""weatherapi"": 0.2135160169559778}"
2026-02-07T06:30:21.724698-05:00,2026-02-06,ny,14,"{""consensus"": 0.051793706925004804, ""google-weather"": 0.01824140429257803, ""lstm"": 0.002585809486579804, ""open-meteo"": 0.013421629292520859, ""openweathermap"": 0.063723690194853, ""pirateweather"": 0.03835366140571551, ""tomorrow"": 0.2566461170616602, ""visual-crossing"": 0.4607604599973201, ""weather.gov"": 0.0032508783036338954, ""weatherapi"": 0.09122264304013385}"
2026-02-07T06:30:21.724698-05:00,2026-02-06,il,14,"{""consensus"": 0.02266547121206415, ""google-weather"": 0.01295860174427759, ""lstm"": 0.002734489965887816, ""open-meteo"": 0.06259646758250784, ""openweathermap"": 0.05938214360317892, ""pirateweather"": 0.08574656250926453, ""tomorrow"": 0.20324452918289104, ""visual-crossing"": 0.49219758643917394, ""weather.gov"": 0.0035963477548250156, ""weatherapi"": 0.054877800005929324}"
2026-02-07T06:30:21.724698-05:00,2026-02-06,tx,14,"{""consensus"": 0.14557494141406285, ""google-weather"": 0.003931338257029406, ""lstm"": 0.0024814710349622426, ""open-meteo"": 0.009301042183953117, ""openweathermap"": 0.010332091719225275, ""pirateweather"": 0.024459448985270294, ""tomorrow"": 0.0830119108526547, ""visual-crossing"": 0.6726879419490523, ""weather.gov"": 0.0014923142673596054, ""weatherapi"": 0.046727499336430306}"
2026-02-07T06:30:21.724698-05:00,2026-02-06,fl,14,"{""consensus"": 0.11348518161649444, ""google-weather"": 0.009144774271688616, ""lstm"": 0.019908833012154483, ""open-meteo"": 0.005781697813827406, ""openweathermap"": 0.028123411242948537, ""pirateweather"": 0.05402058366953858, ""tomorrow"": 0.04769823194931713, ""visual-crossing"": 0.530342796667575, ""weather.gov"": 0.004933436160961881, ""weatherapi"": 0.1865610535954939}"
2026-02-08T02:15:52.804144-05:00,2026-02-07,ny,14,"{""consensus"": 0.03325443243392723, ""google-weather"": 0.007967613553993924, ""lstm"": 0.08026555895405882, ""open-meteo"": 0.023883689014649042, ""openweathermap"": 0.023916171566600794, ""pirateweather"": 0.017843291426646892, ""tomorrow"": 0.16268410568061498, ""visual-crossing"": 0.591136230418198, ""weather.gov"": 0.0013298695055417287, ""weatherapi"": 0.057719037445768666}"
2026-02-08T02:15:52.804144-05:00,2026-02-07,il,14,"{""consensus"": 0.021141782906487695, ""google-weather"": 0.015767031195062637, ""lstm"": 0.002101553911504993, ""open-meteo"": 0.05060643481784492, ""openweathermap"": 0.05585103952509564, ""pirateweather"": 0.09133840132310618, ""tomorrow"": 0.22943996311992504, ""visual-crossing"": 0.41975001295313263, ""weather.gov"": 0.0032856637197591454, ""weatherapi"": 0.11071811652808107}"
2026-02-08T02:15:52.804144-05:00,2026-02-07,tx,14,"{""consensus"": 0.09442104059050631, ""google-weather"": 0.002598978740342468, ""lstm"": 0.0007460316301076063, ""open-meteo"": 0.02897306314303496, ""openweathermap"": 0.010433333988476363, ""pirateweather"": 0.029722819815524045, ""tomorrow"": 0.2435396115905432, ""visual-crossing"": 0.5399744766259024, ""weather.gov"": 0.0008027348874142551, ""weatherapi"": 0.04878790898814844}"
2026-02-08T02:15:52.804144-05:00,2026-02-07,fl,14,"{""consensus"": 0.09503960098731908, ""google-weather"": 0.004601422582469862, ""open-meteo"": 0.0022246710940263775, ""openweathermap"": 0.009807020153135563, ""pirateweather"": 0.024354051654528665, ""tomorrow"": 0.0356309562657785, ""visual-crossing"": 0.5946924432346647, ""weather.gov"": 0.0020258565569168272, ""weatherapi"": 0.23162397747116034}"
2026-02-08T06:30:20.781854-05:00,2026-02-07,ny,14,"{""consensus"": 0.034005817326479136, ""google-weather"": 0.006344343530616557, ""lstm"": 0.07876878588013521, ""open-meteo"": 0.02518215277380274, ""openweathermap"": 0.023470188481218998, ""pirateweather"": 0.018009047156515204, ""tomorrow"": 0.1496166676831175, ""visual-crossing"": 0.6111138648246656, ""weather.gov"": 0.0012251874504137243, ""weatherapi"": 0.052263944893035506}"
2026-02-08T06:30:20.781854-05:00,2026-02-07,il,14,"{""consensus"": 0.020724774862419505, ""google-weather"": 0.015684553549378692, ""lstm"": 0.0020190480968253583, ""open-meteo"": 0.04286722601198503, ""openweathermap"": 0.053658359388985055, ""pirateweather"": 0.08759427860573972, ""tomorrow"": 0.2334625757287866, ""visual-crossing"": 0.43298294266805654, ""weather.gov"": 0.003261449148250461, ""weatherapi"": 0.10774479193957318}"
2026-02-08T06:30:20.781854-05:00,2026-02-07,tx,14,"{""consensus"": 0.09442104059050631, ""google-weather"": 0.002598978740342468, ""lstm"": 0.0007460316301076063, ""open-meteo"": 0.02897306314303496, ""openweathermap"": 0.010433333988476363, ""pirateweather"": 0.029722819815524045, ""tomorrow"": 0.2435396115905432, ""visual-crossing"": 0.5399744766259024, ""weather.gov"": 0.0008027348874142551, ""weatherapi"": 0.04878790898814844}"
2026-02-08T06:30:20.781854-05:00,2026-02-07,fl,14,"{""consensus"": 0.0917017314408245, ""google-weather"": 0.0036719994577258945, ""open-meteo"": 0.0023712930290732564, ""openweathermap"": 0.008662168021021502, ""pirateweather"": 0.017117264769679844, ""tomorrow"": 0.029796311878793707, ""visual-crossing"": 0.6420675552341559, ""weather.gov"": 0.0016257811770632046, ""weatherapi"": 0.20298589499166222}"
2026-02-09T02:15:37.498866-05:00,2026-02-08,ny,14,"{""consensus"": 0.061310772144637836, ""google-weather"": 0.004834256154825493, ""lstm"": 0.062410774362094794, ""open-meteo"": 0.021015759119217412, ""openweathermap"": 0.019349992902147655, ""pirateweather"": 0.017428670876880412, ""tomorrow"": 0.24200703193613035, ""visual-crossing"": 0.48483873570964076, ""weather.gov"": 0.0008423221766365456, ""weatherapi"": 0.08596168461778864}"
2026-02-09T02:15:37.498866-05:00,2026-02-08,il,14,"{""consensus"": 0.10039538092874443, ""google-weather"": 0.013152572987982282, ""lstm"": 0.0017159772234572519, ""open-meteo"": 0.03794797787413014, ""openweathermap"": 0.0326875571726242, ""pirateweather"": 0.0792450032489243, ""tomorrow"": 0.24781057155698571, ""visual-crossing"": 0.4054951781748663, ""weather.gov"": 0.0027090484995769396, ""weatherapi"": 0.07884073233270841}"
2026-02-09T02:15:37.498866-05:00,2026-02-08,tx,14,"{""consensus"": 0.07980873361377519, ""google-weather"": 0.0024284183688573677, ""lstm"": 0.0007938875329882401, ""open-meteo"": 0.03083160645403045, ""openweathermap"": 0.007164479619136678, ""pirateweather"": 0.0326414365341678, ""tomorrow"": 0.23204078436302852, ""visual-crossing"": 0.5746123727533133, ""weather.gov"": 0.0006824539935713789, ""weatherapi"": 0.03899582676713117}"
2026-02-09T02:15:37.498866-05:00,2026-02-08,fl,14,"{""consensus"": 0.11906573549322659, ""google-weather"": 0.0032649708883679394, ""open-meteo"": 0.035531451202540115, ""openweathermap"": 0.006272657185007145, ""pirateweather"": 0.01675379862357083, ""tomorrow"": 0.0344424790636128, ""visual-crossing"": 0.6288348628996517, ""weather.gov"": 0.0013011730833224914, ""weatherapi"": 0.15453287156070045}"
2026-02-09T06:30:03.609000-05:00,2026-02-08,ny,14,"{""consensus"": 0.06424530843522201, ""google-weather"": 0.004760367015576413, ""lstm"": 0.06145125595223303, ""open-meteo"": 0.021735084098227622, ""openweathermap"": 0.01905250140953157, ""pirateweather"": 0.017972776413978313, ""tomorrow"": 0.2503013505749449, ""visual-crossing"": 0.47796353065662256, ""weather.gov"": 0.0008387556904446917, ""weatherapi"": 0.0816790697532187}"
2026-02-09T06:30:03.609000-05:00,2026-02-08,il,14,"{""consensus"": 0.10172010272166905, ""google-weather"": 0.012535405303775688, ""lstm"": 0.00165637368250427, ""open-meteo"": 0.038071411496353305, ""openweathermap"": 0.03155217254982243, ""pirateweather"": 0.07850993702313096, ""tomorrow"": 0.24256551688254865, ""visual-crossing"": 0.41871020817391863, ""weather.gov"": 0.0026308495142381145, ""weatherapi"": 0.07204802265203894}"
2026-02-09T06:30:03.609000-05:00,2026-02-08,tx,14,"{""consensus"": 0.07881943360181981, ""google-weather"": 0.0019181149961699994, ""lstm"": 0.0007022566758767965, ""open-meteo"": 0.030867641246567965, ""openweathermap"": 0.006337552150219382, ""pirateweather"": 0.03008123684268599, ""tomorrow"": 0.22232908246327324, ""visual-crossing"": 0.5904192508954874, ""weather.gov"": 0.0005866348382912498, ""weatherapi"": 0.03793879628960808}"
2026-02-09T06:30:03.609000-05:00,2026-02-08,fl,14,"{""consensus"": 0.12651800457338688, ""google-weather"": 0.0031844096505814676, ""open-meteo"": 0.0337353947910314, ""openweathermap"": 0.006172312906483287, ""pirateweather"": 0.016852404882289895, ""tomorrow"": 0.02947977390938356, ""visual-crossing"": 0.6685295092616047, ""weather.gov"": 0.001313637420722904, ""weatherapi"": 0.11421455260451589}"
2026-02-10T02:15:36.304915-05:00,2026-02-09,ny,14,"{""consensus"": 0.03265899178409406, ""google-weather"": 0.0021792696013968665, ""open-meteo"": 0.0124419491695356, ""openweathermap"": 0.008161505820425938, ""pirateweather"": 0.0075788915794378995, ""tomorrow"": 0.17053751762410382, ""visual-crossing"": 0.7278767472892155, ""weather.gov"": 0.00040774416079890086, ""weatherapi"": 0.03815738297099151}"
2026-02-10T02:15:36.304915-05:00,2026-02-09,il,14,"{""consensus"": 0.07552521739759917, ""google-weather"": 0.006702408436910386, ""open-meteo"": 0.026204666083510547, ""openweathermap"": 0.01422056599225468, ""pirateweather"": 0.04212050796219933, ""tomorrow"": 0.23566440593361226, ""visual-crossing"": 0.5116352406507758, ""weather.gov"": 0.0014795113886153838, ""weatherapi"": 0.08644747615452232}"
2026-02-10T02:15:36.304915-05:00,2026-02-09,tx,14,"{""consensus"": 0.05451597336321465, ""google-weather"": 0.0011649575554785237, ""open-meteo"": 0.023312370979308418, ""openweathermap"": 0.004296858006674767, ""pirateweather"": 0.019626711762251087, ""tomorrow"": 0.27948067454283176, ""visual-crossing"": 0.5902335216275443, ""weather.gov"": 0.00035126691435764584, ""weatherapi"": 0.027017665248338794}"
2026-02-10T02:15:36.304915-05:00,2026-02-09,fl,14,"{""consensus"": 0.12651800457338688, ""google-weather"": 0.0031844096505814676, ""open-meteo"": 0.0337353947910314, ""openweathermap"": 0.006172312906483287, ""pirateweather"": 0.016852404882289895, ""tomorrow"": 0.02947977390938356, ""visual-crossing"": 0.6685295092616047, ""weather.gov"": 0.001313637420722904, ""weatherapi"": 0.11421455260451589}"
2026-02-10T06:30:03.285601-05:00,2026-02-09,ny,14,"{""consensus"": 0.033650221203156104, ""google-weather"": 0.0020471183772494623, ""open-meteo"": 0.012866620112144973, ""openweathermap"": 0.007971961601185493, ""pirateweather"": 0.006632812484639326, ""tomorrow"": 0.16839691301775028, ""visual-crossing"": 0.7313858231995229, ""weather.gov"": 0.0004003087126797464, ""weatherapi"": 0.036648221291671584}"
2026-02-10T06:30:03.285601-05:00,2026-02-09,il,14,"{""consensus"": 0.07712722716023859, ""google-weather"": 0.006489492220264981, ""open-meteo"": 0.026987642422246914, ""openweathermap"": 0.013720592790023465, ""pirateweather"": 0.04085008393956932, ""tomorrow"": 0.22853877701027478, ""visual-crossing"": 0.5356412038299195, ""weather.gov"": 0.0014821407484715175, ""weatherapi"": 0.06916283987899095}"
2026-02-10T06:30:03.285601-05:00,2026-02-09,tx,14,"{""consensus"": 0.05144588459420948, ""google-weather"": 0.0010195182985807878, ""open-meteo"": 0.023395449943303507, ""openweathermap"": 0.0039029420982038287, ""pirateweather"": 0.013864755930004049, ""tomorrow"": 0.2817776372769138, ""visual-crossing"": 0.599372046701329, ""weather.gov"": 0.0003142216616709832, ""weatherapi"": 0.0249075434957844}"
2026-02-10T06:30:03.285601-05:00,2026-02-09,fl,14,"{""consensus"": 0.1365344015389672, ""google-weather"": 0.003076571546258399, ""open-meteo"": 0.034457520924461846, ""openweathermap"": 0.006279540833065515, ""pirateweather"": 0.01703425983326124, ""tomorrow"": 0.027423058085301464, ""visual-crossing"": 0.664463461153942, ""weather.gov"": 0.0013661488852269694, ""weatherapi"": 0.10936503719951533}"
2026-02-11T02:15:38.609183-05:00,2026-02-10,ny,14,"{""consensus"": 0.051728942169850474, ""google-weather"": 0.001962122250210984, ""open-meteo"": 0.03553074003370118, ""openweathermap"": 0.010612631748495286, ""pirateweather"": 0.007288024165600547, ""tomorrow"": 0.22903856433175068, ""visual-crossing"": 0.6274730704165915, ""weather.gov"": 0.00040791026995013315, ""weatherapi"": 0.035957994613849076}"
2026-02-11T02:15:38.609183-05:00,2026-02-10,il,14,"{""consensus"": 0.08413043847902929, ""google-weather"": 0.0050534445116926134, ""open-meteo"": 0.049975330067759206, ""openweathermap"": 0.01213302135629349, ""pirateweather"": 0.04342543386656337, ""tomorrow"": 0.22555047909483744, ""visual-crossing"": 0.5258084786707329, ""weather.gov"": 0.001317470787789028, ""weatherapi"": 0.05260590316530255}"
2026-02-11T02:15:38.609183-05:00,2026-02-10,tx,14,"{""consensus"": 0.06668678794562079, ""google-weather"": 0.0008826277282937397, ""open-meteo"": 0.02332423004311624, ""openweathermap"": 0.0022554218146170002, ""pirateweather"": 0.021549831246744054, ""tomorrow"": 0.26570240667231015, ""visual-crossing"": 0.5975474518572652, ""weather.gov"": 0.00029065640323265124, ""weatherapi"": 0.021760586288800263}"
2026-02-11T02:15:38.609183-05:00,2026-02-10,fl,14,"{""consensus"": 0.15982546816373608, ""google-weather"": 0.0026044721857259585, ""open-meteo"": 0.033348781994493606, ""openweathermap"": 0.0038534741957733554, ""pirateweather"": 0.021921028796778277, ""tomorrow"": 0.033177017916984644, ""visual-crossing"": 0.6430830342643276, ""weather.gov"": 0.0012532642364729437, ""weatherapi"": 0.10093345824570744}"
2026-02-11T06:30:04.554802-05:00,2026-02-10,ny,14,"{""consensus"": 0.059503818418035266, ""google-weather"": 0.002271582267844115, ""open-meteo"": 0.04137193177526671, ""openweathermap"": 0.012357329913149005, ""pirateweather"": 0.007815774460167462, ""tomorrow"": 0.25252962133903956, ""visual-crossing"": 0.5806955861368048, ""weather.gov"": 0.000490876444042118, ""weatherapi"": 0.042963479245650846}"
2026-02-11T06:30:04.554802-05:00,2026-02-10,il,14,"{""consensus"": 0.0865090383803819, ""google-weather"": 0.00469445976241806, ""open-meteo"": 0.05673444489189578, ""openweathermap"": 0.012864953490225796, ""pirateweather"": 0.035425554042655495, ""tomorrow"": 0.24102618974364826, ""visual-crossing"": 0.5128920570684177, ""weather.gov"": 0.0012954747322228145, ""weatherapi"": 0.048557827888134196}"
2026-02-11T06:30:04.554802-05:00,2026-02-10,tx,14,"{""consensus"": 0.06970554030793909, ""google-weather"": 0.0010402040450054344, ""open-meteo"": 0.016226331017703582, ""openweathermap"": 0.0024130666758364647, ""pirateweather"": 0.01794754858054483, ""tomorrow"": 0.3259756825116955, ""visual-crossing"": 0.5488298014097375, ""weather.gov"": 0.00033499922460055045, ""weatherapi"": 0.01752682622693698}"
2026-02-11T06:30:04.554802-05:00,2026-02-10,fl,14,"{""consensus"": 0.16538248382849927, ""google-weather"": 0.002380565712011302, ""open-meteo"": 0.035314547050789936, ""openweathermap"": 0.0030692953447249054, ""pirateweather"": 0.020385095681137895, ""tomorrow"": 0.029121778927868405, ""visual-crossing"": 0.6317989152700584, ""weather.gov"": 0.0012461318475806094, ""weatherapi"": 0.11130118633732924}"
2026-02-12T02:15:35.691744-05:00,2026-02-11,ny,14,"{""consensus"": 0.07583508656633306, ""google-weather"": 0.0013218455330803907, ""open-meteo"": 0.2259678963565318, ""openweathermap"": 0.003909007870144441, ""pirateweather"": 0.007045724403892518, ""tomorrow"": 0.22518260452163227, ""visual-crossing"": 0.43438002415438315, ""weather.gov"": 0.00030586412243579646, ""weatherapi"": 0.026051946471566504}"
2026-02-12T02:15:35.691744-05:00,2026-02-11,il,14,"{""consensus"": 0.09686396109750768, ""google-weather"": 0.003180325866561529, ""open-meteo"": 0.13369307740563585, ""openweathermap"": 0.004542864808863636, ""pirateweather"": 0.04879437966394011, ""tomorrow"": 0.19638364479105538, ""visual-crossing"": 0.4808817588014848, ""weather.gov"": 0.0009873573221485564, ""weatherapi"": 0.034672630242802524}"
2026-02-12T02:15:35.691744-05:00,2026-02-11,tx,14,"{""consensus"": 0.10815502701244822, ""google-weather"": 0.0008482190525620108, ""open-meteo"": 0.015335640868079327, ""openweathermap"": 0.0011959742356547243, ""pirateweather"": 0.029852184871037652, ""tomorrow"": 0.31068729416165636, ""visual-crossing"": 0.5187036257879936, ""weather.gov"": 0.000294418504392788, ""weatherapi"": 0.014927615506175515}"
2026-02-12T02:15:35.691744-05:00,2026-02-11,fl,14,"{""consensus"": 0.1685040919824142, ""google-weather"": 0.0021124918854520786, ""open-meteo"": 0.03584938469964176, ""openweathermap"": 0.001992672345582391, ""pirateweather"": 0.020821929680292516, ""tomorrow"": 0.025599319759672598, ""visual-crossing"": 0.6413674889772103, ""weather.gov"": 0.0011338224333804245, ""weatherapi"": 0.10261879823635363}"
2026-02-12T06:30:04.056681-05:00,2026-02-11,ny,14,"{""consensus"": 0.07841623899189616, ""google-weather"": 0.0012380158391683696, ""open-meteo"": 0.2188956945241958, ""openweathermap"": 0.0037866661876860054, ""pirateweather"": 0.007135122577567086, ""tomorrow"": 0.22968678868027775, ""visual-crossing"": 0.4351133374097338, ""weather.gov"": 0.00029704590826376396, ""weatherapi"": 0.025431089881211347}"
2026-02-12T06:30:04.056681-05:00,2026-02-11,il,14,"{""consensus"": 0.09867346951596107, ""google-weather"": 0.002923938074343888, ""open-meteo"": 0.13370700419543124, ""openweathermap"": 0.004422240624950076, ""pirateweather"": 0.04462514759296389, ""tomorrow"": 0.18576089545296848, ""visual-crossing"": 0.4952917413339958, ""weather.gov"": 0.0009296232914153909, ""weatherapi"": 0.033665939917970185}"
2026-02-12T06:30:04.056681-05:00,2026-02-11,tx,14,"{""consensus"": 0.11892738103382626, ""google-weather"": 0.0009397054287156674, ""open-meteo"": 0.018666208316292635, ""openweathermap"": 0.0013418207306576274, ""pirateweather"": 0.03634677644099435, ""tomorrow"": 0.2902161901083542, ""visual-crossing"": 0.5150507254127893, ""weather.gov"": 0.00032563892384053934, ""weatherapi"": 0.01818555360452958}"
2026-02-12T06:30:04.056681-05:00,2026-02-11,fl,14,"{""consensus"": 0.18097152604532252, ""google-weather"": 0.002170469434819717, ""open-meteo"": 0.03814778701134594, ""openweathermap"": 0.002131908117811005, ""pirateweather"": 0.021461286149342604, ""tomorrow"": 0.0251668427355832, ""visual-crossing"": 0.610364592181535, ""weather.gov"": 0.0011962576439104792, ""weatherapi"": 0.11838933068032943}"
2026-02-13T02:15:21.639866-05:00,2026-02-12,ny,14,"{""consensus"": 0.15934538135096743, ""google-weather"": 0.0011206608942392802, ""open-meteo"": 0.16828418256814745, ""openweathermap"": 0.0019370453403527407, ""pirateweather"": 0.006880628961196973, ""tomorrow"": 0.21875148018954363, ""visual-crossing"": 0.4184149663209673, ""weather.gov"": 0.00030594742825791263, ""weatherapi"": 0.024959706946327105}"
2026-02-13T02:15:21.639866-05:00,2026-02-12,il,14,"{""consensus"": 0.15010546719931053, ""google-weather"": 0.0027414344572592926, ""open-meteo"": 0.14004907288006305, ""openweathermap"": 0.0033352640813153296, ""pirateweather"": 0.04005789331361989, ""tomorrow"": 0.22230006141778197, ""visual-crossing"": 0.40474182062338276, ""weather.gov"": 0.0009599733264490335, ""weatherapi"": 0.03570901270081799}"
2026-02-13T02:15:21.639866-05:00,2026-02-12,tx,14,"{""consensus"": 0.2366365685695793, ""google-weather"": 0.0007191995444644165, ""open-meteo"": 0.014563790775404437, ""openweathermap"": 0.0013001559450807893, ""pirateweather"": 0.03421155610945235, ""tomorrow"": 0.21722733827190638, ""visual-crossing"": 0.48044231817665556, ""weather.gov"": 0.0002700465686557563, ""weatherapi"": 0.014629026038800915}"
2026-02-13T02:15:21.639866-05:00,2026-02-12,fl,14,"{""consensus"": 0.2355170451850388, ""google-weather"": 0.002066756946708409, ""open-meteo"": 0.03994181474112738, ""openweathermap"": 0.0015792203179313825, ""pirateweather"": 0.021163591134294113, ""tomorrow"": 0.024667079500139074, ""visual-crossing"": 0.5671749573613301, ""weather.gov"": 0.001126442702415401, ""weatherapi"": 0.10676309211101541}"
2026-02-13T06:30:03.001769-05:00,2026-02-12,ny,14,"{""consensus"": 0.16404402599963433, ""google-weather"": 0.0011126905775101152, ""open-meteo"": 0.15012805649663533, ""openweathermap"": 0.0019859604073391513, ""pirateweather"": 0.007413408789307469, ""tomorrow"": 0.20452770643604823, ""visual-crossing"": 0.4444171030218902, ""weather.gov"": 0.0003113995272039196, ""weatherapi"": 0.026059648744431445}"
2026-02-13T06:30:03.001769-05:00,2026-02-12,il,14,"{""consensus"": 0.15287632167202633, ""google-weather"": 0.0026611056862111972, ""open-meteo"": 0.14906414788817932, ""openweathermap"": 0.003326857702503568, ""pirateweather"": 0.04232988952101276, ""tomorrow"": 0.2329127310752806, ""visual-crossing"": 0.38160421859373955, ""weather.gov"": 0.0009660484154107561, ""weatherapi"": 0.03425867944563583}"
2026-02-13T06:30:03.001769-05:00,2026-02-12,tx,14,"{""consensus"": 0.22806069895445374, ""google-weather"": 0.00069200112137741, ""open-meteo"": 0.015326272681485308, ""openweathermap"": 0.001234823180803603, ""pirateweather"": 0.03642251192486252, ""tomorrow"": 0.19300118616768328, ""visual-crossing"": 0.5106367306997803, ""weather.gov"": 0.000260153782554884, ""weatherapi"": 0.014365621486998926}"
2026-02-13T06:30:03.001769-05:00,2026-02-12,fl,14,"{""consensus"": 0.24283787657091901, ""google-weather"": 0.0017980825024564604, ""open-meteo"": 0.03770420318197677, ""openweathermap"": 0.0014225221286552337, ""pirateweather"": 0.017027114764659557, ""tomorrow"": 0.018888667482082382, ""visual-crossing"": 0.5852333781456805, ""weather.gov"": 0.00099791409669206, ""weatherapi"": 0.09409024112687792}"
2026-02-14T02:15:18.881966-05:00,2026-02-13,ny,14,"{""consensus"": 0.17137122025334672, ""google-weather"": 0.0010673121323045967, ""open-meteo"": 0.18265752085463502, ""openweathermap"": 0.0020414822232370775, ""pirateweather"": 0.0076062406645907125, ""tomorrow"": 0.1667056173618153, ""visual-crossing"": 0.44941354647434995, ""weather.gov"": 0.00030967402186748164, ""weatherapi"": 0.018827386013853097}"
2026-02-14T02:15:18.881966-05:00,2026-02-13,il,14,"{""consensus"": 0.16199157977582884, ""google-weather"": 0.0022226842644373452, ""open-meteo"": 0.12531267191893963, ""openweathermap"": 0.0030077694794674206, ""pirateweather"": 0.03369369702111149, ""tomorrow"": 0.22821293635623213, ""visual-crossing"": 0.41900465647345103, ""weather.gov"": 0.000827663518959903, ""weatherapi"": 0.025726341191572206}"
2026-02-14T02:15:18.881966-05:00,2026-02-13,tx,14,"{""consensus"": 0.22930530161352797, ""google-weather"": 0.000872831471967916, ""open-meteo"": 0.03170795889256285, ""openweathermap"": 0.0014623287444969905, ""pirateweather"": 0.041766542399646146, ""tomorrow"": 0.2083129920576563, ""visual-crossing"": 0.4659308403934927, ""weather.gov"": 0.0003245620356883144, ""weatherapi"": 0.020316642390960912}"
2026-02-14T02:15:18.881966-05:00,2026-02-13,fl,14,"{""consensus"": 0.23208643888667496, ""google-weather"": 0.0017011719034140244, ""open-meteo"": 0.037893090722963325, ""openweathermap"": 0.0014692674374327688, ""pirateweather"": 0.015228189935408783, ""tomorrow"": 0.018854880630389276, ""visual-crossing"": 0.598441127160633, ""weather.gov"": 0.0010146579664661248, ""weatherapi"": 0.09331117535661779}"
2026-02-14T06:30:06.441732-05:00,2026-02-13,ny,14,"{""consensus"": 0.16656930768695394, ""google-weather"": 0.0010431810331736069, ""open-meteo"": 0.18315965567994955, ""openweathermap"": 0.00204709436181616, ""pirateweather"": 0.007950413615890235, ""tomorrow"": 0.1477013707878232, ""visual-crossing"": 0.4755474099034465, ""weather.gov"": 0.0003147828905690407, ""weatherapi"": 0.015666784040377895}"
2026-02-14T06:30:06.441732-05:00,2026-02-13,il,14,"{""consensus"": 0.16445337367314963, ""google-weather"": 0.0019765097602938387, ""open-meteo"": 0.12259807259267737, ""openweathermap"": 0.002909863314681554, ""pirateweather"": 0.03131015083017147, ""tomorrow"": 0.21707417575023716, ""visual-crossing"": 0.4359487381336354, ""weather.gov"": 0.0007659467233872896, ""weatherapi"": 0.02296316922176633}"
2026-02-14T06:30:06.441732-05:00,2026-02-13,tx,14,"{""consensus"": 0.23273889154119753, ""google-weather"": 0.0009320824404664573, ""open-meteo"": 0.035244081540623834, ""openweathermap"": 0.0015382727391652835, ""pirateweather"": 0.04795771404086493, ""tomorrow"": 0.21603079542996986, ""visual-crossing"": 0.4428019279063337, ""weather.gov"": 0.00035048009144656773, ""weatherapi"": 0.02240575426993175}"
2026-02-14T06:30:06.441732-05:00,2026-02-13,fl,14,"{""consensus"": 0.24231166235653812, ""google-weather"": 0.0015102870456847055, ""open-meteo"": 0.03301555741200704, ""openweathermap"": 0.0013387262800788693, ""pirateweather"": 0.012997148927809489, ""tomorrow"": 0.015541335024469713, ""visual-crossing"": 0.6079443796419259, ""weather.gov"": 0.0009207165603012107, ""weatherapi"": 0.08442018675118498}"
2026-02-15T02:15:20.863073-05:00,2026-02-14,ny,14,"{""consensus"": 0.2426183545122585, ""google-weather"": 0.0008694684300903867, ""open-meteo"": 0.13950137922783537, ""pirateweather"": 0.0074849026565262265, ""tomorrow"": 0.11754986067041115, ""visual-crossing"": 0.4783082362027815, ""weather.gov"": 0.0002915341958708875, ""weatherapi"": 0.013376264104225991}"
2026-02-15T02:15:20.863073-05:00,2026-02-14,il,14,"{""consensus"": 0.18627072002317224, ""google-weather"": 0.001570725982383738, ""open-meteo"": 0.11053857442240714, ""pirateweather"": 0.029759628660357973, ""tomorrow"": 0.19703186723021604, ""visual-crossing"": 0.46016282584572504, ""weather.gov"": 0.0007085666970641588, ""weatherapi"": 0.013957091138673825}"
2026-02-15T02:15:20.863073-05:00,2026-02-14,tx,14,"{""consensus"": 0.2316290371316744, ""google-weather"": 0.0009922254725957624, ""open-meteo"": 0.05556245156470908, ""pirateweather"": 0.05073108755627413, ""tomorrow"": 0.1800936602297265, ""visual-crossing"": 0.4539990313015645, ""weather.gov"": 0.00040250071926716766, ""weatherapi"": 0.02659000602418829}"
2026-02-15T02:15:20.863073-05:00,2026-02-14,fl,14,"{""consensus"": 0.23920699951711866, ""google-weather"": 0.0009992714234465276, ""open-meteo"": 0.021754041218895848, ""openweathermap"": 0.0012287742433971167, ""pirateweather"": 0.008212607430422311, ""tomorrow"": 0.009065853985603969, ""visual-crossing"": 0.668596965205929, ""weather.gov"": 0.0007258082595322477, ""weatherapi"": 0.050209678715654196}"
2026-02-15T06:30:07.301505-05:00,2026-02-14,ny,14,"{""consensus"": 0.2424455829572953, ""google-weather"": 0.0008160730794837254, ""open-meteo"": 0.12663037185529052, ""pirateweather"": 0.007545623164570997, ""tomorrow"": 0.10989598150391779, ""visual-crossing"": 0.5004614643456559, ""weather.gov"": 0.0002864297202133969, ""weatherapi"": 0.011918473373572429}"
2026-02-15T06:30:07.301505-05:00,2026-02-14,il,14,"{""consensus"": 0.19176748822497947, ""google-weather"": 0.0014447182484945377, ""open-meteo"": 0.11015114640835418, ""pirateweather"": 0.03026531613415399, ""tomorrow"": 0.19321931063729064, ""visual-crossing"": 0.4618355322200618, ""weather.gov"": 0.0006732875031704034, ""weatherapi"": 0.010643200623494983}"
2026-02-15T06:30:07.301505-05:00,2026-02-14,tx,14,"{""consensus"": 0.23681170247108077, ""google-weather"": 0.0010861509024932038, ""open-meteo"": 0.06189046940625287, ""pirateweather"": 0.0585099281810258, ""tomorrow"": 0.16272345362083268, ""visual-crossing"": 0.44840074879756653, ""weather.gov"": 0.0004567232615638409, ""weatherapi"": 0.030120823359184215}"
2026-02-15T06:30:07.301505-05:00,2026-02-14,fl,14,"{""consensus"": 0.24541360282753116, ""google-weather"": 0.001038339599558532, ""open-meteo"": 0.023055822056627522, ""openweathermap"": 0.00126204310357201, ""pirateweather"": 0.008418585449457611, ""tomorrow"": 0.009036321075707199, ""visual-crossing"": 0.6597194898334924, ""weather.gov"": 0.0007904922881140959, ""weatherapi"": 0.051265303765939574}"
2026-02-16T02:15:20.123637-05:00,2026-02-15,ny,14,"{""consensus"": 0.2559394678722722, ""google-weather"": 0.0008742323473482006, ""open-meteo"": 0.1370074178009273, ""pirateweather"": 0.008599693150893997, ""tomorrow"": 0.10449112294778994, ""visual-crossing"": 0.4823560998206196, ""weather.gov"": 0.00031823905715741514, ""weatherapi"": 0.01041372700299135}"
2026-02-16T02:15:20.123637-05:00,2026-02-15,il,14,"{""consensus"": 0.1981464728360209, ""google-weather"": 0.0013222271464258762, ""open-meteo"": 0.11125162956968496, ""pirateweather"": 0.02788881742701659, ""tomorrow"": 0.20226783927070008, ""visual-crossing"": 0.4484899219633871, ""weather.gov"": 0.0006282325229513466, ""weatherapi"": 0.010004859263812916}"
2026-02-16T02:15:20.123637-05:00,2026-02-15,tx,14,"{""consensus"": 0.23429846917639702, ""google-weather"": 0.0011198231531081321, ""open-meteo"": 0.06101779411278512, ""pirateweather"": 0.05667405524824474, ""tomorrow"": 0.15739700389757455, ""visual-crossing"": 0.4530952574087502, ""weather.gov"": 0.00044478943251954824, ""weatherapi"": 0.03595280757062093}"
2026-02-16T02:15:20.123637-05:00,2026-02-15,fl,14,"{""consensus"": 0.21297466457538117, ""google-weather"": 0.0009527129502618352, ""open-meteo"": 0.024747244736756827, ""openweathermap"": 0.001226502005058934, ""pirateweather"": 0.007544294981450228, ""tomorrow"": 0.007771654437027978, ""visual-crossing"": 0.6914077151963288, ""weather.gov"": 0.0007591662038639004, ""weatherapi"": 0.052616044913870424}"
2026-02-16T06:30:04.000009-05:00,2026-02-15,ny,14,"{""consensus"": 0.26268764856009685, ""google-weather"": 0.0009245213853109665, ""open-meteo"": 0.15055724484111307, ""pirateweather"": 0.009555526195663865, ""tomorrow"": 0.10562873690218794, ""visual-crossing"": 0.46108156232590936, ""weather.gov"": 0.0003440694299712198, ""weatherapi"": 0.009220690359746781}"
2026-02-16T06:30:04.000009-05:00,2026-02-15,il,14,"{""consensus"": 0.20268813968064514, ""google-weather"": 0.0011547992786766757, ""open-meteo"": 0.111954031845199, ""pirateweather"": 0.02476568620248588, ""tomorrow"": 0.20150178103072058, ""visual-crossing"": 0.44781612738079685, ""weather.gov"": 0.0005649685383809207, ""weatherapi"": 0.009554466043094892}"
2026-02-16T06:30:04.000009-05:00,2026-02-15,tx,14,"{""consensus"": 0.23511532140651423, ""google-weather"": 0.0010325098385744304, ""open-meteo"": 0.059172975656706275, ""pirateweather"": 0.05173847772080591, ""tomorrow"": 0.15296802325122358, ""visual-crossing"": 0.46668164391364436, ""weather.gov"": 0.0003978318665149079, ""weatherapi"": 0.032893216346016114}"
2026-02-16T06:30:04.000009-05:00,2026-02-15,fl,14,"{""consensus"": 0.23581326386214668, ""google-weather"": 0.0011046993788956887, ""open-meteo"": 0.028019389641269484, ""openweathermap"": 0.0015696587453531451, ""pirateweather"": 0.008369602423690644, ""tomorrow"": 0.008381049989354199, ""visual-crossing"": 0.6586743570399443, ""weather.gov"": 0.0008855510800203691, ""weatherapi"": 0.057182427839325485}"
2026-02-17T02:15:34.295974-05:00,2026-02-16,ny,14,"{""consensus"": 0.29718824656422, ""google-weather"": 0.000961826722689599, ""open-meteo"": 0.15982758097071614, ""pirateweather"": 0.010712505251498802, ""tomorrow"": 0.10992185679992031, ""visual-crossing"": 0.41281996360420986, ""weather.gov"": 0.0003867214395791066, ""weatherapi"": 0.008181298647166095}"
2026-02-17T02:15:34.295974-05:00,2026-02-16,il,14,"{""consensus"": 0.19156653047744954, ""google-weather"": 0.0010179543865301004, ""open-meteo"": 0.09520484763655797, ""pirateweather"": 0.02168586526427912, ""tomorrow"": 0.19212835602125589, ""visual-crossing"": 0.48965528939095887, ""weather.gov"": 0.000513067255013547, ""weatherapi"": 0.00822808956795506}"
2026-02-17T02:15:34.295974-05:00,2026-02-16,tx,14,"{""consensus"": 0.22099898519288516, ""google-weather"": 0.0009562763343533307, ""open-meteo"": 0.05392548781773598, ""pirateweather"": 0.04803479689251449, ""tomorrow"": 0.18598790696321185, ""visual-crossing"": 0.46136625171061746, ""weather.gov"": 0.00036955288940864687, ""weatherapi"": 0.028360742199272992}"
2026-02-17T02:15:34.295974-05:00,2026-02-16,fl,14,"{""consensus"": 0.21924036656772092, ""google-weather"": 0.0010224683600571546, ""open-meteo"": 0.028034218704913513, ""openweathermap"": 0.0014825968732696808, ""pirateweather"": 0.007122251821299274, ""tomorrow"": 0.007279925891797469, ""visual-crossing"": 0.6864300120407316, ""weather.gov"": 0.000799014034776824, ""weatherapi"": 0.04858914570543349}"
2026-02-17T06:30:20.670435-05:00,2026-02-16,ny,14,"{""consensus"": 0.30449817570459636, ""google-weather"": 0.000980562054062728, ""open-meteo"": 0.1655256526908896, ""pirateweather"": 0.011439473564742937, ""tomorrow"": 0.11707571366245398, ""visual-crossing"": 0.3923513559646588, ""weather.gov"": 0.00040912505759769634, ""weatherapi"": 0.00771994130099787}"
2026-02-17T06:30:20.670435-05:00,2026-02-16,il,14,"{""consensus"": 0.19156653047744954, ""google-weather"": 0.0010179543865301004, ""open-meteo"": 0.09520484763655797, ""pirateweather"": 0.02168586526427912, ""tomorrow"": 0.19212835602125589, ""visual-crossing"": 0.48965528939095887, ""weather.gov"": 0.000513067255013547, ""weatherapi"": 0.00822808956795506}"
2026-02-17T06:30:20.670435-05:00,2026-02-16,tx,14,"{""consensus"": 0.2283320381731283, ""google-weather"": 0.0009456142984098163, ""open-meteo"": 0.0550660685282151, ""pirateweather"": 0.04881266618945215, ""tomorrow"": 0.20653695543742423, ""visual-crossing"": 0.4321888994811936, ""weather.gov"": 0.00036953890824282354, ""weatherapi"": 0.027748218983934127}"
2026-02-17T06:30:20.670435-05:00,2026-02-16,fl,14,"{""consensus"": 0.238639020750792, ""google-weather"": 0.0011231588483295268, ""open-meteo"": 0.03535747157615034, ""openweathermap"": 0.00171775153719695, ""pirateweather"": 0.00809239489274994, ""tomorrow"": 0.008524706865848187, ""visual-crossing"": 0.6407928379282559, ""weather.gov"": 0.0008790025211635883, ""weatherapi"": 0.06487365507951351}"
2026-02-18T02:15:04.060551-05:00,2026-02-17,ny,14,"{""consensus"": 0.30279338997288374, ""google-weather"": 0.0009127879014150626, ""open-meteo"": 0.1565655961327867, ""openweathermap"": 0.0009356131607142544, ""pirateweather"": 0.010648573582127034, ""tomorrow"": 0.11595355812192966, ""visual-crossing"": 0.40439455633787397, ""weather.gov"": 0.0004276761782937394, ""weatherapi"": 0.007368248611975876}"
2026-02-18T02:15:04.060551-05:00,2026-02-17,il,14,"{""consensus"": 0.21085244108376644, ""google-weather"": 0.0009242002471521202, ""open-meteo"": 0.09235790404836286, ""pirateweather"": 0.02090099574840533, ""tomorrow"": 0.16511555096943165, ""visual-crossing"": 0.5028374775966431, ""weather.gov"": 0.00048039679677828014, ""weatherapi"": 0.006531033509460342}"
2026-02-18T02:15:04.060551-05:00,2026-02-17,tx,14,"{""consensus"": 0.22524367063560258, ""google-weather"": 0.0009388044162395913, ""open-meteo"": 0.05623650828471569, ""pirateweather"": 0.04360566998383569, ""tomorrow"": 0.2318222946491931, ""visual-crossing"": 0.4156778625068489, ""weather.gov"": 0.0003935411716041173, ""weatherapi"": 0.026081648351960262}"
2026-02-18T02:15:04.060551-05:00,2026-02-17,fl,14,"{""consensus"": 0.3020145317659523, ""google-weather"": 0.001025188070049256, ""open-meteo"": 0.0332451026751136, ""openweathermap"": 0.0016377893624406688, ""pirateweather"": 0.007413155318067804, ""tomorrow"": 0.0077665188345688654, ""visual-crossing"": 0.5682476015056341, ""weather.gov"": 0.0007873035441848123, ""weatherapi"": 0.07786280892398861}"
2026-02-18T06:30:03.455574-05:00,2026-02-17,ny,14,"{""consensus"": 0.29790107725759457, ""google-weather"": 0.0008598064236027947, ""open-meteo"": 0.16461961364654937, ""openweathermap"": 0.0008963441576657579, ""pirateweather"": 0.010322122812096874, ""tomorrow"": 0.11440995968255914, ""visual-crossing"": 0.40310216982753866, ""weather.gov"": 0.0004154967240798535, ""weatherapi"": 0.007473409468312894}"
2026-02-18T06:30:03.455574-05:00,2026-02-17,il,14,"{""consensus"": 0.2370756265906663, ""google-weather"": 0.00100897079489513, ""open-meteo"": 0.09712317097592009, ""pirateweather"": 0.023522065014860694, ""tomorrow"": 0.14995015458923922, ""visual-crossing"": 0.4839124829396536, ""weather.gov"": 0.0005376805365996147, ""weatherapi"": 0.006869848558165472}"
2026-02-18T06:30:03.455574-05:00,2026-02-17,tx,14,"{""consensus"": 0.22282572073567442, ""google-weather"": 0.0008525139605114045, ""open-meteo"": 0.05280909564815966, ""pirateweather"": 0.04271886105122254, ""tomorrow"": 0.23603770864659607, ""visual-crossing"": 0.41816006997550353, ""weather.gov"": 0.0003594319072552867, ""weatherapi"": 0.02623659807507722}"
2026-02-18T06:30:03.455574-05:00,2026-02-17,fl,14,"{""consensus"": 0.2778059421626261, ""google-weather"": 0.0010438499240929741, ""open-meteo"": 0.03137108539766134, ""openweathermap"": 0.001617532117465788, ""pirateweather"": 0.007395370427402396, ""tomorrow"": 0.007537745542012027, ""visual-crossing"": 0.6034068219682008, ""weather.gov"": 0.0008190286503169486, ""weatherapi"": 0.06900262381022156}"
2026-02-19T02:15:20.457693-05:00,2026-02-18,ny,14,"{""consensus"": 0.3198700947899279, ""google-weather"": 0.000999549427420412, ""open-meteo"": 0.14293452000988882, ""openweathermap"": 0.0010587356524140556, ""pirateweather"": 0.012853842203811364, ""tomorrow"": 0.11122895600529617, ""visual-crossing"": 0.40219722466046887, ""weather.gov"": 0.0005379264758234386, ""weatherapi"": 0.008319150774949028}"
2026-02-19T02:15:20.457693-05:00,2026-02-18,il,14,"{""consensus"": 0.22852858538842558, ""google-weather"": 0.0009115527892854648, ""open-meteo"": 0.07704205145642662, ""pirateweather"": 0.020770582659665332, ""tomorrow"": 0.15689644478290446, ""visual-crossing"": 0.5094209116710661, ""weather.gov"": 0.0004974813590537758, ""weatherapi"": 0.005932389893172713}"
2026-02-19T02:15:20.457693-05:00,2026-02-18,tx,14,"{""consensus"": 0.19555444083953344, ""google-weather"": 0.0008385795657052119, ""open-meteo"": 0.04956602867010224, ""pirateweather"": 0.03196640286869275, ""tomorrow"": 0.21281088520805205, ""visual-crossing"": 0.4875699638395801, ""weather.gov"": 0.0003705753457867049, ""weatherapi"": 0.021323123662547246}"
2026-02-19T02:15:20.457693-05:00,2026-02-18,fl,14,"{""consensus"": 0.2778059421626261, ""google-weather"": 0.0010438499240929741, ""open-meteo"": 0.03137108539766134, ""openweathermap"": 0.001617532117465788, ""pirateweather"": 0.007395370427402396, ""tomorrow"": 0.007537745542012027, ""visual-crossing"": 0.6034068219682008, ""weather.gov"": 0.0008190286503169486, ""weatherapi"": 0.06900262381022156}"
2026-02-19T06:30:04.676029-05:00,2026-02-18,ny,14,"{""consensus"": 0.33722187116831254, ""google-weather"": 0.0010939911970807511, ""open-meteo"": 0.13306518619061283, ""openweathermap"": 0.0011140406303201777, ""pirateweather"": 0.014320823307905243, ""tomorrow"": 0.11202672076538611, ""visual-crossing"": 0.39156409583213414, ""weather.gov"": 0.000588384250806966, ""weatherapi"": 0.009004886657441329}"
2026-02-19T06:30:04.676029-05:00,2026-02-18,il,14,"{""consensus"": 0.230131495815214, ""google-weather"": 0.0009325241447642694, ""open-meteo"": 0.0763358767029254, ""pirateweather"": 0.02300076188066171, ""tomorrow"": 0.15488307866052942, ""visual-crossing"": 0.5077075899272131, ""weather.gov"": 0.0005148222463947804, ""weatherapi"": 0.006493850622297478}"
2026-02-19T06:30:04.676029-05:00,2026-02-18,tx,14,"{""consensus"": 0.18285173267537996, ""google-weather"": 0.0008478742807330844, ""open-meteo"": 0.047654816219878264, ""pirateweather"": 0.029130823173438933, ""tomorrow"": 0.20099711439045057, ""visual-crossing"": 0.5209463145718032, ""weather.gov"": 0.00037813292616170147, ""weatherapi"": 0.01719319176215425}"
2026-02-19T06:30:04.676029-05:00,2026-02-18,fl,14,"{""consensus"": 0.27506095652976853, ""google-weather"": 0.0010764518236639224, ""open-meteo"": 0.03194812099963281, ""openweathermap"": 0.00160161368426074, ""pirateweather"": 0.007599895808055645, ""tomorrow"": 0.00745863063151931, ""visual-crossing"": 0.6036121790856848, ""weather.gov"": 0.0008488296268392442, ""weatherapi"": 0.07079332181057475}"
2026-02-20T02:15:38.672429-05:00,2026-02-19,ny,14,"{""consensus"": 0.33537206379150203, ""google-weather"": 0.0012880540052869849, ""lstm"": 0.0004674294479443906, ""open-meteo"": 0.13476094166008254, ""openweathermap"": 0.0013749713463940673, ""pirateweather"": 0.0192705957814891, ""tomorrow"": 0.12987135784249562, ""visual-crossing"": 0.3655798555761409, ""weather.gov"": 0.0007858456234326798, ""weatherapi"": 0.011228884925231664}"
2026-02-20T02:15:38.672429-05:00,2026-02-19,il,14,"{""consensus"": 0.22103147880698373, ""google-weather"": 0.0007879285132752978, ""lstm"": 8.453251769657949e-05, ""open-meteo"": 0.07403934355125597, ""pirateweather"": 0.019179215623739736, ""tomorrow"": 0.13671200964881997, ""visual-crossing"": 0.5416523622195102, ""weather.gov"": 0.00042016177511064614, ""weatherapi"": 0.006092967343607899}"
2026-02-20T02:15:38.672429-05:00,2026-02-19,tx,14,"{""consensus"": 0.18708399407017104, ""google-weather"": 0.0008604733135437928, ""open-meteo"": 0.043949918691436655, ""pirateweather"": 0.030378786938897152, ""tomorrow"": 0.19200775751885718, ""visual-crossing"": 0.5279831451885111, ""weather.gov"": 0.0003740008404479507, ""weatherapi"": 0.017361923438135148}"
2026-02-20T02:15:38.672429-05:00,2026-02-19,fl,14,"{""consensus"": 0.29853115915817574, ""google-weather"": 0.0011501970663821736, ""open-meteo"": 0.030747035054545974, ""openweathermap"": 0.0015443122512576214, ""pirateweather"": 0.0071485201758267275, ""tomorrow"": 0.007076267750798086, ""visual-crossing"": 0.5929121069781162, ""weather.gov"": 0.0009431837152336568, ""weatherapi"": 0.05994721784966363}"
2026-02-20T06:30:04.313499-05:00,2026-02-19,ny,14,"{""consensus"": 0.32914329696530636, ""google-weather"": 0.0014620860184468996, ""lstm"": 0.0005209951446922141, ""open-meteo"": 0.1382843433709629, ""openweathermap"": 0.0015325380091316988, ""pirateweather"": 0.022184693561569845, ""tomorrow"": 0.13764041249540315, ""visual-crossing"": 0.3549550969851175, ""weather.gov"": 0.0009086417856141842, ""weatherapi"": 0.013367895663755309}"
2026-02-20T06:30:04.313499-05:00,2026-02-19,il,14,"{""consensus"": 0.22764306257318867, ""google-weather"": 0.000852603947422818, ""lstm"": 9.127194199912962e-05, ""open-meteo"": 0.08408033430193482, ""pirateweather"": 0.02070258601668898, ""tomorrow"": 0.14099698935783292, ""visual-crossing"": 0.5182787788599643, ""weather.gov"": 0.0004358724530212301, ""weatherapi"": 0.006918500547947336}"
2026-02-20T06:30:04.313499-05:00,2026-02-19,tx,14,"{""consensus"": 0.1884528366173132, ""google-weather"": 0.0007990976356757292, ""lstm"": 0.0001310600803774743, ""open-meteo"": 0.043597169475318304, ""pirateweather"": 0.030806589045810805, ""tomorrow"": 0.18982844341572552, ""visual-crossing"": 0.5297145065066433, ""weather.gov"": 0.00033909725267735474, ""weatherapi"": 0.016331199970458225}"
2026-02-20T06:30:04.313499-05:00,2026-02-19,fl,14,"{""consensus"": 0.3045015009768422, ""google-weather"": 0.0011674541375326713, ""lstm"": 0.0019389366529139734, ""open-meteo"": 0.029109963039129792, ""openweathermap"": 0.0015502347180601662, ""pirateweather"": 0.0073035515831931415, ""tomorrow"": 0.007084324536604987, ""visual-crossing"": 0.5842486021805506, ""weather.gov"": 0.0009706989565411145, ""weatherapi"": 0.06212473321863131}"
2026-02-21T02:15:44.401946-05:00,2026-02-20,ny,14,"{""consensus"": 0.337550280729083, ""google-weather"": 0.0015722540807126117, ""lstm"": 0.0007078152334366644, ""open-meteo"": 0.16507936040613932, ""openweathermap"": 0.0016671683939178301, ""pirateweather"": 0.029162855309163602, ""tomorrow"": 0.13562713493905637, ""visual-crossing"": 0.3132623223034039, ""weather.gov"": 0.0011763540187484211, ""weatherapi"": 0.014194454586338289}"
2026-02-21T02:15:44.401946-05:00,2026-02-20,il,14,"{""consensus"": 0.22297281303032, ""google-weather"": 0.0010884701802692744, ""lstm"": 0.00015651664649542324, ""open-meteo"": 0.10805407517249024, ""pirateweather"": 0.025523659799141837, ""tomorrow"": 0.07238912665057054, ""visual-crossing"": 0.561708304376673, ""weather.gov"": 0.0006516265066846972, ""weatherapi"": 0.007455407637355235}"
2026-02-21T02:15:44.401946-05:00,2026-02-20,tx,14,"{""consensus"": 0.1884528366173132, ""google-weather"": 0.0007990976356757292, ""lstm"": 0.0001310600803774743, ""open-meteo"": 0.043597169475318304, ""pirateweather"": 0.030806589045810805, ""tomorrow"": 0.18982844341572552, ""visual-crossing"": 0.5297145065066433, ""weather.gov"": 0.00033909725267735474, ""weatherapi"": 0.016331199970458225}"
2026-02-21T02:15:44.401946-05:00,2026-02-20,fl,14,"{""consensus"": 0.3010175268645668, ""google-weather"": 0.001219884655033024, ""lstm"": 0.0020858611786070593, ""open-meteo"": 0.034558885169977474, ""openweathermap"": 0.0016677050337208866, ""pirateweather"": 0.007512660410131243, ""tomorrow"": 0.007042921536209694, ""visual-crossing"": 0.5720406646572609, ""weather.gov"": 0.0010185454582373429, ""weatherapi"": 0.07183534503625563}"
2026-02-21T06:30:04.977524-05:00,2026-02-20,ny,14,"{""consensus"": 0.337550280729083, ""google-weather"": 0.0015722540807126117, ""lstm"": 0.0007078152334366644, ""open-meteo"": 0.16507936040613932, ""openweathermap"": 0.0016671683939178301, ""pirateweather"": 0.029162855309163602, ""tomorrow"": 0.13562713493905637, ""visual-crossing"": 0.3132623223034039, ""weather.gov"": 0.0011763540187484211, ""weatherapi"": 0.014194454586338289}"
2026-02-21T06:30:04.977524-05:00,2026-02-20,il,14,"{""consensus"": 0.22297281303032, ""google-weather"": 0.0010884701802692744, ""lstm"": 0.00015651664649542324, ""open-meteo"": 0.10805407517249024, ""pirateweather"": 0.025523659799141837, ""tomorrow"": 0.07238912665057054, ""visual-crossing"": 0.561708304376673, ""weather.gov"": 0.0006516265066846972, ""weatherapi"": 0.007455407637355235}"
2026-02-21T06:30:04.977524-05:00,2026-02-20,tx,14,"{""consensus"": 0.21859552743596788, ""google-weather"": 0.0008769459859471695, ""lstm"": 0.00024272617782741874, ""open-meteo"": 0.028221441652403, ""pirateweather"": 0.03538034680352221, ""tomorrow"": 0.2034217785646804, ""visual-crossing"": 0.4946170450363272, ""weather.gov"": 0.0003759633884556414, ""weatherapi"": 0.018268224954869076}"
2026-02-21T06:30:04.977524-05:00,2026-02-20,fl,14,"{""consensus"": 0.316199320105004, ""google-weather"": 0.0011554361312800963, ""lstm"": 0.0017783567068228989, ""open-meteo"": 0.032891500740329864, ""openweathermap"": 0.0015788552139483023, ""pirateweather"": 0.007062904471485618, ""tomorrow"": 0.006534359452664601, ""visual-crossing"": 0.5645255535228045, ""weather.gov"": 0.0009674736983572403, ""weatherapi"": 0.06730623995730275}"
2026-02-22T02:15:40.474616-05:00,2026-02-21,ny,14,"{""consensus"": 0.35086362706155644, ""google-weather"": 0.0018166323080739788, ""lstm"": 0.0005614994749018563, ""open-meteo"": 0.15625579085755392, ""openweathermap"": 0.0015999831192542906, ""pirateweather"": 0.02856224422321596, ""tomorrow"": 0.16220534474890358, ""visual-crossing"": 0.28187002192672056, ""weather.gov"": 0.001355579599292625, ""weatherapi"": 0.014909276680526934}"
2026-02-22T02:15:40.474616-05:00,2026-02-21,il,14,"{""consensus"": 0.2658031568701333, ""google-weather"": 0.0008748266295371404, ""lstm"": 0.0002175969425196534, ""open-meteo"": 0.24775161562910553, ""pirateweather"": 0.02020400009811088, ""tomorrow"": 0.05747541373434242, ""visual-crossing"": 0.4013166666388817, ""weather.gov"": 0.0005248670744616908, ""weatherapi"": 0.005831856382907673}"
2026-02-22T02:15:40.474616-05:00,2026-02-21,tx,14,"{""consensus"": 0.21859552743596788, ""google-weather"": 0.0008769459859471695, ""lstm"": 0.00024272617782741874, ""open-meteo"": 0.028221441652403, ""pirateweather"": 0.03538034680352221, ""tomorrow"": 0.2034217785646804, ""visual-crossing"": 0.4946170450363272, ""weather.gov"": 0.0003759633884556414, ""weatherapi"": 0.018268224954869076}"
2026-02-22T02:15:40.474616-05:00,2026-02-21,fl,14,"{""consensus"": 0.3416979680100538, ""google-weather"": 0.0012525120080259155, ""lstm"": 0.0019033806928200954, ""open-meteo"": 0.032773718597195536, ""openweathermap"": 0.0016898536269230123, ""pirateweather"": 0.008643520174136554, ""tomorrow"": 0.006757415124575663, ""visual-crossing"": 0.534780159983913, ""weather.gov"": 0.001120950139376935, ""weatherapi"": 0.06938052164297935}"
2026-02-22T06:30:04.664789-05:00,2026-02-21,ny,14,"{""consensus"": 0.35086362706155644, ""google-weather"": 0.0018166323080739788, ""lstm"": 0.0005614994749018563, ""open-meteo"": 0.15625579085755392, ""openweathermap"": 0.0015999831192542906, ""pirateweather"": 0.02856224422321596, ""tomorrow"": 0.16220534474890358, ""visual-crossing"": 0.28187002192672056, ""weather.gov"": 0.001355579599292625, ""weatherapi"": 0.014909276680526934}"
2026-02-22T06:30:04.664789-05:00,2026-02-21,il,14,"{""consensus"": 0.2658031568701333, ""google-weather"": 0.0008748266295371404, ""lstm"": 0.0002175969425196534, ""open-meteo"": 0.24775161562910553, ""pirateweather"": 0.02020400009811088, ""tomorrow"": 0.05747541373434242, ""visual-crossing"": 0.4013166666388817, ""weather.gov"": 0.0005248670744616908, ""weatherapi"": 0.005831856382907673}"
2026-02-22T06:30:04.664789-05:00,2026-02-21,tx,14,"{""consensus"": 0.22748636181770868, ""google-weather"": 0.0009915126814068408, ""lstm"": 0.0003045562210976036, ""open-meteo"": 0.032560308691104184, ""pirateweather"": 0.0425277501271565, ""tomorrow"": 0.2106767678190364, ""visual-crossing"": 0.4627234262806597, ""weather.gov"": 0.00041705094109543013, ""weatherapi"": 0.02231226542073436}"
2026-02-22T06:30:04.664789-05:00,2026-02-21,fl,14,"{""consensus"": 0.352437510839146, ""google-weather"": 0.0012860944642637076, ""lstm"": 0.0017835149425542358, ""open-meteo"": 0.03226627599605798, ""openweathermap"": 0.0017491437023301548, ""pirateweather"": 0.008768407658223865, ""tomorrow"": 0.0067788252075489715, ""visual-crossing"": 0.5255205079000822, ""weather.gov"": 0.0011072509491901758, ""weatherapi"": 0.06830246834060272}"
2026-02-23T02:15:34.628318-05:00,2026-02-22,ny,14,"{""consensus"": 0.32440308592975897, ""google-weather"": 0.0018905691872288031, ""lstm"": 0.0006719933091649618, ""open-meteo"": 0.17260972232371416, ""openweathermap"": 0.0017821723872840215, ""pirateweather"": 0.029632878604665996, ""tomorrow"": 0.13696589230201048, ""visual-crossing"": 0.3141052343700049, ""weather.gov"": 0.0014740297098062912, ""weatherapi"": 0.016464421876361265}"
2026-02-23T02:15:34.628318-05:00,2026-02-22,il,14,"{""consensus"": 0.25871827045156287, ""google-weather"": 0.0008785023101512769, ""lstm"": 0.00034193066447787913, ""open-meteo"": 0.25056723754295934, ""pirateweather"": 0.020412031725910943, ""tomorrow"": 0.05870000942329049, ""visual-crossing"": 0.4036504758643235, ""weather.gov"": 0.0005322628071928988, ""weatherapi"": 0.006199279210130733}"
2026-02-23T02:15:34.628318-05:00,2026-02-22,tx,14,"{""consensus"": 0.23096550989464276, ""google-weather"": 0.001104440522076289, ""lstm"": 0.00032394898813038135, ""open-meteo"": 0.032521246553590864, ""pirateweather"": 0.045353360147702554, ""tomorrow"": 0.21413462490590707, ""visual-crossing"": 0.45292205509221506, ""weather.gov"": 0.00045166742336065746, ""weatherapi"": 0.022223146472374247}"
2026-02-23T02:15:34.628318-05:00,2026-02-22,fl,14,"{""consensus"": 0.35972807511808624, ""google-weather"": 0.0012478977259131755, ""lstm"": 0.0017905122220935907, ""open-meteo"": 0.034056707597194605, ""openweathermap"": 0.0017560061328866256, ""pirateweather"": 0.00845897978771714, ""tomorrow"": 0.006777196454958197, ""visual-crossing"": 0.5015329116137491, ""weather.gov"": 0.0010977089136240195, ""weatherapi"": 0.08355400443377749}"
2026-02-23T06:30:04.032878-05:00,2026-02-22,ny,14,"{""consensus"": 0.32440308592975897, ""google-weather"": 0.0018905691872288031, ""lstm"": 0.0006719933091649618, ""open-meteo"": 0.17260972232371416, ""openweathermap"": 0.0017821723872840215, ""pirateweather"": 0.029632878604665996, ""tomorrow"": 0.13696589230201048, ""visual-crossing"": 0.3141052343700049, ""weather.gov"": 0.0014740297098062912, ""weatherapi"": 0.016464421876361265}"
2026-02-23T06:30:04.032878-05:00,2026-02-22,il,14,"{""consensus"": 0.25871827045156287, ""google-weather"": 0.0008785023101512769, ""lstm"": 0.00034193066447787913, ""open-meteo"": 0.25056723754295934, ""pirateweather"": 0.020412031725910943, ""tomorrow"": 0.05870000942329049, ""visual-crossing"": 0.4036504758643235, ""weather.gov"": 0.0005322628071928988, ""weatherapi"": 0.006199279210130733}"
2026-02-23T06:30:04.032878-05:00,2026-02-22,tx,14,"{""consensus"": 0.23718190880987108, ""google-weather"": 0.0010788664388620664, ""lstm"": 0.0004114909029818568, ""open-meteo"": 0.032117202637897684, ""pirateweather"": 0.04808275371827197, ""tomorrow"": 0.22337878701277544, ""visual-crossing"": 0.43611050855337125, ""weather.gov"": 0.0004262540339184306, ""weatherapi"": 0.021212227892050222}"
2026-02-23T06:30:04.032878-05:00,2026-02-22,fl,14,"{""consensus"": 0.3640231008872614, ""google-weather"": 0.0010380440077664922, ""lstm"": 0.0013048126375714193, ""open-meteo"": 0.03394665810358892, ""openweathermap"": 0.001609136184380824, ""pirateweather"": 0.007769850949313783, ""tomorrow"": 0.006211005649483842, ""visual-crossing"": 0.5199307614954348, ""weather.gov"": 0.0007884767303466038, ""weatherapi"": 0.06337815335485188}"
2026-02-24T02:15:40.405198-05:00,2026-02-23,ny,14,"{""consensus"": 0.3149020104400895, ""google-weather"": 0.0019998284227964688, ""lstm"": 0.0008107975229428164, ""open-meteo"": 0.17976487906939073, ""openweathermap"": 0.0018651038863837556, ""pirateweather"": 0.05575368284377918, ""tomorrow"": 0.1316017302232378, ""visual-crossing"": 0.29610389300228496, ""weather.gov"": 0.0015661693514170448, ""weatherapi"": 0.015631905237677643}"
2026-02-24T02:15:40.405198-05:00,2026-02-23,il,14,"{""consensus"": 0.25541516564442623, ""google-weather"": 0.0008586047151481864, ""lstm"": 0.0004765980769524848, ""open-meteo"": 0.2622488551197565, ""pirateweather"": 0.021477482577687175, ""tomorrow"": 0.05936014572419216, ""visual-crossing"": 0.3923025625019268, ""weather.gov"": 0.0005144213116194447, ""weatherapi"": 0.007346164328290929}"
2026-02-24T02:15:40.405198-05:00,2026-02-23,tx,14,"{""consensus"": 0.25250887429142305, ""google-weather"": 0.0011135356880026689, ""lstm"": 0.00041774874292350897, ""open-meteo"": 0.03093905823427733, ""pirateweather"": 0.07011852583025575, ""tomorrow"": 0.21061898846989266, ""visual-crossing"": 0.4128132174009895, ""weather.gov"": 0.00044015070243504074, ""weatherapi"": 0.021029900639800408}"
2026-02-24T02:15:40.405198-05:00,2026-02-23,fl,14,"{""consensus"": 0.3668200844789266, ""google-weather"": 0.0009903087334579006, ""lstm"": 0.0012582838215522488, ""open-meteo"": 0.033727227850811246, ""openweathermap"": 0.0015517553778826591, ""pirateweather"": 0.007333909200738992, ""tomorrow"": 0.005889218958410965, ""visual-crossing"": 0.5179802524202383, ""weather.gov"": 0.0007383537750555042, ""weatherapi"": 0.06371060538292546}"
2026-02-24T06:30:04.382643-05:00,2026-02-23,ny,14,"{""consensus"": 0.3149020104400895, ""google-weather"": 0.0019998284227964688, ""lstm"": 0.0008107975229428164, ""open-meteo"": 0.17976487906939073, ""openweathermap"": 0.0018651038863837556, ""pirateweather"": 0.05575368284377918, ""tomorrow"": 0.1316017302232378, ""visual-crossing"": 0.29610389300228496, ""weather.gov"": 0.0015661693514170448, ""weatherapi"": 0.015631905237677643}"
2026-02-24T06:30:04.382643-05:00,2026-02-23,il,14,"{""consensus"": 0.25541516564442623, ""google-weather"": 0.0008586047151481864, ""lstm"": 0.0004765980769524848, ""open-meteo"": 0.2622488551197565, ""pirateweather"": 0.021477482577687175, ""tomorrow"": 0.05936014572419216, ""visual-crossing"": 0.3923025625019268, ""weather.gov"": 0.0005144213116194447, ""weatherapi"": 0.007346164328290929}"
2026-02-24T06:30:04.382643-05:00,2026-02-23,tx,14,"{""consensus"": 0.2524026722961316, ""google-weather"": 0.001142870086230243, ""lstm"": 0.00047921510568563154, ""open-meteo"": 0.033113153224033354, ""pirateweather"": 0.07351478174736097, ""tomorrow"": 0.2123879064780615, ""visual-crossing"": 0.4026698764179626, ""weather.gov"": 0.00043985986931321534, ""weatherapi"": 0.023849664775220894}"
2026-02-24T06:30:04.382643-05:00,2026-02-23,fl,14,"{""consensus"": 0.3537205237792921, ""google-weather"": 0.0009861104549625758, ""lstm"": 0.001371203737661854, ""open-meteo"": 0.021192197848075814, ""openweathermap"": 0.0015156368748502301, ""pirateweather"": 0.00773247101242988, ""tomorrow"": 0.006405396508214062, ""visual-crossing"": 0.5609218142679496, ""weather.gov"": 0.0007074601273499162, ""weatherapi"": 0.045447185389213995}"
2026-02-25T02:15:39.424789-05:00,2026-02-24,ny,14,"{""consensus"": 0.30860107170153894, ""google-weather"": 0.0014503779073327045, ""lstm"": 0.0007933969004294187, ""open-meteo"": 0.144568374844004, ""openweathermap"": 0.0014999316839061432, ""pirateweather"": 0.09967563961808978, ""tomorrow"": 0.11313660826635027, ""visual-crossing"": 0.3178084073966629, ""weather.gov"": 0.0012163178705952434, ""weatherapi"": 0.011249873811090553}"
2026-02-25T02:15:39.424789-05:00,2026-02-24,il,14,"{""consensus"": 0.3027728487194726, ""google-weather"": 0.0011080455530976577, ""lstm"": 0.00056810786499565, ""open-meteo"": 0.15663678375401233, ""pirateweather"": 0.043758271143288466, ""tomorrow"": 0.05672051855206826, ""visual-crossing"": 0.42968039605959035, ""weather.gov"": 0.0006503897422455755, ""weatherapi"": 0.008104638611229174}"
2026-02-25T02:15:39.424789-05:00,2026-02-24,tx,14,"{""consensus"": 0.25778290665137826, ""google-weather"": 0.0009862753327894384, ""lstm"": 0.00044117869850405285, ""open-meteo"": 0.044050337026929856, ""pirateweather"": 0.10195549248761746, ""tomorrow"": 0.17834660348800774, ""visual-crossing"": 0.38919546522994136, ""weather.gov"": 0.00038671241287615855, ""weatherapi"": 0.02685502867195546}"
2026-02-25T02:15:39.424789-05:00,2026-02-24,fl,14,"{""consensus"": 0.35326571865802314, ""google-weather"": 0.0010027194478081495, ""lstm"": 0.0014047086553016042, ""open-meteo"": 0.01971489491546424, ""openweathermap"": 0.0016518387485375482, ""pirateweather"": 0.007723920843470094, ""tomorrow"": 0.006390466364151482, ""visual-crossing"": 0.5677115375567753, ""weather.gov"": 0.0006876763410283793, ""weatherapi"": 0.04044651846944008}"
2026-02-25T06:30:04.815150-05:00,2026-02-24,ny,14,"{""consensus"": 0.30860107170153894, ""google-weather"": 0.0014503779073327045, ""lstm"": 0.0007933969004294187, ""open-meteo"": 0.144568374844004, ""openweathermap"": 0.0014999316839061432, ""pirateweather"": 0.09967563961808978, ""tomorrow"": 0.11313660826635027, ""visual-crossing"": 0.3178084073966629, ""weather.gov"": 0.0012163178705952434, ""weatherapi"": 0.011249873811090553}"
2026-02-25T06:30:04.815150-05:00,2026-02-24,il,14,"{""consensus"": 0.3027728487194726, ""google-weather"": 0.0011080455530976577, ""lstm"": 0.00056810786499565, ""open-meteo"": 0.15663678375401233, ""pirateweather"": 0.043758271143288466, ""tomorrow"": 0.05672051855206826, ""visual-crossing"": 0.42968039605959035, ""weather.gov"": 0.0006503897422455755, ""weatherapi"": 0.008104638611229174}"
2026-02-25T06:30:04.815150-05:00,2026-02-24,tx,14,"{""consensus"": 0.258402574651785, ""google-weather"": 0.0009347285861769453, ""lstm"": 0.0003914735364519829, ""open-meteo"": 0.04388460038272174, ""pirateweather"": 0.10084260904684822, ""tomorrow"": 0.17394982687992175, ""visual-crossing"": 0.3967669389359409, ""weather.gov"": 0.00036555357516428926, ""weatherapi"": 0.024461694404988993}"
2026-02-25T06:30:04.815150-05:00,2026-02-24,fl,14,"{""consensus"": 0.36485030501652044, ""google-weather"": 0.0012369853327910858, ""lstm"": 0.002040859655836344, ""open-meteo"": 0.0243918801135947, ""openweathermap"": 0.0020306999479458316, ""pirateweather"": 0.009832194289247984, ""tomorrow"": 0.007799288090334989, ""visual-crossing"": 0.5390802083871363, ""weather.gov"": 0.0008827037527922624, ""weatherapi"": 0.04785487541379989}"
2026-02-26T02:15:39.603638-05:00,2026-02-25,ny,14,"{""consensus"": 0.2701543311004969, ""google-weather"": 0.001778943116543473, ""lstm"": 0.000861605829411538, ""open-meteo"": 0.173287152418187, ""openweathermap"": 0.002301541596258208, ""pirateweather"": 0.09824002440206149, ""tomorrow"": 0.11708399010562041, ""visual-crossing"": 0.3215634455248398, ""weather.gov"": 0.0015211404036374967, ""weatherapi"": 0.013207825502943814}"
2026-02-26T02:15:39.603638-05:00,2026-02-25,il,14,"{""consensus"": 0.3064998453143767, ""google-weather"": 0.0012726292351376732, ""lstm"": 0.0006737534254248868, ""open-meteo"": 0.16692895183962866, ""pirateweather"": 0.05628687962105409, ""tomorrow"": 0.06310362974817135, ""visual-crossing"": 0.39626963908859775, ""weather.gov"": 0.0007563823349556137, ""weatherapi"": 0.008208289392653353}"
2026-02-26T02:15:39.603638-05:00,2026-02-25,tx,14,"{""consensus"": 0.2638787540520786, ""google-weather"": 0.0008980719636096477, ""lstm"": 0.00037241187351953254, ""open-meteo"": 0.04059307835217611, ""pirateweather"": 0.09381810827329272, ""tomorrow"": 0.17743847607462032, ""visual-crossing"": 0.4004203705811145, ""weather.gov"": 0.0003540560293155704, ""weatherapi"": 0.022226672800272934}"
2026-02-26T02:15:39.603638-05:00,2026-02-25,fl,14,"{""consensus"": 0.3623114047995511, ""google-weather"": 0.0011345137823738677, ""lstm"": 0.001857900071262485, ""open-meteo"": 0.021948508388026044, ""openweathermap"": 0.0018486511638426094, ""pirateweather"": 0.008849445964391698, ""tomorrow"": 0.007027413699622991, ""visual-crossing"": 0.5545038327587107, ""weather.gov"": 0.0008087710254827687, ""weatherapi"": 0.03970955834673567}"
2026-02-26T06:30:04.603768-05:00,2026-02-25,ny,14,"{""consensus"": 0.2701543311004969, ""google-weather"": 0.001778943116543473, ""lstm"": 0.000861605829411538, ""open-meteo"": 0.173287152418187, ""openweathermap"": 0.002301541596258208, ""pirateweather"": 0.09824002440206149, ""tomorrow"": 0.11708399010562041, ""visual-crossing"": 0.3215634455248398, ""weather.gov"": 0.0015211404036374967, ""weatherapi"": 0.013207825502943814}"
2026-02-26T06:30:04.603768-05:00,2026-02-25,il,14,"{""consensus"": 0.3064998453143767, ""google-weather"": 0.0012726292351376732, ""lstm"": 0.0006737534254248868, ""open-meteo"": 0.16692895183962866, ""pirateweather"": 0.05628687962105409, ""tomorrow"": 0.06310362974817135, ""visual-crossing"": 0.39626963908859775, ""weather.gov"": 0.0007563823349556137, ""weatherapi"": 0.008208289392653353}"
2026-02-26T06:30:04.603768-05:00,2026-02-25,tx,14,"{""consensus"": 0.2579910009781491, ""google-weather"": 0.0009516795052953293, ""lstm"": 0.0003332225739868626, ""open-meteo"": 0.038837311366250675, ""pirateweather"": 0.0958870774170581, ""tomorrow"": 0.15894255535557292, ""visual-crossing"": 0.42258238700859885, ""weather.gov"": 0.0003756142971597591, ""weatherapi"": 0.024099151497928555}"
2026-02-26T06:30:04.603768-05:00,2026-02-25,fl,14,"{""consensus"": 0.37284660157899097, ""google-weather"": 0.0010467615201449712, ""lstm"": 0.002201113975565071, ""open-meteo"": 0.021529870565176683, ""openweathermap"": 0.0022232526801989443, ""pirateweather"": 0.008493861747109869, ""tomorrow"": 0.006635614232201487, ""visual-crossing"": 0.5437813988374933, ""weather.gov"": 0.0007949745363627714, ""weatherapi"": 0.04044655032675569}"
2026-02-27T02:15:43.664067-05:00,2026-02-26,ny,14,"{""consensus"": 0.22517867155141574, ""google-weather"": 0.0020027130185490422, ""lstm"": 0.0008728507627598869, ""open-meteo"": 0.24866338785413, ""openweathermap"": 0.002714936074370391, ""pirateweather"": 0.07417804723435646, ""tomorrow"": 0.13014750407568854, ""visual-crossing"": 0.30054717359855665, ""weather.gov"": 0.0017600647700720872, ""weatherapi"": 0.013934651060101411}"
2026-02-27T02:15:43.664067-05:00,2026-02-26,il,14,"{""consensus"": 0.2964233244223627, ""google-weather"": 0.0012814005435235567, ""lstm"": 0.0006776582648853219, ""open-meteo"": 0.13961581589235347, ""pirateweather"": 0.05100082635845544, ""tomorrow"": 0.05532043928841658, ""visual-crossing"": 0.4466524878835289, ""weather.gov"": 0.0007409110882406373, ""weatherapi"": 0.008287136258233489}"
2026-02-27T02:15:43.664067-05:00,2026-02-26,tx,14,"{""consensus"": 0.2729478808756574, ""google-weather"": 0.0010266823846250032, ""lstm"": 0.0003671163175777607, ""open-meteo"": 0.03751015779955372, ""pirateweather"": 0.0906248640986446, ""tomorrow"": 0.17954085727311625, ""visual-crossing"": 0.3919201326804095, ""weather.gov"": 0.00040634702389270795, ""weatherapi"": 0.025655961546523096}"
2026-02-27T02:15:43.664067-05:00,2026-02-26,fl,14,"{""consensus"": 0.37118183290041984, ""google-weather"": 0.0011850792520817232, ""lstm"": 0.0024558263245746978, ""open-meteo"": 0.02275391340170532, ""openweathermap"": 0.002480526914473906, ""pirateweather"": 0.01007689362779389, ""tomorrow"": 0.007836307477878335, ""visual-crossing"": 0.5368066100483948, ""weather.gov"": 0.0009101565360682127, ""weatherapi"": 0.04431285351660911}"
2026-02-27T06:30:04.138301-05:00,2026-02-26,ny,14,"{""consensus"": 0.22517867155141574, ""google-weather"": 0.0020027130185490422, ""lstm"": 0.0008728507627598869, ""open-meteo"": 0.24866338785413, ""openweathermap"": 0.002714936074370391, ""pirateweather"": 0.07417804723435646, ""tomorrow"": 0.13014750407568854, ""visual-crossing"": 0.30054717359855665, ""weather.gov"": 0.0017600647700720872, ""weatherapi"": 0.013934651060101411}"
2026-02-27T06:30:04.138301-05:00,2026-02-26,il,14,"{""consensus"": 0.2964233244223627, ""google-weather"": 0.0012814005435235567, ""lstm"": 0.0006776582648853219, ""open-meteo"": 0.13961581589235347, ""pirateweather"": 0.05100082635845544, ""tomorrow"": 0.05532043928841658, ""visual-crossing"": 0.4466524878835289, ""weather.gov"": 0.0007409110882406373, ""weatherapi"": 0.008287136258233489}"
2026-02-27T06:30:04.138301-05:00,2026-02-26,tx,14,"{""consensus"": 0.2799370726591545, ""google-weather"": 0.0009642084943330044, ""lstm"": 0.0003099794744634856, ""open-meteo"": 0.0349744255410621, ""pirateweather"": 0.0859396238261716, ""tomorrow"": 0.1799776866706235, ""visual-crossing"": 0.3912893815884107, ""weather.gov"": 0.0003740144501932767, ""weatherapi"": 0.0262336072955878}"
2026-02-27T06:30:04.138301-05:00,2026-02-26,fl,14,"{""consensus"": 0.36553685416117637, ""google-weather"": 0.0011962530858234495, ""lstm"": 0.0025874396175323035, ""open-meteo"": 0.022858913274547782, ""openweathermap"": 0.002433307505458507, ""pirateweather"": 0.00996164719073565, ""tomorrow"": 0.007732655177485508, ""visual-crossing"": 0.5385103061186002, ""weather.gov"": 0.0009522533328971642, ""weatherapi"": 0.048230370535743326}"
2026-02-28T02:15:40.022258-05:00,2026-02-27,ny,14,"{""consensus"": 0.22214433532800332, ""google-weather"": 0.002242677059987517, ""lstm"": 0.0009845262877435136, ""open-meteo"": 0.2263025136086061, ""openweathermap"": 0.003062294322009003, ""pirateweather"": 0.07108814525866186, ""tomorrow"": 0.16122990189405292, ""visual-crossing"": 0.28945297410964715, ""weather.gov"": 0.0019630720735463966, ""weatherapi"": 0.021529560057742345}"
2026-02-28T02:15:40.022258-05:00,2026-02-27,il,14,"{""consensus"": 0.28504718196264756, ""google-weather"": 0.0014424373907452204, ""lstm"": 0.0007428020535743618, ""open-meteo"": 0.14931905551946292, ""pirateweather"": 0.05436118062209302, ""tomorrow"": 0.059914353774288734, ""visual-crossing"": 0.43940998551008065, ""weather.gov"": 0.0007536457357845582, ""weatherapi"": 0.009009357431322956}"
2026-02-28T02:15:40.022258-05:00,2026-02-27,tx,14,"{""consensus"": 0.2844864181065458, ""google-weather"": 0.0008858997764997583, ""lstm"": 0.0002953215819587779, ""open-meteo"": 0.030133943067593844, ""pirateweather"": 0.07206983724217049, ""tomorrow"": 0.16903389116863574, ""visual-crossing"": 0.419634427881799, ""weather.gov"": 0.000338614492552829, ""weatherapi"": 0.02312164668224367}"
2026-02-28T02:15:40.022258-05:00,2026-02-27,fl,14,"{""consensus"": 0.35730240322783435, ""google-weather"": 0.0013432152534066097, ""lstm"": 0.002846167194988989, ""open-meteo"": 0.02577845076468586, ""openweathermap"": 0.002676622847709809, ""pirateweather"": 0.011549722428805772, ""tomorrow"": 0.008820097035064494, ""visual-crossing"": 0.536614703613324, ""weather.gov"": 0.001071856091609273, ""weatherapi"": 0.05199676154257097}"
2026-02-28T06:30:04.170421-05:00,2026-02-27,ny,14,"{""consensus"": 0.22214433532800332, ""google-weather"": 0.002242677059987517, ""lstm"": 0.0009845262877435136, ""open-meteo"": 0.2263025136086061, ""openweathermap"": 0.003062294322009003, ""pirateweather"": 0.07108814525866186, ""tomorrow"": 0.16122990189405292, ""visual-crossing"": 0.28945297410964715, ""weather.gov"": 0.0019630720735463966, ""weatherapi"": 0.021529560057742345}"
2026-02-28T06:30:04.170421-05:00,2026-02-27,il,14,"{""consensus"": 0.28504718196264756, ""google-weather"": 0.0014424373907452204, ""lstm"": 0.0007428020535743618, ""open-meteo"": 0.14931905551946292, ""pirateweather"": 0.05436118062209302, ""tomorrow"": 0.059914353774288734, ""visual-crossing"": 0.43940998551008065, ""weather.gov"": 0.0007536457357845582, ""weatherapi"": 0.009009357431322956}"
2026-02-28T06:30:04.170421-05:00,2026-02-27,tx,14,"{""consensus"": 0.286163563875996, ""google-weather"": 0.0007895633176166842, ""lstm"": 0.0002695938289010866, ""open-meteo"": 0.027508741615145306, ""pirateweather"": 0.07141532725518972, ""tomorrow"": 0.17192963509465808, ""visual-crossing"": 0.4199667588400502, ""weather.gov"": 0.0002960905356952717, ""weatherapi"": 0.02166072563674748}"
2026-02-28T06:30:04.170421-05:00,2026-02-27,fl,14,"{""consensus"": 0.3484098232190163, ""google-weather"": 0.001368407755991464, ""lstm"": 0.0028512566998009892, ""open-meteo"": 0.024814131196087937, ""openweathermap"": 0.0026814091739970746, ""pirateweather"": 0.011236758534840498, ""tomorrow"": 0.008478901457857985, ""visual-crossing"": 0.5522681121746901, ""weather.gov"": 0.0010937576027143267, ""weatherapi"": 0.04679744218500344}"
2026-03-01T02:15:48.778182-05:00,2026-02-28,ny,14,"{""consensus"": 0.2081570362859228, ""google-weather"": 0.0023823433566183268, ""lstm"": 0.0010061130458837648, ""open-meteo"": 0.2576742574518382, ""openweathermap"": 0.0031294382954167445, ""pirateweather"": 0.05961891167448395, ""tomorrow"": 0.17981568370812057, ""visual-crossing"": 0.2576742574518382, ""weather.gov"": 0.002022779930239524, ""weatherapi"": 0.02851917879963815}"
2026-03-01T02:15:48.778182-05:00,2026-02-28,il,14,"{""consensus"": 0.3083466968468765, ""google-weather"": 0.0018383552261018563, ""lstm"": 0.0009938247473627543, ""open-meteo"": 0.07747645339221565, ""pirateweather"": 0.06588866967886856, ""tomorrow"": 0.043614572262645916, ""visual-crossing"": 0.48422783370134764, ""weather.gov"": 0.0009498915036173995, ""weatherapi"": 0.016663702640963837}"
2026-03-01T02:15:48.778182-05:00,2026-02-28,tx,14,"{""consensus"": 0.2796222750097385, ""google-weather"": 0.0006012483340620501, ""lstm"": 0.0001988361494965935, ""open-meteo"": 0.019237489768274482, ""pirateweather"": 0.05210744590575588, ""tomorrow"": 0.21881972243948775, ""visual-crossing"": 0.4137060377371565, ""weather.gov"": 0.00020911181675902543, ""weatherapi"": 0.015497832839269128}"
2026-03-01T02:15:48.778182-05:00,2026-02-28,fl,14,"{""consensus"": 0.35108182868071175, ""google-weather"": 0.001354752676791256, ""lstm"": 0.0028526895953242177, ""open-meteo"": 0.023837980417504064, ""openweathermap"": 0.002682756712856565, ""pirateweather"": 0.01127644191490784, ""tomorrow"": 0.008477838080363915, ""visual-crossing"": 0.5515469271410971, ""weather.gov"": 0.0010391874086123614, ""weatherapi"": 0.04584959737183102}"
2026-03-01T06:30:04.286862-05:00,2026-02-28,ny,14,"{""consensus"": 0.2081570362859228, ""google-weather"": 0.0023823433566183268, ""lstm"": 0.0010061130458837648, ""open-meteo"": 0.2576742574518382, ""openweathermap"": 0.0031294382954167445, ""pirateweather"": 0.05961891167448395, ""tomorrow"": 0.17981568370812057, ""visual-crossing"": 0.2576742574518382, ""weather.gov"": 0.002022779930239524, ""weatherapi"": 0.02851917879963815}"
2026-03-01T06:30:04.286862-05:00,2026-02-28,il,14,"{""consensus"": 0.3083466968468765, ""google-weather"": 0.0018383552261018563, ""lstm"": 0.0009938247473627543, ""open-meteo"": 0.07747645339221565, ""pirateweather"": 0.06588866967886856, ""tomorrow"": 0.043614572262645916, ""visual-crossing"": 0.48422783370134764, ""weather.gov"": 0.0009498915036173995, ""weatherapi"": 0.016663702640963837}"
2026-03-01T06:30:04.286862-05:00,2026-02-28,tx,14,"{""consensus"": 0.2719657235784951, ""google-weather"": 0.0005628298396073752, ""lstm"": 0.00019074848467516564, ""open-meteo"": 0.01814292876704187, ""pirateweather"": 0.0506620434955632, ""tomorrow"": 0.19775262664167428, ""visual-crossing"": 0.444943409943767, ""weather.gov"": 0.00019807262243892084, ""weatherapi"": 0.015581616626737033}"
2026-03-01T06:30:04.286862-05:00,2026-02-28,fl,14,"{""consensus"": 0.34934333475540674, ""google-weather"": 0.0020911801978796066, ""lstm"": 0.004537695784530381, ""open-meteo"": 0.031498813507417366, ""openweathermap"": 0.003244759345427156, ""pirateweather"": 0.01579324493357189, ""tomorrow"": 0.011684663881057563, ""visual-crossing"": 0.5062334424353355, ""weather.gov"": 0.0016035434211027115, ""weatherapi"": 0.07396932173827123}"
2026-03-02T02:15:57.342923-05:00,2026-03-01,ny,14,"{""consensus"": 0.20105844044354246, ""google-weather"": 0.0021878504580274444, ""lstm"": 0.0010112787554041438, ""open-meteo"": 0.22561537382600347, ""openweathermap"": 0.0031455058429574615, ""pirateweather"": 0.04888103567550844, ""tomorrow"": 0.20011262794733223, ""visual-crossing"": 0.26551263968932726, ""weather.gov"": 0.0017337831792793535, ""weatherapi"": 0.05074146418261801}"
2026-03-02T02:15:57.342923-05:00,2026-03-01,il,14,"{""consensus"": 0.291692618684472, ""google-weather"": 0.0025248022244799, ""lstm"": 0.0010462402024086304, ""open-meteo"": 0.07316092171447715, ""pirateweather"": 0.10014620659716011, ""tomorrow"": 0.039993970611371006, ""visual-crossing"": 0.47349280303710606, ""weather.gov"": 0.0012126612544796317, ""weatherapi"": 0.01672977567404553}"
2026-03-02T02:15:57.342923-05:00,2026-03-01,tx,14,"{""consensus"": 0.2701213839625127, ""google-weather"": 0.0006443905809825443, ""lstm"": 0.00022298550396448834, ""open-meteo"": 0.018087798148750132, ""pirateweather"": 0.06451354488668534, ""tomorrow"": 0.2173751386409794, ""visual-crossing"": 0.4109748714931017, ""weather.gov"": 0.00023790958698000802, ""weatherapi"": 0.017821977196043805}"
2026-03-02T02:15:57.342923-05:00,2026-03-01,fl,14,"{""consensus"": 0.3419854405535254, ""google-weather"": 0.002001052418001479, ""lstm"": 0.004458124069453005, ""open-meteo"": 0.029782175905067116, ""openweathermap"": 0.0031306847039775042, ""pirateweather"": 0.015735048897249703, ""tomorrow"": 0.011623404255644594, ""visual-crossing"": 0.5170516650185262, ""weather.gov"": 0.0015220137853250188, ""weatherapi"": 0.07271039039323024}"
2026-03-02T06:30:05.001838-05:00,2026-03-01,ny,14,"{""consensus"": 0.20105844044354246, ""google-weather"": 0.0021878504580274444, ""lstm"": 0.0010112787554041438, ""open-meteo"": 0.22561537382600347, ""openweathermap"": 0.0031455058429574615, ""pirateweather"": 0.04888103567550844, ""tomorrow"": 0.20011262794733223, ""visual-crossing"": 0.26551263968932726, ""weather.gov"": 0.0017337831792793535, ""weatherapi"": 0.05074146418261801}"
2026-03-02T06:30:05.001838-05:00,2026-03-01,il,14,"{""consensus"": 0.291692618684472, ""google-weather"": 0.0025248022244799, ""lstm"": 0.0010462402024086304, ""open-meteo"": 0.07316092171447715, ""pirateweather"": 0.10014620659716011, ""tomorrow"": 0.039993970611371006, ""visual-crossing"": 0.47349280303710606, ""weather.gov"": 0.0012126612544796317, ""weatherapi"": 0.01672977567404553}"
2026-03-02T06:30:05.001838-05:00,2026-03-01,tx,14,"{""consensus"": 0.27082420672239443, ""google-weather"": 0.0007179095997528561, ""lstm"": 0.0002504506499057997, ""open-meteo"": 0.019589864545108724, ""pirateweather"": 0.06906227560901661, ""tomorrow"": 0.20515319372866664, ""visual-crossing"": 0.41173106241378227, ""weather.gov"": 0.00026839870071337555, ""weatherapi"": 0.022402638030659082}"
2026-03-02T06:30:05.001838-05:00,2026-03-01,fl,14,"{""consensus"": 0.3301547075681195, ""google-weather"": 0.0022203325492430965, ""lstm"": 0.004995392099433582, ""open-meteo"": 0.03124631464382741, ""openweathermap"": 0.003507977210240726, ""pirateweather"": 0.016289429871782196, ""tomorrow"": 0.0124844551279106, ""visual-crossing"": 0.5106805996748383, ""weather.gov"": 0.0017476766822372147, ""weatherapi"": 0.08667311457236734}"
2026-03-03T02:15:42.846026-05:00,2026-03-02,ny,14,"{""consensus"": 0.1921662180463536, ""google-weather"": 0.0023217096707879945, ""lstm"": 0.0010898773593557643, ""open-meteo"": 0.20836720615144277, ""openweathermap"": 0.0033899808372722766, ""pirateweather"": 0.04958741798977382, ""tomorrow"": 0.1676835456962423, ""visual-crossing"": 0.30653426914498527, ""weather.gov"": 0.0017361261773553266, ""weatherapi"": 0.06712364892643106}"
2026-03-03T02:15:42.846026-05:00,2026-03-02,il,14,"{""consensus"": 0.2955671142557275, ""google-weather"": 0.0023799942351779317, ""lstm"": 0.0009429201635113374, ""open-meteo"": 0.07126365330517805, ""pirateweather"": 0.09960595982929515, ""tomorrow"": 0.040314963586440766, ""visual-crossing"": 0.47412593728643415, ""weather.gov"": 0.0011575891396169828, ""weatherapi"": 0.014641868198618195}"
2026-03-03T02:15:42.846026-05:00,2026-03-02,tx,14,"{""consensus"": 0.2510062433230965, ""google-weather"": 0.0007034693594619539, ""lstm"": 0.00023999802950435542, ""open-meteo"": 0.016570111333559286, ""pirateweather"": 0.06898309599964375, ""tomorrow"": 0.15507584500947275, ""visual-crossing"": 0.48443379165749834, ""weather.gov"": 0.00025478203186480767, ""weatherapi"": 0.022732663255898174}"
2026-03-03T02:15:42.846026-05:00,2026-03-02,fl,14,"{""consensus"": 0.3284299962351596, ""google-weather"": 0.0022694678414616385, ""lstm"": 0.004846187370456586, ""open-meteo"": 0.027396708201842868, ""openweathermap"": 0.003403199291211948, ""pirateweather"": 0.016157221548814604, ""tomorrow"": 0.011778691782120768, ""visual-crossing"": 0.5304002707876776, ""weather.gov"": 0.0017849464257605522, ""weatherapi"": 0.07353331051549403}"
2026-03-03T06:30:05.837306-05:00,2026-03-02,ny,14,"{""consensus"": 0.1921662180463536, ""google-weather"": 0.0023217096707879945, ""lstm"": 0.0010898773593557643, ""open-meteo"": 0.20836720615144277, ""openweathermap"": 0.0033899808372722766, ""pirateweather"": 0.04958741798977382, ""tomorrow"": 0.1676835456962423, ""visual-crossing"": 0.30653426914498527, ""weather.gov"": 0.0017361261773553266, ""weatherapi"": 0.06712364892643106}"
2026-03-03T06:30:05.837306-05:00,2026-03-02,il,14,"{""consensus"": 0.2955671142557275, ""google-weather"": 0.0023799942351779317, ""lstm"": 0.0009429201635113374, ""open-meteo"": 0.07126365330517805, ""pirateweather"": 0.09960595982929515, ""tomorrow"": 0.040314963586440766, ""visual-crossing"": 0.47412593728643415, ""weather.gov"": 0.0011575891396169828, ""weatherapi"": 0.014641868198618195}"
2026-03-03T06:30:05.837306-05:00,2026-03-02,tx,14,"{""consensus"": 0.2535807424104605, ""google-weather"": 0.0007480177360609787, ""lstm"": 0.0002584178492504163, ""open-meteo"": 0.01807433022567076, ""pirateweather"": 0.06950541390217362, ""tomorrow"": 0.1631984069033224, ""visual-crossing"": 0.46650912446293546, ""weather.gov"": 0.00027571336562407016, ""weatherapi"": 0.027849833144501627}"
2026-03-03T06:30:05.837306-05:00,2026-03-02,fl,14,"{""consensus"": 0.3154849202436885, ""google-weather"": 0.002598844379172312, ""lstm"": 0.00544806251597712, ""open-meteo"": 0.030496751031410575, ""openweathermap"": 0.0038258616672315923, ""pirateweather"": 0.01753991286221309, ""tomorrow"": 0.013185887514718988, ""visual-crossing"": 0.529457483184211, ""weather.gov"": 0.002111963367826216, ""weatherapi"": 0.07985031323355056}"
2026-03-04T02:15:37.426417-05:00,2026-03-03,ny,14,"{""consensus"": 0.2105433760557774, ""google-weather"": 0.0033596176837557027, ""lstm"": 0.001366649376697768, ""open-meteo"": 0.1631607696146212, ""openweathermap"": 0.007823001199126137, ""pirateweather"": 0.0639826434418246, ""tomorrow"": 0.1966761122651436, ""visual-crossing"": 0.27655168922475065, ""weather.gov"": 0.002453293176045956, ""weatherapi"": 0.07408284796225702}"
2026-03-04T02:15:37.426417-05:00,2026-03-03,il,14,"{""consensus"": 0.25337977392348676, ""google-weather"": 0.002251547880292936, ""lstm"": 0.0009454760988675527, ""open-meteo"": 0.07140188970027747, ""pirateweather"": 0.09807059611796455, ""tomorrow"": 0.04272086060911161, ""visual-crossing"": 0.5144496263446582, ""weather.gov"": 0.001052813577723479, ""weatherapi"": 0.015727415747617473}"
2026-03-04T02:15:37.426417-05:00,2026-03-03,tx,14,"{""consensus"": 0.261613484865849, ""google-weather"": 0.000944657579030958, ""lstm"": 0.00031888065588805276, ""open-meteo"": 0.01915969201819242, ""pirateweather"": 0.07541186649713141, ""tomorrow"": 0.15531781765856373, ""visual-crossing"": 0.4594922317610947, ""weather.gov"": 0.0003365977055091988, ""weatherapi"": 0.027404771258740555}"
2026-03-04T02:15:37.426417-05:00,2026-03-03,fl,14,"{""consensus"": 0.3318725262816793, ""google-weather"": 0.0026713194901810833, ""lstm"": 0.005718518711415867, ""open-meteo"": 0.03123704652385565, ""openweathermap"": 0.004015787533126106, ""pirateweather"": 0.018327151857759624, ""tomorrow"": 0.01379688919049767, ""visual-crossing"": 0.5040736048739655, ""weather.gov"": 0.002129710980592504, ""weatherapi"": 0.08615744455692684}"
2026-03-04T06:30:04.360874-05:00,2026-03-03,ny,14,"{""consensus"": 0.2105433760557774, ""google-weather"": 0.0033596176837557027, ""lstm"": 0.001366649376697768, ""open-meteo"": 0.1631607696146212, ""openweathermap"": 0.007823001199126137, ""pirateweather"": 0.0639826434418246, ""tomorrow"": 0.1966761122651436, ""visual-crossing"": 0.27655168922475065, ""weather.gov"": 0.002453293176045956, ""weatherapi"": 0.07408284796225702}"
2026-03-04T06:30:04.360874-05:00,2026-03-03,il,14,"{""consensus"": 0.25337977392348676, ""google-weather"": 0.002251547880292936, ""lstm"": 0.0009454760988675527, ""open-meteo"": 0.07140188970027747, ""pirateweather"": 0.09807059611796455, ""tomorrow"": 0.04272086060911161, ""visual-crossing"": 0.5144496263446582, ""weather.gov"": 0.001052813577723479, ""weatherapi"": 0.015727415747617473}"
2026-03-04T06:30:04.360874-05:00,2026-03-03,tx,14,"{""consensus"": 0.26435797726198623, ""google-weather"": 0.0009762177993727447, ""lstm"": 0.00033192919225535607, ""open-meteo"": 0.020049645465322036, ""pirateweather"": 0.07668634037975151, ""tomorrow"": 0.1556966990958572, ""visual-crossing"": 0.4494594408685938, ""weather.gov"": 0.0003580826060510062, ""weatherapi"": 0.03208366733080981}"
2026-03-04T06:30:04.360874-05:00,2026-03-03,fl,14,"{""consensus"": 0.3171012353504271, ""google-weather"": 0.0026854970705691376, ""lstm"": 0.00559034294349917, ""open-meteo"": 0.0305368945041286, ""openweathermap"": 0.003925777046700454, ""pirateweather"": 0.0171959448392454, ""tomorrow"": 0.013181274463699358, ""visual-crossing"": 0.5171061804217668, ""weather.gov"": 0.0021671189483659023, ""weatherapi"": 0.09050973441159825}"
2026-03-05T02:15:53.319786-05:00,2026-03-04,ny,14,"{""consensus"": 0.18463150042351756, ""google-weather"": 0.0025605565434968958, ""lstm"": 0.0012392546065496156, ""open-meteo"": 0.20865262656416342, ""openweathermap"": 0.0070937655541800275, ""pirateweather"": 0.04974432862435293, ""tomorrow"": 0.21480044148881366, ""visual-crossing"": 0.2605432312404119, ""weather.gov"": 0.0019552191308708695, ""weatherapi"": 0.06877907582364308}"
2026-03-05T02:15:53.319786-05:00,2026-03-04,il,14,"{""consensus"": 0.2561208964575684, ""google-weather"": 0.00258233983189542, ""lstm"": 0.0008920998537353416, ""open-meteo"": 0.07255914665626159, ""pirateweather"": 0.09138052227309527, ""tomorrow"": 0.03701997278380691, ""visual-crossing"": 0.5240697740915145, ""weather.gov"": 0.0011163616489523384, ""weatherapi"": 0.014258886403170124}"
2026-03-05T02:15:53.319786-05:00,2026-03-04,tx,14,"{""consensus"": 0.2997248614563654, ""google-weather"": 0.0008522240409393978, ""lstm"": 0.0003209590242293407, ""open-meteo"": 0.017384197224915347, ""pirateweather"": 0.11805624213512741, ""tomorrow"": 0.15175254808939542, ""visual-crossing"": 0.33923682067000666, ""weather.gov"": 0.00030062509860737915, ""weatherapi"": 0.07237152226041349}"
2026-03-05T02:15:53.319786-05:00,2026-03-04,fl,14,"{""consensus"": 0.32111537987191874, ""google-weather"": 0.002742263562545856, ""lstm"": 0.005918702098829763, ""open-meteo"": 0.02991791466184301, ""openweathermap"": 0.004156364838558519, ""pirateweather"": 0.017523580930396816, ""tomorrow"": 0.013700430697493628, ""visual-crossing"": 0.512914055997721, ""weather.gov"": 0.0022042639863309463, ""weatherapi"": 0.08980704335436179}"
2026-03-05T06:30:03.840574-05:00,2026-03-04,ny,14,"{""consensus"": 0.18463150042351756, ""google-weather"": 0.0025605565434968958, ""lstm"": 0.0012392546065496156, ""open-meteo"": 0.20865262656416342, ""openweathermap"": 0.0070937655541800275, ""pirateweather"": 0.04974432862435293, ""tomorrow"": 0.21480044148881366, ""visual-crossing"": 0.2605432312404119, ""weather.gov"": 0.0019552191308708695, ""weatherapi"": 0.06877907582364308}"
2026-03-05T06:30:03.840574-05:00,2026-03-04,il,14,"{""consensus"": 0.2836976558206044, ""google-weather"": 0.0029302534623699343, ""lstm"": 0.0009088450386623161, ""open-meteo"": 0.07806023201300685, ""pirateweather"": 0.08135292243436143, ""tomorrow"": 0.04216695369145979, ""visual-crossing"": 0.4933633023576899, ""weather.gov"": 0.0012931289230313384, ""weatherapi"": 0.0162267062588141}"
2026-03-05T06:30:03.840574-05:00,2026-03-04,tx,14,"{""consensus"": 0.2873127465087083, ""google-weather"": 0.0009493983870632533, ""lstm"": 0.00035830723930845037, ""open-meteo"": 0.018987498921558276, ""pirateweather"": 0.10969751985629535, ""tomorrow"": 0.1351229085137993, ""visual-crossing"": 0.37146401366510107, ""weather.gov"": 0.0003459558380725246, ""weatherapi"": 0.07576165107009347}"
2026-03-05T06:30:03.840574-05:00,2026-03-04,fl,14,"{""consensus"": 0.3161401213461651, ""google-weather"": 0.0026180860122944883, ""lstm"": 0.005319252174209515, ""open-meteo"": 0.029941305432020022, ""openweathermap"": 0.0037354055560055457, ""pirateweather"": 0.01666706611029761, ""tomorrow"": 0.012904658730271336, ""visual-crossing"": 0.5169393450093333, ""weather.gov"": 0.0021287216014568323, ""weatherapi"": 0.09360603802794625}"
2026-03-06T02:15:38.767570-05:00,2026-03-05,ny,14,"{""consensus"": 0.17255109941245242, ""google-weather"": 0.0020624968287673096, ""lstm"": 0.0011278637746651053, ""open-meteo"": 0.2511722740500125, ""openweathermap"": 0.006091458192770192, ""pirateweather"": 0.035851777586784726, ""tomorrow"": 0.1796333163887995, ""visual-crossing"": 0.3055458567325521, ""weather.gov"": 0.0015149451620005143, ""weatherapi"": 0.044448911871195665}"
2026-03-06T02:15:38.767570-05:00,2026-03-05,il,14,"{""consensus"": 0.27704704361345694, ""google-weather"": 0.002955971873811355, ""lstm"": 0.001725511835273264, ""open-meteo"": 0.06564129439032909, ""pirateweather"": 0.08892273912294937, ""tomorrow"": 0.040599445479184426, ""visual-crossing"": 0.5077584891267545, ""weather.gov"": 0.001581767927187726, ""weatherapi"": 0.01376773663105357}"
2026-03-06T02:15:38.767570-05:00,2026-03-05,tx,14,"{""consensus"": 0.2831257749790606, ""google-weather"": 0.0010281635981033402, ""lstm"": 0.00043438918053974676, ""open-meteo"": 0.018337992038513044, ""pirateweather"": 0.10932887994195703, ""tomorrow"": 0.13347261691359597, ""visual-crossing"": 0.36177929307146767, ""weather.gov"": 0.0003809164074594512, ""weatherapi"": 0.09211197386930309}"
2026-03-06T02:15:38.767570-05:00,2026-03-05,fl,14,"{""consensus"": 0.3125286959125223, ""google-weather"": 0.0027151061375820704, ""lstm"": 0.00574553695983237, ""open-meteo"": 0.031037505109292762, ""openweathermap"": 0.00391970131460162, ""pirateweather"": 0.017192460080783293, ""tomorrow"": 0.01336076207605539, ""visual-crossing"": 0.5182487044120901, ""weather.gov"": 0.002174315651646282, ""weatherapi"": 0.09307721234559396}"
2026-03-06T06:30:04.164545-05:00,2026-03-05,ny,14,"{""consensus"": 0.17255109941245242, ""google-weather"": 0.0020624968287673096, ""lstm"": 0.0011278637746651053, ""open-meteo"": 0.2511722740500125, ""openweathermap"": 0.006091458192770192, ""pirateweather"": 0.035851777586784726, ""tomorrow"": 0.1796333163887995, ""visual-crossing"": 0.3055458567325521, ""weather.gov"": 0.0015149451620005143, ""weatherapi"": 0.044448911871195665}"
2026-03-06T06:30:04.164545-05:00,2026-03-05,il,14,"{""consensus"": 0.27704704361345694, ""google-weather"": 0.002955971873811355, ""lstm"": 0.001725511835273264, ""open-meteo"": 0.06564129439032909, ""pirateweather"": 0.08892273912294937, ""tomorrow"": 0.040599445479184426, ""visual-crossing"": 0.5077584891267545, ""weather.gov"": 0.001581767927187726, ""weatherapi"": 0.01376773663105357}"
2026-03-06T06:30:04.164545-05:00,2026-03-05,tx,14,"{""consensus"": 0.28376410947267666, ""google-weather"": 0.0010630572313844843, ""lstm"": 0.00045126705990799305, ""open-meteo"": 0.018263441537183744, ""pirateweather"": 0.09534072320422864, ""tomorrow"": 0.12028174555590339, ""visual-crossing"": 0.37244243207143923, ""weather.gov"": 0.0004069565802904051, ""weatherapi"": 0.10798626728698534}"
2026-03-06T06:30:04.164545-05:00,2026-03-05,fl,14,"{""consensus"": 0.3033631617922563, ""google-weather"": 0.0032110955734923558, ""lstm"": 0.006602966689189957, ""open-meteo"": 0.03518930795398198, ""openweathermap"": 0.004504654202527956, ""pirateweather"": 0.019277368166930254, ""tomorrow"": 0.015287206320604365, ""visual-crossing"": 0.5074841657372408, ""weather.gov"": 0.0026229035522939525, ""weatherapi"": 0.1024571700114825}"
2026-03-07T02:15:39.565587-05:00,2026-03-06,ny,14,"{""consensus"": 0.1597100637074653, ""google-weather"": 0.0015640798272081608, ""lstm"": 0.0008190107833828467, ""open-meteo"": 0.20720874731599118, ""openweathermap"": 0.004760809994021335, ""pirateweather"": 0.02930480319345035, ""tomorrow"": 0.151708630305735, ""visual-crossing"": 0.4083636887747473, ""weather.gov"": 0.0011430704795645224, ""weatherapi"": 0.03541709561843387}"
2026-03-07T02:15:39.565587-05:00,2026-03-06,il,14,"{""consensus"": 0.28707274392841825, ""google-weather"": 0.003265431328771635, ""lstm"": 0.0024095485826060303, ""open-meteo"": 0.05198599329717728, ""pirateweather"": 0.05494880863720255, ""tomorrow"": 0.0832272889134322, ""visual-crossing"": 0.4972621316554317, ""weather.gov"": 0.0016979022342669314, ""weatherapi"": 0.018130151422693426}"
2026-03-07T02:15:39.565587-05:00,2026-03-06,tx,14,"{""consensus"": 0.25199084571090197, ""google-weather"": 0.0010118633335941018, ""lstm"": 0.00041820744755586496, ""open-meteo"": 0.02837633663503435, ""pirateweather"": 0.08710468855243916, ""tomorrow"": 0.11368441790783669, ""visual-crossing"": 0.40795910360194326, ""weather.gov"": 0.0003806881950744077, ""weatherapi"": 0.10907384861562017}"
2026-03-07T02:15:39.565587-05:00,2026-03-06,fl,14,"{""consensus"": 0.2923911084766841, ""google-weather"": 0.003504042444016659, ""lstm"": 0.007791377810279538, ""open-meteo"": 0.035936988774047336, ""openweathermap"": 0.00490440119524187, ""pirateweather"": 0.02116519257184492, ""tomorrow"": 0.01678808786660687, ""visual-crossing"": 0.5064091244275194, ""weather.gov"": 0.002848551324904796, ""weatherapi"": 0.10826112510885463}"
2026-03-07T06:30:04.251094-05:00,2026-03-06,ny,14,"{""consensus"": 0.1597100637074653, ""google-weather"": 0.0015640798272081608, ""lstm"": 0.0008190107833828467, ""open-meteo"": 0.20720874731599118, ""openweathermap"": 0.004760809994021335, ""pirateweather"": 0.02930480319345035, ""tomorrow"": 0.151708630305735, ""visual-crossing"": 0.4083636887747473, ""weather.gov"": 0.0011430704795645224, ""weatherapi"": 0.03541709561843387}"
2026-03-07T06:30:04.251094-05:00,2026-03-06,il,14,"{""consensus"": 0.28707274392841825, ""google-weather"": 0.003265431328771635, ""lstm"": 0.0024095485826060303, ""open-meteo"": 0.05198599329717728, ""pirateweather"": 0.05494880863720255, ""tomorrow"": 0.0832272889134322, ""visual-crossing"": 0.4972621316554317, ""weather.gov"": 0.0016979022342669314, ""weatherapi"": 0.018130151422693426}"
2026-03-07T06:30:04.251094-05:00,2026-03-06,tx,14,"{""consensus"": 0.27090577398117904, ""google-weather"": 0.0011379320053295633, ""lstm"": 0.00045714119326393154, ""open-meteo"": 0.030248102493013258, ""pirateweather"": 0.09092895121170953, ""tomorrow"": 0.1244362134906723, ""visual-crossing"": 0.36028723822963216, ""weather.gov"": 0.00043618486510833083, ""weatherapi"": 0.121162462530092}"
2026-03-07T06:30:04.251094-05:00,2026-03-06,fl,14,"{""consensus"": 0.2754274025510176, ""google-weather"": 0.003439450130630885, ""lstm"": 0.007461227245521499, ""open-meteo"": 0.0348808286131027, ""openweathermap"": 0.004696582903813, ""pirateweather"": 0.019981418273306503, ""tomorrow"": 0.016076712186293272, ""visual-crossing"": 0.5291064196270094, ""weather.gov"": 0.002825553513096899, ""weatherapi"": 0.10610440495620824}"
2026-03-08T03:00:33.290129-04:00,2026-03-07,ny,14,"{""consensus"": 0.17607040422240233, ""google-weather"": 0.0026565093335881944, ""lstm"": 0.0015706134699393385, ""open-meteo"": 0.11821947525751593, ""openweathermap"": 0.007837173135676813, ""pirateweather"": 0.04231685504871268, ""tomorrow"": 0.18751583153602666, ""visual-crossing"": 0.42093284464281033, ""weather.gov"": 0.001996069013016302, ""weatherapi"": 0.04088422434031159}"
2026-03-08T03:00:33.290129-04:00,2026-03-07,il,14,"{""consensus"": 0.27212010949474785, ""google-weather"": 0.002414301819312028, ""lstm"": 0.0020171292262741963, ""open-meteo"": 0.05299318119857844, ""pirateweather"": 0.06381185462471611, ""tomorrow"": 0.07453662889520435, ""visual-crossing"": 0.5102811361220541, ""weather.gov"": 0.001329982052568534, ""weatherapi"": 0.020495676566544326}"
2026-03-08T03:00:33.290129-04:00,2026-03-07,tx,14,"{""consensus"": 0.27106930410678376, ""google-weather"": 0.0009754186276263794, ""lstm"": 0.0003854075897671136, ""open-meteo"": 0.026426640338081356, ""pirateweather"": 0.07827442965414358, ""tomorrow"": 0.11765129968146201, ""visual-crossing"": 0.4060019256901439, ""weather.gov"": 0.0004037278640260414, ""weatherapi"": 0.09881184644796571}"
2026-03-08T03:00:33.290129-04:00,2026-03-07,fl,14,"{""consensus"": 0.2654601195617748, ""google-weather"": 0.0035838972626920183, ""lstm"": 0.009117787473487023, ""open-meteo"": 0.035088755224500646, ""openweathermap"": 0.004831588103281573, ""pirateweather"": 0.020791611216179964, ""tomorrow"": 0.016967170294047176, ""visual-crossing"": 0.5313306026668707, ""weather.gov"": 0.0030494180593828675, ""weatherapi"": 0.10977905013778327}"
2026-03-08T06:30:05.922337-04:00,2026-03-07,ny,14,"{""consensus"": 0.17607040422240233, ""google-weather"": 0.0026565093335881944, ""lstm"": 0.0015706134699393385, ""open-meteo"": 0.11821947525751593, ""openweathermap"": 0.007837173135676813, ""pirateweather"": 0.04231685504871268, ""tomorrow"": 0.18751583153602666, ""visual-crossing"": 0.42093284464281033, ""weather.gov"": 0.001996069013016302, ""weatherapi"": 0.04088422434031159}"
2026-03-08T06:30:05.922337-04:00,2026-03-07,il,14,"{""consensus"": 0.27212010949474785, ""google-weather"": 0.002414301819312028, ""lstm"": 0.0020171292262741963, ""open-meteo"": 0.05299318119857844, ""pirateweather"": 0.06381185462471611, ""tomorrow"": 0.07453662889520435, ""visual-crossing"": 0.5102811361220541, ""weather.gov"": 0.001329982052568534, ""weatherapi"": 0.020495676566544326}"
2026-03-08T06:30:05.922337-04:00,2026-03-07,tx,14,"{""consensus"": 0.27106930410678376, ""google-weather"": 0.0009754186276263794, ""lstm"": 0.0003854075897671136, ""open-meteo"": 0.026426640338081356, ""pirateweather"": 0.07827442965414358, ""tomorrow"": 0.11765129968146201, ""visual-crossing"": 0.4060019256901439, ""weather.gov"": 0.0004037278640260414, ""weatherapi"": 0.09881184644796571}"
2026-03-08T06:30:05.922337-04:00,2026-03-07,fl,14,"{""consensus"": 0.2603698732308889, ""google-weather"": 0.003491302284053445, ""lstm"": 0.008655252238655941, ""open-meteo"": 0.03478253372645512, ""openweathermap"": 0.004586487003430675, ""pirateweather"": 0.020149732592107568, ""tomorrow"": 0.016592147012443884, ""visual-crossing"": 0.5326008997539962, ""weather.gov"": 0.0030188809752537743, ""weatherapi"": 0.1157528911827146}"
2026-03-09T06:30:04.003817-04:00,2026-03-08,ny,14,"{""consensus"": 0.16531233156899433, ""google-weather"": 0.002140824296917259, ""lstm"": 0.0013923125641016405, ""open-meteo"": 0.12726821611090433, ""openweathermap"": 0.0024889316555028055, ""pirateweather"": 0.03533110046358718, ""tomorrow"": 0.23541210736898435, ""visual-crossing"": 0.39514278962762545, ""weather.gov"": 0.0016475357651445383, ""weatherapi"": 0.033863850578238}"
2026-03-09T06:30:04.003817-04:00,2026-03-08,il,14,"{""consensus"": 0.2890104561927599, ""google-weather"": 0.002448337017510395, ""lstm"": 0.0015634400186952037, ""open-meteo"": 0.06586157234152154, ""openweathermap"": 0.005323652421048535, ""pirateweather"": 0.06489489454382488, ""tomorrow"": 0.07690135086871587, ""visual-crossing"": 0.46945420676932353, ""weather.gov"": 0.0013591660355227189, ""weatherapi"": 0.023182923791077704}"
2026-03-09T06:30:04.003817-04:00,2026-03-08,tx,14,"{""consensus"": 0.22044748458221286, ""google-weather"": 0.0010157434027932455, ""lstm"": 0.00029337810224144855, ""open-meteo"": 0.025093542115440914, ""openweathermap"": 0.02104837505260196, ""pirateweather"": 0.07371612296149614, ""tomorrow"": 0.10929878856929616, ""visual-crossing"": 0.4521775054202613, ""weather.gov"": 0.00044319168845479557, ""weatherapi"": 0.09646586810520123}"
2026-03-09T06:30:04.003817-04:00,2026-03-08,fl,14,"{""consensus"": 0.262886677081723, ""google-weather"": 0.003972677372135658, ""lstm"": 0.01628993980768033, ""open-meteo"": 0.032033708329603464, ""openweathermap"": 0.004994647596650099, ""pirateweather"": 0.020257658242844423, ""tomorrow"": 0.01689563748042926, ""visual-crossing"": 0.5166978503772051, ""weather.gov"": 0.004229658140275988, ""weatherapi"": 0.1217415455714527}"
2026-03-10T06:30:04.482002-04:00,2026-03-09,ny,14,"{""consensus"": 0.16605616172028423, ""google-weather"": 0.0020417471291219046, ""lstm"": 0.0012585171443890678, ""open-meteo"": 0.1368966398101268, ""openweathermap"": 0.0028041965773632203, ""pirateweather"": 0.03378431517902862, ""tomorrow"": 0.25571202131891185, ""visual-crossing"": 0.36381986308202724, ""weather.gov"": 0.0015582591926363524, ""weatherapi"": 0.03606827884611081}"
2026-03-10T06:30:04.482002-04:00,2026-03-09,il,14,"{""consensus"": 0.3026916090411157, ""google-weather"": 0.0025312088071349392, ""lstm"": 0.001193108501491723, ""open-meteo"": 0.06792903868957063, ""openweathermap"": 0.006006806166539097, ""pirateweather"": 0.0693271983811742, ""tomorrow"": 0.08650521892577047, ""visual-crossing"": 0.44230608307263847, ""weather.gov"": 0.0013242414235104625, ""weatherapi"": 0.02018548699105448}"
2026-03-10T06:30:04.482002-04:00,2026-03-09,tx,14,"{""consensus"": 0.22742782287241706, ""google-weather"": 0.0012092224179779385, ""lstm"": 0.00025284471506204366, ""open-meteo"": 0.02618572726029249, ""openweathermap"": 0.023393608817857063, ""pirateweather"": 0.08860678039969203, ""tomorrow"": 0.10995814977921366, ""visual-crossing"": 0.4250362854608183, ""weather.gov"": 0.0005583995941412956, ""weatherapi"": 0.09737115868252806}"
2026-03-10T06:30:04.482002-04:00,2026-03-09,fl,14,"{""consensus"": 0.24584158928004082, ""google-weather"": 0.003847973316260318, ""lstm"": 0.024823727642405286, ""open-meteo"": 0.042625347014544415, ""openweathermap"": 0.005063976487534447, ""pirateweather"": 0.017878349121775633, ""tomorrow"": 0.014563924685242934, ""visual-crossing"": 0.4856532265655509, ""weather.gov"": 0.0044491782327607315, ""weatherapi"": 0.15525270765388444}"
2026-03-11T06:30:10.410912-04:00,2026-03-10,ny,14,"{""consensus"": 0.17689672637179968, ""google-weather"": 0.0021363199770237226, ""lstm"": 0.0007734099431447536, ""open-meteo"": 0.17569699289550636, ""openweathermap"": 0.0023687619725432678, ""pirateweather"": 0.030409022728061934, ""tomorrow"": 0.25526767343117046, ""visual-crossing"": 0.32020776955206026, ""weather.gov"": 0.001332810695325954, ""weatherapi"": 0.03491051243336365}"
2026-03-11T06:30:10.410912-04:00,2026-03-10,il,14,"{""consensus"": 0.3057471149639008, ""google-weather"": 0.0018967590487881396, ""lstm"": 0.0009918964299677172, ""open-meteo"": 0.0789244258269853, ""openweathermap"": 0.0031125305116701278, ""pirateweather"": 0.06036088603633886, ""tomorrow"": 0.07473185758519975, ""visual-crossing"": 0.4496149495157977, ""weather.gov"": 0.001053329491203166, ""weatherapi"": 0.023566250590148316}"
2026-03-11T06:30:10.410912-04:00,2026-03-10,tx,14,"{""consensus"": 0.21216748942141916, ""google-weather"": 0.0013732154563381477, ""lstm"": 0.00022804384595452194, ""open-meteo"": 0.026715083474405002, ""openweathermap"": 0.006807342775196872, ""pirateweather"": 0.08672009765690795, ""tomorrow"": 0.11965285567275682, ""visual-crossing"": 0.40969485928766247, ""weather.gov"": 0.0006241771524277488, ""weatherapi"": 0.13601683525693117}"
2026-03-11T06:30:10.410912-04:00,2026-03-10,fl,14,"{""consensus"": 0.24540101281482737, ""google-weather"": 0.003636988678142486, ""lstm"": 0.03359354565184588, ""open-meteo"": 0.03999507610356834, ""openweathermap"": 0.004591148130810799, ""pirateweather"": 0.01581721209061965, ""tomorrow"": 0.013247221267595406, ""visual-crossing"": 0.4922979926152462, ""weather.gov"": 0.00411520934235112, ""weatherapi"": 0.14730459330499301}"
2026-03-12T06:30:04.644811-04:00,2026-03-11,ny,14,"{""consensus"": 0.2037813529976453, ""google-weather"": 0.002206850705649012, ""lstm"": 0.0006586037108101173, ""open-meteo"": 0.2063052248135886, ""openweathermap"": 0.0021804835488254803, ""pirateweather"": 0.035092383778518574, ""tomorrow"": 0.22154637863696047, ""visual-crossing"": 0.3035184389414649, ""weather.gov"": 0.001342955369686596, ""weatherapi"": 0.023367327496851137}"
2026-03-12T06:30:04.644811-04:00,2026-03-11,il,14,"{""consensus"": 0.3282712350833636, ""google-weather"": 0.00202554181013474, ""lstm"": 0.0008060105449165471, ""open-meteo"": 0.057737066605157955, ""openweathermap"": 0.0035042667602437835, ""pirateweather"": 0.05253153100306907, ""tomorrow"": 0.059618943483396795, ""visual-crossing"": 0.4695789683154753, ""weather.gov"": 0.0011316465054610962, ""weatherapi"": 0.024794789888780918}"
2026-03-12T06:30:04.644811-04:00,2026-03-11,tx,14,"{""consensus"": 0.20969770853294595, ""google-weather"": 0.0016060508485310995, ""lstm"": 0.00029035853362133484, ""open-meteo"": 0.03230638312394818, ""openweathermap"": 0.004155829412711724, ""pirateweather"": 0.09248580309400108, ""tomorrow"": 0.16913174871008166, ""visual-crossing"": 0.34838288379755816, ""weather.gov"": 0.0006817473111571091, ""weatherapi"": 0.1412614866354434}"
2026-03-12T06:30:04.644811-04:00,2026-03-11,fl,14,"{""consensus"": 0.26027236906582835, ""google-weather"": 0.003933979137054263, ""lstm"": 0.011100334804450588, ""open-meteo"": 0.04082738989400847, ""openweathermap"": 0.0042566237575074745, ""pirateweather"": 0.01608580887854335, ""tomorrow"": 0.013622019109814528, ""visual-crossing"": 0.5030766285150466, ""weather.gov"": 0.004163434617065353, ""weatherapi"": 0.14266141222068082}"
2026-03-13T06:30:03.596753-04:00,2026-03-12,ny,14,"{""consensus"": 0.2295778987594858, ""google-weather"": 0.002667512371653098, ""open-meteo"": 0.16789331720045023, ""openweathermap"": 0.0018626541490608538, ""pirateweather"": 0.05802177777671535, ""tomorrow"": 0.1866592593183513, ""visual-crossing"": 0.32325533021189923, ""weather.gov"": 0.001745273248805682, ""weatherapi"": 0.02831697696357838}"
2026-03-13T06:30:03.596753-04:00,2026-03-12,il,14,"{""consensus"": 0.33747510155462074, ""google-weather"": 0.0018828681819572093, ""open-meteo"": 0.04795133718758647, ""openweathermap"": 0.0030754293946732582, ""pirateweather"": 0.048629485571405014, ""tomorrow"": 0.05549888089918068, ""visual-crossing"": 0.4806896266891479, ""weather.gov"": 0.0010595111787545415, ""weatherapi"": 0.023737759342673966}"
2026-03-13T06:30:03.596753-04:00,2026-03-12,tx,14,"{""consensus"": 0.18843702177341745, ""google-weather"": 0.0018349612963756935, ""open-meteo"": 0.02289569084573861, ""openweathermap"": 0.004597713053530926, ""pirateweather"": 0.11134020656338366, ""tomorrow"": 0.17673427729972227, ""visual-crossing"": 0.4022425866188574, ""weather.gov"": 0.0007685345730057101, ""weatherapi"": 0.0911490079759681}"
2026-03-13T06:30:03.596753-04:00,2026-03-12,fl,14,"{""consensus"": 0.26320119766675865, ""google-weather"": 0.004918817133296435, ""open-meteo"": 0.04768895880022816, ""openweathermap"": 0.005237471590611146, ""pirateweather"": 0.019467834362145546, ""tomorrow"": 0.016614986854585494, ""visual-crossing"": 0.48260599601201754, ""weather.gov"": 0.005022354367758955, ""weatherapi"": 0.1552423832125982}"
2026-03-14T06:30:04.138921-04:00,2026-03-13,ny,14,"{""consensus"": 0.25330998379936887, ""google-weather"": 0.0029330294822601222, ""open-meteo"": 0.20236009634602814, ""openweathermap"": 0.0018204917981711733, ""pirateweather"": 0.059908482791048254, ""tomorrow"": 0.18227016044731686, ""visual-crossing"": 0.27241613726135055, ""weather.gov"": 0.0018814270200047914, ""weatherapi"": 0.023100191054451148}"
2026-03-14T06:30:04.138921-04:00,2026-03-13,il,14,"{""consensus"": 0.36811384746721065, ""google-weather"": 0.0021302804412179945, ""open-meteo"": 0.050517481396242216, ""openweathermap"": 0.003328776186775562, ""pirateweather"": 0.06365247197850388, ""tomorrow"": 0.055528625805200085, ""visual-crossing"": 0.4299898605852274, ""weather.gov"": 0.0013846155610839183, ""weatherapi"": 0.025354040578538233}"
2026-03-14T06:30:04.138921-04:00,2026-03-13,tx,14,"{""consensus"": 0.18023973690979683, ""google-weather"": 0.0019373944748503943, ""open-meteo"": 0.025601605828517927, ""openweathermap"": 0.004800740269755122, ""pirateweather"": 0.09776816856756754, ""tomorrow"": 0.16554983923972968, ""visual-crossing"": 0.42611402005143345, ""weather.gov"": 0.0008283146095049963, ""weatherapi"": 0.09716018004884401}"
2026-03-14T06:30:04.138921-04:00,2026-03-13,fl,14,"{""consensus"": 0.25476844849786984, ""google-weather"": 0.00551508407405431, ""open-meteo"": 0.05248638435484317, ""openweathermap"": 0.005662103921852116, ""pirateweather"": 0.022374015020248626, ""tomorrow"": 0.01993533514712268, ""visual-crossing"": 0.41709809121969094, ""weather.gov"": 0.005733238923305144, ""weatherapi"": 0.2164272988410131}"
2026-03-15T06:30:04.293379-04:00,2026-03-14,ny,14,"{""consensus"": 0.25667458147789957, ""google-weather"": 0.00311116686482971, ""open-meteo"": 0.18744144486237646, ""openweathermap"": 0.002183595895610752, ""pirateweather"": 0.07818494322911106, ""tomorrow"": 0.18517116821394067, ""visual-crossing"": 0.26351586653295467, ""weather.gov"": 0.0020039067355494514, ""weatherapi"": 0.021713326187727627}"
2026-03-15T06:30:04.293379-04:00,2026-03-14,il,14,"{""consensus"": 0.3632572610225691, ""google-weather"": 0.002327298259252734, ""open-meteo"": 0.08188981259560836, ""openweathermap"": 0.0050893145484359895, ""pirateweather"": 0.05683393613583712, ""tomorrow"": 0.09664242673582168, ""visual-crossing"": 0.36312105232044883, ""weather.gov"": 0.0014965391334773564, ""weatherapi"": 0.029342359248548743}"
2026-03-15T06:30:04.293379-04:00,2026-03-14,tx,14,"{""consensus"": 0.18241135205614756, ""google-weather"": 0.002162573715466836, ""open-meteo"": 0.02765142600567017, ""openweathermap"": 0.004809862003963852, ""pirateweather"": 0.10413411949582403, ""tomorrow"": 0.1754652112903784, ""visual-crossing"": 0.3933848473192599, ""weather.gov"": 0.0009327114566336547, ""weatherapi"": 0.10904789665665558}"
2026-03-15T06:30:04.293379-04:00,2026-03-14,fl,14,"{""consensus"": 0.25584642138554986, ""google-weather"": 0.004392636007234032, ""open-meteo"": 0.04485259169136307, ""openweathermap"": 0.005159104546009105, ""pirateweather"": 0.01798421829812232, ""tomorrow"": 0.01695537854769015, ""visual-crossing"": 0.46816551327552947, ""weather.gov"": 0.004749751040745906, ""weatherapi"": 0.18189438520775605}"
2026-03-16T06:30:05.030550-04:00,2026-03-15,ny,14,"{""consensus"": 0.27976433117744487, ""google-weather"": 0.0039401538146507506, ""open-meteo"": 0.19115285840620413, ""openweathermap"": 0.0024282165416816387, ""pirateweather"": 0.09421675827717159, ""tomorrow"": 0.14766839862170494, ""visual-crossing"": 0.25306214163798946, ""weather.gov"": 0.002691256564880572, ""weatherapi"": 0.02507588495827212}"
2026-03-16T06:30:05.030550-04:00,2026-03-15,il,14,"{""consensus"": 0.330903626448503, ""google-weather"": 0.001981393122340662, ""open-meteo"": 0.08740433964465172, ""openweathermap"": 0.003407959678160952, ""pirateweather"": 0.052405826256193826, ""tomorrow"": 0.12168243625021251, ""visual-crossing"": 0.3599161346971906, ""weather.gov"": 0.001182743438173567, ""weatherapi"": 0.04111554046457326}"
2026-03-16T06:30:05.030550-04:00,2026-03-15,tx,14,"{""consensus"": 0.17829674706659024, ""google-weather"": 0.0019415929042494286, ""open-meteo"": 0.027466525822625435, ""openweathermap"": 0.0023441415226700107, ""pirateweather"": 0.08786473470638359, ""tomorrow"": 0.17756530592668646, ""visual-crossing"": 0.4305415101459104, ""weather.gov"": 0.000809562350896962, ""weatherapi"": 0.09316987955398753}"
2026-03-16T06:30:05.030550-04:00,2026-03-15,fl,14,"{""consensus"": 0.27410132772468576, ""google-weather"": 0.004796244010441435, ""open-meteo"": 0.04833993809666118, ""openweathermap"": 0.0052874743030541065, ""pirateweather"": 0.0207925664131755, ""tomorrow"": 0.019467228776782097, ""visual-crossing"": 0.4430528023996995, ""weather.gov"": 0.005199716917052026, ""weatherapi"": 0.17896270135844844}"
2026-03-17T06:30:09.689375-04:00,2026-03-16,ny,14,"{""consensus"": 0.2687274154835344, ""google-weather"": 0.004600947367384944, ""open-meteo"": 0.19151743587598, ""openweathermap"": 0.002629201233397412, ""pirateweather"": 0.0895754483389603, ""tomorrow"": 0.16213504204396015, ""visual-crossing"": 0.2531392755729214, ""weather.gov"": 0.002482946167301333, ""weatherapi"": 0.025192287916560117}"
2026-03-17T06:30:09.689375-04:00,2026-03-16,il,14,"{""consensus"": 0.3386904016783825, ""google-weather"": 0.0020489932152751343, ""open-meteo"": 0.06651334519766648, ""openweathermap"": 0.0037135861458305265, ""pirateweather"": 0.05099404716064028, ""tomorrow"": 0.09562161085525428, ""visual-crossing"": 0.3955565154010489, ""weather.gov"": 0.0011653844673294614, ""weatherapi"": 0.045696115878572405}"
2026-03-17T06:30:09.689375-04:00,2026-03-16,tx,14,"{""consensus"": 0.19833683036889133, ""google-weather"": 0.0021042713972907953, ""open-meteo"": 0.016762858635558542, ""openweathermap"": 0.0027198846979318483, ""pirateweather"": 0.09773005225520544, ""tomorrow"": 0.17277553257850706, ""visual-crossing"": 0.4411700345940598, ""weather.gov"": 0.0008087288944373525, ""weatherapi"": 0.06759180657811797}"
2026-03-17T06:30:09.689375-04:00,2026-03-16,fl,14,"{""consensus"": 0.26098564542651714, ""google-weather"": 0.004252901245129638, ""open-meteo"": 0.04015968311612095, ""openweathermap"": 0.00485181776564382, ""pirateweather"": 0.0182862664492061, ""tomorrow"": 0.017446724386322564, ""visual-crossing"": 0.476480463649228, ""weather.gov"": 0.003889123061443235, ""weatherapi"": 0.17364737490038865}"
2026-03-18T06:30:08.564392-04:00,2026-03-17,ny,14,"{""consensus"": 0.2898313235375409, ""google-weather"": 0.005661587214750728, ""open-meteo"": 0.16600635269908967, ""openweathermap"": 0.0037805441761599302, ""pirateweather"": 0.09582054841318595, ""tomorrow"": 0.1477269630091902, ""visual-crossing"": 0.25812628698137075, ""weather.gov"": 0.0030029989211583378, ""weatherapi"": 0.030043395047553566}"
2026-03-18T06:30:08.564392-04:00,2026-03-17,il,14,"{""consensus"": 0.3377578408508368, ""google-weather"": 0.0021874511240900893, ""open-meteo"": 0.06656382794621875, ""openweathermap"": 0.00484617129731775, ""pirateweather"": 0.05102365513980964, ""tomorrow"": 0.09856871396058842, ""visual-crossing"": 0.3865567745471219, ""weather.gov"": 0.0012279239456953386, ""weatherapi"": 0.05126764118832133}"
2026-03-18T06:30:08.564392-04:00,2026-03-17,tx,14,"{""consensus"": 0.1994594220462639, ""google-weather"": 0.002001360311310633, ""open-meteo"": 0.015987068922899285, ""openweathermap"": 0.0024933741510751294, ""pirateweather"": 0.09937907807727454, ""tomorrow"": 0.17306441804413028, ""visual-crossing"": 0.4559798487598342, ""weather.gov"": 0.0007253566974992717, ""weatherapi"": 0.05091007298971257}"
2026-03-18T06:30:08.564392-04:00,2026-03-17,fl,14,"{""consensus"": 0.27708809770995974, ""google-weather"": 0.00386982513912941, ""open-meteo"": 0.03222008108981184, ""openweathermap"": 0.0039025863063803313, ""pirateweather"": 0.01691163741022194, ""tomorrow"": 0.018384135669747323, ""visual-crossing"": 0.47907187962300457, ""weather.gov"": 0.003560284479956929, ""weatherapi"": 0.16499147257178795}"
2026-03-19T06:30:03.797848-04:00,2026-03-18,ny,14,"{""consensus"": 0.2868973008781012, ""google-weather"": 0.006125552408041733, ""open-meteo"": 0.1461228276596, ""openweathermap"": 0.004759115711023212, ""pirateweather"": 0.1029157659428603, ""tomorrow"": 0.14215116252312593, ""visual-crossing"": 0.27778768040614044, ""weather.gov"": 0.003132698408527232, ""weatherapi"": 0.03010789606258021}"
2026-03-19T06:30:03.797848-04:00,2026-03-18,il,14,"{""consensus"": 0.3098167805091893, ""google-weather"": 0.001800094082170357, ""open-meteo"": 0.062223609335304395, ""openweathermap"": 0.004549932759367691, ""pirateweather"": 0.04615822609174312, ""tomorrow"": 0.09409766780735883, ""visual-crossing"": 0.43332766473192164, ""weather.gov"": 0.0010146909813007028, ""weatherapi"": 0.04701133370164399}"
2026-03-19T06:30:03.797848-04:00,2026-03-18,tx,14,"{""consensus"": 0.2041497722581863, ""google-weather"": 0.0019551525642907334, ""open-meteo"": 0.015802536291777077, ""openweathermap"": 0.0024848175686905563, ""pirateweather"": 0.11159343546317134, ""tomorrow"": 0.19270414626404908, ""visual-crossing"": 0.42495600094513764, ""weather.gov"": 0.0006722250789744235, ""weatherapi"": 0.04568191356572292}"
2026-03-19T06:30:03.797848-04:00,2026-03-18,fl,14,"{""consensus"": 0.2839829149847413, ""google-weather"": 0.0046145317034828204, ""open-meteo"": 0.03666714448314339, ""openweathermap"": 0.004974784941849486, ""pirateweather"": 0.02033647043922465, ""tomorrow"": 0.02289135477570589, ""visual-crossing"": 0.46462679422505765, ""weather.gov"": 0.004196387866357393, ""weatherapi"": 0.15770961658043733}"
2026-03-20T06:30:03.441276-04:00,2026-03-19,ny,14,"{""consensus"": 0.2947163382053448, ""google-weather"": 0.006119651771825335, ""open-meteo"": 0.14497219101660405, ""openweathermap"": 0.004721640300691586, ""pirateweather"": 0.11928681427252752, ""tomorrow"": 0.1377280955754153, ""visual-crossing"": 0.2602005397244055, ""weather.gov"": 0.0031080301370597268, ""weatherapi"": 0.029146698996126374}"
2026-03-20T06:30:03.441276-04:00,2026-03-19,il,14,"{""consensus"": 0.3104835199572269, ""google-weather"": 0.0016281829338353042, ""open-meteo"": 0.06470243486392167, ""openweathermap"": 0.004593060686242711, ""pirateweather"": 0.036266931686437624, ""tomorrow"": 0.09030517635330591, ""visual-crossing"": 0.4374350933085318, ""weather.gov"": 0.0009514931474921297, ""weatherapi"": 0.0536341070630061}"
2026-03-20T06:30:03.441276-04:00,2026-03-19,tx,14,"{""consensus"": 0.1998901494289655, ""google-weather"": 0.0019204771611404181, ""open-meteo"": 0.01633319698699791, ""openweathermap"": 0.002470163262794697, ""pirateweather"": 0.12239128169845469, ""tomorrow"": 0.20372772318910706, ""visual-crossing"": 0.41063361502562384, ""weather.gov"": 0.0006318500819096391, ""weatherapi"": 0.04200154316500627}"
2026-03-20T06:30:03.441276-04:00,2026-03-19,fl,14,"{""consensus"": 0.280129232202757, ""google-weather"": 0.0038514386650614824, ""open-meteo"": 0.03163490249419843, ""openweathermap"": 0.004328107012818164, ""pirateweather"": 0.017753838427005585, ""tomorrow"": 0.020578365493340633, ""visual-crossing"": 0.47205668985245713, ""weather.gov"": 0.003500358633859655, ""weatherapi"": 0.16616706721850194}"
2026-03-21T06:30:02.746944-04:00,2026-03-20,ny,14,"{""consensus"": 0.2999097101803136, ""google-weather"": 0.005950904717019101, ""open-meteo"": 0.1505500880573425, ""openweathermap"": 0.005876350354666617, ""pirateweather"": 0.12791147697363764, ""tomorrow"": 0.1320721160042953, ""visual-crossing"": 0.25154661657469757, ""weather.gov"": 0.002985126131976349, ""weatherapi"": 0.02319761100605134}"
2026-03-21T06:30:02.746944-04:00,2026-03-20,il,14,"{""consensus"": 0.3240751512176383, ""google-weather"": 0.001074021878015824, ""open-meteo"": 0.0710729199733602, ""openweathermap"": 0.002423500645470038, ""pirateweather"": 0.03219834577195497, ""tomorrow"": 0.09533919866767146, ""visual-crossing"": 0.42004949955100734, ""weather.gov"": 0.0006414331027595759, ""weatherapi"": 0.0531259291921224}"
2026-03-21T06:30:02.746944-04:00,2026-03-20,tx,14,"{""consensus"": 0.18310333572483453, ""google-weather"": 0.0016036464155728587, ""open-meteo"": 0.014128168694604298, ""openweathermap"": 0.0021637693544959745, ""pirateweather"": 0.10791314774807795, ""tomorrow"": 0.16881136858259393, ""visual-crossing"": 0.4864428549245292, ""weather.gov"": 0.0005064540329920021, ""weatherapi"": 0.03532725452229914}"
2026-03-21T06:30:02.746944-04:00,2026-03-20,fl,14,"{""consensus"": 0.29363753985644464, ""google-weather"": 0.003891314530813609, ""open-meteo"": 0.03142525191379304, ""openweathermap"": 0.0044130422086559006, ""pirateweather"": 0.01866465234149391, ""tomorrow"": 0.02235648771593945, ""visual-crossing"": 0.41908784923980685, ""weather.gov"": 0.0035831657217092706, ""weatherapi"": 0.20294069647134347}"
2026-03-22T06:30:10.136971-04:00,2026-03-21,ny,14,"{""consensus"": 0.2954303700897536, ""google-weather"": 0.004530564287037904, ""open-meteo"": 0.1973068440658614, ""openweathermap"": 0.0050720909429373354, ""pirateweather"": 0.11348171962792306, ""tomorrow"": 0.12878216784487226, ""visual-crossing"": 0.22949808579635253, ""weather.gov"": 0.002390001145098706, ""weatherapi"": 0.02350815620016332}"
2026-03-22T06:30:10.136971-04:00,2026-03-21,il,14,"{""consensus"": 0.36171075334659314, ""google-weather"": 0.0010362710123993206, ""open-meteo"": 0.05475073205279319, ""openweathermap"": 0.0021824725768293763, ""pirateweather"": 0.021880514539940138, ""tomorrow"": 0.09454013322124176, ""visual-crossing"": 0.4246426010906948, ""weather.gov"": 0.0005407410746562001, ""weatherapi"": 0.0387157810848522}"
2026-03-22T06:30:10.136971-04:00,2026-03-21,tx,14,"{""consensus"": 0.1854810247133047, ""google-weather"": 0.0015687240313304784, ""open-meteo"": 0.013170420235762146, ""openweathermap"": 0.0021090227773420548, ""pirateweather"": 0.10105058497503101, ""tomorrow"": 0.16091624169485794, ""visual-crossing"": 0.49855015916292544, ""weather.gov"": 0.00046832939222024426, ""weatherapi"": 0.036685493017225894}"
2026-03-22T06:30:10.136971-04:00,2026-03-21,fl,14,"{""consensus"": 0.28396444097493934, ""google-weather"": 0.004477746159436243, ""open-meteo"": 0.03431112878365682, ""openweathermap"": 0.005381160274723771, ""pirateweather"": 0.0217283010895535, ""tomorrow"": 0.025461670142400798, ""visual-crossing"": 0.44914386131194983, ""weather.gov"": 0.0039785753804795565, ""weatherapi"": 0.17155311588286007}"
2026-03-23T06:30:03.762619-04:00,2026-03-22,ny,14,"{""consensus"": 0.28998426907033686, ""google-weather"": 0.0052502575164234, ""open-meteo"": 0.1633149818612256, ""openweathermap"": 0.0070980172987183555, ""pirateweather"": 0.1463958256241385, ""tomorrow"": 0.1313322539020215, ""visual-crossing"": 0.22597923128941852, ""weather.gov"": 0.002645432764033076, ""weatherapi"": 0.02799973067368411}"
2026-03-23T06:30:03.762619-04:00,2026-03-22,il,14,"{""consensus"": 0.2898953791527048, ""google-weather"": 0.0010200147557022105, ""open-meteo"": 0.06467137014112463, ""openweathermap"": 0.0017032690549668803, ""pirateweather"": 0.023574589186481646, ""tomorrow"": 0.05215489977726112, ""visual-crossing"": 0.5361988817756864, ""weather.gov"": 0.0005687778252263497, ""weatherapi"": 0.030212818330846117}"
2026-03-23T06:30:03.762619-04:00,2026-03-22,tx,14,"{""consensus"": 0.21254422042999987, ""google-weather"": 0.001528321348344643, ""open-meteo"": 0.013868517411343652, ""openweathermap"": 0.0019954624751757867, ""pirateweather"": 0.09708346638018431, ""tomorrow"": 0.15918833327123824, ""visual-crossing"": 0.46855002769809106, ""weather.gov"": 0.0004522530194767133, ""weatherapi"": 0.044789397966145776}"
2026-03-23T06:30:03.762619-04:00,2026-03-22,fl,14,"{""consensus"": 0.2531523814891104, ""google-weather"": 0.004423897628973329, ""open-meteo"": 0.03369578269291807, ""openweathermap"": 0.005216786796221752, ""pirateweather"": 0.021493595899369954, ""tomorrow"": 0.024453456194746433, ""visual-crossing"": 0.4467940586093923, ""weather.gov"": 0.0037157727472261677, ""weatherapi"": 0.20705426794204146}"
2026-03-24T06:30:03.992719-04:00,2026-03-23,ny,14,"{""consensus"": 0.30182014751344954, ""google-weather"": 0.005541312081134603, ""open-meteo"": 0.1501279815487361, ""openweathermap"": 0.006526158570802795, ""pirateweather"": 0.151568049868347, ""tomorrow"": 0.10511284470321042, ""visual-crossing"": 0.2490776353371405, ""weather.gov"": 0.0028446024919482863, ""weatherapi"": 0.02738126788523078}"
2026-03-24T06:30:03.992719-04:00,2026-03-23,il,14,"{""consensus"": 0.2819046388919708, ""google-weather"": 0.0010741815743786766, ""open-meteo"": 0.07288378102666067, ""openweathermap"": 0.0018712149547391267, ""pirateweather"": 0.025130910447226384, ""tomorrow"": 0.0535274041051008, ""visual-crossing"": 0.5209875792185946, ""weather.gov"": 0.0005925112539791683, ""weatherapi"": 0.042027778527349936}"
2026-03-24T06:30:03.992719-04:00,2026-03-23,tx,14,"{""consensus"": 0.21088613566684045, ""google-weather"": 0.001407183139078552, ""open-meteo"": 0.013797120432610102, ""openweathermap"": 0.0019585965719859217, ""pirateweather"": 0.08770931012721056, ""tomorrow"": 0.17416090069751886, ""visual-crossing"": 0.4671645612113248, ""weather.gov"": 0.00040403521582906894, ""weatherapi"": 0.04251215693760168}"
2026-03-24T06:30:03.992719-04:00,2026-03-23,fl,14,"{""consensus"": 0.26999098020869794, ""google-weather"": 0.004350312276799025, ""open-meteo"": 0.033903735782206276, ""openweathermap"": 0.005052079791797837, ""pirateweather"": 0.02179073840918156, ""tomorrow"": 0.025153269898013406, ""visual-crossing"": 0.43740196567664386, ""weather.gov"": 0.0034717425440979233, ""weatherapi"": 0.19888517541256207}"
2026-03-25T06:30:04.098403-04:00,2026-03-24,ny,14,"{""consensus"": 0.3039814060740877, ""google-weather"": 0.005839285481730107, ""open-meteo"": 0.12674528507386637, ""openweathermap"": 0.007329818374479125, ""pirateweather"": 0.18488263236471936, ""tomorrow"": 0.09935433179500262, ""visual-crossing"": 0.24433159797314422, ""weather.gov"": 0.003275803141800605, ""weatherapi"": 0.024259839721169733}"
2026-03-25T06:30:04.098403-04:00,2026-03-24,il,14,"{""consensus"": 0.29294556909906133, ""google-weather"": 0.001062598661535899, ""open-meteo"": 0.0678121493714419, ""openweathermap"": 0.001882149579661749, ""pirateweather"": 0.023501261814872547, ""tomorrow"": 0.06103062355177445, ""visual-crossing"": 0.5177485781302955, ""weather.gov"": 0.0006111894571612892, ""weatherapi"": 0.03340588033419541}"
2026-03-25T06:30:04.098403-04:00,2026-03-24,tx,14,"{""consensus"": 0.22033514794995862, ""google-weather"": 0.0013450661830400508, ""open-meteo"": 0.013157395657097623, ""openweathermap"": 0.0019292584858348735, ""pirateweather"": 0.08846426341193107, ""tomorrow"": 0.16261358723665392, ""visual-crossing"": 0.4686272768963416, ""weather.gov"": 0.0003906844417414406, ""weatherapi"": 0.04313731973740067}"
2026-03-25T06:30:04.098403-04:00,2026-03-24,fl,14,"{""consensus"": 0.2489000113656217, ""google-weather"": 0.0039427165647891085, ""open-meteo"": 0.031216474321017776, ""openweathermap"": 0.004430337554353206, ""pirateweather"": 0.019395259962221283, ""tomorrow"": 0.023091840074591002, ""visual-crossing"": 0.4325023247748418, ""weather.gov"": 0.0030670524970182697, ""weatherapi"": 0.23345398288554572}"
2026-03-26T06:30:04.337047-04:00,2026-03-25,ny,14,"{""consensus"": 0.2929658347281118, ""google-weather"": 0.006085489532220141, ""open-meteo"": 0.11255852329051946, ""openweathermap"": 0.007688526416930731, ""pirateweather"": 0.1917022333817138, ""tomorrow"": 0.1074229976038052, ""visual-crossing"": 0.24676761153344542, ""weather.gov"": 0.0037546395664506747, ""weatherapi"": 0.03105414394680252}"
2026-03-26T06:30:04.337047-04:00,2026-03-25,il,14,"{""consensus"": 0.2681220549986192, ""google-weather"": 0.0008288195054551399, ""open-meteo"": 0.08721274911564585, ""openweathermap"": 0.0014529589565647036, ""pirateweather"": 0.020163742992253465, ""tomorrow"": 0.07063672058350601, ""visual-crossing"": 0.5254387942587257, ""weather.gov"": 0.00046897861769550016, ""weatherapi"": 0.025675180971534418}"
2026-03-26T06:30:04.337047-04:00,2026-03-25,tx,14,"{""consensus"": 0.22008604633260478, ""google-weather"": 0.0011097469054484426, ""open-meteo"": 0.010693707006631343, ""openweathermap"": 0.001572678651248618, ""pirateweather"": 0.08091518872328433, ""tomorrow"": 0.10987397826863067, ""visual-crossing"": 0.5341168516695094, ""weather.gov"": 0.0003308797135294445, ""weatherapi"": 0.04130092272911304}"
2026-03-26T06:30:04.337047-04:00,2026-03-25,fl,14,"{""consensus"": 0.26956436037153425, ""google-weather"": 0.004109521838467568, ""open-meteo"": 0.03611167550951694, ""openweathermap"": 0.00451415759195812, ""pirateweather"": 0.02056311240957197, ""tomorrow"": 0.02430993810443331, ""visual-crossing"": 0.43895865022196584, ""weather.gov"": 0.003212586546313589, ""weatherapi"": 0.19865599740623838}"
2026-03-27T06:30:04.192620-04:00,2026-03-26,ny,14,"{""consensus"": 0.32376105706402813, ""google-weather"": 0.0059662090847941, ""open-meteo"": 0.14104089498702158, ""openweathermap"": 0.009410967810013065, ""pirateweather"": 0.14553431413984622, ""tomorrow"": 0.11572789879246377, ""visual-crossing"": 0.23095071867772637, ""weather.gov"": 0.002997094284976841, ""weatherapi"": 0.02461084515912988}"
2026-03-27T06:30:04.192620-04:00,2026-03-26,il,14,"{""consensus"": 0.2459626491028933, ""google-weather"": 0.0007949742312634176, ""open-meteo"": 0.09211984402556338, ""openweathermap"": 0.0018493660165486317, ""pirateweather"": 0.023324445659565336, ""tomorrow"": 0.07958886328012657, ""visual-crossing"": 0.5228811943292059, ""weather.gov"": 0.0004518529434433008, ""weatherapi"": 0.03302681041139025}"
2026-03-27T06:30:04.192620-04:00,2026-03-26,tx,14,"{""consensus"": 0.27174292605242223, ""google-weather"": 0.0009883405398952217, ""open-meteo"": 0.013579184050713311, ""openweathermap"": 0.0014672084043310277, ""pirateweather"": 0.07295513557354412, ""tomorrow"": 0.09579115378061845, ""visual-crossing"": 0.488850625825679, ""weather.gov"": 0.00030868956994336286, ""weatherapi"": 0.054316736202853204}"
2026-03-27T06:30:04.192620-04:00,2026-03-26,fl,14,"{""consensus"": 0.29570969725344914, ""google-weather"": 0.003298490535944973, ""open-meteo"": 0.03168589737113027, ""openweathermap"": 0.0036839413199395987, ""pirateweather"": 0.016993414197780762, ""tomorrow"": 0.020195948921294275, ""visual-crossing"": 0.4733505035029978, ""weather.gov"": 0.0026003157763368847, ""weatherapi"": 0.15248179112112648}"
2026-03-28T06:30:03.050687-04:00,2026-03-27,ny,14,"{""consensus"": 0.32995152725265287, ""google-weather"": 0.00460321453750061, ""open-meteo"": 0.12556133131452152, ""openweathermap"": 0.006805149279832975, ""pirateweather"": 0.1826062168180729, ""tomorrow"": 0.0943554368877157, ""visual-crossing"": 0.22913300503656456, ""weather.gov"": 0.002395232185207981, ""weatherapi"": 0.02458888668793096}"
2026-03-28T06:30:03.050687-04:00,2026-03-27,il,14,"{""consensus"": 0.2401557613564401, ""google-weather"": 0.0009089076956819652, ""open-meteo"": 0.11238419211199141, ""openweathermap"": 0.0020517049385513604, ""pirateweather"": 0.024817005284493123, ""tomorrow"": 0.08595120175405845, ""visual-crossing"": 0.4934780212204844, ""weather.gov"": 0.0005222497448180677, ""weatherapi"": 0.03973095589348117}"
2026-03-28T06:30:03.050687-04:00,2026-03-27,tx,14,"{""consensus"": 0.28976513619168787, ""google-weather"": 0.001007732966252432, ""open-meteo"": 0.014501051683177923, ""openweathermap"": 0.001591783444167712, ""pirateweather"": 0.09222220449537621, ""tomorrow"": 0.0947640837746346, ""visual-crossing"": 0.4421313092589352, ""weather.gov"": 0.00032809941059995317, ""weatherapi"": 0.06368859877516819}"
2026-03-28T06:30:03.050687-04:00,2026-03-27,fl,14,"{""consensus"": 0.28983403511936245, ""google-weather"": 0.002954406832066871, ""open-meteo"": 0.03151320241483438, ""openweathermap"": 0.003456237601526645, ""pirateweather"": 0.014744513641409517, ""tomorrow"": 0.01672337832636709, ""visual-crossing"": 0.5150425351061786, ""weather.gov"": 0.0023021770654917486, ""weatherapi"": 0.1234295138927624}"
2026-03-29T06:30:05.656416-04:00,2026-03-28,ny,14,"{""consensus"": 0.3266916970730264, ""google-weather"": 0.004710790159575019, ""open-meteo"": 0.11729217300985367, ""openweathermap"": 0.0067172116323075265, ""pirateweather"": 0.19448931136160397, ""tomorrow"": 0.09169600550360386, ""visual-crossing"": 0.22939098405162772, ""weather.gov"": 0.0025312458115165828, ""weatherapi"": 0.026480581396885156}"
2026-03-29T06:30:05.656416-04:00,2026-03-28,il,14,"{""consensus"": 0.20990637999886955, ""google-weather"": 0.0007559410380005059, ""open-meteo"": 0.1327987914019972, ""openweathermap"": 0.001470451151731654, ""pirateweather"": 0.021532830093083412, ""tomorrow"": 0.08366713805174865, ""visual-crossing"": 0.5229196128234287, ""weather.gov"": 0.00043330026224000127, ""weatherapi"": 0.02651555517890025}"
2026-03-29T06:30:05.656416-04:00,2026-03-28,tx,14,"{""consensus"": 0.31607421265860763, ""google-weather"": 0.0011354676656680168, ""open-meteo"": 0.01561695811227524, ""openweathermap"": 0.0017939976491732077, ""pirateweather"": 0.09868407378174655, ""tomorrow"": 0.09382446559022717, ""visual-crossing"": 0.4016586012447931, ""weather.gov"": 0.00035964603792753674, ""weatherapi"": 0.07085257725958151}"
2026-03-29T06:30:05.656416-04:00,2026-03-28,fl,14,"{""consensus"": 0.2997060248067916, ""google-weather"": 0.0031916560486723957, ""open-meteo"": 0.03891224568969646, ""openweathermap"": 0.0037666698931903223, ""pirateweather"": 0.015989581562169803, ""tomorrow"": 0.017529892810234884, ""visual-crossing"": 0.49315823697293665, ""weather.gov"": 0.002459573383351572, ""weatherapi"": 0.12528611883295618}"
2026-03-30T06:30:04.520232-04:00,2026-03-29,ny,14,"{""consensus"": 0.31084525081644593, ""google-weather"": 0.003845816215756005, ""open-meteo"": 0.12439854580556856, ""openweathermap"": 0.006378943559599452, ""pirateweather"": 0.19125533283059004, ""tomorrow"": 0.09892399702358655, ""visual-crossing"": 0.24097777875621967, ""weather.gov"": 0.002135814940721215, ""weatherapi"": 0.021238520051512524}"
2026-03-30T06:30:04.520232-04:00,2026-03-29,il,14,"{""consensus"": 0.20666618987478713, ""google-weather"": 0.0007498460347627188, ""open-meteo"": 0.1174313981167503, ""openweathermap"": 0.001596897408386514, ""pirateweather"": 0.02198813885208502, ""tomorrow"": 0.06966258151473022, ""visual-crossing"": 0.5646389361618864, ""weather.gov"": 0.000453335607916915, ""weatherapi"": 0.016812676428694707}"
2026-03-30T06:30:04.520232-04:00,2026-03-29,tx,14,"{""consensus"": 0.36647239151186534, ""google-weather"": 0.001165862915875105, ""open-meteo"": 0.014553350035917468, ""openweathermap"": 0.002404235486438544, ""pirateweather"": 0.12504849945226235, ""tomorrow"": 0.08466910838410285, ""visual-crossing"": 0.3357493674973582, ""weather.gov"": 0.00036842855471121795, ""weatherapi"": 0.06956875616146871}"
2026-03-30T06:30:04.520232-04:00,2026-03-29,fl,14,"{""consensus"": 0.2849604333770128, ""google-weather"": 0.0032628964328572764, ""open-meteo"": 0.038769261832344346, ""openweathermap"": 0.004029178198821865, ""pirateweather"": 0.015789574736574847, ""tomorrow"": 0.0170890289964123, ""visual-crossing"": 0.49670613668182584, ""weather.gov"": 0.0024888608212222797, ""weatherapi"": 0.13690462892292832}"
2026-03-31T06:30:05.100505-04:00,2026-03-30,ny,14,"{""consensus"": 0.3245712270769053, ""google-weather"": 0.003163609419120302, ""open-meteo"": 0.12321657908815388, ""openweathermap"": 0.006075746477233096, ""pirateweather"": 0.1702083652711343, ""tomorrow"": 0.09748157410956206, ""visual-crossing"": 0.2506458174997887, ""weather.gov"": 0.0021689199999981724, ""weatherapi"": 0.022468161058104338}"
2026-03-31T06:30:05.100505-04:00,2026-03-30,il,14,"{""consensus"": 0.17816277783683737, ""google-weather"": 0.0006152724127687234, ""open-meteo"": 0.2357727575826685, ""openweathermap"": 0.0012471843415588562, ""pirateweather"": 0.017700380934490466, ""tomorrow"": 0.08182388231110349, ""visual-crossing"": 0.4703481107347643, ""weather.gov"": 0.00037131214986270655, ""weatherapi"": 0.013958321695945538}"
2026-03-31T06:30:05.100505-04:00,2026-03-30,tx,14,"{""consensus"": 0.34740703178816035, ""google-weather"": 0.0010718875939948376, ""open-meteo"": 0.02560774209844706, ""openweathermap"": 0.0022680531273502813, ""pirateweather"": 0.11806482626699649, ""tomorrow"": 0.07813342615727986, ""visual-crossing"": 0.33303877571694757, ""weather.gov"": 0.00036959522567277746, ""weatherapi"": 0.09403866202515097}"
2026-03-31T06:30:05.100505-04:00,2026-03-30,fl,14,"{""consensus"": 0.34435356517950516, ""google-weather"": 0.0035605544230416114, ""open-meteo"": 0.05018748856805592, ""openweathermap"": 0.003987465724210976, ""pirateweather"": 0.018171182879050788, ""tomorrow"": 0.019145919081758347, ""visual-crossing"": 0.43840320260757554, ""weather.gov"": 0.003082403598442601, ""weatherapi"": 0.11910821793835907}"
2026-04-01T06:30:04.701048-04:00,2026-03-31,ny,14,"{""consensus"": 0.26140077983822885, ""google-weather"": 0.0017637252660075088, ""open-meteo"": 0.2618235637579689, ""openweathermap"": 0.0038869263012714654, ""pirateweather"": 0.14998086914031306, ""tomorrow"": 0.07671725879539042, ""visual-crossing"": 0.23031894915609535, ""weather.gov"": 0.0011883745025887803, ""weatherapi"": 0.012919553242135545}"
2026-04-01T06:30:04.701048-04:00,2026-03-31,il,14,"{""consensus"": 0.20453999597618203, ""google-weather"": 0.0005434357227818065, ""open-meteo"": 0.07225220581254943, ""openweathermap"": 0.0010739448787349562, ""pirateweather"": 0.01836116475555591, ""tomorrow"": 0.07263012196563916, ""visual-crossing"": 0.6176695823769006, ""weather.gov"": 0.0003240468304950162, ""weatherapi"": 0.01260550168116124}"
2026-04-01T06:30:04.701048-04:00,2026-03-31,tx,14,"{""consensus"": 0.3457616610801899, ""google-weather"": 0.0011278348912742893, ""open-meteo"": 0.026003592888166446, ""openweathermap"": 0.00264434824239126, ""pirateweather"": 0.10288260610400896, ""tomorrow"": 0.06937375867758307, ""visual-crossing"": 0.3205697248692282, ""weather.gov"": 0.00040888995519034203, ""weatherapi"": 0.13122758329196751}"
2026-04-01T06:30:04.701048-04:00,2026-03-31,fl,14,"{""consensus"": 0.32678866716838734, ""google-weather"": 0.003864953646357856, ""open-meteo"": 0.07243249741715538, ""openweathermap"": 0.004815135048118418, ""pirateweather"": 0.020052130033686142, ""tomorrow"": 0.018751174390049405, ""visual-crossing"": 0.419158492559856, ""weather.gov"": 0.0033481921931080064, ""weatherapi"": 0.13078875754328148}"
2026-04-03T06:30:05.659735-04:00,2026-04-02,ny,14,"{""consensus"": 0.1900471634908284, ""google-weather"": 0.003656264829794181, ""open-meteo"": 0.127818228419051, ""openweathermap"": 0.007615758795534022, ""pirateweather"": 0.1870811003848745, ""tomorrow"": 0.12236782178040916, ""visual-crossing"": 0.3337169974070252, ""weather.gov"": 0.0024878095923294933, ""weatherapi"": 0.025208855300154074}"
2026-04-03T06:30:05.659735-04:00,2026-04-02,il,14,"{""consensus"": 0.19410780673482214, ""google-weather"": 0.0005252874560729704, ""open-meteo"": 0.054109750642270096, ""openweathermap"": 0.0010129208251166498, ""pirateweather"": 0.01994415741331319, ""tomorrow"": 0.05935036200432299, ""visual-crossing"": 0.660479257439344, ""weather.gov"": 0.0002703517689436717, ""weatherapi"": 0.010200105715794336}"
2026-04-03T06:30:05.659735-04:00,2026-04-02,tx,14,"{""consensus"": 0.3267301428165318, ""google-weather"": 0.0010793261330019849, ""open-meteo"": 0.023821799369094558, ""openweathermap"": 0.0025249241215403243, ""pirateweather"": 0.0903487557051257, ""tomorrow"": 0.061792080055667435, ""visual-crossing"": 0.30190795648415675, ""weather.gov"": 0.0004155751726871772, ""weatherapi"": 0.19137944014219432}"
2026-04-03T06:30:05.659735-04:00,2026-04-02,fl,14,"{""consensus"": 0.32348527466569066, ""google-weather"": 0.003944599475414473, ""open-meteo"": 0.07675482412221438, ""openweathermap"": 0.004946805606041431, ""pirateweather"": 0.019212491223226692, ""tomorrow"": 0.017549308916325397, ""visual-crossing"": 0.4204869799331289, ""weather.gov"": 0.0034208014207554815, ""weatherapi"": 0.13019891463720254}"
2026-04-04T06:30:02.659703-04:00,2026-04-03,ny,14,"{""consensus"": 0.18506598352456508, ""google-weather"": 0.0038445083820773285, ""open-meteo"": 0.12392835170765065, ""openweathermap"": 0.00657145600863668, ""pirateweather"": 0.164706597280989, ""tomorrow"": 0.13511970089897235, ""visual-crossing"": 0.34346790517856657, ""weather.gov"": 0.0024871731696882666, ""weatherapi"": 0.034808323848853955}"
2026-04-04T06:30:02.659703-04:00,2026-04-03,il,14,"{""consensus"": 0.19110644513805977, ""google-weather"": 0.0005944569236303402, ""open-meteo"": 0.037604780912132756, ""openweathermap"": 0.001397147395263443, ""pirateweather"": 0.027125146159692616, ""tomorrow"": 0.03687865526015482, ""visual-crossing"": 0.6973351249761166, ""weather.gov"": 0.00030722796417147755, ""weatherapi"": 0.00765101527077816}"
2026-04-04T06:30:02.659703-04:00,2026-04-03,tx,14,"{""consensus"": 0.316715560466792, ""google-weather"": 0.0013866465255057748, ""open-meteo"": 0.03117729866689698, ""openweathermap"": 0.0032221700436011022, ""pirateweather"": 0.11780084383552818, ""tomorrow"": 0.07710176780754145, ""visual-crossing"": 0.3057116108452441, ""weather.gov"": 0.0005240052892906055, ""weatherapi"": 0.14636009651959964}"
2026-04-04T06:30:02.659703-04:00,2026-04-03,fl,14,"{""consensus"": 0.31078166845659, ""google-weather"": 0.004025413739129259, ""open-meteo"": 0.08385167589046585, ""openweathermap"": 0.00506746000923802, ""pirateweather"": 0.018767852323162665, ""tomorrow"": 0.016693970372444827, ""visual-crossing"": 0.4308112770194602, ""weather.gov"": 0.0033650549628570204, ""weatherapi"": 0.12663562722665217}"
2026-04-05T06:30:03.497869-04:00,2026-04-04,ny,14,"{""consensus"": 0.18577985861868007, ""google-weather"": 0.003796535640272787, ""open-meteo"": 0.11330145109400885, ""openweathermap"": 0.005382942195304289, ""pirateweather"": 0.16659748084080273, ""tomorrow"": 0.125813962201412, ""visual-crossing"": 0.3605863608760031, ""weather.gov"": 0.0024512425590276785, ""weatherapi"": 0.03629016597448858}"
2026-04-05T06:30:03.497869-04:00,2026-04-04,il,14,"{""consensus"": 0.2059978452726321, ""google-weather"": 0.0007119704342859163, ""open-meteo"": 0.04157570190045077, ""openweathermap"": 0.0015990751979535651, ""pirateweather"": 0.04610145934220108, ""tomorrow"": 0.04329106835391978, ""visual-crossing"": 0.6503779973226381, ""weather.gov"": 0.0004157570190045077, ""weatherapi"": 0.009929125156914088}"
2026-04-05T06:30:03.497869-04:00,2026-04-04,tx,14,"{""consensus"": 0.29592620509562206, ""google-weather"": 0.0016467686180583903, ""open-meteo"": 0.04286656420970246, ""openweathermap"": 0.003736857246489371, ""pirateweather"": 0.11957908824388826, ""tomorrow"": 0.08604173154813384, ""visual-crossing"": 0.2957526205181053, ""weather.gov"": 0.0006402079358341986, ""weatherapi"": 0.1538099565841662}"
2026-04-05T06:30:03.497869-04:00,2026-04-04,fl,14,"{""consensus"": 0.33763349518167396, ""google-weather"": 0.003420513319674452, ""open-meteo"": 0.09033101896002672, ""openweathermap"": 0.0040019828387834345, ""pirateweather"": 0.015392263705524576, ""tomorrow"": 0.013710551187500617, ""visual-crossing"": 0.3905695682471704, ""weather.gov"": 0.0029868402655575375, ""weatherapi"": 0.1419537662940885}"
2026-04-06T06:30:03.566078-04:00,2026-04-05,ny,14,"{""consensus"": 0.18979886462257023, ""google-weather"": 0.0036891304564472933, ""open-meteo"": 0.14501772260655546, ""openweathermap"": 0.004605582302133459, ""pirateweather"": 0.14509603648259922, ""tomorrow"": 0.11735030302709273, ""visual-crossing"": 0.3614886753649855, ""weather.gov"": 0.0023615856687114554, ""weatherapi"": 0.030592099468904562}"
2026-04-06T06:30:03.566078-04:00,2026-04-05,il,14,"{""consensus"": 0.2642088037203296, ""google-weather"": 0.0006403282269495239, ""open-meteo"": 0.028796046491138108, ""openweathermap"": 0.003135436130432971, ""pirateweather"": 0.04087323272125304, ""tomorrow"": 0.08041076291737491, ""visual-crossing"": 0.5724598381751441, ""weather.gov"": 0.00035902263839953627, ""weatherapi"": 0.009116528978978196}"
2026-04-06T06:30:03.566078-04:00,2026-04-05,tx,14,"{""consensus"": 0.307707614261901, ""google-weather"": 0.0017644079043805233, ""open-meteo"": 0.04714818738797691, ""openweathermap"": 0.004504779328567983, ""pirateweather"": 0.1375440111983598, ""tomorrow"": 0.0857817980896415, ""visual-crossing"": 0.32047537065118487, ""weather.gov"": 0.000708749981496616, ""weatherapi"": 0.09436508119649091}"
2026-04-06T06:30:03.566078-04:00,2026-04-05,fl,14,"{""consensus"": 0.3530600175865715, ""google-weather"": 0.0037684047546985458, ""open-meteo"": 0.09950247474365838, ""openweathermap"": 0.004419852208297535, ""pirateweather"": 0.016080173120544612, ""tomorrow"": 0.01461849166919719, ""visual-crossing"": 0.3501539215911288, ""weather.gov"": 0.0035272385000973566, ""weatherapi"": 0.15486942582580585}"
2026-04-07T06:30:04.298259-04:00,2026-04-06,ny,14,"{""consensus"": 0.18342138873829456, ""google-weather"": 0.0038758730308441625, ""open-meteo"": 0.13454489265854563, ""openweathermap"": 0.005497514765278556, ""pirateweather"": 0.15971864271224345, ""tomorrow"": 0.15091149889853006, ""visual-crossing"": 0.32574501679733064, ""weather.gov"": 0.0024477359850860626, ""weatherapi"": 0.033837436413846955}"
2026-04-07T06:30:04.298259-04:00,2026-04-06,il,14,"{""consensus"": 0.25588595059942454, ""google-weather"": 0.0005972762136709503, ""open-meteo"": 0.024833875742137093, ""openweathermap"": 0.002291064099373339, ""pirateweather"": 0.03395841268300706, ""tomorrow"": 0.06905029192797695, ""visual-crossing"": 0.6044720662700636, ""weather.gov"": 0.00033780253808150015, ""weatherapi"": 0.008573259926264853}"
2026-04-07T06:30:04.298259-04:00,2026-04-06,tx,14,"{""consensus"": 0.32359045506119444, ""google-weather"": 0.0016616887349127768, ""open-meteo"": 0.04553772846559971, ""openweathermap"": 0.003503054605275741, ""pirateweather"": 0.1353678016218778, ""tomorrow"": 0.0766087673349407, ""visual-crossing"": 0.34486462531561834, ""weather.gov"": 0.0006269700629918402, ""weatherapi"": 0.06823890879758863}"
2026-04-07T06:30:04.298259-04:00,2026-04-06,fl,14,"{""consensus"": 0.34599100077434025, ""google-weather"": 0.003778930375922107, ""open-meteo"": 0.10479746968435102, ""openweathermap"": 0.004532607835820052, ""pirateweather"": 0.015352790056513757, ""tomorrow"": 0.013996355161549907, ""visual-crossing"": 0.3610231931705218, ""weather.gov"": 0.003722170483907202, ""weatherapi"": 0.14680548245707414}"
2026-04-08T06:30:03.024293-04:00,2026-04-07,ny,14,"{""consensus"": 0.16753991225235748, ""google-weather"": 0.0037817963487117284, ""open-meteo"": 0.1841203491115439, ""openweathermap"": 0.004192932061959995, ""pirateweather"": 0.13320012241411078, ""tomorrow"": 0.14823211014156204, ""visual-crossing"": 0.30982457452688517, ""weather.gov"": 0.002304297747974618, ""weatherapi"": 0.04680390539489432}"
2026-04-08T06:30:03.024293-04:00,2026-04-07,il,14,"{""consensus"": 0.28036027060870383, ""google-weather"": 0.0006319303272812679, ""open-meteo"": 0.014275064268816971, ""openweathermap"": 0.003265337488168836, ""pirateweather"": 0.042778171033686245, ""tomorrow"": 0.06490296780141355, ""visual-crossing"": 0.5841267102127222, ""weather.gov"": 0.00034874664461831216, ""weatherapi"": 0.009310801614589082}"
2026-04-08T06:30:03.024293-04:00,2026-04-07,tx,14,"{""consensus"": 0.32266219633505466, ""google-weather"": 0.001823989335911016, ""open-meteo"": 0.05395056176702019, ""openweathermap"": 0.003395982463165636, ""pirateweather"": 0.1629288511126642, ""tomorrow"": 0.0825984896063633, ""visual-crossing"": 0.31294750577850394, ""weather.gov"": 0.0006787462404724413, ""weatherapi"": 0.059013677360844584}"
2026-04-08T06:30:03.024293-04:00,2026-04-07,fl,14,"{""consensus"": 0.3218845272227485, ""google-weather"": 0.004819027358958998, ""open-meteo"": 0.13154182073393822, ""openweathermap"": 0.005967711503982539, ""pirateweather"": 0.019185703356544678, ""tomorrow"": 0.018754677224055535, ""visual-crossing"": 0.3624172261194755, ""weather.gov"": 0.004959105077284841, ""weatherapi"": 0.1304702014030112}"
2026-04-09T06:30:05.010594-04:00,2026-04-08,ny,14,"{""consensus"": 0.17898649549364976, ""google-weather"": 0.003531520554928703, ""open-meteo"": 0.1814565931788649, ""openweathermap"": 0.003895332659685403, ""pirateweather"": 0.1298147135400982, ""tomorrow"": 0.13698962420086722, ""visual-crossing"": 0.3212843106256795, ""weather.gov"": 0.002109522772563843, ""weatherapi"": 0.04193188697366245}"
2026-04-09T06:30:05.010594-04:00,2026-04-08,il,14,"{""consensus"": 0.2871730084772702, ""google-weather"": 0.0006434331474982286, ""open-meteo"": 0.016217236189368076, ""openweathermap"": 0.004243657063659912, ""pirateweather"": 0.04210089044452008, ""tomorrow"": 0.06698348085959085, ""visual-crossing"": 0.5724734360834939, ""weather.gov"": 0.0003587294807107037, ""weatherapi"": 0.009806128253888161}"
2026-04-09T06:30:05.010594-04:00,2026-04-08,tx,14,"{""consensus"": 0.3201231768866909, ""google-weather"": 0.0019355678118716598, ""open-meteo"": 0.06285265590731222, ""openweathermap"": 0.003803043666883896, ""pirateweather"": 0.16663617265116035, ""tomorrow"": 0.09532604514079479, ""visual-crossing"": 0.2911631849572322, ""weather.gov"": 0.000730985329179621, ""weatherapi"": 0.05742916764887415}"
2026-04-09T06:30:05.010594-04:00,2026-04-08,fl,14,"{""consensus"": 0.2621866501162652, ""google-weather"": 0.006033247960096851, ""open-meteo"": 0.12401590615724421, ""openweathermap"": 0.007366378266959925, ""pirateweather"": 0.021723377882277472, ""tomorrow"": 0.023721588435451642, ""visual-crossing"": 0.4183185939630979, ""weather.gov"": 0.006200830210213218, ""weatherapi"": 0.13043342700839367}"
2026-04-10T06:30:06.989389-04:00,2026-04-09,ny,14,"{""consensus"": 0.18603880121519564, ""google-weather"": 0.0033702254887172335, ""open-meteo"": 0.16734664146406872, ""openweathermap"": 0.004369931007518055, ""pirateweather"": 0.15295433358713315, ""tomorrow"": 0.1293887340886038, ""visual-crossing"": 0.31127439183079364, ""weather.gov"": 0.0023265581729455974, ""weatherapi"": 0.0429303831450242}"
2026-04-10T06:30:06.989389-04:00,2026-04-09,il,14,"{""consensus"": 0.3410078912230062, ""google-weather"": 0.0008782974258993882, ""open-meteo"": 0.020805972216953298, ""openweathermap"": 0.002724119890767128, ""pirateweather"": 0.045496309334372244, ""tomorrow"": 0.08730988730903885, ""visual-crossing"": 0.49292051710973633, ""weather.gov"": 0.0004295991678373071, ""weatherapi"": 0.008427406322389364}"
2026-04-10T06:30:06.989389-04:00,2026-04-09,tx,14,"{""consensus"": 0.2863788638483894, ""google-weather"": 0.002496135104122844, ""open-meteo"": 0.08162004581104586, ""openweathermap"": 0.00428801809965386, ""pirateweather"": 0.1483297454476961, ""tomorrow"": 0.13146989180095192, ""visual-crossing"": 0.26576379511939713, ""weather.gov"": 0.0009833357993079643, ""weatherapi"": 0.07867016896943493}"
2026-04-10T06:30:06.989389-04:00,2026-04-09,fl,14,"{""consensus"": 0.26077678883881095, ""google-weather"": 0.006352545307766209, ""open-meteo"": 0.1179903065649412, ""openweathermap"": 0.0075239922876486395, ""pirateweather"": 0.022500994073835375, ""tomorrow"": 0.0259256044698357, ""visual-crossing"": 0.42921748992248066, ""weather.gov"": 0.006647694412623951, ""weatherapi"": 0.12306458412205726}"
2026-04-11T06:30:07.188110-04:00,2026-04-10,ny,14,"{""consensus"": 0.17009967997139352, ""google-weather"": 0.0033157562084991645, ""open-meteo"": 0.17370483575216714, ""openweathermap"": 0.0047529326120797745, ""pirateweather"": 0.1260590274128502, ""tomorrow"": 0.15036404150637978, ""visual-crossing"": 0.33049695101921117, ""weather.gov"": 0.0024080985164497888, ""weatherapi"": 0.038798677000969596}"
2026-04-11T06:30:07.188110-04:00,2026-04-10,il,14,"{""consensus"": 0.3487605645026488, ""google-weather"": 0.0010464073091322906, ""open-meteo"": 0.01217343253241393, ""openweathermap"": 0.0033576225438325114, ""pirateweather"": 0.06594846609852861, ""tomorrow"": 0.11249451800669218, ""visual-crossing"": 0.44457297905823684, ""weather.gov"": 0.0005343065372414653, ""weatherapi"": 0.011111703411273266}"
2026-04-11T06:30:07.188110-04:00,2026-04-10,tx,14,"{""consensus"": 0.2821674235457464, ""google-weather"": 0.0027538554451499164, ""open-meteo"": 0.08677928760957258, ""openweathermap"": 0.004199467255041624, ""pirateweather"": 0.11541996532317257, ""tomorrow"": 0.15230275292716638, ""visual-crossing"": 0.2919887097538575, ""weather.gov"": 0.0010998318491327217, ""weatherapi"": 0.06328870629116047}"
2026-04-11T06:30:07.188110-04:00,2026-04-10,fl,14,"{""consensus"": 0.2571168578128861, ""google-weather"": 0.006464762940930055, ""open-meteo"": 0.10103786308248955, ""openweathermap"": 0.0076100912490013285, ""pirateweather"": 0.023044110733049555, ""tomorrow"": 0.0270345112004045, ""visual-crossing"": 0.4284356998064586, ""weather.gov"": 0.007231045663180961, ""weatherapi"": 0.14202505751159916}"
2026-04-12T06:30:20.071927-04:00,2026-04-11,ny,14,"{""consensus"": 0.17210770387506685, ""google-weather"": 0.003248970399105294, ""open-meteo"": 0.19762149392502193, ""openweathermap"": 0.004714691431436834, ""pirateweather"": 0.11540434174294893, ""tomorrow"": 0.15296055660206798, ""visual-crossing"": 0.318801406552781, ""weather.gov"": 0.002162844468424382, ""weatherapi"": 0.03297799100314675}"
2026-04-12T06:30:20.071927-04:00,2026-04-11,il,14,"{""consensus"": 0.3508573121746253, ""google-weather"": 0.0017886973481731103, ""open-meteo"": 0.022377732496125947, ""openweathermap"": 0.005709141503893624, ""pirateweather"": 0.09230032267213005, ""tomorrow"": 0.14131090475492075, ""visual-crossing"": 0.36100887266272547, ""weather.gov"": 0.0009221038952387521, ""weatherapi"": 0.023724912492167138}"
2026-04-12T06:30:20.071927-04:00,2026-04-11,tx,14,"{""consensus"": 0.26414058617265146, ""google-weather"": 0.0025886685711870566, ""open-meteo"": 0.09831394652359322, ""openweathermap"": 0.003712032079198638, ""pirateweather"": 0.0926196565966772, ""tomorrow"": 0.1687070588722353, ""visual-crossing"": 0.30591449677122534, ""weather.gov"": 0.0010826286381321168, ""weatherapi"": 0.06292092577509964}"
2026-04-12T06:30:20.071927-04:00,2026-04-11,fl,14,"{""consensus"": 0.253173399428807, ""google-weather"": 0.006906562477351343, ""open-meteo"": 0.09681298816252158, ""openweathermap"": 0.00794137513320156, ""pirateweather"": 0.024537446378712743, ""tomorrow"": 0.03003609271629719, ""visual-crossing"": 0.43211510288766825, ""weather.gov"": 0.007944316655588863, ""weatherapi"": 0.1405327161598513}"
2026-04-13T06:30:02.719730-04:00,2026-04-12,ny,14,"{""consensus"": 0.16655244317366463, ""google-weather"": 0.0037665434983713466, ""open-meteo"": 0.16409627483195924, ""openweathermap"": 0.006049299147232196, ""pirateweather"": 0.12419635776252909, ""tomorrow"": 0.16883667818919343, ""visual-crossing"": 0.32757012801312163, ""weather.gov"": 0.0025355944935815996, ""weatherapi"": 0.03639668089034685}"
2026-04-13T06:30:02.719730-04:00,2026-04-12,il,14,"{""consensus"": 0.3831053803349035, ""google-weather"": 0.0017251041249746262, ""open-meteo"": 0.02363263537953386, ""openweathermap"": 0.0038943439403887215, ""pirateweather"": 0.08439703626146382, ""tomorrow"": 0.15291526048009849, ""visual-crossing"": 0.3221869344050059, ""weather.gov"": 0.0008924845828393515, ""weatherapi"": 0.027250820490791697}"
2026-04-13T06:30:02.719730-04:00,2026-04-12,tx,14,"{""consensus"": 0.2377441553213773, ""google-weather"": 0.002986722882998655, ""open-meteo"": 0.12302184474636917, ""openweathermap"": 0.004224942951907364, ""pirateweather"": 0.08699367869551655, ""tomorrow"": 0.17800059341575683, ""visual-crossing"": 0.30217574559909777, ""weather.gov"": 0.0013434794294533664, ""weatherapi"": 0.06350883695752299}"
2026-04-13T06:30:02.719730-04:00,2026-04-12,fl,14,"{""consensus"": 0.2436305550432696, ""google-weather"": 0.005973660746248968, ""open-meteo"": 0.10335585772412281, ""openweathermap"": 0.006872783466294951, ""pirateweather"": 0.02105788011288814, ""tomorrow"": 0.025518980341591217, ""visual-crossing"": 0.4595084296533563, ""weather.gov"": 0.00669026977417715, ""weatherapi"": 0.12739158313805088}"
2026-04-14T06:30:04.958088-04:00,2026-04-13,ny,14,"{""consensus"": 0.16875901020979028, ""google-weather"": 0.0037953227581459066, ""open-meteo"": 0.15890327527893716, ""openweathermap"": 0.005857862700549646, ""pirateweather"": 0.15069940782072078, ""tomorrow"": 0.16362201973497492, ""visual-crossing"": 0.31376532762684806, ""weather.gov"": 0.002356157084183639, ""weatherapi"": 0.03224161678584954}"
2026-04-14T06:30:04.958088-04:00,2026-04-13,il,14,"{""consensus"": 0.3794894983140493, ""google-weather"": 0.0019221650862869394, ""open-meteo"": 0.025740949651798593, ""openweathermap"": 0.004259458522677687, ""pirateweather"": 0.1010223235167855, ""tomorrow"": 0.15008457152883056, ""visual-crossing"": 0.30823724716059087, ""weather.gov"": 0.0009761595588175146, ""weatherapi"": 0.028267626660162876}"
2026-04-14T06:30:04.958088-04:00,2026-04-13,tx,14,"{""consensus"": 0.21159681910494949, ""google-weather"": 0.003122486312028398, ""open-meteo"": 0.15188850472989016, ""openweathermap"": 0.0042885105215401285, ""pirateweather"": 0.07177258984849655, ""tomorrow"": 0.20830574691932735, ""visual-crossing"": 0.2799183644641329, ""weather.gov"": 0.0014153925740697866, ""weatherapi"": 0.0676915855255652}"
2026-04-14T06:30:04.958088-04:00,2026-04-13,fl,14,"{""consensus"": 0.20993024234563482, ""google-weather"": 0.005685637982921006, ""open-meteo"": 0.09217446840606229, ""openweathermap"": 0.006895073098678335, ""pirateweather"": 0.019379297521985417, ""tomorrow"": 0.023019632073630683, ""visual-crossing"": 0.4666332463056903, ""weather.gov"": 0.006174732554814414, ""weatherapi"": 0.17010766971058275}"
2026-04-15T06:30:02.399271-04:00,2026-04-14,ny,14,"{""consensus"": 0.16416667797201473, ""google-weather"": 0.003975463377626584, ""open-meteo"": 0.13104121366821578, ""openweathermap"": 0.005619906799150527, ""pirateweather"": 0.1532202403762078, ""tomorrow"": 0.18041292421264443, ""visual-crossing"": 0.3239494467162245, ""weather.gov"": 0.002385559944464137, ""weatherapi"": 0.03522856693345147}"
2026-04-15T06:30:02.399271-04:00,2026-04-14,il,14,"{""consensus"": 0.37597773082182007, ""google-weather"": 0.002167598634062286, ""open-meteo"": 0.03534532535484637, ""openweathermap"": 0.0047047972874973455, ""pirateweather"": 0.08572737471848661, ""tomorrow"": 0.17719945249404193, ""visual-crossing"": 0.29123809025500225, ""weather.gov"": 0.0010469501799098158, ""weatherapi"": 0.026592680254333166}"
2026-04-15T06:30:02.399271-04:00,2026-04-14,tx,14,"{""consensus"": 0.19446395426077523, ""google-weather"": 0.0030914225764020415, ""open-meteo"": 0.16182513429288473, ""openweathermap"": 0.004128804175369526, ""pirateweather"": 0.0658945714236357, ""tomorrow"": 0.246860882217923, ""visual-crossing"": 0.2625485403414786, ""weather.gov"": 0.0013657642682859553, ""weatherapi"": 0.05982092644324494}"
2026-04-15T06:30:02.399271-04:00,2026-04-14,fl,14,"{""consensus"": 0.20684475261708535, ""google-weather"": 0.006219821618308581, ""open-meteo"": 0.09420097062697504, ""openweathermap"": 0.007548495555464199, ""pirateweather"": 0.021259744052580354, ""tomorrow"": 0.024819923902029927, ""visual-crossing"": 0.4682964137050517, ""weather.gov"": 0.006630473879442506, ""weatherapi"": 0.16417940404306255}"
2026-04-16T06:30:04.813127-04:00,2026-04-15,ny,14,"{""consensus"": 0.16550549747535506, ""google-weather"": 0.004059411921284365, ""open-meteo"": 0.13350177999173252, ""openweathermap"": 0.005225019725716579, ""pirateweather"": 0.14682458106812363, ""tomorrow"": 0.1972606130323031, ""visual-crossing"": 0.30869868169573006, ""weather.gov"": 0.0022918906872313157, ""weatherapi"": 0.03663252440252345}"
2026-04-16T06:30:04.813127-04:00,2026-04-15,il,14,"{""consensus"": 0.36020082290726335, ""google-weather"": 0.0021809239121955287, ""open-meteo"": 0.02742430679239822, ""openweathermap"": 0.004603811608522257, ""pirateweather"": 0.08842618565919935, ""tomorrow"": 0.18226378221742928, ""visual-crossing"": 0.3103997777108373, ""weather.gov"": 0.001018020191215268, ""weatherapi"": 0.023482369000939522}"
2026-04-16T06:30:04.813127-04:00,2026-04-15,tx,14,"{""consensus"": 0.20934996964540248, ""google-weather"": 0.0032187950253601528, ""open-meteo"": 0.16268192401058976, ""openweathermap"": 0.004410173835145646, ""pirateweather"": 0.07142075596598874, ""tomorrow"": 0.22190321454237444, ""visual-crossing"": 0.2707842350286069, ""weather.gov"": 0.0014255246156623577, ""weatherapi"": 0.05480540733086964}"
2026-04-16T06:30:04.813127-04:00,2026-04-15,fl,14,"{""consensus"": 0.20499865687065175, ""google-weather"": 0.006017321628825513, ""open-meteo"": 0.10384842298909061, ""openweathermap"": 0.007220632974646914, ""pirateweather"": 0.020695608008694424, ""tomorrow"": 0.023969834663055453, ""visual-crossing"": 0.45676078174657714, ""weather.gov"": 0.006433592269402334, ""weatherapi"": 0.17005514884905593}"
2026-04-17T06:30:05.006357-04:00,2026-04-16,ny,14,"{""consensus"": 0.1729950751008243, ""google-weather"": 0.0017639216702175348, ""open-meteo"": 0.38719861026659336, ""openweathermap"": 0.002451848315543865, ""pirateweather"": 0.08760138318102097, ""tomorrow"": 0.1487305290689951, ""visual-crossing"": 0.18156796835398267, ""weather.gov"": 0.0009516593248957551, ""weatherapi"": 0.016739004717926446}"
2026-04-17T06:30:05.006357-04:00,2026-04-16,il,14,"{""consensus"": 0.3085159760430299, ""google-weather"": 0.002160583565766788, ""open-meteo"": 0.030992189704127884, ""openweathermap"": 0.005059433070768759, ""pirateweather"": 0.0921156357665381, ""tomorrow"": 0.17260539687329193, ""visual-crossing"": 0.36344321589992645, ""weather.gov"": 0.0011152826814561402, ""weatherapi"": 0.023992286395093904}"
2026-04-17T06:30:05.006357-04:00,2026-04-16,tx,14,"{""consensus"": 0.2034650568782379, ""google-weather"": 0.003149907133667864, ""open-meteo"": 0.16718071585642794, ""openweathermap"": 0.004330650211828266, ""pirateweather"": 0.0713484628328811, ""tomorrow"": 0.22420059559707264, ""visual-crossing"": 0.2728343822600337, ""weather.gov"": 0.0013704029793685539, ""weatherapi"": 0.05211982625048198}"
2026-04-17T06:30:05.006357-04:00,2026-04-16,fl,14,"{""consensus"": 0.21677510185612478, ""google-weather"": 0.005469912604435227, ""open-meteo"": 0.11461972348542872, ""openweathermap"": 0.006391904463640923, ""pirateweather"": 0.020300331907369136, ""tomorrow"": 0.02267366296560673, ""visual-crossing"": 0.482560041882769, ""weather.gov"": 0.0059739094666873835, ""weatherapi"": 0.12523541136793825}"
2026-04-18T06:30:05.663824-04:00,2026-04-17,ny,14,"{""consensus"": 0.1786521782303262, ""google-weather"": 0.0018445294365852945, ""open-meteo"": 0.3496478080288899, ""openweathermap"": 0.0026395488938058456, ""pirateweather"": 0.09643193763180126, ""tomorrow"": 0.14045562611753665, ""visual-crossing"": 0.2073349809055754, ""weather.gov"": 0.0010643262646301526, ""weatherapi"": 0.021929064490849342}"
2026-04-18T06:30:05.663824-04:00,2026-04-17,il,14,"{""consensus"": 0.27760557055303986, ""google-weather"": 0.002032753514791422, ""open-meteo"": 0.030377666865912797, ""openweathermap"": 0.0033824511575900836, ""pirateweather"": 0.07738732309632633, ""tomorrow"": 0.3189446661647516, ""visual-crossing"": 0.266108690137813, ""weather.gov"": 0.0008104086460561849, ""weatherapi"": 0.023350469863718637}"
2026-04-18T06:30:05.663824-04:00,2026-04-17,tx,14,"{""consensus"": 0.20747109585905602, ""google-weather"": 0.0027934723858122957, ""open-meteo"": 0.14433129871226463, ""openweathermap"": 0.0038322286917363414, ""pirateweather"": 0.06273412999105195, ""tomorrow"": 0.2367450515632488, ""visual-crossing"": 0.27841685708384367, ""weather.gov"": 0.0012056013811542197, ""weatherapi"": 0.06247026433183199}"
2026-04-18T06:30:05.663824-04:00,2026-04-17,fl,14,"{""consensus"": 0.20716076725841295, ""google-weather"": 0.0052859314023759535, ""open-meteo"": 0.12376386506628322, ""openweathermap"": 0.006104881689107793, ""pirateweather"": 0.01987469863702626, ""tomorrow"": 0.021582415440070602, ""visual-crossing"": 0.5065457267911091, ""weather.gov"": 0.005751560590412351, ""weatherapi"": 0.10393015312520174}"
2026-04-19T06:30:02.537224-04:00,2026-04-18,ny,14,"{""consensus"": 0.2643950665605814, ""google-weather"": 0.002300583385587175, ""open-meteo"": 0.14155946993522156, ""openweathermap"": 0.0034202490221069766, ""pirateweather"": 0.130031542650763, ""tomorrow"": 0.18421388609787895, ""visual-crossing"": 0.24659059025721194, ""weather.gov"": 0.0012743357530412942, ""weatherapi"": 0.02621427633760779}"
2026-04-19T06:30:02.537224-04:00,2026-04-18,il,14,"{""consensus"": 0.29804919398746305, ""google-weather"": 0.002687752596228713, ""open-meteo"": 0.02773520248816378, ""openweathermap"": 0.0035763196128864656, ""pirateweather"": 0.09146889233833669, ""tomorrow"": 0.13075475701027722, ""visual-crossing"": 0.4229585130893857, ""weather.gov"": 0.0010809368516461757, ""weatherapi"": 0.02168843202561213}"
2026-04-19T06:30:02.537224-04:00,2026-04-18,tx,14,"{""consensus"": 0.2211453890484603, ""google-weather"": 0.0024909748244088376, ""open-meteo"": 0.08658721574114003, ""openweathermap"": 0.003086109570440409, ""pirateweather"": 0.0686217053012219, ""tomorrow"": 0.25545147051245465, ""visual-crossing"": 0.30367066836289397, ""weather.gov"": 0.0010853069137497097, ""weatherapi"": 0.057861159725230205}"
2026-04-19T06:30:02.537224-04:00,2026-04-18,fl,14,"{""consensus"": 0.19888120886931118, ""google-weather"": 0.0052839743191219896, ""open-meteo"": 0.12061812982785869, ""openweathermap"": 0.00623437744557503, ""pirateweather"": 0.01981211599947696, ""tomorrow"": 0.02081838543520384, ""visual-crossing"": 0.5202995067722426, ""weather.gov"": 0.0056275594652485765, ""weatherapi"": 0.10242474186596114}"
2026-04-20T06:30:06.579273-04:00,2026-04-19,ny,14,"{""consensus"": 0.2641641673341444, ""google-weather"": 0.0022268428622525564, ""open-meteo"": 0.11776288139445495, ""openweathermap"": 0.003075914714619865, ""pirateweather"": 0.13643059312146885, ""tomorrow"": 0.18347076931363654, ""visual-crossing"": 0.2649664831375237, ""weather.gov"": 0.001316643448861277, ""weatherapi"": 0.026585704673037714}"
2026-04-20T06:30:06.579273-04:00,2026-04-19,il,14,"{""consensus"": 0.2910011772924248, ""google-weather"": 0.002942917661975996, ""open-meteo"": 0.030379671424578748, ""openweathermap"": 0.0037793532279110312, ""pirateweather"": 0.10357199981615549, ""tomorrow"": 0.13062594472001396, ""visual-crossing"": 0.4114745065582458, ""weather.gov"": 0.0011930325929795293, ""weatherapi"": 0.025031396705714647}"
2026-04-20T06:30:06.579273-04:00,2026-04-19,tx,14,"{""consensus"": 0.23800187209566503, ""google-weather"": 0.0024292660201922565, ""open-meteo"": 0.08617710185163745, ""openweathermap"": 0.002848236056232919, ""pirateweather"": 0.06920269149481512, ""tomorrow"": 0.26137240096739117, ""visual-crossing"": 0.28064201130149435, ""weather.gov"": 0.0010994148250820402, ""weatherapi"": 0.05822700538748966}"
2026-04-20T06:30:06.579273-04:00,2026-04-19,fl,14,"{""consensus"": 0.18091070444257437, ""google-weather"": 0.0045858305138662655, ""open-meteo"": 0.11422284615992932, ""openweathermap"": 0.005290863849866728, ""pirateweather"": 0.016951995062221503, ""tomorrow"": 0.01759251411984045, ""visual-crossing"": 0.5640634378268116, ""weather.gov"": 0.004568913846397173, ""weatherapi"": 0.09181289417849253}"
2026-04-21T06:30:04.508453-04:00,2026-04-20,ny,14,"{""consensus"": 0.26219858416885006, ""google-weather"": 0.002016138062995138, ""open-meteo"": 0.13085503818678393, ""openweathermap"": 0.0025951603840821172, ""pirateweather"": 0.14063419819027448, ""tomorrow"": 0.18522640343969785, ""visual-crossing"": 0.24898793299829722, ""weather.gov"": 0.0011794573364013168, ""weatherapi"": 0.02630708723261808}"
2026-04-21T06:30:04.508453-04:00,2026-04-20,il,14,"{""consensus"": 0.2863785150992476, ""google-weather"": 0.003039350064084826, ""open-meteo"": 0.03144058019939147, ""openweathermap"": 0.003868972341523875, ""pirateweather"": 0.10897978427555391, ""tomorrow"": 0.14024209136491453, ""visual-crossing"": 0.40016119020759466, ""weather.gov"": 0.001296616968980348, ""weatherapi"": 0.024592899478708886}"
2026-04-21T06:30:04.508453-04:00,2026-04-20,tx,14,"{""consensus"": 0.24715597102559944, ""google-weather"": 0.002754059922347677, ""open-meteo"": 0.07452003829129257, ""openweathermap"": 0.0035457713032324557, ""pirateweather"": 0.0693573996924709, ""tomorrow"": 0.2582896292445863, ""visual-crossing"": 0.28138435429696346, ""weather.gov"": 0.0013404324119496718, ""weatherapi"": 0.06165234381155742}"
2026-04-21T06:30:04.508453-04:00,2026-04-20,fl,14,"{""consensus"": 0.18230954860321053, ""google-weather"": 0.004493748063520533, ""open-meteo"": 0.11100628848646212, ""openweathermap"": 0.005033825794791297, ""pirateweather"": 0.01691256863472457, ""tomorrow"": 0.017846139678334663, ""visual-crossing"": 0.5630192545901885, ""weather.gov"": 0.004575823957903844, ""weatherapi"": 0.09480280219086394}"
2026-04-22T06:30:04.670173-04:00,2026-04-21,ny,14,"{""consensus"": 0.2894281191269167, ""google-weather"": 0.0020652805247926794, ""open-meteo"": 0.0917628475178255, ""openweathermap"": 0.0029876622500492425, ""pirateweather"": 0.1672689950477522, ""tomorrow"": 0.18827336936636166, ""visual-crossing"": 0.23632165943993322, ""weather.gov"": 0.001245893149361115, ""weatherapi"": 0.020646173577007737}"
2026-04-22T06:30:04.670173-04:00,2026-04-21,il,14,"{""consensus"": 0.2793475278110578, ""google-weather"": 0.0028798046420157363, ""open-meteo"": 0.047000884715096045, ""openweathermap"": 0.00321845855032104, ""pirateweather"": 0.10197544033967419, ""tomorrow"": 0.143989742934877, ""visual-crossing"": 0.3970968969244843, ""weather.gov"": 0.0011728996246588028, ""weatherapi"": 0.023318344457815107}"
2026-04-22T06:30:04.670173-04:00,2026-04-21,tx,14,"{""consensus"": 0.23957364778037646, ""google-weather"": 0.0028109502659512506, ""open-meteo"": 0.07388058723392771, ""openweathermap"": 0.0038833896052913523, ""pirateweather"": 0.057278569272773354, ""tomorrow"": 0.2727055982949858, ""visual-crossing"": 0.28136766966988275, ""weather.gov"": 0.0014480595097849831, ""weatherapi"": 0.06705152836702634}"
2026-04-22T06:30:04.670173-04:00,2026-04-21,fl,14,"{""consensus"": 0.1850139974624334, ""google-weather"": 0.0038009821946168487, ""open-meteo"": 0.11014778826312539, ""openweathermap"": 0.003989264630589004, ""pirateweather"": 0.014587275945665992, ""tomorrow"": 0.0143667609643905, ""visual-crossing"": 0.5659148588096575, ""weather.gov"": 0.003929964297289288, ""weatherapi"": 0.09824910743223214}"
2026-04-23T06:30:04.205312-04:00,2026-04-22,ny,14,"{""consensus"": 0.260444768436305, ""google-weather"": 0.0022516975161998793, ""open-meteo"": 0.08508571660353344, ""openweathermap"": 0.0034816698278299783, ""pirateweather"": 0.1936496782835323, ""tomorrow"": 0.19511870336170542, ""visual-crossing"": 0.23356045592650881, ""weather.gov"": 0.0013535265363438479, ""weatherapi"": 0.0250537835080412}"
2026-04-23T06:30:04.205312-04:00,2026-04-22,il,14,"{""consensus"": 0.27670518266306515, ""google-weather"": 0.00277333434942967, ""open-meteo"": 0.03907604298348436, ""openweathermap"": 0.003381360092127035, ""pirateweather"": 0.13171445744642268, ""tomorrow"": 0.1235339768786094, ""visual-crossing"": 0.39847317236327257, ""weather.gov"": 0.0011684821095249037, ""weatherapi"": 0.02317399111406425}"
2026-04-23T06:30:04.205312-04:00,2026-04-22,tx,14,"{""consensus"": 0.22906033222123404, ""google-weather"": 0.002834910479698214, ""open-meteo"": 0.06765825307577401, ""openweathermap"": 0.003853339799067566, ""pirateweather"": 0.04900552508883586, ""tomorrow"": 0.2841749826983319, ""visual-crossing"": 0.3093743940334431, ""weather.gov"": 0.0015449469739376737, ""weatherapi"": 0.05249331562967781}"
2026-04-23T06:30:04.205312-04:00,2026-04-22,fl,14,"{""consensus"": 0.21245562169993706, ""google-weather"": 0.0036321591199506382, ""open-meteo"": 0.11800884980719635, ""openweathermap"": 0.0038734231488462777, ""pirateweather"": 0.014422630445028718, ""tomorrow"": 0.012888513334574655, ""visual-crossing"": 0.48073632948979894, ""weather.gov"": 0.003775284771411396, ""weatherapi"": 0.1502071881832558}"
2026-04-24T06:30:03.702036-04:00,2026-04-23,ny,14,"{""consensus"": 0.25451944318491543, ""google-weather"": 0.0021972347858761586, ""open-meteo"": 0.07157968680421126, ""openweathermap"": 0.0032583984952510164, ""pirateweather"": 0.1792675816410073, ""tomorrow"": 0.20936180281987157, ""visual-crossing"": 0.2565243148668306, ""weather.gov"": 0.0012153428916527695, ""weatherapi"": 0.022076194510383652}"
2026-04-24T06:30:03.702036-04:00,2026-04-23,il,14,"{""consensus"": 0.2850886062961105, ""google-weather"": 0.002458657847484044, ""open-meteo"": 0.032589492905178444, ""openweathermap"": 0.003347162269549055, ""pirateweather"": 0.11609023080375572, ""tomorrow"": 0.10343354495563986, ""visual-crossing"": 0.4351578871746015, ""weather.gov"": 0.001079760954176875, ""weatherapi"": 0.020754656793503915}"
2026-04-24T06:30:03.702036-04:00,2026-04-23,tx,14,"{""consensus"": 0.243106820608723, ""google-weather"": 0.002676809968965419, ""open-meteo"": 0.05860491436736931, ""openweathermap"": 0.003924449866671048, ""pirateweather"": 0.05083123538833207, ""tomorrow"": 0.24798134853118706, ""visual-crossing"": 0.35365130035772147, ""weather.gov"": 0.0014042524893168298, ""weatherapi"": 0.0378188684217136}"
2026-04-24T06:30:03.702036-04:00,2026-04-23,fl,14,"{""consensus"": 0.1928010039413478, ""google-weather"": 0.003798958451427014, ""open-meteo"": 0.1344499812732025, ""openweathermap"": 0.004136515173438052, ""pirateweather"": 0.015234463173807219, ""tomorrow"": 0.013570324043371475, ""visual-crossing"": 0.41272590385512, ""weather.gov"": 0.003994130450355485, ""weatherapi"": 0.21928871963793048}"
2026-04-25T06:30:03.181695-04:00,2026-04-24,ny,14,"{""consensus"": 0.24961194129198508, ""google-weather"": 0.002165163121611657, ""open-meteo"": 0.06190997046025653, ""openweathermap"": 0.003470043682614316, ""pirateweather"": 0.16055950712416805, ""tomorrow"": 0.22603238826276695, ""visual-crossing"": 0.26978236971345226, ""weather.gov"": 0.0012192692367531206, ""weatherapi"": 0.025249347106392293}"
2026-04-25T06:30:03.181695-04:00,2026-04-24,il,14,"{""consensus"": 0.2685483376817572, ""google-weather"": 0.0017934087356113436, ""open-meteo"": 0.0326504800800647, ""openweathermap"": 0.0024216774660025466, ""pirateweather"": 0.08571365284021344, ""tomorrow"": 0.0794243580171171, ""visual-crossing"": 0.514900123592507, ""weather.gov"": 0.0007364178164332635, ""weatherapi"": 0.013811543770293392}"
2026-04-25T06:30:03.181695-04:00,2026-04-24,tx,14,"{""consensus"": 0.2599103905671687, ""google-weather"": 0.0027617931674081297, ""open-meteo"": 0.05881379506567306, ""openweathermap"": 0.003923686339444116, ""pirateweather"": 0.056758882917113104, ""tomorrow"": 0.256839568815566, ""visual-crossing"": 0.31895640409043935, ""weather.gov"": 0.0013920424867614922, ""weatherapi"": 0.04064343655042596}"
2026-04-25T06:30:03.181695-04:00,2026-04-24,fl,14,"{""consensus"": 0.1987115042500396, ""google-weather"": 0.004141070925091269, ""open-meteo"": 0.16101829878820106, ""openweathermap"": 0.004488517778176112, ""pirateweather"": 0.015622769022764129, ""tomorrow"": 0.01435205155804967, ""visual-crossing"": 0.3828559328566959, ""weather.gov"": 0.004273016820859624, ""weatherapi"": 0.21453683800012271}"
2026-04-26T06:30:02.372397-04:00,2026-04-25,ny,14,"{""consensus"": 0.2525108897134246, ""google-weather"": 0.002278225287823774, ""open-meteo"": 0.050035779765354456, ""openweathermap"": 0.003562056635731377, ""pirateweather"": 0.17210229368699584, ""tomorrow"": 0.21936711407177972, ""visual-crossing"": 0.2690434702778983, ""weather.gov"": 0.0013298517940301296, ""weatherapi"": 0.029770318766961814}"
2026-04-26T06:30:02.372397-04:00,2026-04-25,il,14,"{""consensus"": 0.23829323863376536, ""google-weather"": 0.0010588039558530903, ""open-meteo"": 0.013609729315728087, ""openweathermap"": 0.0013952250677735326, ""pirateweather"": 0.060459781855902166, ""tomorrow"": 0.053579934013952606, ""visual-crossing"": 0.6238231680016558, ""weather.gov"": 0.0004357213862215646, ""weatherapi"": 0.007344397769147719}"
2026-04-26T06:30:02.372397-04:00,2026-04-25,tx,14,"{""consensus"": 0.26392014267060826, ""google-weather"": 0.0027021917565778156, ""open-meteo"": 0.054286208996305964, ""openweathermap"": 0.004063157435622252, ""pirateweather"": 0.07030000212858127, ""tomorrow"": 0.22972293594975746, ""visual-crossing"": 0.34025201030233326, ""weather.gov"": 0.0013481645043089705, ""weatherapi"": 0.033405186255904634}"
2026-04-26T06:30:02.372397-04:00,2026-04-25,fl,14,"{""consensus"": 0.21614774213212065, ""google-weather"": 0.004035266948121465, ""open-meteo"": 0.16679854581133555, ""openweathermap"": 0.004354264778236812, ""pirateweather"": 0.015177508202300693, ""tomorrow"": 0.013749300563311069, ""visual-crossing"": 0.3936459694887978, ""weather.gov"": 0.0041749798635245415, ""weatherapi"": 0.18191642221225135}"
2026-04-27T06:30:02.805598-04:00,2026-04-26,ny,14,"{""consensus"": 0.2864159287890321, ""google-weather"": 0.0020469451399838597, ""open-meteo"": 0.048773118759875014, ""openweathermap"": 0.0029772860921968816, ""pirateweather"": 0.15681630573924144, ""tomorrow"": 0.21125338446141087, ""visual-crossing"": 0.2556165951983071, ""weather.gov"": 0.0011504999453806196, ""weatherapi"": 0.0349499358745722}"
2026-04-27T06:30:02.805598-04:00,2026-04-26,il,14,"{""consensus"": 0.22585882440803648, ""google-weather"": 0.001224295630222847, ""open-meteo"": 0.014269416793734179, ""openweathermap"": 0.0019196527189605916, ""pirateweather"": 0.0718941071511975, ""tomorrow"": 0.05555923706203818, ""visual-crossing"": 0.6200896614688494, ""weather.gov"": 0.0004949679916866921, ""weatherapi"": 0.008689836775274093}"
2026-04-27T06:30:02.805598-04:00,2026-04-26,tx,14,"{""consensus"": 0.26778217340408617, ""google-weather"": 0.0023265619564657196, ""open-meteo"": 0.04463482432845944, ""openweathermap"": 0.0034610684536021986, ""pirateweather"": 0.07793397782837803, ""tomorrow"": 0.2300880084375286, ""visual-crossing"": 0.34419260007746505, ""weather.gov"": 0.0011092189205600884, ""weatherapi"": 0.028471566593454664}"
2026-04-27T06:30:02.805598-04:00,2026-04-26,fl,14,"{""consensus"": 0.218959046517195, ""google-weather"": 0.003924496570454202, ""open-meteo"": 0.14613416966526074, ""openweathermap"": 0.004166058836563766, ""pirateweather"": 0.014588887262171786, ""tomorrow"": 0.013286323156366858, ""visual-crossing"": 0.4094657334335213, ""weather.gov"": 0.003922270221572345, ""weatherapi"": 0.18555301433689422}"
2026-04-28T06:30:04.773640-04:00,2026-04-27,ny,14,"{""consensus"": 0.287609446682684, ""google-weather"": 0.0019156753797809763, ""open-meteo"": 0.049216632084432284, ""openweathermap"": 0.0029432601575425784, ""pirateweather"": 0.14386771166432416, ""tomorrow"": 0.23807766941371258, ""visual-crossing"": 0.22831857724375684, ""weather.gov"": 0.001180807041133353, ""weatherapi"": 0.04687022033263331}"
2026-04-28T06:30:04.773640-04:00,2026-04-27,il,14,"{""consensus"": 0.18738673711444503, ""google-weather"": 0.0011047558694010724, ""open-meteo"": 0.011679323366936518, ""openweathermap"": 0.0019442501751929114, ""pirateweather"": 0.05517687009409475, ""tomorrow"": 0.04773800795106552, ""visual-crossing"": 0.685607096462936, ""weather.gov"": 0.0004381154508705816, ""weatherapi"": 0.008924843515057358}"
2026-04-28T06:30:04.773640-04:00,2026-04-27,tx,14,"{""consensus"": 0.27593602669562106, ""google-weather"": 0.002175773866142647, ""open-meteo"": 0.041399297893998925, ""openweathermap"": 0.0030694767058115973, ""pirateweather"": 0.09461687863713093, ""tomorrow"": 0.20586407104517843, ""visual-crossing"": 0.3523478663529343, ""weather.gov"": 0.0010373675543995078, ""weatherapi"": 0.023553241248782386}"
2026-04-28T06:30:04.773640-04:00,2026-04-27,fl,14,"{""consensus"": 0.2375416631200866, ""google-weather"": 0.0037532285967094505, ""open-meteo"": 0.14443326235545986, ""openweathermap"": 0.0041079782608588414, ""pirateweather"": 0.014119892102502724, ""tomorrow"": 0.013380495194369497, ""visual-crossing"": 0.39779627350412755, ""weather.gov"": 0.003813940834073861, ""weatherapi"": 0.18105326603181154}"
2026-04-29T06:30:04.841726-04:00,2026-04-28,ny,14,"{""consensus"": 0.3081246298323348, ""google-weather"": 0.0016181850984671258, ""open-meteo"": 0.042125278025317035, ""openweathermap"": 0.0027281674806173884, ""pirateweather"": 0.16432168402570904, ""tomorrow"": 0.2317192497393787, ""visual-crossing"": 0.20751899305630606, ""weather.gov"": 0.001073682447915206, ""weatherapi"": 0.04077013029395476}"
2026-04-29T06:30:04.841726-04:00,2026-04-28,il,14,"{""consensus"": 0.1944840416905201, ""google-weather"": 0.0013438608725240768, ""open-meteo"": 0.013718493143639493, ""openweathermap"": 0.002136181957862027, ""pirateweather"": 0.06594368049242759, ""tomorrow"": 0.057341859482179874, ""visual-crossing"": 0.6521414427645356, ""weather.gov"": 0.0005283801110140353, ""weatherapi"": 0.012362059485297061}"
2026-04-29T06:30:04.841726-04:00,2026-04-28,tx,14,"{""consensus"": 0.27154871981062334, ""google-weather"": 0.0021610673917057234, ""open-meteo"": 0.04108743300403069, ""openweathermap"": 0.0030936120116071054, ""pirateweather"": 0.12182900509694854, ""tomorrow"": 0.23469153695409328, ""visual-crossing"": 0.2983429834624591, ""weather.gov"": 0.0010388491070528491, ""weatherapi"": 0.0262067931614794}"
2026-04-29T06:30:04.841726-04:00,2026-04-28,fl,14,"{""consensus"": 0.2539243307681789, ""google-weather"": 0.003425567271709453, ""open-meteo"": 0.15224743429819798, ""openweathermap"": 0.0037529503614759444, ""pirateweather"": 0.0131208073018132, ""tomorrow"": 0.012483674999493728, ""visual-crossing"": 0.40665733996301356, ""weather.gov"": 0.003521382714301636, ""weatherapi"": 0.15086651232181558}"
2026-04-30T06:30:05.152485-04:00,2026-04-29,ny,14,"{""consensus"": 0.3429039744254336, ""google-weather"": 0.0013410839967612392, ""open-meteo"": 0.041583568331126815, ""openweathermap"": 0.0026487482844679633, ""pirateweather"": 0.19121775458277712, ""tomorrow"": 0.18926656576827997, ""visual-crossing"": 0.20038269973144335, ""weather.gov"": 0.0009831684458356021, ""weatherapi"": 0.029672436433874485}"
2026-04-30T06:30:05.152485-04:00,2026-04-29,il,14,"{""consensus"": 0.236646114695901, ""google-weather"": 0.0013395830692920032, ""open-meteo"": 0.01631699783721525, ""openweathermap"": 0.0020490065035558567, ""pirateweather"": 0.06939032566173062, ""tomorrow"": 0.05635363807825143, ""visual-crossing"": 0.6016516943849717, ""weather.gov"": 0.0005643684757312767, ""weatherapi"": 0.015688271293350656}"
2026-04-30T06:30:05.152485-04:00,2026-04-29,tx,14,"{""consensus"": 0.23225217134519682, ""google-weather"": 0.0019889807708937885, ""open-meteo"": 0.02861011217455874, ""openweathermap"": 0.0027153049049644445, ""pirateweather"": 0.10618573763192407, ""tomorrow"": 0.25913570905068384, ""visual-crossing"": 0.3437179097006867, ""weather.gov"": 0.0010070549984581183, ""weatherapi"": 0.0243870194226333}"
2026-04-30T06:30:05.152485-04:00,2026-04-29,fl,14,"{""consensus"": 0.255473706224576, ""google-weather"": 0.003368774243052878, ""open-meteo"": 0.14948987733685484, ""openweathermap"": 0.003769638345944982, ""pirateweather"": 0.01328414556589719, ""tomorrow"": 0.012453338796160758, ""visual-crossing"": 0.440471010636536, ""weather.gov"": 0.0033328752723572382, ""weatherapi"": 0.11835663357862039}"
2026-05-01T06:30:04.511117-04:00,2026-04-30,ny,14,"{""consensus"": 0.35879608358465787, ""google-weather"": 0.0012405710816219284, ""open-meteo"": 0.04427393329630893, ""openweathermap"": 0.0024276989658772543, ""pirateweather"": 0.1945411937431226, ""tomorrow"": 0.17257483281041558, ""visual-crossing"": 0.19260064533553495, ""weather.gov"": 0.0008895684439100023, ""weatherapi"": 0.03265547273855091}"
2026-05-01T06:30:04.511117-04:00,2026-04-30,il,14,"{""consensus"": 0.30475313896307216, ""google-weather"": 0.0015002578478016623, ""open-meteo"": 0.017559739823428646, ""openweathermap"": 0.0020014553467592976, ""pirateweather"": 0.09218000322642673, ""tomorrow"": 0.0627678368315445, ""visual-crossing"": 0.5001559116696599, ""weather.gov"": 0.0006310758093009946, ""weatherapi"": 0.018450580482006273}"
2026-05-01T06:30:04.511117-04:00,2026-04-30,tx,14,"{""consensus"": 0.2603167372784286, ""google-weather"": 0.0019561596484909552, ""open-meteo"": 0.026332962433899536, ""openweathermap"": 0.002668939368398218, ""pirateweather"": 0.09200091687972592, ""tomorrow"": 0.2436509991137028, ""visual-crossing"": 0.35462284230485047, ""weather.gov"": 0.0009738521610169951, ""weatherapi"": 0.017476590811486302}"
2026-05-01T06:30:04.511117-04:00,2026-04-30,fl,14,"{""consensus"": 0.2535334101446863, ""google-weather"": 0.003318811006008387, ""open-meteo"": 0.11994817442993104, ""openweathermap"": 0.003740035958837708, ""pirateweather"": 0.012194445833797307, ""tomorrow"": 0.01109381660308223, ""visual-crossing"": 0.46017136872855674, ""weather.gov"": 0.002916105007598164, ""weatherapi"": 0.13308383228750217}"
2026-05-02T06:30:05.971933-04:00,2026-05-01,ny,14,"{""consensus"": 0.4010852707738397, ""google-weather"": 0.0009831797979382706, ""open-meteo"": 0.029746017198658072, ""openweathermap"": 0.0021182132754945385, ""pirateweather"": 0.20597315033698732, ""tomorrow"": 0.17368623181108375, ""visual-crossing"": 0.1671326288692778, ""weather.gov"": 0.0007050158401340881, ""weatherapi"": 0.018570292096586425}"
2026-05-02T06:30:05.971933-04:00,2026-05-01,il,14,"{""consensus"": 0.3063765409077701, ""google-weather"": 0.0022476259110446478, ""open-meteo"": 0.024140000239188563, ""openweathermap"": 0.0033638761356453665, ""pirateweather"": 0.11842689213987122, ""tomorrow"": 0.08242154723159144, ""visual-crossing"": 0.4275210806249351, ""weather.gov"": 0.0010960322528439294, ""weatherapi"": 0.03440640455710962}"
2026-05-02T06:30:05.971933-04:00,2026-05-01,tx,14,"{""consensus"": 0.3295763923325914, ""google-weather"": 0.0023257073138351703, ""open-meteo"": 0.02658761185993444, ""openweathermap"": 0.0032427721427638707, ""pirateweather"": 0.10188122042519743, ""tomorrow"": 0.17408687380402862, ""visual-crossing"": 0.34327883580376145, ""weather.gov"": 0.0012069933864628606, ""weatherapi"": 0.0178135929314246}"
2026-05-02T06:30:05.971933-04:00,2026-05-01,fl,14,"{""consensus"": 0.29471568111417024, ""google-weather"": 0.00327284899883457, ""open-meteo"": 0.11321501612157281, ""openweathermap"": 0.003552103682372519, ""pirateweather"": 0.012020884318646625, ""tomorrow"": 0.010627705541666043, ""visual-crossing"": 0.4308620917220083, ""weather.gov"": 0.0027756887868725624, ""weatherapi"": 0.1289579797138565}"
2026-05-03T06:30:04.821957-04:00,2026-05-02,ny,14,"{""consensus"": 0.36600590692361, ""google-weather"": 0.0009882247787562446, ""open-meteo"": 0.07197268869064345, ""openweathermap"": 0.0022185512909085113, ""pirateweather"": 0.17656240947479673, ""tomorrow"": 0.18441216800440557, ""visual-crossing"": 0.18026641513715497, ""weather.gov"": 0.0006205808361591196, ""weatherapi"": 0.01695305486356533}"
2026-05-03T06:30:04.821957-04:00,2026-05-02,il,14,"{""consensus"": 0.32673449217080164, ""google-weather"": 0.002148173513721285, ""open-meteo"": 0.03349008696535401, ""openweathermap"": 0.0036649683321843974, ""pirateweather"": 0.12652896194549001, ""tomorrow"": 0.19948316191105436, ""visual-crossing"": 0.25029597628472217, ""weather.gov"": 0.0009365892984550204, ""weatherapi"": 0.05671758957821724}"
2026-05-03T06:30:04.821957-04:00,2026-05-02,tx,14,"{""consensus"": 0.33196908152712457, ""google-weather"": 0.002633202307491523, ""open-meteo"": 0.03440206888035726, ""openweathermap"": 0.003972939422749102, ""pirateweather"": 0.09312564980248626, ""tomorrow"": 0.17743637077660146, ""visual-crossing"": 0.3361835957869756, ""weather.gov"": 0.001310251125301771, ""weatherapi"": 0.018966840370912307}"
2026-05-03T06:30:04.821957-04:00,2026-05-02,fl,14,"{""consensus"": 0.2995715736360422, ""google-weather"": 0.0031749619943399828, ""open-meteo"": 0.08809116453695238, ""openweathermap"": 0.0035437589234909393, ""pirateweather"": 0.011371085099251629, ""tomorrow"": 0.010232699096970256, ""visual-crossing"": 0.4534881643064634, ""weather.gov"": 0.0025401866598409205, ""weatherapi"": 0.1279864057466485}"
2026-05-04T06:30:05.712661-04:00,2026-05-03,ny,14,"{""consensus"": 0.3554478423403327, ""google-weather"": 0.0011099901678789236, ""open-meteo"": 0.07483591511287518, ""openweathermap"": 0.0027727251213178683, ""pirateweather"": 0.17358693665719288, ""tomorrow"": 0.19276435991580412, ""visual-crossing"": 0.18422003955104624, ""weather.gov"": 0.0006586419524388557, ""weatherapi"": 0.01460354918111319}"
2026-05-04T06:30:05.712661-04:00,2026-05-03,il,14,"{""consensus"": 0.2834824114334915, ""google-weather"": 0.002184584004055962, ""open-meteo"": 0.03380725707685409, ""openweathermap"": 0.0034758654924623694, ""pirateweather"": 0.12764762504479174, ""tomorrow"": 0.23654526179476246, ""visual-crossing"": 0.2723804692805638, ""weather.gov"": 0.0008894056139773512, ""weatherapi"": 0.039587120259040834}"
2026-05-04T06:30:05.712661-04:00,2026-05-03,tx,14,"{""consensus"": 0.31156173224813083, ""google-weather"": 0.002362366219529517, ""open-meteo"": 0.03286832800198124, ""openweathermap"": 0.004183493810796664, ""pirateweather"": 0.0827982536945627, ""tomorrow"": 0.18759542918322936, ""visual-crossing"": 0.3573500321267266, ""weather.gov"": 0.0012635901694037172, ""weatherapi"": 0.02001677454563944}"
2026-05-04T06:30:05.712661-04:00,2026-05-03,fl,14,"{""consensus"": 0.354519471817684, ""google-weather"": 0.0034834239731190916, ""open-meteo"": 0.08866338932802316, ""openweathermap"": 0.0038671771548078227, ""pirateweather"": 0.014095784928106158, ""tomorrow"": 0.012257895417742493, ""visual-crossing"": 0.44319973679236885, ""weather.gov"": 0.0028643550847672907, ""weatherapi"": 0.07704876550338124}"
2026-05-05T06:30:05.698390-04:00,2026-05-04,ny,14,"{""consensus"": 0.38388191068513733, ""google-weather"": 0.001093490282467435, ""open-meteo"": 0.054930766752251024, ""openweathermap"": 0.0027096189328959285, ""pirateweather"": 0.16822547317876876, ""tomorrow"": 0.17756957902619147, ""visual-crossing"": 0.20020221601440252, ""weather.gov"": 0.000650338751046812, ""weatherapi"": 0.010736606376838872}"
2026-05-05T06:30:05.698390-04:00,2026-05-04,il,14,"{""consensus"": 0.3198409715113634, ""google-weather"": 0.002023686869982285, ""open-meteo"": 0.03282594706367986, ""openweathermap"": 0.0035416134479168693, ""pirateweather"": 0.11597829590773452, ""tomorrow"": 0.20901489570637283, ""visual-crossing"": 0.28185220961762103, ""weather.gov"": 0.0008460318377034731, ""weatherapi"": 0.03407634803762563}"
2026-05-05T06:30:05.698390-04:00,2026-05-04,tx,14,"{""consensus"": 0.29435112961358, ""google-weather"": 0.002061579196304632, ""open-meteo"": 0.03683774246865588, ""openweathermap"": 0.0034928258785359005, ""pirateweather"": 0.08842962198330437, ""tomorrow"": 0.19671259888603132, ""visual-crossing"": 0.3563193504116154, ""weather.gov"": 0.0010739214233534277, ""weatherapi"": 0.020721230138618933}"
2026-05-05T06:30:05.698390-04:00,2026-05-04,fl,14,"{""consensus"": 0.34420988818604287, ""google-weather"": 0.004474812027681088, ""open-meteo"": 0.11041734535486435, ""openweathermap"": 0.004767556149577547, ""pirateweather"": 0.017812213451695137, ""tomorrow"": 0.015378537799030196, ""visual-crossing"": 0.39830481351134117, ""weather.gov"": 0.0036102680155060164, ""weatherapi"": 0.10102456550426149}"
2026-05-06T06:30:02.760162-04:00,2026-05-05,ny,14,"{""consensus"": 0.400216017354338, ""google-weather"": 0.001105841591142116, ""open-meteo"": 0.057039039455792404, ""openweathermap"": 0.0024868655212108327, ""pirateweather"": 0.16438848519349467, ""tomorrow"": 0.14071745706042368, ""visual-crossing"": 0.2238716304735177, ""weather.gov"": 0.0006164644740712785, ""weatherapi"": 0.009558198876009125}"
2026-05-06T06:30:02.760162-04:00,2026-05-05,il,14,"{""consensus"": 0.26436741070634817, ""google-weather"": 0.002181709528436341, ""open-meteo"": 0.02324756504000538, ""openweathermap"": 0.004091454414209339, ""pirateweather"": 0.13336132911550147, ""tomorrow"": 0.21587737293198195, ""visual-crossing"": 0.3283734706043148, ""weather.gov"": 0.0009110742919004892, ""weatherapi"": 0.02758861336730222}"
2026-05-06T06:30:02.760162-04:00,2026-05-05,tx,14,"{""consensus"": 0.2991413527698125, ""google-weather"": 0.0021022931008116944, ""open-meteo"": 0.03385405053129787, ""openweathermap"": 0.003416947929945713, ""pirateweather"": 0.10116073680753286, ""tomorrow"": 0.20411327554915648, ""visual-crossing"": 0.3364592738238385, ""weather.gov"": 0.001012633772711858, ""weatherapi"": 0.018739435714892505}"
2026-05-06T06:30:02.760162-04:00,2026-05-05,fl,14,"{""consensus"": 0.3376554322747227, ""google-weather"": 0.004695011453825231, ""open-meteo"": 0.09839219720743844, ""openweathermap"": 0.005223735756091573, ""pirateweather"": 0.017180918403646505, ""tomorrow"": 0.015055756109430269, ""visual-crossing"": 0.4315172601849645, ""weather.gov"": 0.0036523620902055402, ""weatherapi"": 0.08662732651967515}"
2026-05-07T06:30:04.134872-04:00,2026-05-06,ny,14,"{""consensus"": 0.43328342084599886, ""google-weather"": 0.0008792177201245049, ""open-meteo"": 0.07874691624535202, ""openweathermap"": 0.0016450468814948735, ""pirateweather"": 0.14070305067990127, ""tomorrow"": 0.1240825767939644, ""visual-crossing"": 0.2151109338253144, ""weather.gov"": 0.0004410961120803884, ""weatherapi"": 0.005107740895769441}"
2026-05-07T06:30:04.134872-04:00,2026-05-06,il,14,"{""consensus"": 0.23417837975999814, ""google-weather"": 0.0023798807427427657, ""open-meteo"": 0.029195201885851514, ""openweathermap"": 0.004028999588400981, ""pirateweather"": 0.10849138746955998, ""tomorrow"": 0.2672812877920862, ""visual-crossing"": 0.3190514515221805, ""weather.gov"": 0.0009000252681833119, ""weatherapi"": 0.03449338597099658}"
2026-05-07T06:30:04.134872-04:00,2026-05-06,tx,14,"{""consensus"": 0.35068131399051594, ""google-weather"": 0.0016609180979770524, ""open-meteo"": 0.026327237869352198, ""openweathermap"": 0.002694644323029518, ""pirateweather"": 0.1278052579800929, ""tomorrow"": 0.16542633410027682, ""visual-crossing"": 0.30597254755187214, ""weather.gov"": 0.0008195287419857143, ""weatherapi"": 0.018612217344897604}"
2026-05-07T06:30:04.134872-04:00,2026-05-06,fl,14,"{""consensus"": 0.3546543183312339, ""google-weather"": 0.003880280283952598, ""open-meteo"": 0.08848953876650824, ""openweathermap"": 0.004272916691857638, ""pirateweather"": 0.014020315818994945, ""tomorrow"": 0.012032068924040677, ""visual-crossing"": 0.45617534399458526, ""weather.gov"": 0.0029778140520220204, ""weatherapi"": 0.06349740313680487}"
2026-05-08T06:30:04.357032-04:00,2026-05-07,ny,14,"{""consensus"": 0.431598381857651, ""google-weather"": 0.000827379133945921, ""open-meteo"": 0.14237389224675906, ""openweathermap"": 0.001454482477682384, ""pirateweather"": 0.13598692959983322, ""tomorrow"": 0.10765511701078188, ""visual-crossing"": 0.17507480681730672, ""weather.gov"": 0.0004128000426089464, ""weatherapi"": 0.004616210813430759}"
2026-05-08T06:30:04.357032-04:00,2026-05-07,il,14,"{""consensus"": 0.2242785717435629, ""google-weather"": 0.002818159286241492, ""open-meteo"": 0.03177652715833283, ""openweathermap"": 0.004445711024207914, ""pirateweather"": 0.11325088777785076, ""tomorrow"": 0.27076777836058114, ""visual-crossing"": 0.31166622538756383, ""weather.gov"": 0.0009773301823808806, ""weatherapi"": 0.04001880907927816}"
2026-05-08T06:30:04.357032-04:00,2026-05-07,tx,14,"{""consensus"": 0.3944100234953539, ""google-weather"": 0.001684101304356285, ""open-meteo"": 0.026894804057113426, ""openweathermap"": 0.0024797960403632794, ""pirateweather"": 0.11438099683028001, ""tomorrow"": 0.1548806721190583, ""visual-crossing"": 0.28990741054312413, ""weather.gov"": 0.0009039642474752017, ""weatherapi"": 0.014458231362875343}"
2026-05-08T06:30:04.357032-04:00,2026-05-07,fl,14,"{""consensus"": 0.3802724771557068, ""google-weather"": 0.0036490622461886908, ""open-meteo"": 0.0838980716004345, ""openweathermap"": 0.0038281881012934265, ""pirateweather"": 0.012414392183333647, ""tomorrow"": 0.00987041771013312, ""visual-crossing"": 0.4428644604581638, ""weather.gov"": 0.002564763484659617, ""weatherapi"": 0.06063816706008639}"
2026-05-09T06:30:04.408424-04:00,2026-05-08,ny,14,"{""consensus"": 0.45451843859381974, ""google-weather"": 0.0009093084711779112, ""open-meteo"": 0.12772585492707322, ""openweathermap"": 0.0013911421878858516, ""pirateweather"": 0.16682560643536096, ""tomorrow"": 0.1088913198664106, ""visual-crossing"": 0.13485338979927677, ""weather.gov"": 0.00040458400651630186, ""weatherapi"": 0.0044803557124786265}"
2026-05-09T06:30:04.408424-04:00,2026-05-08,il,14,"{""consensus"": 0.23774523727168836, ""google-weather"": 0.0031081164882016763, ""open-meteo"": 0.047958061809944746, ""openweathermap"": 0.004645317453848389, ""pirateweather"": 0.11603108768954574, ""tomorrow"": 0.26504053591688714, ""visual-crossing"": 0.2799474244743651, ""weather.gov"": 0.0011224036409947784, ""weatherapi"": 0.04440181525452406}"
2026-05-09T06:30:04.408424-04:00,2026-05-08,tx,14,"{""consensus"": 0.39034974374420756, ""google-weather"": 0.0016353655840445206, ""open-meteo"": 0.02626016022453079, ""openweathermap"": 0.0027040002691327038, ""pirateweather"": 0.11213106975179554, ""tomorrow"": 0.14116744363392864, ""visual-crossing"": 0.3104081941606421, ""weather.gov"": 0.0009144372279717236, ""weatherapi"": 0.014429585403746184}"
2026-05-09T06:30:04.408424-04:00,2026-05-08,fl,14,"{""consensus"": 0.37785160342318497, ""google-weather"": 0.0030297609250517325, ""open-meteo"": 0.08134181593334727, ""openweathermap"": 0.0029648980631983763, ""pirateweather"": 0.010236434101860871, ""tomorrow"": 0.007712907552225365, ""visual-crossing"": 0.4678061003622144, ""weather.gov"": 0.002131441544775339, ""weatherapi"": 0.046925038094141516}"
2026-05-10T06:30:04.947045-04:00,2026-05-09,ny,14,"{""consensus"": 0.4100852258270603, ""google-weather"": 0.0009305732965024144, ""open-meteo"": 0.13368369090760737, ""openweathermap"": 0.0013933799177952243, ""pirateweather"": 0.15563947813018839, ""tomorrow"": 0.1227115524843038, ""visual-crossing"": 0.17109766541628682, ""weather.gov"": 0.00041507096822975345, ""weatherapi"": 0.0040433630520259325}"
2026-05-10T06:30:04.947045-04:00,2026-05-09,il,14,"{""consensus"": 0.20675799790744795, ""google-weather"": 0.003050922703398684, ""open-meteo"": 0.09179184503897787, ""openweathermap"": 0.0036886036169331234, ""pirateweather"": 0.0952230216882401, ""tomorrow"": 0.26214935614050666, ""visual-crossing"": 0.278230816876078, ""weather.gov"": 0.0009389628975451582, ""weatherapi"": 0.05816847313087236}"
2026-05-10T06:30:04.947045-04:00,2026-05-09,tx,14,"{""consensus"": 0.41697123748992226, ""google-weather"": 0.0014779302078023662, ""open-meteo"": 0.021739948689563842, ""openweathermap"": 0.002365471263648634, ""pirateweather"": 0.09271259834079335, ""tomorrow"": 0.1517231739321927, ""visual-crossing"": 0.3003888186241705, ""weather.gov"": 0.000797130738473686, ""weatherapi"": 0.01182369071343286}"
2026-05-10T06:30:04.947045-04:00,2026-05-09,fl,14,"{""consensus"": 0.38925379250568254, ""google-weather"": 0.003035893869887899, ""open-meteo"": 0.07043535356777363, ""openweathermap"": 0.0029605904572713865, ""pirateweather"": 0.009938372555982856, ""tomorrow"": 0.007531198510299129, ""visual-crossing"": 0.4652523026956837, ""weather.gov"": 0.002080731880298, ""weatherapi"": 0.04951176395712077}"
2026-05-11T06:30:03.126091-04:00,2026-05-10,ny,14,"{""consensus"": 0.4419460848634825, ""google-weather"": 0.0008944969578395808, ""open-meteo"": 0.10177387609197014, ""openweathermap"": 0.0012644336132596216, ""pirateweather"": 0.15230107049072655, ""tomorrow"": 0.12586865329812116, ""visual-crossing"": 0.17172516280541164, ""weather.gov"": 0.00036638595393109253, ""weatherapi"": 0.0038598359252575024}"
2026-05-11T06:30:03.126091-04:00,2026-05-10,il,14,"{""consensus"": 0.23344895134861823, ""google-weather"": 0.0034054096171831907, ""open-meteo"": 0.05893265667112544, ""openweathermap"": 0.0035718076326022347, ""pirateweather"": 0.09548286228976512, ""tomorrow"": 0.22825215869137758, ""visual-crossing"": 0.32152507022874127, ""weather.gov"": 0.0009599593051710502, ""weatherapi"": 0.05442112421541582}"
2026-05-11T06:30:03.126091-04:00,2026-05-10,tx,14,"{""consensus"": 0.4138137627463358, ""google-weather"": 0.0013367150036597774, ""open-meteo"": 0.021835813926139935, ""openweathermap"": 0.0024201581689172864, ""pirateweather"": 0.08857043583166666, ""tomorrow"": 0.1529777487646432, ""visual-crossing"": 0.30543063087327504, ""weather.gov"": 0.0007365494725698798, ""weatherapi"": 0.01287818521279236}"
2026-05-11T06:30:03.126091-04:00,2026-05-10,fl,14,"{""consensus"": 0.4086518529353128, ""google-weather"": 0.00288958491137504, ""open-meteo"": 0.07031876523019197, ""openweathermap"": 0.0027765807431311723, ""pirateweather"": 0.009272394216708625, ""tomorrow"": 0.006967192938870746, ""visual-crossing"": 0.4568962446713743, ""weather.gov"": 0.0020574569466590095, ""weatherapi"": 0.040169927406376565}"
2026-05-12T06:30:05.439625-04:00,2026-05-11,ny,14,"{""consensus"": 0.4151723216061725, ""google-weather"": 0.001161576133367116, ""open-meteo"": 0.11018875677257257, ""openweathermap"": 0.0016128952322714697, ""pirateweather"": 0.16715797675184935, ""tomorrow"": 0.12911372551999278, ""visual-crossing"": 0.17148874644852097, ""weather.gov"": 0.0004082608001403445, ""weatherapi"": 0.003695740735113074}"
2026-05-12T06:30:05.439625-04:00,2026-05-11,il,14,"{""consensus"": 0.23948908354423756, ""google-weather"": 0.0030936267534916466, ""open-meteo"": 0.045098049295366115, ""openweathermap"": 0.0028541714770848915, ""pirateweather"": 0.11354424855858555, ""tomorrow"": 0.25319964129154277, ""visual-crossing"": 0.3055529382297848, ""weather.gov"": 0.0009464357193308307, ""weatherapi"": 0.036221805130575865}"
2026-05-12T06:30:05.439625-04:00,2026-05-11,tx,14,"{""consensus"": 0.38263090436879515, ""google-weather"": 0.0015021820896010429, ""open-meteo"": 0.021725944890642654, ""openweathermap"": 0.002678680562236566, ""pirateweather"": 0.07410547045843552, ""tomorrow"": 0.16323436157486576, ""visual-crossing"": 0.33736658900670113, ""weather.gov"": 0.0007710063246149223, ""weatherapi"": 0.01598486072410709}"
2026-05-12T06:30:05.439625-04:00,2026-05-11,fl,14,"{""consensus"": 0.3692634741723531, ""google-weather"": 0.002751505389385107, ""open-meteo"": 0.06271815102992584, ""openweathermap"": 0.0025634905739226423, ""pirateweather"": 0.00835822725129046, ""tomorrow"": 0.006081851377156663, ""visual-crossing"": 0.5114161922685893, ""weather.gov"": 0.0018410982921669206, ""weatherapi"": 0.035006009645210015}"
2026-05-13T06:30:02.452861-04:00,2026-05-12,ny,14,"{""consensus"": 0.41954636329938216, ""google-weather"": 0.0012109132290666997, ""open-meteo"": 0.11005317609415528, ""openweathermap"": 0.0015843432160654507, ""pirateweather"": 0.16501100955391876, ""tomorrow"": 0.10901248996546009, ""visual-crossing"": 0.18958379163094724, ""weather.gov"": 0.0004117268884133306, ""weatherapi"": 0.0035861861225909668}"
2026-05-13T06:30:02.452861-04:00,2026-05-12,il,14,"{""consensus"": 0.2595037515689531, ""google-weather"": 0.0032136916778832503, ""open-meteo"": 0.04508304794798466, ""openweathermap"": 0.002730980162816256, ""pirateweather"": 0.11354696049754191, ""tomorrow"": 0.2505987967490662, ""visual-crossing"": 0.3020096222397866, ""weather.gov"": 0.0008796249012577307, ""weatherapi"": 0.022433524254710204}"
2026-05-13T06:30:02.452861-04:00,2026-05-12,tx,14,"{""consensus"": 0.36787122700792024, ""google-weather"": 0.0012878921746480023, ""open-meteo"": 0.01929328101380324, ""openweathermap"": 0.002253909143998894, ""pirateweather"": 0.06230345707090191, ""tomorrow"": 0.1178198974169097, ""visual-crossing"": 0.4172770645859525, ""weather.gov"": 0.0006213504097742959, ""weatherapi"": 0.011271921176091075}"
2026-05-13T06:30:02.452861-04:00,2026-05-12,fl,14,"{""consensus"": 0.39477661141259285, ""google-weather"": 0.002536185782643307, ""open-meteo"": 0.050898933629691674, ""openweathermap"": 0.0022095842967905944, ""pirateweather"": 0.007470373942006654, ""tomorrow"": 0.005438172838369765, ""visual-crossing"": 0.5011820087841579, ""weather.gov"": 0.0016859762775499067, ""weatherapi"": 0.03380215303619773}"
2026-05-14T06:30:07.608687-04:00,2026-05-13,ny,14,"{""consensus"": 0.37945445788848, ""google-weather"": 0.0011579479933131536, ""open-meteo"": 0.16805152614629773, ""openweathermap"": 0.0014103864973482759, ""pirateweather"": 0.14639155166521936, ""tomorrow"": 0.09609141953333644, ""visual-crossing"": 0.20375796706338142, ""weather.gov"": 0.000362518105412961, ""weatherapi"": 0.003322225107210949}"
2026-05-14T06:30:07.608687-04:00,2026-05-13,il,14,"{""consensus"": 0.26634172245495713, ""google-weather"": 0.004450954174671503, ""open-meteo"": 0.05794029389145039, ""openweathermap"": 0.0038146171031392525, ""pirateweather"": 0.12969968195525672, ""tomorrow"": 0.26092994110940515, ""visual-crossing"": 0.24993180027732143, ""weather.gov"": 0.0010907673025296273, ""weatherapi"": 0.025800221731268988}"
2026-05-14T06:30:07.608687-04:00,2026-05-13,tx,14,"{""consensus"": 0.4347744609411334, ""google-weather"": 0.0012232331388656714, ""open-meteo"": 0.0250168495423864, ""openweathermap"": 0.002288692572870849, ""pirateweather"": 0.0711496067053336, ""tomorrow"": 0.12345608536512337, ""visual-crossing"": 0.3302502104589919, ""weather.gov"": 0.0005154082417216366, ""weatherapi"": 0.011325453033573112}"
2026-05-14T06:30:07.608687-04:00,2026-05-13,fl,14,"{""consensus"": 0.4184506133280634, ""google-weather"": 0.0024548159652167142, ""open-meteo"": 0.052042144867433, ""openweathermap"": 0.0020686375002941324, ""pirateweather"": 0.00655127467477783, ""tomorrow"": 0.00524365582914384, ""visual-crossing"": 0.46837930380689696, ""weather.gov"": 0.0016290115168563345, ""weatherapi"": 0.0431805425113178}"
2026-05-15T06:30:02.976109-04:00,2026-05-14,ny,14,"{""consensus"": 0.4297818559326024, ""google-weather"": 0.0012325925240752058, ""open-meteo"": 0.07700199461268523, ""openweathermap"": 0.0014424454850984645, ""pirateweather"": 0.18044608138785995, ""tomorrow"": 0.09917077824226699, ""visual-crossing"": 0.20667488730584482, ""weather.gov"": 0.00040251698389526843, ""weatherapi"": 0.003846847525671802}"
2026-05-15T06:30:02.976109-04:00,2026-05-14,il,14,"{""consensus"": 0.27845084737513487, ""google-weather"": 0.004452907629380362, ""open-meteo"": 0.05269738947531156, ""openweathermap"": 0.0037916064513340984, ""pirateweather"": 0.13435821934227726, ""tomorrow"": 0.27345986607766654, ""visual-crossing"": 0.2312183067640539, ""weather.gov"": 0.00102948203379484, ""weatherapi"": 0.020541374851046672}"
2026-05-15T06:30:02.976109-04:00,2026-05-14,tx,14,"{""consensus"": 0.40053645909375796, ""google-weather"": 0.0012278700101156683, ""open-meteo"": 0.0274005092023629, ""openweathermap"": 0.002193502289492934, ""pirateweather"": 0.09078260949235038, ""tomorrow"": 0.15335410251444107, ""visual-crossing"": 0.3094926682952831, ""weather.gov"": 0.0005032682404776881, ""weatherapi"": 0.014509010861718345}"
2026-05-15T06:30:02.976109-04:00,2026-05-14,fl,14,"{""consensus"": 0.40003186395591295, ""google-weather"": 0.0029574310232394064, ""open-meteo"": 0.05829812230684568, ""openweathermap"": 0.002442598751398942, ""pirateweather"": 0.007633957295257162, ""tomorrow"": 0.006909817887639663, ""visual-crossing"": 0.4613388225279521, ""weather.gov"": 0.0020892639449082407, ""weatherapi"": 0.05829812230684568}"
2026-05-16T06:30:03.221969-04:00,2026-05-15,ny,14,"{""consensus"": 0.40890410623297385, ""google-weather"": 0.001521328879712601, ""open-meteo"": 0.08898663163265878, ""openweathermap"": 0.0018328939173774229, ""pirateweather"": 0.14953171982168317, ""tomorrow"": 0.1149443474789361, ""visual-crossing"": 0.22899381030817473, ""weather.gov"": 0.0004695636694108527, ""weatherapi"": 0.004815598059072427}"
2026-05-16T06:30:03.221969-04:00,2026-05-15,il,14,"{""consensus"": 0.3151238635238033, ""google-weather"": 0.0037218446712207445, ""open-meteo"": 0.04519091898143322, ""openweathermap"": 0.0031999784636223233, ""pirateweather"": 0.11353372842887462, ""tomorrow"": 0.23787950592260193, ""visual-crossing"": 0.2636712173798171, ""weather.gov"": 0.0008457388088719726, ""weatherapi"": 0.0168332038197548}"
2026-05-16T06:30:03.221969-04:00,2026-05-15,tx,14,"{""consensus"": 0.33814363126820185, ""google-weather"": 0.001097537145223821, ""open-meteo"": 0.030508370403418576, ""openweathermap"": 0.0020134770827961385, ""pirateweather"": 0.09088122742278891, ""tomorrow"": 0.22832207943682045, ""visual-crossing"": 0.29617965443389704, ""weather.gov"": 0.00043845827585450186, ""weatherapi"": 0.012415564530998823}"
2026-05-16T06:30:03.221969-04:00,2026-05-15,fl,14,"{""consensus"": 0.36876177403878424, ""google-weather"": 0.003148687406404589, ""open-meteo"": 0.05832963455300243, ""openweathermap"": 0.0026952733659247954, ""pirateweather"": 0.007623240526727462, ""tomorrow"": 0.007736803538760703, ""visual-crossing"": 0.473188930305172, ""weather.gov"": 0.002261729134944398, ""weatherapi"": 0.07625392713027941}"
2026-05-17T06:30:04.537340-04:00,2026-05-16,ny,14,"{""consensus"": 0.35074543218207066, ""google-weather"": 0.001338673767783544, ""open-meteo"": 0.20205777931687938, ""openweathermap"": 0.0016942142139523373, ""pirateweather"": 0.16886442141200278, ""tomorrow"": 0.10175139448422603, ""visual-crossing"": 0.16949628024799634, ""weather.gov"": 0.0004400369416234263, ""weatherapi"": 0.003611767433465622}"
2026-05-17T06:30:04.537340-04:00,2026-05-16,il,14,"{""consensus"": 0.32918494498629497, ""google-weather"": 0.0032281925432457587, ""open-meteo"": 0.042210643775120356, ""openweathermap"": 0.0028339636682528095, ""pirateweather"": 0.10370623262080349, ""tomorrow"": 0.23118347814895074, ""visual-crossing"": 0.27512744506982567, ""weather.gov"": 0.0007479433937917786, ""weatherapi"": 0.011777155793714305}"
2026-05-17T06:30:04.537340-04:00,2026-05-16,tx,14,"{""consensus"": 0.33545529710691613, ""google-weather"": 0.0013599125882488002, ""open-meteo"": 0.031445659899434236, ""openweathermap"": 0.0024808487605025953, ""pirateweather"": 0.1302602490401523, ""tomorrow"": 0.18135151541012834, ""visual-crossing"": 0.3033186253372848, ""weather.gov"": 0.0005517973445668978, ""weatherapi"": 0.013776094512765692}"
2026-05-17T06:30:04.537340-04:00,2026-05-16,fl,14,"{""consensus"": 0.38091901180969556, ""google-weather"": 0.0037548697925386676, ""open-meteo"": 0.0814778666090008, ""openweathermap"": 0.0031135151464806252, ""pirateweather"": 0.008865472440999136, ""tomorrow"": 0.009390483806820955, ""visual-crossing"": 0.4304136131188923, ""weather.gov"": 0.0028271347410466444, ""weatherapi"": 0.07923803253452533}"
2026-05-18T06:30:05.094885-04:00,2026-05-17,ny,14,"{""consensus"": 0.34543312060780396, ""google-weather"": 0.0014165358632844485, ""open-meteo"": 0.2245251290702719, ""openweathermap"": 0.0017990677920152482, ""pirateweather"": 0.14092164588296402, ""tomorrow"": 0.09978894625345418, ""visual-crossing"": 0.18149476808272802, ""weather.gov"": 0.00044960266457974015, ""weatherapi"": 0.004171183782898306}"
2026-05-18T06:30:05.094885-04:00,2026-05-17,il,14,"{""consensus"": 0.39313399275327293, ""google-weather"": 0.0030324253794957534, ""open-meteo"": 0.039082840035037945, ""openweathermap"": 0.0027821704781282428, ""pirateweather"": 0.11137613278389975, ""tomorrow"": 0.21059656416933603, ""visual-crossing"": 0.22858969478971103, ""weather.gov"": 0.0007156386561656346, ""weatherapi"": 0.010690540954952782}"
2026-05-18T06:30:05.094885-04:00,2026-05-17,tx,14,"{""consensus"": 0.318694364855475, ""google-weather"": 0.0018210701054756548, ""open-meteo"": 0.03448431552039333, ""openweathermap"": 0.003046401016527941, ""pirateweather"": 0.17149891404262455, ""tomorrow"": 0.1684539716619351, ""visual-crossing"": 0.28360234598012685, ""weather.gov"": 0.000746488227814629, ""weatherapi"": 0.017652128589627114}"
2026-05-18T06:30:05.094885-04:00,2026-05-17,fl,14,"{""consensus"": 0.3476527918991022, ""google-weather"": 0.0035611867724661527, ""open-meteo"": 0.07168804992397153, ""openweathermap"": 0.0029438749292858817, ""pirateweather"": 0.007550903267129732, ""tomorrow"": 0.008162861078510702, ""visual-crossing"": 0.42738523596687733, ""weather.gov"": 0.002735265510188015, ""weatherapi"": 0.1283198306524683}"
2026-05-19T06:30:06.728609-04:00,2026-05-18,ny,14,"{""consensus"": 0.2694767874116857, ""google-weather"": 0.0010858443504970768, ""open-meteo"": 0.3939289946744064, ""openweathermap"": 0.001284523607143008, ""pirateweather"": 0.1026284197280002, ""tomorrow"": 0.07553529587754688, ""visual-crossing"": 0.1525137441109801, ""weather.gov"": 0.000347409923310652, ""weatherapi"": 0.00319898031643007}"
2026-05-19T06:30:06.728609-04:00,2026-05-18,il,14,"{""consensus"": 0.41248881201308335, ""google-weather"": 0.0033946536858032875, ""open-meteo"": 0.033899998608049625, ""openweathermap"": 0.0028101796387515034, ""pirateweather"": 0.10816280325628475, ""tomorrow"": 0.19969131095430448, ""visual-crossing"": 0.22841447681403826, ""weather.gov"": 0.0007443341496401997, ""weatherapi"": 0.010393430880044437}"
2026-05-19T06:30:06.728609-04:00,2026-05-18,tx,14,"{""consensus"": 0.32463173016912467, ""google-weather"": 0.001689623880932426, ""open-meteo"": 0.03116130887164673, ""openweathermap"": 0.0028874830899909654, ""pirateweather"": 0.1533514596515619, ""tomorrow"": 0.15567493352937278, ""visual-crossing"": 0.31374505696397265, ""weather.gov"": 0.0007312013218185331, ""weatherapi"": 0.016127202521579086}"
2026-05-19T06:30:06.728609-04:00,2026-05-18,fl,14,"{""consensus"": 0.359041865794556, ""google-weather"": 0.00313948568686162, ""open-meteo"": 0.051198260734690096, ""openweathermap"": 0.002650845102221344, ""pirateweather"": 0.006651134661337604, ""tomorrow"": 0.007387728495712884, ""visual-crossing"": 0.44978093825043375, ""weather.gov"": 0.0024630004178593755, ""weatherapi"": 0.11768674085632728}"
2026-05-20T06:30:08.632928-04:00,2026-05-19,ny,14,"{""consensus"": 0.3052814164754263, ""google-weather"": 0.0015236850170955785, ""open-meteo"": 0.1798446627364598, ""openweathermap"": 0.0019038545483193354, ""pirateweather"": 0.13267173734933993, ""tomorrow"": 0.12415202703676577, ""visual-crossing"": 0.24996913566383952, ""weather.gov"": 0.00046610980358804797, ""weatherapi"": 0.004187371369165544}"
2026-05-20T06:30:08.632928-04:00,2026-05-19,il,14,"{""consensus"": 0.4989888305470202, ""google-weather"": 0.002422655252432512, ""open-meteo"": 0.039634388268931724, ""openweathermap"": 0.0019837986781309834, ""pirateweather"": 0.08836164235947429, ""tomorrow"": 0.16996802013627665, ""visual-crossing"": 0.18957878092550043, ""weather.gov"": 0.0005502751676974934, ""weatherapi"": 0.008511608664535606}"
2026-05-20T06:30:08.632928-04:00,2026-05-19,tx,14,"{""consensus"": 0.2593702846155096, ""google-weather"": 0.001691076654894953, ""open-meteo"": 0.0365840300015102, ""openweathermap"": 0.0029109885936473854, ""pirateweather"": 0.10861776860093347, ""tomorrow"": 0.16544586809207232, ""visual-crossing"": 0.4048809578522198, ""weather.gov"": 0.0007230599343587287, ""weatherapi"": 0.01977596565485349}"
2026-05-20T06:30:08.632928-04:00,2026-05-19,fl,14,"{""consensus"": 0.3434563292418246, ""google-weather"": 0.003530448388206569, ""open-meteo"": 0.06260490863421936, ""openweathermap"": 0.0029380622659812205, ""pirateweather"": 0.007555346127558815, ""tomorrow"": 0.008436958199395368, ""visual-crossing"": 0.4413608838196037, ""weather.gov"": 0.002824709656445463, ""weatherapi"": 0.12729235366676497}"
2026-05-21T06:30:03.094259-04:00,2026-05-20,ny,14,"{""consensus"": 0.31284378638167326, ""google-weather"": 0.0011937138659694406, ""open-meteo"": 0.1779325260652591, ""openweathermap"": 0.0019045635173907333, ""pirateweather"": 0.12771105113754036, ""tomorrow"": 0.1248615078334101, ""visual-crossing"": 0.24731142459419506, ""weather.gov"": 0.00039736965353889353, ""weatherapi"": 0.005844056951023267}"
2026-05-21T06:30:03.094259-04:00,2026-05-20,il,14,"{""consensus"": 0.5229666281312385, ""google-weather"": 0.0024121416383851677, ""open-meteo"": 0.02537856878762441, ""openweathermap"": 0.0020223320969973524, ""pirateweather"": 0.10826716618886968, ""tomorrow"": 0.15882225061739497, ""visual-crossing"": 0.17173750723820433, ""weather.gov"": 0.000583070611715796, ""weatherapi"": 0.007810334689569774}"
2026-05-21T06:30:03.094259-04:00,2026-05-20,tx,14,"{""consensus"": 0.23333455589688057, ""google-weather"": 0.001993355922307003, ""open-meteo"": 0.04530314496605051, ""openweathermap"": 0.0035252241974055515, ""pirateweather"": 0.08293076526201064, ""tomorrow"": 0.21891959232587502, ""visual-crossing"": 0.3900835366919329, ""weather.gov"": 0.0008181947778117461, ""weatherapi"": 0.02309162995972604}"
2026-05-21T06:30:03.094259-04:00,2026-05-20,fl,14,"{""consensus"": 0.29055077731929, ""google-weather"": 0.0040283871563030005, ""open-meteo"": 0.06576204591498294, ""openweathermap"": 0.0033695395018682925, ""pirateweather"": 0.008686837066151537, ""tomorrow"": 0.009917318189528207, ""visual-crossing"": 0.48274981605308837, ""weather.gov"": 0.0032316310000248065, ""weatherapi"": 0.13170364779876287}"
2026-05-22T06:30:03.170690-04:00,2026-05-21,ny,14,"{""consensus"": 0.29120767990485663, ""google-weather"": 0.0014139497761674182, ""open-meteo"": 0.21082209387047687, ""openweathermap"": 0.0022980269700094294, ""pirateweather"": 0.08441228081047153, ""tomorrow"": 0.13133708616283601, ""visual-crossing"": 0.26982474701675974, ""weather.gov"": 0.0004871248955610275, ""weatherapi"": 0.008197010592861228}"
2026-05-22T06:30:03.170690-04:00,2026-05-21,il,14,"{""consensus"": 0.5223657089155376, ""google-weather"": 0.0022706335503541904, ""open-meteo"": 0.0255350927155693, ""openweathermap"": 0.002016006388260228, ""pirateweather"": 0.1286858066882085, ""tomorrow"": 0.14866791378493113, ""visual-crossing"": 0.1630636700457894, ""weather.gov"": 0.0005999305678384459, ""weatherapi"": 0.006795237343511003}"
2026-05-22T06:30:03.170690-04:00,2026-05-21,tx,14,"{""consensus"": 0.20927922431986326, ""google-weather"": 0.0021037010043490636, ""open-meteo"": 0.05226736920547095, ""openweathermap"": 0.003418311911850001, ""pirateweather"": 0.06564101345499276, ""tomorrow"": 0.26641391527743014, ""visual-crossing"": 0.36474729335251943, ""weather.gov"": 0.0008118212959649188, ""weatherapi"": 0.0353173501775594}"
2026-05-22T06:30:03.170690-04:00,2026-05-21,fl,14,"{""consensus"": 0.28889471702266456, ""google-weather"": 0.004007313952890539, ""open-meteo"": 0.0672885280417814, ""openweathermap"": 0.0033949610539373044, ""pirateweather"": 0.008772298931975066, ""tomorrow"": 0.010396864749609979, ""visual-crossing"": 0.5031541973496229, ""weather.gov"": 0.0034736029119579012, ""weatherapi"": 0.11061751598556037}"
2026-05-23T06:30:05.189272-04:00,2026-05-22,ny,14,"{""consensus"": 0.2898741596812771, ""google-weather"": 0.0011573712832614082, ""open-meteo"": 0.1830678264408008, ""openweathermap"": 0.0018253504435755423, ""pirateweather"": 0.07111347747616847, ""tomorrow"": 0.12075900839713725, ""visual-crossing"": 0.3254539136725348, ""weather.gov"": 0.0004123101865256761, ""weatherapi"": 0.006336582418718901}"
2026-05-23T06:30:05.189272-04:00,2026-05-22,il,14,"{""consensus"": 0.5099408863894356, ""google-weather"": 0.0023592439293392037, ""open-meteo"": 0.026171896099648623, ""openweathermap"": 0.002136101545993237, ""pirateweather"": 0.126456066685991, ""tomorrow"": 0.14093375071274747, ""visual-crossing"": 0.1851226240638342, ""weather.gov"": 0.000623282847975933, ""weatherapi"": 0.0062561477250349514}"
2026-05-23T06:30:05.189272-04:00,2026-05-22,tx,14,"{""consensus"": 0.21717374518751448, ""google-weather"": 0.0022519823501245856, ""open-meteo"": 0.05568875603009793, ""openweathermap"": 0.0036332735116426334, ""pirateweather"": 0.07016039631815146, ""tomorrow"": 0.2762705972849828, ""visual-crossing"": 0.33909034140034644, ""weather.gov"": 0.0008544404875011619, ""weatherapi"": 0.0348764674296385}"
2026-05-23T06:30:05.189272-04:00,2026-05-22,fl,14,"{""consensus"": 0.2755952030714789, ""google-weather"": 0.003978114392529759, ""open-meteo"": 0.05980530750597707, ""openweathermap"": 0.003408168799663198, ""pirateweather"": 0.009081989663130759, ""tomorrow"": 0.010604742735363706, ""visual-crossing"": 0.5214548034045093, ""weather.gov"": 0.0033626412827439545, ""weatherapi"": 0.11270902914460348}"
2026-05-24T06:30:05.923387-04:00,2026-05-23,ny,14,"{""consensus"": 0.30460876720826663, ""google-weather"": 0.0013564135098708802, ""open-meteo"": 0.09353057790714867, ""openweathermap"": 0.0020929738769009196, ""pirateweather"": 0.08101715510056295, ""tomorrow"": 0.1471641931939096, ""visual-crossing"": 0.3617554907719829, ""weather.gov"": 0.00047835436796295254, ""weatherapi"": 0.007996074063394504}"
2026-05-24T06:30:05.923387-04:00,2026-05-23,il,14,"{""consensus"": 0.5857817984635031, ""google-weather"": 0.001788846191586289, ""open-meteo"": 0.019997381737143615, ""openweathermap"": 0.0017958729261710502, ""pirateweather"": 0.12498363585714765, ""tomorrow"": 0.1237806377676411, ""visual-crossing"": 0.13684513680772387, ""weather.gov"": 0.0005147809946402555, ""weatherapi"": 0.004511909254443029}"
2026-05-24T06:30:05.923387-04:00,2026-05-23,tx,14,"{""consensus"": 0.22441278511612475, ""google-weather"": 0.002292956711146497, ""open-meteo"": 0.05817965486782007, ""openweathermap"": 0.0037140403437223757, ""pirateweather"": 0.07651935653992417, ""tomorrow"": 0.26623891868399213, ""visual-crossing"": 0.3252392330737963, ""weather.gov"": 0.0009205050870147814, ""weatherapi"": 0.042482549576458986}"
2026-05-24T06:30:05.923387-04:00,2026-05-23,fl,14,"{""consensus"": 0.24848408511243322, ""google-weather"": 0.0040510445688895875, ""open-meteo"": 0.06026384321825364, ""openweathermap"": 0.003421994474020488, ""pirateweather"": 0.009210430297556757, ""tomorrow"": 0.010977328252957167, ""visual-crossing"": 0.5423745889642825, ""weather.gov"": 0.0034047645055160195, ""weatherapi"": 0.11781192060609064}"
2026-05-25T06:30:06.320704-04:00,2026-05-24,ny,14,"{""consensus"": 0.29193643962760046, ""google-weather"": 0.0015940851383159519, ""open-meteo"": 0.09069498595923967, ""openweathermap"": 0.002098900956261982, ""pirateweather"": 0.06766477313032775, ""tomorrow"": 0.13738412074299033, ""visual-crossing"": 0.39996488808024705, ""weather.gov"": 0.0005860157239334221, ""weatherapi"": 0.008075790641083451}"
2026-05-25T06:30:06.320704-04:00,2026-05-24,il,14,"{""consensus"": 0.5714201305803979, ""google-weather"": 0.0015147654118284762, ""open-meteo"": 0.029098600397863668, ""openweathermap"": 0.0015833349658837751, ""pirateweather"": 0.12422440452074573, ""tomorrow"": 0.1296966114074374, ""visual-crossing"": 0.1380719058960226, ""weather.gov"": 0.0004538576960031037, ""weatherapi"": 0.003936389123817386}"
2026-05-25T06:30:06.320704-04:00,2026-05-24,tx,14,"{""consensus"": 0.23551679525466773, ""google-weather"": 0.002478304760264069, ""open-meteo"": 0.06488008167294863, ""openweathermap"": 0.003700320361565118, ""pirateweather"": 0.07535470866223057, ""tomorrow"": 0.2883106554703544, ""visual-crossing"": 0.29244408884725065, ""weather.gov"": 0.0009471716804491557, ""weatherapi"": 0.036367873290269664}"
2026-05-25T06:30:06.320704-04:00,2026-05-24,fl,14,"{""consensus"": 0.2448138794782711, ""google-weather"": 0.004468268721757851, ""open-meteo"": 0.06487510180562751, ""openweathermap"": 0.0038065452092791046, ""pirateweather"": 0.010038202704157223, ""tomorrow"": 0.012126393691648968, ""visual-crossing"": 0.5179960994604027, ""weather.gov"": 0.0036416045311769498, ""weatherapi"": 0.13823390439767852}"
2026-05-26T06:30:03.112767-04:00,2026-05-25,ny,14,"{""consensus"": 0.2829532754586046, ""google-weather"": 0.0016065126715872093, ""open-meteo"": 0.051219086988586696, ""openweathermap"": 0.002162225715540387, ""pirateweather"": 0.07007938996760017, ""tomorrow"": 0.08616744074372211, ""visual-crossing"": 0.49575017529693827, ""weather.gov"": 0.0005940201804593486, ""weatherapi"": 0.009467872976961203}"
2026-05-26T06:30:03.112767-04:00,2026-05-25,il,14,"{""consensus"": 0.5865479998589123, ""google-weather"": 0.001581193726003428, ""open-meteo"": 0.045400066650721924, ""openweathermap"": 0.0016869212502786766, ""pirateweather"": 0.11763570325384302, ""tomorrow"": 0.12265011857202109, ""visual-crossing"": 0.12001727675856702, ""weather.gov"": 0.00042348853171383466, ""weatherapi"": 0.004057231397938667}"
2026-05-26T06:30:03.112767-04:00,2026-05-25,tx,14,"{""consensus"": 0.2364280680909222, ""google-weather"": 0.0023474187385474836, ""open-meteo"": 0.07181521948192368, ""openweathermap"": 0.003143423957367077, ""pirateweather"": 0.08970631609126913, ""tomorrow"": 0.276502310101063, ""visual-crossing"": 0.2869430235919449, ""weather.gov"": 0.0009236195183373542, ""weatherapi"": 0.032190600428625156}"
2026-05-26T06:30:03.112767-04:00,2026-05-25,fl,14,"{""consensus"": 0.25987525478491197, ""google-weather"": 0.004934476328232463, ""open-meteo"": 0.0775471045322848, ""openweathermap"": 0.0041285185089493205, ""pirateweather"": 0.01127982829538916, ""tomorrow"": 0.013646088253160235, ""visual-crossing"": 0.4797111811599389, ""weather.gov"": 0.004136285184491312, ""weatherapi"": 0.14474126295264175}"
2026-05-27T06:30:02.644790-04:00,2026-05-26,ny,14,"{""consensus"": 0.2608490743849377, ""google-weather"": 0.00174345349206982, ""open-meteo"": 0.053116851319089074, ""openweathermap"": 0.0022046046061733812, ""pirateweather"": 0.07001866413408922, ""tomorrow"": 0.07390578428064921, ""visual-crossing"": 0.528702862881693, ""weather.gov"": 0.0006160297549432816, ""weatherapi"": 0.008842675146355233}"
2026-05-27T06:30:02.644790-04:00,2026-05-26,il,14,"{""consensus"": 0.5460176506184722, ""google-weather"": 0.0017169948008379054, ""open-meteo"": 0.05017905081637497, ""openweathermap"": 0.0019553720353918374, ""pirateweather"": 0.11637278353497296, ""tomorrow"": 0.13721838317951876, ""visual-crossing"": 0.1409953154479676, ""weather.gov"": 0.0005017905081637499, ""weatherapi"": 0.005042659058300121}"
2026-05-27T06:30:02.644790-04:00,2026-05-26,tx,14,"{""consensus"": 0.2214599494720578, ""google-weather"": 0.002173320206993574, ""open-meteo"": 0.06650847855614074, ""openweathermap"": 0.002828267690576912, ""pirateweather"": 0.09229619541246231, ""tomorrow"": 0.28346642401637795, ""visual-crossing"": 0.29090942709688344, ""weather.gov"": 0.0009618192933390711, ""weatherapi"": 0.03939611825516835}"
2026-05-27T06:30:02.644790-04:00,2026-05-26,fl,14,"{""consensus"": 0.23526930089521275, ""google-weather"": 0.005600228247292184, ""open-meteo"": 0.08404508658576527, ""openweathermap"": 0.004766181800042413, ""pirateweather"": 0.012493541967672883, ""tomorrow"": 0.015848695170770984, ""visual-crossing"": 0.4554380881256032, ""weather.gov"": 0.004554380881256035, ""weatherapi"": 0.1819844963263841}"
2026-05-28T06:30:03.938191-04:00,2026-05-27,ny,14,"{""consensus"": 0.2556283793666661, ""google-weather"": 0.001960443819148399, ""open-meteo"": 0.05412666764064556, ""openweathermap"": 0.0023932941942080206, ""pirateweather"": 0.056368733568983816, ""tomorrow"": 0.06532401581464128, ""visual-crossing"": 0.5542570766402107, ""weather.gov"": 0.0006277412341755343, ""weatherapi"": 0.00931364772132041}"
2026-05-28T06:30:03.938191-04:00,2026-05-27,il,14,"{""consensus"": 0.4994491355708239, ""google-weather"": 0.0011527544434265513, ""open-meteo"": 0.04594855764200011, ""openweathermap"": 0.0014581774587843258, ""pirateweather"": 0.08064904855464697, ""tomorrow"": 0.1648898309746395, ""visual-crossing"": 0.20282811935756487, ""weather.gov"": 0.00035692301023834623, ""weatherapi"": 0.0032674529878755658}"
2026-05-28T06:30:03.938191-04:00,2026-05-27,tx,14,"{""consensus"": 0.23166017064150507, ""google-weather"": 0.002373768406183123, ""open-meteo"": 0.050272363686514374, ""openweathermap"": 0.0031175088424246285, ""pirateweather"": 0.06980495412741348, ""tomorrow"": 0.27453369299529307, ""visual-crossing"": 0.32940404369658177, ""weather.gov"": 0.0010803486072837108, ""weatherapi"": 0.03775314899680063}"
2026-05-28T06:30:03.938191-04:00,2026-05-27,fl,14,"{""consensus"": 0.23344948300444104, ""google-weather"": 0.006609359719150036, ""open-meteo"": 0.08070182211962505, ""openweathermap"": 0.005559672697428979, ""pirateweather"": 0.015145227705651612, ""tomorrow"": 0.01805735501389324, ""visual-crossing"": 0.4617487103562621, ""weather.gov"": 0.005361789238493311, ""weatherapi"": 0.1733665801450547}"
2026-05-29T06:30:03.187015-04:00,2026-05-28,ny,14,"{""consensus"": 0.24713648325652723, ""google-weather"": 0.0028803656749838364, ""open-meteo"": 0.0812369297090349, ""openweathermap"": 0.0034642900177068595, ""pirateweather"": 0.07685314808811057, ""tomorrow"": 0.10303386031621722, ""visual-crossing"": 0.47128502544577816, ""weather.gov"": 0.0009242957335783527, ""weatherapi"": 0.01318560175806291}"
2026-05-29T06:30:03.187015-04:00,2026-05-28,il,14,"{""consensus"": 0.4509590109446085, ""google-weather"": 0.0012440152604369834, ""open-meteo"": 0.05034968613974276, ""openweathermap"": 0.001683687672120604, ""pirateweather"": 0.09801439326176858, ""tomorrow"": 0.15768268300618785, ""visual-crossing"": 0.23594017545650203, ""weather.gov"": 0.0004116950025190367, ""weatherapi"": 0.0037146532561137327}"
2026-05-29T06:30:03.187015-04:00,2026-05-28,tx,14,"{""consensus"": 0.22934363838178198, ""google-weather"": 0.002490690314793351, ""open-meteo"": 0.052875945442165485, ""openweathermap"": 0.003280662286179433, ""pirateweather"": 0.07204087930856251, ""tomorrow"": 0.2622063171407139, ""visual-crossing"": 0.3375518454019323, ""weather.gov"": 0.001116889769616387, ""weatherapi"": 0.039093131954254665}"
2026-05-29T06:30:03.187015-04:00,2026-05-28,fl,14,"{""consensus"": 0.22897281722728124, ""google-weather"": 0.007516907521839564, ""open-meteo"": 0.08184207514427122, ""openweathermap"": 0.006205683843502288, ""pirateweather"": 0.018240525688745218, ""tomorrow"": 0.01981526889729005, ""visual-crossing"": 0.45809166272007584, ""weather.gov"": 0.006053339824693885, ""weatherapi"": 0.17326171913230073}"
2026-05-30T06:30:06.347858-04:00,2026-05-29,ny,14,"{""consensus"": 0.2549784997487624, ""google-weather"": 0.003227866220243777, ""open-meteo"": 0.07214888717798651, ""openweathermap"": 0.003501163683034412, ""pirateweather"": 0.07881997590111503, ""tomorrow"": 0.09774958384440381, ""visual-crossing"": 0.4770661111360742, ""weather.gov"": 0.0009640903399021244, ""weatherapi"": 0.011543821948477842}"
2026-05-30T06:30:06.347858-04:00,2026-05-29,il,14,"{""consensus"": 0.46681300007253446, ""google-weather"": 0.0010328078998540235, ""open-meteo"": 0.045810424918068936, ""openweathermap"": 0.001531685548335453, ""pirateweather"": 0.1022618572067726, ""tomorrow"": 0.15334609340845665, ""visual-crossing"": 0.22572739745886788, ""weather.gov"": 0.0003524788510007426, ""weatherapi"": 0.0031242546361088985}"
2026-05-30T06:30:06.347858-04:00,2026-05-29,tx,14,"{""consensus"": 0.23371281945005679, ""google-weather"": 0.002551786846436278, ""open-meteo"": 0.056201188900837334, ""openweathermap"": 0.0032809039240187052, ""pirateweather"": 0.07656410452861365, ""tomorrow"": 0.24767384102393056, ""visual-crossing"": 0.34183363068343375, ""weather.gov"": 0.0011485251265092036, ""weatherapi"": 0.03703319951616378}"
2026-05-30T06:30:06.347858-04:00,2026-05-29,fl,14,"{""consensus"": 0.20888572572080702, ""google-weather"": 0.007972031721616136, ""open-meteo"": 0.07171820550934192, ""openweathermap"": 0.0062898002737224465, ""pirateweather"": 0.019490545052208257, ""tomorrow"": 0.020012008184034098, ""visual-crossing"": 0.5121412198239315, ""weather.gov"": 0.0063345548204443115, ""weatherapi"": 0.14715590889389443}"
2026-05-31T06:30:04.544018-04:00,2026-05-30,ny,14,"{""consensus"": 0.2866865772769381, ""google-weather"": 0.0030460573194063508, ""open-meteo"": 0.031015107059642028, ""openweathermap"": 0.003093309205162218, ""pirateweather"": 0.07036666042679651, ""tomorrow"": 0.059982358146076095, ""visual-crossing"": 0.5329716276662573, ""weather.gov"": 0.0009730035748055893, ""weatherapi"": 0.011865299324915726}"
2026-05-31T06:30:04.544018-04:00,2026-05-30,il,14,"{""consensus"": 0.4432956681937167, ""google-weather"": 0.0010251515812492332, ""open-meteo"": 0.030558095810150464, ""openweathermap"": 0.0015415902392521708, ""pirateweather"": 0.11167199608202287, ""tomorrow"": 0.1264134069350741, ""visual-crossing"": 0.28187923529656894, ""weather.gov"": 0.00036597312245473994, ""weatherapi"": 0.003248882739510772}"
2026-05-31T06:30:04.544018-04:00,2026-05-30,tx,14,"{""consensus"": 0.24824325935403618, ""google-weather"": 0.0024581418289506807, ""open-meteo"": 0.06569954158881873, ""openweathermap"": 0.0031329149795677478, ""pirateweather"": 0.06718582189169699, ""tomorrow"": 0.2946943793263079, ""visual-crossing"": 0.2896280947117936, ""weather.gov"": 0.001076466685504495, ""weatherapi"": 0.027881379633323527}"
2026-05-31T06:30:04.544018-04:00,2026-05-30,fl,14,"{""consensus"": 0.221908068115356, ""google-weather"": 0.007950176558781856, ""open-meteo"": 0.06641363478931532, ""openweathermap"": 0.005987907320815256, ""pirateweather"": 0.019480855554421656, ""tomorrow"": 0.021682200696305057, ""visual-crossing"": 0.5387689644288516, ""weather.gov"": 0.006129993550834935, ""weatherapi"": 0.11167819898531824}"
2026-06-01T06:30:05.022700-04:00,2026-05-31,ny,14,"{""consensus"": 0.32527191410029394, ""google-weather"": 0.0028188088619031963, ""open-meteo"": 0.028480084049693193, ""openweathermap"": 0.0029174785751891934, ""pirateweather"": 0.06969158221398233, ""tomorrow"": 0.05806583934749127, ""visual-crossing"": 0.49999064938827564, ""weather.gov"": 0.0009099442653310322, ""weatherapi"": 0.01185369919784}"
2026-06-01T06:30:05.022700-04:00,2026-05-31,il,14,"{""consensus"": 0.4307834697072963, ""google-weather"": 0.0008442623579113449, ""open-meteo"": 0.027386681983677233, ""openweathermap"": 0.0012913100011242432, ""pirateweather"": 0.09886592196107478, ""tomorrow"": 0.11901490197847574, ""visual-crossing"": 0.3185029701573088, ""weather.gov"": 0.00032020822103857925, ""weatherapi"": 0.0029902736320930007}"
2026-06-01T06:30:05.022700-04:00,2026-05-31,tx,14,"{""consensus"": 0.25545341521878945, ""google-weather"": 0.0020103237407989964, ""open-meteo"": 0.06868246342731127, ""openweathermap"": 0.002680368949668682, ""pirateweather"": 0.05326767986279724, ""tomorrow"": 0.3124697642752833, ""visual-crossing"": 0.282918074988962, ""weather.gov"": 0.0008732039351511174, ""weatherapi"": 0.021644705601237924}"
2026-06-01T06:30:05.022700-04:00,2026-05-31,fl,14,"{""consensus"": 0.21159859876348416, ""google-weather"": 0.00844014003001969, ""open-meteo"": 0.08327290760409084, ""openweathermap"": 0.007352364983246757, ""pirateweather"": 0.020559617896516637, ""tomorrow"": 0.024492609298465102, ""visual-crossing"": 0.5172079071472098, ""weather.gov"": 0.006407511796370426, ""weatherapi"": 0.1206683424805965}"
2026-06-02T06:30:02.603047-04:00,2026-06-01,ny,14,"{""consensus"": 0.351350106350328, ""google-weather"": 0.0034033554661171044, ""open-meteo"": 0.025042101611618378, ""openweathermap"": 0.004188161330790014, ""pirateweather"": 0.09144328931126511, ""tomorrow"": 0.06988982957696409, ""visual-crossing"": 0.4364994824040155, ""weather.gov"": 0.0011521440761038573, ""weatherapi"": 0.017031529872798046}"
2026-06-02T06:30:02.603047-04:00,2026-06-01,il,14,"{""consensus"": 0.4006537824459033, ""google-weather"": 0.0007710522712661133, ""open-meteo"": 0.03435780811077411, ""openweathermap"": 0.0012063761989007183, ""pirateweather"": 0.13702845012267842, ""tomorrow"": 0.12300642219712854, ""visual-crossing"": 0.29993915102493907, ""weather.gov"": 0.00028965092535606247, ""weatherapi"": 0.0027473067030535274}"
2026-06-02T06:30:02.603047-04:00,2026-06-01,tx,14,"{""consensus"": 0.25163204305648207, ""google-weather"": 0.00204128587022588, ""open-meteo"": 0.07299149962994235, ""openweathermap"": 0.0027026245180240206, ""pirateweather"": 0.05436121392402649, ""tomorrow"": 0.3070692944472333, ""visual-crossing"": 0.28526719284367225, ""weather.gov"": 0.0008511078947563841, ""weatherapi"": 0.02308373781563743}"
2026-06-02T06:30:02.603047-04:00,2026-06-01,fl,14,"{""consensus"": 0.20295612267172788, ""google-weather"": 0.008295535811022589, ""open-meteo"": 0.09349407452320865, ""openweathermap"": 0.007261192878689948, ""pirateweather"": 0.020551108749736615, ""tomorrow"": 0.027363395354097243, ""visual-crossing"": 0.4945836542277736, ""weather.gov"": 0.006407455630156894, ""weatherapi"": 0.13908746015358653}"
2026-06-03T06:30:07.044799-04:00,2026-06-02,ny,14,"{""consensus"": 0.3905631098677775, ""google-weather"": 0.0032033543799462496, ""open-meteo"": 0.018023360110485817, ""openweathermap"": 0.003751905790588052, ""pirateweather"": 0.09036607275023305, ""tomorrow"": 0.0634698237113514, ""visual-crossing"": 0.41256405758841597, ""weather.gov"": 0.0010603944982602422, ""weatherapi"": 0.016997921302941615}"
2026-06-03T06:30:07.044799-04:00,2026-06-02,il,14,"{""consensus"": 0.40710680086105583, ""google-weather"": 0.0009213301049605555, ""open-meteo"": 0.04434419237185422, ""openweathermap"": 0.001485962782909293, ""pirateweather"": 0.14052915777830902, ""tomorrow"": 0.1309306861704617, ""visual-crossing"": 0.2709839137962608, ""weather.gov"": 0.0003524757169507936, ""weatherapi"": 0.003345480417237789}"
2026-06-03T06:30:07.044799-04:00,2026-06-02,tx,14,"{""consensus"": 0.3177025486021628, ""google-weather"": 0.0019090891835941571, ""open-meteo"": 0.06539172645613239, ""openweathermap"": 0.002174577258306012, ""pirateweather"": 0.06757626598239798, ""tomorrow"": 0.2547288513266932, ""visual-crossing"": 0.2694927276076688, ""weather.gov"": 0.0008415819607817339, ""weatherapi"": 0.020182631622263088}"
2026-06-03T06:30:07.044799-04:00,2026-06-02,fl,14,"{""consensus"": 0.21194059869535073, ""google-weather"": 0.007247283213105227, ""open-meteo"": 0.07645213065916867, ""openweathermap"": 0.006369370833658008, ""pirateweather"": 0.01924002921030709, ""tomorrow"": 0.02616491159835877, ""visual-crossing"": 0.47914486586577865, ""weather.gov"": 0.0056103925177255504, ""weatherapi"": 0.1678304174065472}"
2026-06-04T06:30:08.593359-04:00,2026-06-03,ny,14,"{""consensus"": 0.4038198584943291, ""google-weather"": 0.003623566920890975, ""open-meteo"": 0.017528893268188708, ""openweathermap"": 0.0036489730967121203, ""pirateweather"": 0.08610319517282966, ""tomorrow"": 0.06217520282697598, ""visual-crossing"": 0.4087103269227069, ""weather.gov"": 0.0011917993133066132, ""weatherapi"": 0.01319818398405999}"
2026-06-04T06:30:08.593359-04:00,2026-06-03,il,14,"{""consensus"": 0.4245067966233113, ""google-weather"": 0.0007482780719920383, ""open-meteo"": 0.09175912636090297, ""openweathermap"": 0.0012523792087212667, ""pirateweather"": 0.11728434274472221, ""tomorrow"": 0.12241308323451297, ""visual-crossing"": 0.2391331967408831, ""weather.gov"": 0.0002852581608515302, ""weatherapi"": 0.002617538854102764}"
2026-06-04T06:30:08.593359-04:00,2026-06-03,tx,14,"{""consensus"": 0.3397809616220036, ""google-weather"": 0.0018985802795975016, ""open-meteo"": 0.07664535858116223, ""openweathermap"": 0.002273477870065196, ""pirateweather"": 0.0885802398439224, ""tomorrow"": 0.18689335133343538, ""visual-crossing"": 0.28603446061409976, ""weather.gov"": 0.0008652542433576518, ""weatherapi"": 0.017028315612356366}"
2026-06-04T06:30:08.593359-04:00,2026-06-03,fl,14,"{""consensus"": 0.22085567306161993, ""google-weather"": 0.0067562595788528985, ""open-meteo"": 0.07515275347532954, ""openweathermap"": 0.006032000616001103, ""pirateweather"": 0.018530642567689604, ""tomorrow"": 0.028030921952165902, ""visual-crossing"": 0.4129693871503804, ""weather.gov"": 0.005295189222349926, ""weatherapi"": 0.2263771723756107}"
2026-06-05T06:30:05.490097-04:00,2026-06-04,ny,14,"{""consensus"": 0.44905454577468124, ""google-weather"": 0.0028129957735641043, ""open-meteo"": 0.015556960098983136, ""openweathermap"": 0.002649806303479977, ""pirateweather"": 0.11069801667125867, ""tomorrow"": 0.05260425935732198, ""visual-crossing"": 0.3561068825586799, ""weather.gov"": 0.0009779275775886821, ""weatherapi"": 0.00953860588444227}"
2026-06-05T06:30:05.490097-04:00,2026-06-04,il,14,"{""consensus"": 0.4643588649917839, ""google-weather"": 0.0006195889910156857, ""open-meteo"": 0.06328406852356949, ""openweathermap"": 0.001045113494504011, ""pirateweather"": 0.10744067183911754, ""tomorrow"": 0.1276239466398507, ""visual-crossing"": 0.23324937752304595, ""weather.gov"": 0.00021869319228431748, ""weatherapi"": 0.002159674804828386}"
2026-06-05T06:30:05.490097-04:00,2026-06-04,tx,14,"{""consensus"": 0.3272191296093026, ""google-weather"": 0.0017663515083955646, ""open-meteo"": 0.06224486202487871, ""openweathermap"": 0.0024985729474560174, ""pirateweather"": 0.12275417772348457, ""tomorrow"": 0.15864872343121597, ""visual-crossing"": 0.30663277955265944, ""weather.gov"": 0.0008121439263759711, ""weatherapi"": 0.017423259276231087}"
2026-06-05T06:30:05.490097-04:00,2026-06-04,fl,14,"{""consensus"": 0.20259952138257498, ""google-weather"": 0.007392743581425243, ""open-meteo"": 0.07582859341215642, ""openweathermap"": 0.006543046672966655, ""pirateweather"": 0.019496974450393563, ""tomorrow"": 0.031831580651616925, ""visual-crossing"": 0.4019949844855935, ""weather.gov"": 0.005703912398810507, ""weatherapi"": 0.24860864296446217}"
2026-06-06T06:30:05.759181-04:00,2026-06-05,ny,14,"{""consensus"": 0.4110836284535033, ""google-weather"": 0.003082350580565142, ""open-meteo"": 0.017913570290131457, ""openweathermap"": 0.003147436128273975, ""pirateweather"": 0.10065733226523353, ""tomorrow"": 0.050662573313903295, ""visual-crossing"": 0.4026293290609342, ""weather.gov"": 0.001104719927808912, ""weatherapi"": 0.00971905997964606}"
2026-06-06T06:30:05.759181-04:00,2026-06-05,il,14,"{""consensus"": 0.4335598529742682, ""google-weather"": 0.0007740307709181079, ""open-meteo"": 0.045561272373632895, ""openweathermap"": 0.0011167395836964545, ""pirateweather"": 0.11102478385808486, ""tomorrow"": 0.15957587505928447, ""visual-crossing"": 0.2451798310963604, ""weather.gov"": 0.0002724220345515118, ""weatherapi"": 0.0029351922492031066}"
2026-06-06T06:30:05.759181-04:00,2026-06-05,tx,14,"{""consensus"": 0.3082587844726787, ""google-weather"": 0.0019217425592910657, ""open-meteo"": 0.06509085978436581, ""openweathermap"": 0.002503112210440809, ""pirateweather"": 0.11012848607836369, ""tomorrow"": 0.16245825494093824, ""visual-crossing"": 0.33128227414348227, ""weather.gov"": 0.0009293819185384783, ""weatherapi"": 0.01742710389190105}"
2026-06-06T06:30:05.759181-04:00,2026-06-05,fl,14,"{""consensus"": 0.20365603433951412, ""google-weather"": 0.008191188144247295, ""open-meteo"": 0.07816570095165136, ""openweathermap"": 0.0069816684029623795, ""pirateweather"": 0.02062758829068224, ""tomorrow"": 0.03716422218811701, ""visual-crossing"": 0.3982892780340018, ""weather.gov"": 0.006296700248157572, ""weatherapi"": 0.24062761940066624}"
2026-06-07T06:30:04.901308-04:00,2026-06-06,ny,14,"{""consensus"": 0.4141443959467946, ""google-weather"": 0.0031853980150691524, ""open-meteo"": 0.017937479887164747, ""openweathermap"": 0.002809982978544247, ""pirateweather"": 0.08866647039202441, ""tomorrow"": 0.05059197467821901, ""visual-crossing"": 0.4122672172336333, ""weather.gov"": 0.001206222327116835, ""weatherapi"": 0.009190858541433575}"
2026-06-07T06:30:04.901308-04:00,2026-06-06,il,14,"{""consensus"": 0.35788536277455696, ""google-weather"": 0.0009413492427970271, ""open-meteo"": 0.04877495749683236, ""openweathermap"": 0.001355816245899572, ""pirateweather"": 0.11532296096762251, ""tomorrow"": 0.17235268878229656, ""visual-crossing"": 0.2993877827591673, ""weather.gov"": 0.00033769321854544175, ""weatherapi"": 0.0036413885122823443}"
2026-06-07T06:30:04.901308-04:00,2026-06-06,tx,14,"{""consensus"": 0.2789527181420946, ""google-weather"": 0.0022733433293377907, ""open-meteo"": 0.07244598013875159, ""openweathermap"": 0.0029952110675699325, ""pirateweather"": 0.08834543100965606, ""tomorrow"": 0.15705854401716635, ""visual-crossing"": 0.3784932839902124, ""weather.gov"": 0.0010697999566715828, ""weatherapi"": 0.01836568834853969}"
2026-06-07T06:30:04.901308-04:00,2026-06-06,fl,14,"{""consensus"": 0.20003226382488712, ""google-weather"": 0.00899408626905891, ""open-meteo"": 0.09069639240236013, ""openweathermap"": 0.007755223090700632, ""pirateweather"": 0.023164334699596893, ""tomorrow"": 0.03963204907744952, ""visual-crossing"": 0.40018392597846725, ""weather.gov"": 0.006932468194353411, ""weatherapi"": 0.22260925646312618}"
2026-06-08T06:30:07.142086-04:00,2026-06-07,ny,14,"{""consensus"": 0.4115987308571271, ""google-weather"": 0.0028073388308663774, ""open-meteo"": 0.018050135101014924, ""openweathermap"": 0.0028276308998439257, ""pirateweather"": 0.09163562613181765, ""tomorrow"": 0.04927181922132794, ""visual-crossing"": 0.4148564355526519, ""weather.gov"": 0.0010459117990103263, ""weatherapi"": 0.007906371606339732}"
2026-06-08T06:30:07.142086-04:00,2026-06-07,il,14,"{""consensus"": 0.3514686898191905, ""google-weather"": 0.001050739332322064, ""open-meteo"": 0.05219344294122602, ""openweathermap"": 0.0015444202747264349, ""pirateweather"": 0.10931346598338403, ""tomorrow"": 0.19835220647400997, ""visual-crossing"": 0.2812720617687244, ""weather.gov"": 0.0003875885102770358, ""weatherapi"": 0.004417384896139531}"
2026-06-08T06:30:07.142086-04:00,2026-06-07,tx,14,"{""consensus"": 0.2535850974601761, ""google-weather"": 0.0023532553907742227, ""open-meteo"": 0.06185198077086715, ""openweathermap"": 0.003039772433043604, ""pirateweather"": 0.07171960170654432, ""tomorrow"": 0.139744919673945, ""visual-crossing"": 0.44549330820983407, ""weather.gov"": 0.0011428492524661114, ""weatherapi"": 0.021069215102349395}"
2026-06-08T06:30:07.142086-04:00,2026-06-07,fl,14,"{""consensus"": 0.1942926470482927, ""google-weather"": 0.009271317888047182, ""open-meteo"": 0.08697842354866749, ""openweathermap"": 0.007740547888349516, ""pirateweather"": 0.02402255385475168, ""tomorrow"": 0.03985755716456812, ""visual-crossing"": 0.41968654117358367, ""weather.gov"": 0.0070847399278298395, ""weatherapi"": 0.21106567150590982}"
2026-06-09T06:30:08.033244-04:00,2026-06-08,ny,14,"{""consensus"": 0.43333823021040513, ""google-weather"": 0.002576068646431725, ""open-meteo"": 0.015451153799126843, ""openweathermap"": 0.0025278903553055633, ""pirateweather"": 0.09021443350496872, ""tomorrow"": 0.05970301872622845, ""visual-crossing"": 0.3879693411864784, ""weather.gov"": 0.001010930423875552, ""weatherapi"": 0.0072089331471796}"
2026-06-09T06:30:08.033244-04:00,2026-06-08,il,14,"{""consensus"": 0.3355287589518116, ""google-weather"": 0.0009851510354745114, ""open-meteo"": 0.04777958922659978, ""openweathermap"": 0.0013457272757179508, ""pirateweather"": 0.10895298631275822, ""tomorrow"": 0.17468656616795317, ""visual-crossing"": 0.32591406191338235, ""weather.gov"": 0.0003912019491997697, ""weatherapi"": 0.004415957167102745}"
2026-06-09T06:30:08.033244-04:00,2026-06-08,tx,14,"{""consensus"": 0.25794700272458193, ""google-weather"": 0.0024535916970803737, ""open-meteo"": 0.055055092835972055, ""openweathermap"": 0.0035426882757598963, ""pirateweather"": 0.07005727811983732, ""tomorrow"": 0.13570774350494083, ""visual-crossing"": 0.4537012625957273, ""weather.gov"": 0.0012059267534791317, ""weatherapi"": 0.020329413492621164}"
2026-06-09T06:30:08.033244-04:00,2026-06-08,fl,14,"{""consensus"": 0.18772101299662494, ""google-weather"": 0.009320283545999208, ""open-meteo"": 0.08589767652936495, ""openweathermap"": 0.00761417790677566, ""pirateweather"": 0.02394461055256052, ""tomorrow"": 0.0384440483498735, ""visual-crossing"": 0.43323891632132233, ""weather.gov"": 0.006884253182826567, ""weatherapi"": 0.20693502061465227}"
2026-06-10T06:30:05.303932-04:00,2026-06-09,ny,14,"{""consensus"": 0.44111748312133836, ""google-weather"": 0.0025162260477845054, ""open-meteo"": 0.014983549475618018, ""openweathermap"": 0.0025724758194615323, ""pirateweather"": 0.07855038838781708, ""tomorrow"": 0.06293095939881355, ""visual-crossing"": 0.38887351651243707, ""weather.gov"": 0.0009885916668630555, ""weatherapi"": 0.007466809569866883}"
2026-06-10T06:30:05.303932-04:00,2026-06-09,il,14,"{""consensus"": 0.33302105159470985, ""google-weather"": 0.0009440832137481216, ""open-meteo"": 0.039226051090871565, ""openweathermap"": 0.0013869645468223334, ""pirateweather"": 0.1414272612134984, ""tomorrow"": 0.17375456530219635, ""visual-crossing"": 0.30518018615910614, ""weather.gov"": 0.0003725599311363164, ""weatherapi"": 0.004687276947910884}"
2026-06-10T06:30:05.303932-04:00,2026-06-09,tx,14,"{""consensus"": 0.2746383459514647, ""google-weather"": 0.0029444642662238506, ""open-meteo"": 0.058797226614657076, ""openweathermap"": 0.004673566983766377, ""pirateweather"": 0.0710857444091597, ""tomorrow"": 0.1376571615514392, ""visual-crossing"": 0.4299027428713526, ""weather.gov"": 0.0013268603175041747, ""weatherapi"": 0.018973887034432278}"
2026-06-10T06:30:05.303932-04:00,2026-06-09,fl,14,"{""consensus"": 0.18748938237206533, ""google-weather"": 0.009146743967532863, ""open-meteo"": 0.08334867997919979, ""openweathermap"": 0.007332985866940975, ""pirateweather"": 0.023530437677457848, ""tomorrow"": 0.03597534133107284, ""visual-crossing"": 0.4406979313056422, ""weather.gov"": 0.006658287755533595, ""weatherapi"": 0.20582020974455453}"
2026-06-11T06:30:06.708731-04:00,2026-06-10,ny,14,"{""consensus"": 0.4580914844272964, ""google-weather"": 0.0024474991600393643, ""open-meteo"": 0.015054952264363793, ""openweathermap"": 0.0029647581242144756, ""pirateweather"": 0.0863921328367763, ""tomorrow"": 0.07212630177748658, ""visual-crossing"": 0.3544005978172115, ""weather.gov"": 0.0010544150017702152, ""weatherapi"": 0.007467858590841334}"
2026-06-11T06:30:06.708731-04:00,2026-06-10,il,14,"{""consensus"": 0.34733408439169394, ""google-weather"": 0.0008631956882273469, ""open-meteo"": 0.048147055692050855, ""openweathermap"": 0.0009489306303566041, ""pirateweather"": 0.18889328467569436, ""tomorrow"": 0.17335880965527042, ""visual-crossing"": 0.2355394319192199, ""weather.gov"": 0.00035580511147003416, ""weatherapi"": 0.004559402236016659}"
2026-06-11T06:30:06.708731-04:00,2026-06-10,tx,14,"{""consensus"": 0.27179433813765186, ""google-weather"": 0.002955287332687017, ""open-meteo"": 0.07565411143985266, ""openweathermap"": 0.0047049838220934595, ""pirateweather"": 0.09592435191942088, ""tomorrow"": 0.14439298864688127, ""visual-crossing"": 0.38427030406328366, ""weather.gov"": 0.00132732332636202, ""weatherapi"": 0.0189763113117671}"
2026-06-11T06:30:06.708731-04:00,2026-06-10,fl,14,"{""consensus"": 0.18172772551151936, ""google-weather"": 0.008648063507274435, ""open-meteo"": 0.07783257156546992, ""openweathermap"": 0.006884253771428699, ""pirateweather"": 0.022678758609285515, ""tomorrow"": 0.03402694912941782, ""visual-crossing"": 0.4496274348144985, ""weather.gov"": 0.006520311357573274, ""weatherapi"": 0.21205393173353243}"
2026-06-12T06:30:06.868768-04:00,2026-06-11,ny,14,"{""consensus"": 0.4721462733641915, ""google-weather"": 0.00176802095978579, ""open-meteo"": 0.01278721302256083, ""openweathermap"": 0.002274859233334981, ""pirateweather"": 0.05731652045360651, ""tomorrow"": 0.04111472824065284, ""visual-crossing"": 0.40716834935613344, ""weather.gov"": 0.0007328282504481372, ""weatherapi"": 0.0046912071192862295}"
2026-06-12T06:30:06.868768-04:00,2026-06-11,il,14,"{""consensus"": 0.411833934096984, ""google-weather"": 0.0008866343854904476, ""open-meteo"": 0.04418007544743597, ""openweathermap"": 0.0009272770480471307, ""pirateweather"": 0.0849856891142654, ""tomorrow"": 0.22022466495047005, ""visual-crossing"": 0.2313735386135876, ""weather.gov"": 0.00033313104904979343, ""weatherapi"": 0.005255055294669685}"
2026-06-12T06:30:06.868768-04:00,2026-06-11,tx,14,"{""consensus"": 0.27854072192830986, ""google-weather"": 0.002804202348104165, ""open-meteo"": 0.0706838582496133, ""openweathermap"": 0.004529401600463467, ""pirateweather"": 0.09064488143567634, ""tomorrow"": 0.13957714330336088, ""visual-crossing"": 0.3970505450600293, ""weather.gov"": 0.0012877854453685403, ""weatherapi"": 0.014881460629074063}"
2026-06-12T06:30:06.868768-04:00,2026-06-11,fl,14,"{""consensus"": 0.18186456175946952, ""google-weather"": 0.008046671530716755, ""open-meteo"": 0.0885249865272599, ""openweathermap"": 0.006283737938686635, ""pirateweather"": 0.02082888049072168, ""tomorrow"": 0.031257336268100226, ""visual-crossing"": 0.44231861780402537, ""weather.gov"": 0.006164645088028708, ""weatherapi"": 0.21471056259299126}"
2026-06-13T06:30:06.244011-04:00,2026-06-12,ny,14,"{""consensus"": 0.5167181830949812, ""google-weather"": 0.0013435464716262174, ""open-meteo"": 0.009461424118420079, ""openweathermap"": 0.0017450134663787888, ""pirateweather"": 0.047028372844619165, ""tomorrow"": 0.03352640882497276, ""visual-crossing"": 0.3856789985313372, ""weather.gov"": 0.000598528473386556, ""weatherapi"": 0.0038995241742779516}"
2026-06-13T06:30:06.244011-04:00,2026-06-12,il,14,"{""consensus"": 0.3358284671765713, ""google-weather"": 0.0012082283472682742, ""open-meteo"": 0.04098414107507482, ""openweathermap"": 0.001226524309891624, ""pirateweather"": 0.08845568214348667, ""tomorrow"": 0.25175352339006046, ""visual-crossing"": 0.2728339499114004, ""weather.gov"": 0.0004121420909019106, ""weatherapi"": 0.007297341555344401}"
2026-06-13T06:30:06.244011-04:00,2026-06-12,tx,14,"{""consensus"": 0.2565036168923711, ""google-weather"": 0.003053442534719255, ""open-meteo"": 0.07053696393612764, ""openweathermap"": 0.005014269156762548, ""pirateweather"": 0.08340646367562336, ""tomorrow"": 0.1472318314616456, ""visual-crossing"": 0.41677745981100356, ""weather.gov"": 0.001403766555884479, ""weatherapi"": 0.016072185975862675}"
2026-06-13T06:30:06.244011-04:00,2026-06-12,fl,14,"{""consensus"": 0.1974636813224732, ""google-weather"": 0.007607348320567227, ""open-meteo"": 0.10354231775568572, ""openweathermap"": 0.0062481469947246225, ""pirateweather"": 0.020881468112520913, ""tomorrow"": 0.031307501307404687, ""visual-crossing"": 0.42420937383313595, ""weather.gov"": 0.00579721955234373, ""weatherapi"": 0.20294294280114403}"
2026-06-14T06:30:07.106551-04:00,2026-06-13,ny,14,"{""consensus"": 0.4299066363882761, ""google-weather"": 0.001348640610245519, ""open-meteo"": 0.011390909857132144, ""openweathermap"": 0.0017626828120963132, ""pirateweather"": 0.03396953588750433, ""tomorrow"": 0.04322865311453436, ""visual-crossing"": 0.4745584842132491, ""weather.gov"": 0.0005460337388461552, ""weatherapi"": 0.003288423378115826}"
2026-06-14T06:30:07.106551-04:00,2026-06-13,il,14,"{""consensus"": 0.3250884834408205, ""google-weather"": 0.0011767638622768681, ""open-meteo"": 0.061537442335386494, ""openweathermap"": 0.0012288716752054763, ""pirateweather"": 0.06050933072203414, ""tomorrow"": 0.3360376698096175, ""visual-crossing"": 0.20741314291840834, ""weather.gov"": 0.0003718018178777725, ""weatherapi"": 0.006636493418373249}"
2026-06-14T06:30:07.106551-04:00,2026-06-13,tx,14,"{""consensus"": 0.23472206327796716, ""google-weather"": 0.0030012906414332665, ""open-meteo"": 0.06499300831648414, ""openweathermap"": 0.00487275684092916, ""pirateweather"": 0.08318971396537088, ""tomorrow"": 0.13344879849337582, ""visual-crossing"": 0.4575252479958743, ""weather.gov"": 0.0013896114989006537, ""weatherapi"": 0.016857508969664623}"
2026-06-14T06:30:07.106551-04:00,2026-06-13,fl,14,"{""consensus"": 0.19127571310195834, ""google-weather"": 0.006753148024425618, ""open-meteo"": 0.10479692642587966, ""openweathermap"": 0.005677477985591608, ""pirateweather"": 0.018958868074059262, ""tomorrow"": 0.024908729122736957, ""visual-crossing"": 0.41660412044983997, ""weather.gov"": 0.005129179272417713, ""weatherapi"": 0.22589583754309087}"
2026-06-15T06:30:03.025987-04:00,2026-06-14,ny,14,"{""consensus"": 0.425952181767901, ""google-weather"": 0.0013112033932955944, ""open-meteo"": 0.011502821994603764, ""openweathermap"": 0.001673639292862312, ""pirateweather"": 0.03191811889061428, ""tomorrow"": 0.042313257011478846, ""visual-crossing"": 0.48192451183738927, ""weather.gov"": 0.0005354716798193214, ""weatherapi"": 0.002868794132035496}"
2026-06-15T06:30:03.025987-04:00,2026-06-14,il,14,"{""consensus"": 0.33021187828400267, ""google-weather"": 0.0016504138756145087, ""open-meteo"": 0.05022104917131486, ""openweathermap"": 0.0017791864357084221, ""pirateweather"": 0.08234050897483858, ""tomorrow"": 0.2924316139547839, ""visual-crossing"": 0.23095662901319353, ""weather.gov"": 0.0004926374443475887, ""weatherapi"": 0.009916082846195872}"
2026-06-15T06:30:03.025987-04:00,2026-06-14,tx,14,"{""consensus"": 0.20910109284888584, ""google-weather"": 0.003033555398717709, ""open-meteo"": 0.055593225001042954, ""openweathermap"": 0.004893183953950267, ""pirateweather"": 0.07603832968123439, ""tomorrow"": 0.117792660026902, ""visual-crossing"": 0.5146952270970986, ""weather.gov"": 0.0013794468955541119, ""weatherapi"": 0.017473279096614006}"
2026-06-15T06:30:03.025987-04:00,2026-06-14,fl,14,"{""consensus"": 0.2063893423539286, ""google-weather"": 0.006100397576356111, ""open-meteo"": 0.10870180703292309, ""openweathermap"": 0.004578282047837865, ""pirateweather"": 0.017898645120874912, ""tomorrow"": 0.02244507310272246, ""visual-crossing"": 0.4289116051115346, ""weather.gov"": 0.004469690815420115, ""weatherapi"": 0.2005051568384024}"
2026-06-16T06:30:08.139977-04:00,2026-06-15,ny,14,"{""consensus"": 0.3860410934832431, ""google-weather"": 0.0010239003290504172, ""open-meteo"": 0.006127763219127228, ""openweathermap"": 0.0012020478338912572, ""pirateweather"": 0.019518832296245302, ""tomorrow"": 0.03215098057764851, ""visual-crossing"": 0.5517377481383942, ""weather.gov"": 0.00037876011008528037, ""weatherapi"": 0.0018188740123149369}"
2026-06-16T06:30:08.139977-04:00,2026-06-15,il,14,"{""consensus"": 0.2931519972105344, ""google-weather"": 0.0017966480596565756, ""open-meteo"": 0.04997009563721857, ""openweathermap"": 0.0019314275476000368, ""pirateweather"": 0.07927297138232758, ""tomorrow"": 0.340707707720211, ""visual-crossing"": 0.2220131958934896, ""weather.gov"": 0.0004981459520047827, ""weatherapi"": 0.01065781059695738}"
2026-06-16T06:30:08.139977-04:00,2026-06-15,tx,14,"{""consensus"": 0.21179865303184808, ""google-weather"": 0.0035819151000864163, ""open-meteo"": 0.061395943310657515, ""openweathermap"": 0.0059418644374764065, ""pirateweather"": 0.06963445329158426, ""tomorrow"": 0.1414034250994812, ""visual-crossing"": 0.4846242146585006, ""weather.gov"": 0.0016041980008586886, ""weatherapi"": 0.020015333069506654}"
2026-06-16T06:30:08.139977-04:00,2026-06-15,fl,14,"{""consensus"": 0.2081878566189245, ""google-weather"": 0.005822289854679894, ""open-meteo"": 0.11523832605785898, ""openweathermap"": 0.004561965248192839, ""pirateweather"": 0.016674486921095077, ""tomorrow"": 0.017471019663891436, ""visual-crossing"": 0.4411296980475696, ""weather.gov"": 0.003995659438581648, ""weatherapi"": 0.186918698149206}"
2026-06-17T06:30:05.481348-04:00,2026-06-16,ny,14,"{""consensus"": 0.40224235229017263, ""google-weather"": 0.0010191936508696052, ""open-meteo"": 0.00704569004248122, ""openweathermap"": 0.0011918392543963346, ""pirateweather"": 0.019963759712971353, ""tomorrow"": 0.031806631734214934, ""visual-crossing"": 0.5344753424525295, ""weather.gov"": 0.00039522222537463923, ""weatherapi"": 0.0018599686369897579}"
2026-06-17T06:30:05.481348-04:00,2026-06-16,il,14,"{""consensus"": 0.29319318790926263, ""google-weather"": 0.002233031794677078, ""open-meteo"": 0.05087825924383889, ""openweathermap"": 0.002497639693563583, ""pirateweather"": 0.0818229523035352, ""tomorrow"": 0.32635266533882945, ""visual-crossing"": 0.22870873557694696, ""weather.gov"": 0.0006141985483605203, ""weatherapi"": 0.013699329590985588}"
2026-06-17T06:30:05.481348-04:00,2026-06-16,tx,14,"{""consensus"": 0.20224817782924698, ""google-weather"": 0.003943278377494633, ""open-meteo"": 0.059283673809010604, ""openweathermap"": 0.00729688395788251, ""pirateweather"": 0.05641955483132219, ""tomorrow"": 0.1369703779942461, ""visual-crossing"": 0.5110309594663571, ""weather.gov"": 0.0016956951181086512, ""weatherapi"": 0.021111398616331087}"
2026-06-17T06:30:05.481348-04:00,2026-06-16,fl,14,"{""consensus"": 0.20700425321024282, ""google-weather"": 0.005982545619671026, ""open-meteo"": 0.12300513820528228, ""openweathermap"": 0.0049231628735107785, ""pirateweather"": 0.01645141205892139, ""tomorrow"": 0.015599186870584715, ""visual-crossing"": 0.43201294328570133, ""weather.gov"": 0.0039602816213379155, ""weatherapi"": 0.19106107625474797}"
2026-06-18T06:30:03.036099-04:00,2026-06-17,ny,14,"{""consensus"": 0.3709579312678239, ""google-weather"": 0.001535073942381874, ""open-meteo"": 0.012184946856368969, ""openweathermap"": 0.0016732562950794007, ""pirateweather"": 0.027969279276343104, ""tomorrow"": 0.04884864230486777, ""visual-crossing"": 0.5334235442250818, ""weather.gov"": 0.0005873169560279877, ""weatherapi"": 0.002820008876025242}"
2026-06-18T06:30:03.036099-04:00,2026-06-17,il,14,"{""consensus"": 0.2528705275046283, ""google-weather"": 0.00384299420734172, ""open-meteo"": 0.06167564062047261, ""openweathermap"": 0.004132880232770143, ""pirateweather"": 0.11440389126755876, ""tomorrow"": 0.2581232831287177, ""visual-crossing"": 0.2818379870298587, ""weather.gov"": 0.000939640872007953, ""weatherapi"": 0.022173155136644158}"
2026-06-18T06:30:03.036099-04:00,2026-06-17,tx,14,"{""consensus"": 0.20121273524461403, ""google-weather"": 0.0042524791471155125, ""open-meteo"": 0.05164236350584826, ""openweathermap"": 0.00740777090038294, ""pirateweather"": 0.0567750458661915, ""tomorrow"": 0.13647334520681964, ""visual-crossing"": 0.5165294525790513, ""weather.gov"": 0.0017387357796521147, ""weatherapi"": 0.02396807177032479}"
2026-06-18T06:30:03.036099-04:00,2026-06-17,fl,14,"{""consensus"": 0.21298367640163265, ""google-weather"": 0.005979239319565873, ""open-meteo"": 0.10949942866433808, ""openweathermap"": 0.0048171478317339, ""pirateweather"": 0.015939933293422078, ""tomorrow"": 0.01300541281952089, ""visual-crossing"": 0.4618996905356209, ""weather.gov"": 0.0038173528143439764, ""weatherapi"": 0.17205811831982176}"
2026-06-19T06:30:06.806580-04:00,2026-06-18,ny,14,"{""consensus"": 0.3094065623305617, ""google-weather"": 0.0015777051570340015, ""open-meteo"": 0.010883054827409444, ""openweathermap"": 0.0016630362221522665, ""pirateweather"": 0.020352560711643063, ""tomorrow"": 0.04001554215616993, ""visual-crossing"": 0.6131799389909288, ""weather.gov"": 0.0005168322066416781, ""weatherapi"": 0.0024047673974591775}"
2026-06-19T06:30:06.806580-04:00,2026-06-18,il,14,"{""consensus"": 0.24897458060191996, ""google-weather"": 0.0041408921904449066, ""open-meteo"": 0.06671840164991079, ""openweathermap"": 0.00432101318566087, ""pirateweather"": 0.11033368770856725, ""tomorrow"": 0.24424709147391452, ""visual-crossing"": 0.29076127557973813, ""weather.gov"": 0.0009881934597294893, ""weatherapi"": 0.029514864150114124}"
2026-06-19T06:30:06.806580-04:00,2026-06-18,tx,14,"{""consensus"": 0.20359792110016603, ""google-weather"": 0.0038693311418066933, ""open-meteo"": 0.047279784420954304, ""openweathermap"": 0.006677938126505822, ""pirateweather"": 0.0543760992372495, ""tomorrow"": 0.11452639475901329, ""visual-crossing"": 0.5488328017695944, ""weather.gov"": 0.0015020674823808193, ""weatherapi"": 0.0193376619623292}"
2026-06-19T06:30:06.806580-04:00,2026-06-18,fl,14,"{""consensus"": 0.2116603278749382, ""google-weather"": 0.005173498095615366, ""open-meteo"": 0.10071574720444988, ""openweathermap"": 0.004258673428133529, ""pirateweather"": 0.014379119304154612, ""tomorrow"": 0.011013594509427058, ""visual-crossing"": 0.4882092896760295, ""weather.gov"": 0.003243353232830858, ""weatherapi"": 0.16134639667442086}"
2026-06-20T06:30:06.069399-04:00,2026-06-19,ny,14,"{""consensus"": 0.3718173439604152, ""google-weather"": 0.0017566255554040844, ""open-meteo"": 0.011137257336689695, ""openweathermap"": 0.0017378186486704064, ""pirateweather"": 0.0221996743262445, ""tomorrow"": 0.045763471320412, ""visual-crossing"": 0.5424724089386147, ""weather.gov"": 0.0005219390097148151, ""weatherapi"": 0.002593460903834601}"
2026-06-20T06:30:06.069399-04:00,2026-06-19,il,14,"{""consensus"": 0.25732576590990586, ""google-weather"": 0.003696511910912084, ""open-meteo"": 0.07405702273469332, ""openweathermap"": 0.0036997149885408856, ""pirateweather"": 0.11051413597337292, ""tomorrow"": 0.22980447255053213, ""visual-crossing"": 0.2962280909387733, ""weather.gov"": 0.0008629981375172223, ""weatherapi"": 0.023811286855752335}"
2026-06-20T06:30:06.069399-04:00,2026-06-19,tx,14,"{""consensus"": 0.207802888895664, ""google-weather"": 0.003561502406518945, ""open-meteo"": 0.036637990052549176, ""openweathermap"": 0.006136772131477676, ""pirateweather"": 0.047887312320214634, ""tomorrow"": 0.09722436656759287, ""visual-crossing"": 0.5833377945227526, ""weather.gov"": 0.0013129359468284953, ""weatherapi"": 0.01609843715640145}"
2026-06-20T06:30:06.069399-04:00,2026-06-19,fl,14,"{""consensus"": 0.22518880541522662, ""google-weather"": 0.004567633228282861, ""open-meteo"": 0.10825596528699273, ""openweathermap"": 0.003988726693494047, ""pirateweather"": 0.01318104908480293, ""tomorrow"": 0.009424666345309956, ""visual-crossing"": 0.47980483229692056, ""weather.gov"": 0.002771352711347014, ""weatherapi"": 0.15281696893762323}"
2026-06-21T06:30:06.596666-04:00,2026-06-20,ny,14,"{""consensus"": 0.43277451127618777, ""google-weather"": 0.0015989386406854496, ""open-meteo"": 0.009262398451657907, ""openweathermap"": 0.0017228256682953916, ""pirateweather"": 0.020748243648700114, ""tomorrow"": 0.04169344078650917, ""visual-crossing"": 0.4896749587099193, ""weather.gov"": 0.0004034444747258506, ""weatherapi"": 0.0021212383433190083}"
2026-06-21T06:30:06.596666-04:00,2026-06-20,il,14,"{""consensus"": 0.276768851171255, ""google-weather"": 0.00391537793133413, ""open-meteo"": 0.07626374519268334, ""openweathermap"": 0.0036098358355006925, ""pirateweather"": 0.11792534737031606, ""tomorrow"": 0.24116561864189534, ""visual-crossing"": 0.2577669461036252, ""weather.gov"": 0.0007821497754149787, ""weatherapi"": 0.0218021279779753}"
2026-06-21T06:30:06.596666-04:00,2026-06-20,tx,14,"{""consensus"": 0.22159816584340872, ""google-weather"": 0.0035067237862667576, ""open-meteo"": 0.03593075055032383, ""openweathermap"": 0.0062265822277744725, ""pirateweather"": 0.05466532977815717, ""tomorrow"": 0.08981557833362093, ""visual-crossing"": 0.5693240802629312, ""weather.gov"": 0.0013438855392286933, ""weatherapi"": 0.01758890367828815}"
2026-06-21T06:30:06.596666-04:00,2026-06-20,fl,14,"{""consensus"": 0.24482654911086027, ""google-weather"": 0.0036445282439366232, ""open-meteo"": 0.0781158390805341, ""openweathermap"": 0.0030058394856048542, ""pirateweather"": 0.01071849726911618, ""tomorrow"": 0.008181776854476535, ""visual-crossing"": 0.4995557020489518, ""weather.gov"": 0.002278290805094225, ""weatherapi"": 0.1496729771014255}"
2026-06-22T06:30:06.534347-04:00,2026-06-21,ny,14,"{""consensus"": 0.4621935534519714, ""google-weather"": 0.0019755493616367254, ""open-meteo"": 0.012324667081753605, ""openweathermap"": 0.001989474227132387, ""pirateweather"": 0.02728257672070069, ""tomorrow"": 0.05460857985449432, ""visual-crossing"": 0.4365212275312113, ""weather.gov"": 0.0004760418621925009, ""weatherapi"": 0.002628329908907206}"
2026-06-22T06:30:06.534347-04:00,2026-06-21,il,14,"{""consensus"": 0.26672694015190707, ""google-weather"": 0.003712292667418165, ""open-meteo"": 0.054059525701524114, ""openweathermap"": 0.0031699070330080373, ""pirateweather"": 0.11987750920272992, ""tomorrow"": 0.2569580795853648, ""visual-crossing"": 0.2772059935501417, ""weather.gov"": 0.0007475866108360117, ""weatherapi"": 0.017542165497070054}"
2026-06-22T06:30:06.534347-04:00,2026-06-21,tx,14,"{""consensus"": 0.2243628358408921, ""google-weather"": 0.003319075471127991, ""open-meteo"": 0.03300051415528366, ""openweathermap"": 0.0055031558863436235, ""pirateweather"": 0.05252918878175878, ""tomorrow"": 0.0741527783814222, ""visual-crossing"": 0.590242269021304, ""weather.gov"": 0.0012103223458749418, ""weatherapi"": 0.015679860115992796}"
2026-06-22T06:30:06.534347-04:00,2026-06-21,fl,14,"{""consensus"": 0.2780955624310128, ""google-weather"": 0.0030422055097364584, ""open-meteo"": 0.0831409587752522, ""openweathermap"": 0.0025492477364187746, ""pirateweather"": 0.00885191886489067, ""tomorrow"": 0.006967793392654494, ""visual-crossing"": 0.4616641965361615, ""weather.gov"": 0.0019105994031666134, ""weatherapi"": 0.15377751735070636}"
2026-06-23T06:30:04.846401-04:00,2026-06-22,ny,14,"{""consensus"": 0.4264036360714998, ""google-weather"": 0.0022750459415722363, ""open-meteo"": 0.01055272357599144, ""openweathermap"": 0.002131965582052393, ""pirateweather"": 0.022471882361652283, ""tomorrow"": 0.05413745891904845, ""visual-crossing"": 0.4792150689672311, ""weather.gov"": 0.0005069272421043222, ""weatherapi"": 0.002305291338847846}"
2026-06-23T06:30:04.846401-04:00,2026-06-22,il,14,"{""consensus"": 0.25051769048901157, ""google-weather"": 0.004231465801530398, ""open-meteo"": 0.054529354180195645, ""openweathermap"": 0.00361214072310174, ""pirateweather"": 0.10506863820963959, ""tomorrow"": 0.2408448399459169, ""visual-crossing"": 0.31666885635040265, ""weather.gov"": 0.0008320915291856845, ""weatherapi"": 0.023694922771015866}"
2026-06-23T06:30:04.846401-04:00,2026-06-22,tx,14,"{""consensus"": 0.22653868269060304, ""google-weather"": 0.003026393520696592, ""open-meteo"": 0.03204198616951009, ""openweathermap"": 0.004851244707642823, ""pirateweather"": 0.050517952462057376, ""tomorrow"": 0.06761370258497737, ""visual-crossing"": 0.6016772958496894, ""weather.gov"": 0.0010543182469188717, ""weatherapi"": 0.012678423767904486}"
2026-06-23T06:30:04.846401-04:00,2026-06-22,fl,14,"{""consensus"": 0.3149158286436716, ""google-weather"": 0.002603041636384902, ""open-meteo"": 0.06806616249450961, ""openweathermap"": 0.0021962239548115863, ""pirateweather"": 0.007779069946266827, ""tomorrow"": 0.0061675870925253715, ""visual-crossing"": 0.4453450226192021, ""weather.gov"": 0.0016515609915920028, ""weatherapi"": 0.1512755026210357}"
2026-06-24T06:30:06.811839-04:00,2026-06-23,ny,14,"{""consensus"": 0.43277195104097915, ""google-weather"": 0.0022866339370587793, ""open-meteo"": 0.011361503708704023, ""openweathermap"": 0.002139832461803554, ""pirateweather"": 0.021978317802531788, ""tomorrow"": 0.054814807697795086, ""visual-crossing"": 0.47193009226587457, ""weather.gov"": 0.0004935285363786342, ""weatherapi"": 0.002223332548874198}"
2026-06-24T06:30:06.811839-04:00,2026-06-23,il,14,"{""consensus"": 0.25700286763150026, ""google-weather"": 0.004257264662648286, ""open-meteo"": 0.056701389995157066, ""openweathermap"": 0.0036784704020071117, ""pirateweather"": 0.10234409236892617, ""tomorrow"": 0.23056889591916366, ""visual-crossing"": 0.31737262252494536, ""weather.gov"": 0.0008548363699157715, ""weatherapi"": 0.02721956012573637}"
2026-06-24T06:30:06.811839-04:00,2026-06-23,tx,14,"{""consensus"": 0.23123361795457562, ""google-weather"": 0.0031376289513279933, ""open-meteo"": 0.03233560770363206, ""openweathermap"": 0.004995877674242922, ""pirateweather"": 0.05428467601596488, ""tomorrow"": 0.0668320125763716, ""visual-crossing"": 0.5939193251687516, ""weather.gov"": 0.0010639796499129113, ""weatherapi"": 0.012197274305220248}"
2026-06-24T06:30:06.811839-04:00,2026-06-23,fl,14,"{""consensus"": 0.3997163240596604, ""google-weather"": 0.002924921176447647, ""open-meteo"": 0.0856481700003575, ""openweathermap"": 0.0024481640348414566, ""pirateweather"": 0.009079718389758035, ""tomorrow"": 0.007139916880326172, ""visual-crossing"": 0.38844206044400825, ""weather.gov"": 0.0018617637216547139, ""weatherapi"": 0.10273896129294582}"
2026-06-25T06:30:03.186927-04:00,2026-06-24,ny,14,"{""consensus"": 0.43330987557040695, ""google-weather"": 0.002278219386189315, ""open-meteo"": 0.011942387153179891, ""openweathermap"": 0.0020495753569439897, ""pirateweather"": 0.024220446021372813, ""tomorrow"": 0.0602585483953889, ""visual-crossing"": 0.46311294313643286, ""weather.gov"": 0.0004753793902116839, ""weatherapi"": 0.002352625589873421}"
2026-06-25T06:30:03.186927-04:00,2026-06-24,il,14,"{""consensus"": 0.26701567085597494, ""google-weather"": 0.00535960119488079, ""open-meteo"": 0.05458244494161701, ""openweathermap"": 0.004764030342611094, ""pirateweather"": 0.09786847032060615, ""tomorrow"": 0.21332811802119672, ""visual-crossing"": 0.3234790974103129, ""weather.gov"": 0.0009510445206627347, ""weatherapi"": 0.03265152239213795}"
2026-06-25T06:30:03.186927-04:00,2026-06-24,tx,14,"{""consensus"": 0.22463308250935224, ""google-weather"": 0.002750915739303769, ""open-meteo"": 0.03018846892346581, ""openweathermap"": 0.004210096215286807, ""pirateweather"": 0.043916397035992503, ""tomorrow"": 0.056751244504393165, ""visual-crossing"": 0.6261357517289141, ""weather.gov"": 0.0008831615228313276, ""weatherapi"": 0.010530881820460178}"
2026-06-25T06:30:03.186927-04:00,2026-06-24,fl,14,"{""consensus"": 0.4093415611197129, ""google-weather"": 0.0031543431265513675, ""open-meteo"": 0.10801786256684273, ""openweathermap"": 0.0024638231651988823, ""pirateweather"": 0.00975952443772603, ""tomorrow"": 0.00785455105211171, ""visual-crossing"": 0.34421702041654356, ""weather.gov"": 0.001993466000521583, ""weatherapi"": 0.11319784811479111}"
2026-06-26T06:30:08.394948-04:00,2026-06-25,ny,14,"{""consensus"": 0.4608940912276648, ""google-weather"": 0.0025672406275526857, ""open-meteo"": 0.015180992036722019, ""openweathermap"": 0.0022610162638824695, ""pirateweather"": 0.031777004239248216, ""tomorrow"": 0.10060643576320585, ""visual-crossing"": 0.38337781988715286, ""weather.gov"": 0.0005749377580535662, ""weatherapi"": 0.0027604621965175197}"
2026-06-26T06:30:08.394948-04:00,2026-06-25,il,14,"{""consensus"": 0.2466587406407021, ""google-weather"": 0.00507999435240116, ""open-meteo"": 0.05628824239967841, ""openweathermap"": 0.004680632854640106, ""pirateweather"": 0.13244988227670781, ""tomorrow"": 0.20681781018204348, ""visual-crossing"": 0.3158593317296117, ""weather.gov"": 0.000936951987696018, ""weatherapi"": 0.031228413576519416}"
2026-06-26T06:30:08.394948-04:00,2026-06-25,tx,14,"{""consensus"": 0.22749037428842928, ""google-weather"": 0.002860554227784859, ""open-meteo"": 0.029672735047041474, ""openweathermap"": 0.0042187790577239434, ""pirateweather"": 0.0443872458827593, ""tomorrow"": 0.052292004874629726, ""visual-crossing"": 0.6265757980539957, ""weather.gov"": 0.0008890423758911282, ""weatherapi"": 0.011613466191744422}"
2026-06-26T06:30:08.394948-04:00,2026-06-25,fl,14,"{""consensus"": 0.4665199806794814, ""google-weather"": 0.002724569530676681, ""open-meteo"": 0.09339732638229652, ""openweathermap"": 0.002097730588498274, ""pirateweather"": 0.008397945515312828, ""tomorrow"": 0.006814525055931115, ""visual-crossing"": 0.33810724504829337, ""weather.gov"": 0.0017294069107601574, ""weatherapi"": 0.08021127028874958}"
2026-06-27T06:30:03.677381-04:00,2026-06-26,ny,14,"{""consensus"": 0.3674286435350444, ""google-weather"": 0.0038065199696164266, ""open-meteo"": 0.019001782321917817, ""openweathermap"": 0.0034515139555241475, ""pirateweather"": 0.03436708095075806, ""tomorrow"": 0.09971907165694502, ""visual-crossing"": 0.46794561093361675, ""weather.gov"": 0.0007795845246707483, ""weatherapi"": 0.0035001921519066735}"
2026-06-27T06:30:03.677381-04:00,2026-06-26,il,14,"{""consensus"": 0.29143365420377065, ""google-weather"": 0.005361900935964538, ""open-meteo"": 0.034744330328986765, ""openweathermap"": 0.005106904803942161, ""pirateweather"": 0.1298762060890109, ""tomorrow"": 0.21211424885315375, ""visual-crossing"": 0.2976313841388517, ""weather.gov"": 0.0009924982280051767, ""weatherapi"": 0.022738872418314283}"
2026-06-27T06:30:03.677381-04:00,2026-06-26,tx,14,"{""consensus"": 0.24200903650795147, ""google-weather"": 0.0029186433660264126, ""open-meteo"": 0.028717805267843774, ""openweathermap"": 0.0040457749370310745, ""pirateweather"": 0.0533506060889029, ""tomorrow"": 0.04940209101121154, ""visual-crossing"": 0.6064112972913337, ""weather.gov"": 0.000852765886815938, ""weatherapi"": 0.012291979642883229}"
2026-06-27T06:30:03.677381-04:00,2026-06-26,fl,14,"{""consensus"": 0.46160310443775193, ""google-weather"": 0.0033771718812618183, ""open-meteo"": 0.11445567424074084, ""openweathermap"": 0.0025774303203824583, ""pirateweather"": 0.010225979056404497, ""tomorrow"": 0.008467634174549038, ""visual-crossing"": 0.31204491825179814, ""weather.gov"": 0.0021337686902646994, ""weatherapi"": 0.08511431894684673}"
2026-06-28T06:30:03.343400-04:00,2026-06-27,ny,14,"{""consensus"": 0.40255300770985925, ""google-weather"": 0.0039155541280774244, ""open-meteo"": 0.01961904220948785, ""openweathermap"": 0.003581033717596759, ""pirateweather"": 0.05166010184087965, ""tomorrow"": 0.10571831920431345, ""visual-crossing"": 0.40827224361105147, ""weather.gov"": 0.0008681909424798354, ""weatherapi"": 0.0038125066362544834}"
2026-06-28T06:30:03.343400-04:00,2026-06-27,il,14,"{""consensus"": 0.2650477637720821, ""google-weather"": 0.005582290924598173, ""open-meteo"": 0.03653386617352669, ""openweathermap"": 0.005227300046770622, ""pirateweather"": 0.13991765326996164, ""tomorrow"": 0.20410655812647968, ""visual-crossing"": 0.309797832481766, ""weather.gov"": 0.0011296859045783082, ""weatherapi"": 0.03265704930023675}"
2026-06-28T06:30:03.343400-04:00,2026-06-27,tx,14,"{""consensus"": 0.2389015055830583, ""google-weather"": 0.0024626578015611565, ""open-meteo"": 0.023515288317767377, ""openweathermap"": 0.0033262989024651817, ""pirateweather"": 0.046389077505469146, ""tomorrow"": 0.041258774679290816, ""visual-crossing"": 0.6332122633646282, ""weather.gov"": 0.0006972732920800148, ""weatherapi"": 0.010236860553680003}"
2026-06-28T06:30:03.343400-04:00,2026-06-27,fl,14,"{""consensus"": 0.4291166926945142, ""google-weather"": 0.003631429357518605, ""open-meteo"": 0.11631993339079005, ""openweathermap"": 0.002759362446616312, ""pirateweather"": 0.011078111982918642, ""tomorrow"": 0.009239458007159265, ""visual-crossing"": 0.31726288535720304, ""weather.gov"": 0.002361479992508824, ""weatherapi"": 0.10823064677077114}"
2026-06-29T06:30:15.188245-04:00,2026-06-28,ny,14,"{""consensus"": 0.38704354891546916, ""google-weather"": 0.004092601751924083, ""open-meteo"": 0.02265740336471994, ""openweathermap"": 0.0038091327308229293, ""pirateweather"": 0.05620452122160841, ""tomorrow"": 0.12140074910740037, ""visual-crossing"": 0.3996765953536596, ""weather.gov"": 0.0009062961345887974, ""weatherapi"": 0.004209151419806878}"
2026-06-29T06:30:15.188245-04:00,2026-06-28,il,14,"{""consensus"": 0.2911547093036132, ""google-weather"": 0.006186001985880927, ""open-meteo"": 0.047724153779870965, ""openweathermap"": 0.005217609354031736, ""pirateweather"": 0.10494359886536418, ""tomorrow"": 0.22310780437631408, ""visual-crossing"": 0.2973222416350566, ""weather.gov"": 0.0011970573901795352, ""weatherapi"": 0.02314682330968869}"
2026-06-29T06:30:15.188245-04:00,2026-06-28,tx,14,"{""consensus"": 0.26722392920418386, ""google-weather"": 0.0024308918080363827, ""open-meteo"": 0.023669797865795393, ""openweathermap"": 0.0031170800954383013, ""pirateweather"": 0.05583829532376675, ""tomorrow"": 0.038707309623259155, ""visual-crossing"": 0.5981594791563604, ""weather.gov"": 0.0006646216435070671, ""weatherapi"": 0.010188595279652586}"
2026-06-29T06:30:15.188245-04:00,2026-06-28,fl,14,"{""consensus"": 0.3987916702969227, ""google-weather"": 0.003914221683293558, ""open-meteo"": 0.12010985423976153, ""openweathermap"": 0.003028845258628271, ""pirateweather"": 0.011831016749112888, ""tomorrow"": 0.009774117608454702, ""visual-crossing"": 0.32759990317323384, ""weather.gov"": 0.002605962706761517, ""weatherapi"": 0.12234440828383114}"
2026-06-30T06:30:03.099860-04:00,2026-06-29,ny,14,"{""consensus"": 0.3797723031989548, ""google-weather"": 0.004185596707395647, ""open-meteo"": 0.0326437949037084, ""openweathermap"": 0.00396952351671033, ""pirateweather"": 0.06638846939358344, ""tomorrow"": 0.12592599343542485, ""visual-crossing"": 0.38107096689676234, ""weather.gov"": 0.0009331358356149863, ""weatherapi"": 0.005110216111845137}"
2026-06-30T06:30:03.099860-04:00,2026-06-29,il,14,"{""consensus"": 0.293944132666218, ""google-weather"": 0.006029525567052853, ""open-meteo"": 0.047795744242928505, ""openweathermap"": 0.004980796044869727, ""pirateweather"": 0.10475126143247848, ""tomorrow"": 0.22212367188943788, ""visual-crossing"": 0.2987234015183033, ""weather.gov"": 0.0012079345224840052, ""weatherapi"": 0.020443532116227056}"
2026-06-30T06:30:03.099860-04:00,2026-06-29,tx,14,"{""consensus"": 0.24794687375134136, ""google-weather"": 0.0018203484856671288, ""open-meteo"": 0.018284085546117077, ""openweathermap"": 0.0022559862443803564, ""pirateweather"": 0.05611185078887229, ""tomorrow"": 0.027661128605698405, ""visual-crossing"": 0.6381297321392284, ""weather.gov"": 0.0004966195948144635, ""weatherapi"": 0.007293374843880497}"
2026-06-30T06:30:03.099860-04:00,2026-06-29,fl,14,"{""consensus"": 0.38541946425494356, ""google-weather"": 0.00394466817508066, ""open-meteo"": 0.12429739093805166, ""openweathermap"": 0.0029139982200566406, ""pirateweather"": 0.012321968345094438, ""tomorrow"": 0.009798099738598144, ""visual-crossing"": 0.34748379734816215, ""weather.gov"": 0.0026551099484400384, ""weatherapi"": 0.1111655030315725}"
2026-07-01T06:30:05.790936-04:00,2026-06-30,ny,14,"{""consensus"": 0.3450811112351921, ""google-weather"": 0.005065195600539569, ""open-meteo"": 0.03597051060673605, ""openweathermap"": 0.0050074730449611755, ""pirateweather"": 0.06688731311169928, ""tomorrow"": 0.12002224127284282, ""visual-crossing"": 0.41532006983239844, ""weather.gov"": 0.001059818777412678, ""weatherapi"": 0.005586266518217649}"
2026-07-01T06:30:05.790936-04:00,2026-06-30,il,14,"{""consensus"": 0.3112313185716609, ""google-weather"": 0.005344229620980215, ""open-meteo"": 0.04393182877293339, ""openweathermap"": 0.004281879490294566, ""pirateweather"": 0.10720906562291217, ""tomorrow"": 0.23038609199194346, ""visual-crossing"": 0.28233535479718136, ""weather.gov"": 0.001005792130408752, ""weatherapi"": 0.01427443900168516}"
2026-07-01T06:30:05.790936-04:00,2026-06-30,tx,14,"{""consensus"": 0.27602419427692887, ""google-weather"": 0.001749977444525374, ""open-meteo"": 0.018937526525300053, ""openweathermap"": 0.0021332123293334227, ""pirateweather"": 0.0839819357469167, ""tomorrow"": 0.027594786038012017, ""visual-crossing"": 0.5823680677738966, ""weather.gov"": 0.00045935632471219464, ""weatherapi"": 0.006750943540374788}"
2026-07-01T06:30:05.790936-04:00,2026-06-30,fl,14,"{""consensus"": 0.3612904858610394, ""google-weather"": 0.004287909135200952, ""open-meteo"": 0.1299105156105981, ""openweathermap"": 0.003110535999376619, ""pirateweather"": 0.013756983130256953, ""tomorrow"": 0.010770560281248065, ""visual-crossing"": 0.370159748191964, ""weather.gov"": 0.00286835254190609, ""weatherapi"": 0.10384490924840996}"
2026-07-02T06:30:03.176472-04:00,2026-07-01,ny,14,"{""consensus"": 0.40332777104063006, ""google-weather"": 0.004876928525138287, ""open-meteo"": 0.03363959070973184, ""openweathermap"": 0.004902603869865841, ""pirateweather"": 0.057261629962384715, ""tomorrow"": 0.09142495488596043, ""visual-crossing"": 0.3988413413981131, ""weather.gov"": 0.0009768581271383918, ""weatherapi"": 0.0047483214810372576}"
2026-07-02T06:30:03.176472-04:00,2026-07-01,il,14,"{""consensus"": 0.36262411242341425, ""google-weather"": 0.0030152593964751398, ""open-meteo"": 0.03463162280182859, ""openweathermap"": 0.0023683991176089193, ""pirateweather"": 0.06724361051954084, ""tomorrow"": 0.2823906322145872, ""visual-crossing"": 0.23933694044945303, ""weather.gov"": 0.0005802574847815979, ""weatherapi"": 0.007809165592310211}"
2026-07-02T06:30:03.176472-04:00,2026-07-01,tx,14,"{""consensus"": 0.2630234567843095, ""google-weather"": 0.0013766567718101889, ""open-meteo"": 0.016388310666768675, ""openweathermap"": 0.0016964617234957742, ""pirateweather"": 0.06190432460514585, ""tomorrow"": 0.025913454192080142, ""visual-crossing"": 0.6243732010391617, ""weather.gov"": 0.0003527935112025902, ""weatherapi"": 0.004971340706025419}"
2026-07-02T06:30:03.176472-04:00,2026-07-01,fl,14,"{""consensus"": 0.3228841762112939, ""google-weather"": 0.004897763095386816, ""open-meteo"": 0.1259735861526568, ""openweathermap"": 0.003535748394615482, ""pirateweather"": 0.015999023836849372, ""tomorrow"": 0.01353807985208309, ""visual-crossing"": 0.38914154620526853, ""weather.gov"": 0.003315762287192823, ""weatherapi"": 0.12071431396465312}"
2026-07-03T06:30:06.906334-04:00,2026-07-02,ny,14,"{""consensus"": 0.37598544863272115, ""google-weather"": 0.004286886571642605, ""open-meteo"": 0.03219956756631501, ""openweathermap"": 0.004635411600775317, ""pirateweather"": 0.07059359930895841, ""tomorrow"": 0.11003643301457151, ""visual-crossing"": 0.39679608169909186, ""weather.gov"": 0.0009519139652589625, ""weatherapi"": 0.004514657640665224}"
2026-07-03T06:30:06.906334-04:00,2026-07-02,il,14,"{""consensus"": 0.39961583015833735, ""google-weather"": 0.0028661328450715787, ""open-meteo"": 0.03491523387697314, ""openweathermap"": 0.0023302882693465995, ""pirateweather"": 0.06594744723441329, ""tomorrow"": 0.2891866793161943, ""visual-crossing"": 0.19771230129802797, ""weather.gov"": 0.0005708067330858636, ""weatherapi"": 0.006855280268549934}"
2026-07-03T06:30:06.906334-04:00,2026-07-02,tx,14,"{""consensus"": 0.2808718897497153, ""google-weather"": 0.0016849187899530985, ""open-meteo"": 0.0213226434792533, ""openweathermap"": 0.0020375474490899634, ""pirateweather"": 0.06385934728236986, ""tomorrow"": 0.03508796315806714, ""visual-crossing"": 0.5885410598470485, ""weather.gov"": 0.00043657228132285697, ""weatherapi"": 0.006158057963180235}"
2026-07-03T06:30:06.906334-04:00,2026-07-02,fl,14,"{""consensus"": 0.3085983214063067, ""google-weather"": 0.0053819149210127485, ""open-meteo"": 0.1023011988587715, ""openweathermap"": 0.0038256342616621447, ""pirateweather"": 0.01706851511132128, ""tomorrow"": 0.014923101888159016, ""visual-crossing"": 0.4152446369767046, ""weather.gov"": 0.0036529678028637954, ""weatherapi"": 0.1290037087731982}"
2026-07-04T06:30:06.157596-04:00,2026-07-03,ny,14,"{""consensus"": 0.3549158957907123, ""google-weather"": 0.0037364239403505552, ""open-meteo"": 0.03337549983982133, ""openweathermap"": 0.0047914094081794815, ""pirateweather"": 0.07030126656734094, ""tomorrow"": 0.10770153974195057, ""visual-crossing"": 0.41999137299819056, ""weather.gov"": 0.000986677983472686, ""weatherapi"": 0.004199913729981907}"
2026-07-04T06:30:06.157596-04:00,2026-07-03,il,14,"{""consensus"": 0.3716212326724464, ""google-weather"": 0.002378072348670537, ""open-meteo"": 0.03400523138723623, ""openweathermap"": 0.002492061730686218, ""pirateweather"": 0.06551216978868178, ""tomorrow"": 0.34939971061158104, ""visual-crossing"": 0.1666378060258013, ""weather.gov"": 0.0005481317105649733, ""weatherapi"": 0.007405583724331444}"
2026-07-04T06:30:06.157596-04:00,2026-07-03,tx,14,"{""consensus"": 0.2723331283914556, ""google-weather"": 0.001973896318851132, ""open-meteo"": 0.028213448503983485, ""openweathermap"": 0.0023756740260150325, ""pirateweather"": 0.07821769727448714, ""tomorrow"": 0.0398569291196188, ""visual-crossing"": 0.5679861505352672, ""weather.gov"": 0.0005085076578665301, ""weatherapi"": 0.008534568172455003}"
2026-07-04T06:30:06.157596-04:00,2026-07-03,fl,14,"{""consensus"": 0.31817688202701333, ""google-weather"": 0.0051371735412216405, ""open-meteo"": 0.08302994261007078, ""openweathermap"": 0.0034607091525353548, ""pirateweather"": 0.015957075233202722, ""tomorrow"": 0.014970213508310405, ""visual-crossing"": 0.43045866578248304, ""weather.gov"": 0.0035575096345659774, ""weatherapi"": 0.12525182851059666}"
2026-07-05T06:30:08.948186-04:00,2026-07-04,ny,14,"{""consensus"": 0.3434567804734285, ""google-weather"": 0.003304060847131792, ""open-meteo"": 0.03500281629152478, ""openweathermap"": 0.003905245832523883, ""pirateweather"": 0.0626138526302734, ""tomorrow"": 0.11048037826014705, ""visual-crossing"": 0.43583096335132815, ""weather.gov"": 0.0009724507947204203, ""weatherapi"": 0.004433451518922268}"
2026-07-05T06:30:08.948186-04:00,2026-07-04,il,14,"{""consensus"": 0.3312450249224305, ""google-weather"": 0.002833976153438315, ""open-meteo"": 0.0377225242814565, ""openweathermap"": 0.002748846179738741, ""pirateweather"": 0.08481530212877922, ""tomorrow"": 0.3644823693843593, ""visual-crossing"": 0.16588372910381413, ""weather.gov"": 0.0007019059854340858, ""weatherapi"": 0.009566321860549346}"
2026-07-05T06:30:08.948186-04:00,2026-07-04,tx,14,"{""consensus"": 0.28043906655891904, ""google-weather"": 0.001859828619322118, ""open-meteo"": 0.027112754454775758, ""openweathermap"": 0.002210203149361384, ""pirateweather"": 0.08057998293239167, ""tomorrow"": 0.04291290668939494, ""visual-crossing"": 0.5574217471982899, ""weather.gov"": 0.0004327400050725025, ""weatherapi"": 0.007030770392472627}"
2026-07-05T06:30:08.948186-04:00,2026-07-04,fl,14,"{""consensus"": 0.3219540247105116, ""google-weather"": 0.006539479728229036, ""open-meteo"": 0.10829625678795034, ""openweathermap"": 0.004679607985171741, ""pirateweather"": 0.019703054288591853, ""tomorrow"": 0.018607104712687107, ""visual-crossing"": 0.35981912846578074, ""weather.gov"": 0.004454733546429159, ""weatherapi"": 0.15594660977464847}"
2026-07-06T06:30:07.496904-04:00,2026-07-05,ny,14,"{""consensus"": 0.37015694565390145, ""google-weather"": 0.003270112237661862, ""open-meteo"": 0.03136943128829691, ""openweathermap"": 0.003938648113162831, ""pirateweather"": 0.05318757990954271, ""tomorrow"": 0.09488709798049079, ""visual-crossing"": 0.4383962751961371, ""weather.gov"": 0.0009870078571874714, ""weatherapi"": 0.0038069017636188124}"
2026-07-06T06:30:07.496904-04:00,2026-07-05,il,14,"{""consensus"": 0.3310101868206615, ""google-weather"": 0.003993594477746195, ""open-meteo"": 0.05298732334959695, ""openweathermap"": 0.0038025920254013902, ""pirateweather"": 0.10790719264544711, ""tomorrow"": 0.3066699257903692, ""visual-crossing"": 0.1785401347467373, ""weather.gov"": 0.0009055946489616778, ""weatherapi"": 0.014183455495078528}"
2026-07-06T06:30:07.496904-04:00,2026-07-05,tx,14,"{""consensus"": 0.2916681519502793, ""google-weather"": 0.0020197745950440256, ""open-meteo"": 0.0311244280132362, ""openweathermap"": 0.0024274411673976654, ""pirateweather"": 0.12434462542487144, ""tomorrow"": 0.05243236554576694, ""visual-crossing"": 0.4889229192293388, ""weather.gov"": 0.0004646274109472094, ""weatherapi"": 0.006595666663118382}"
2026-07-06T06:30:07.496904-04:00,2026-07-05,fl,14,"{""consensus"": 0.30236836941887596, ""google-weather"": 0.007542502564976527, ""open-meteo"": 0.11215362263394285, ""openweathermap"": 0.005492433181723461, ""pirateweather"": 0.02222873117089315, ""tomorrow"": 0.02275389280541571, ""visual-crossing"": 0.35213268836221945, ""weather.gov"": 0.005179172043860802, ""weatherapi"": 0.17014858781809203}"
2026-07-07T06:30:06.794255-04:00,2026-07-06,ny,14,"{""consensus"": 0.3587457812151178, ""google-weather"": 0.004298821598919531, ""open-meteo"": 0.03835001537705157, ""openweathermap"": 0.005383907641353542, ""pirateweather"": 0.06083767719972014, ""tomorrow"": 0.11997135635562435, ""visual-crossing"": 0.40507203742010733, ""weather.gov"": 0.0013500966195657946, ""weatherapi"": 0.0059903065725399095}"
2026-07-07T06:30:06.794255-04:00,2026-07-06,il,14,"{""consensus"": 0.3117050780548391, ""google-weather"": 0.004387465371793957, ""open-meteo"": 0.05284564165133015, ""openweathermap"": 0.0041385421476056615, ""pirateweather"": 0.12038650817011019, ""tomorrow"": 0.32319526437246404, ""visual-crossing"": 0.16851288791878238, ""weather.gov"": 0.0009698006867145143, ""weatherapi"": 0.013858811626360126}"
2026-07-07T06:30:06.794255-04:00,2026-07-06,tx,14,"{""consensus"": 0.27516126119780115, ""google-weather"": 0.001986296131546256, ""open-meteo"": 0.03266966692904321, ""openweathermap"": 0.0022989564712612614, ""pirateweather"": 0.0932261011030792, ""tomorrow"": 0.051164722895335336, ""visual-crossing"": 0.5358642118036312, ""weather.gov"": 0.00046697770394510407, ""weatherapi"": 0.007161805764357396}"
2026-07-07T06:30:06.794255-04:00,2026-07-06,fl,14,"{""consensus"": 0.28480999216847136, ""google-weather"": 0.008979489558779443, ""open-meteo"": 0.12254342462290611, ""openweathermap"": 0.00621887095549188, ""pirateweather"": 0.026438706279665557, ""tomorrow"": 0.029077175920299098, ""visual-crossing"": 0.28612642701333585, ""weather.gov"": 0.006407866326716579, ""weatherapi"": 0.22939804715433423}"
2026-07-08T06:30:05.976370-04:00,2026-07-07,ny,14,"{""consensus"": 0.35649547064537934, ""google-weather"": 0.004795073314542831, ""open-meteo"": 0.034793991616917895, ""openweathermap"": 0.005198510261730041, ""pirateweather"": 0.06131980047049984, ""tomorrow"": 0.12677026259845814, ""visual-crossing"": 0.4025152738399404, ""weather.gov"": 0.0014692506306397126, ""weatherapi"": 0.006642366621891881}"
2026-07-08T06:30:05.976370-04:00,2026-07-07,il,14,"{""consensus"": 0.3116720863697391, ""google-weather"": 0.004272201207027518, ""open-meteo"": 0.05153364316429343, ""openweathermap"": 0.0041061402490989414, ""pirateweather"": 0.1334138958249943, ""tomorrow"": 0.2925401382799789, ""visual-crossing"": 0.18818869945354502, ""weather.gov"": 0.0009639153973355839, ""weatherapi"": 0.013309280053987104}"
2026-07-08T06:30:05.976370-04:00,2026-07-07,tx,14,"{""consensus"": 0.2678586111767289, ""google-weather"": 0.0017682074811096167, ""open-meteo"": 0.0343504043136025, ""openweathermap"": 0.0022352398686618638, ""pirateweather"": 0.06435366234793778, ""tomorrow"": 0.054184076590085443, ""visual-crossing"": 0.5673632115499015, ""weather.gov"": 0.00044344725518295, ""weatherapi"": 0.007443139416789253}"
2026-07-08T06:30:05.976370-04:00,2026-07-07,fl,14,"{""consensus"": 0.24500802824409262, ""google-weather"": 0.007768451139925339, ""open-meteo"": 0.09615337445787893, ""openweathermap"": 0.005268956678461673, ""pirateweather"": 0.02144298217249881, ""tomorrow"": 0.024502162972531997, ""visual-crossing"": 0.2865704231355347, ""weather.gov"": 0.005661759335468112, ""weatherapi"": 0.30762386186360774}"
2026-07-09T06:30:03.755282-04:00,2026-07-08,ny,14,"{""consensus"": 0.3757535932212276, ""google-weather"": 0.004782679920048805, ""open-meteo"": 0.03194935000972857, ""openweathermap"": 0.005109372543122074, ""pirateweather"": 0.05779342697038566, ""tomorrow"": 0.10627267781447793, ""visual-crossing"": 0.41079681510898053, ""weather.gov"": 0.0014585056994325394, ""weatherapi"": 0.006083578712596252}"
2026-07-09T06:30:03.755282-04:00,2026-07-08,il,14,"{""consensus"": 0.31021176730174843, ""google-weather"": 0.0040300982633162735, ""open-meteo"": 0.05122203787032212, ""openweathermap"": 0.0037272326975093177, ""pirateweather"": 0.14332389896545986, ""tomorrow"": 0.27126042008670087, ""visual-crossing"": 0.20340614439944926, ""weather.gov"": 0.0008538135321349626, ""weatherapi"": 0.01196458688335875}"
2026-07-09T06:30:03.755282-04:00,2026-07-08,tx,14,"{""consensus"": 0.25916047962467226, ""google-weather"": 0.0020193838089765793, ""open-meteo"": 0.036991880366356575, ""openweathermap"": 0.002577792099988363, ""pirateweather"": 0.06848885800337949, ""tomorrow"": 0.059654943611714, ""visual-crossing"": 0.5613052696206549, ""weather.gov"": 0.0005257549643639727, ""weatherapi"": 0.009275637899893798}"
2026-07-09T06:30:03.755282-04:00,2026-07-08,fl,14,"{""consensus"": 0.259581225661032, ""google-weather"": 0.008189405066892003, ""open-meteo"": 0.09193642623664351, ""openweathermap"": 0.006065423829892024, ""pirateweather"": 0.023087755160791708, ""tomorrow"": 0.025377031519692856, ""visual-crossing"": 0.3367919677282707, ""weather.gov"": 0.006030565144416569, ""weatherapi"": 0.24294019965236868}"
2026-07-10T06:30:04.571135-04:00,2026-07-09,ny,14,"{""consensus"": 0.35962680206536884, ""google-weather"": 0.004582725746090076, ""open-meteo"": 0.02636666953246762, ""openweathermap"": 0.0049458876536551954, ""pirateweather"": 0.04932120410753841, ""tomorrow"": 0.08167228764972005, ""visual-crossing"": 0.4662141335166957, ""weather.gov"": 0.001387083372446367, ""weatherapi"": 0.00588320635601761}"
2026-07-10T06:30:04.571135-04:00,2026-07-09,il,14,"{""consensus"": 0.3104603856342762, ""google-weather"": 0.004221792579734918, ""open-meteo"": 0.048417840872349696, ""openweathermap"": 0.003632814844594168, ""pirateweather"": 0.16362622697061902, ""tomorrow"": 0.26168693084690103, ""visual-crossing"": 0.1964479784455479, ""weather.gov"": 0.000881477158840855, ""weatherapi"": 0.01062455264713618}"
2026-07-10T06:30:04.571135-04:00,2026-07-09,tx,14,"{""consensus"": 0.2537470221826799, ""google-weather"": 0.00214937476826408, ""open-meteo"": 0.04014479486836614, ""openweathermap"": 0.0028599032929995647, ""pirateweather"": 0.07178406059142001, ""tomorrow"": 0.06559362975689788, ""visual-crossing"": 0.5524608867160689, ""weather.gov"": 0.0005841647769092965, ""weatherapi"": 0.010676163046394307}"
2026-07-10T06:30:04.571135-04:00,2026-07-09,fl,14,"{""consensus"": 0.2281782235949815, ""google-weather"": 0.007827751477260047, ""open-meteo"": 0.08772778607956594, ""openweathermap"": 0.005908562909430316, ""pirateweather"": 0.02255554253746075, ""tomorrow"": 0.023625383250693233, ""visual-crossing"": 0.3075436737891167, ""weather.gov"": 0.005791370667804646, ""weatherapi"": 0.310841705693687}"
2026-07-11T06:30:04.188068-04:00,2026-07-10,ny,14,"{""consensus"": 0.4437366200527103, ""google-weather"": 0.004008256763889471, ""open-meteo"": 0.02697796526959249, ""openweathermap"": 0.004312134097061169, ""pirateweather"": 0.06189580628490596, ""tomorrow"": 0.08713594788031602, ""visual-crossing"": 0.3652151307593506, ""weather.gov"": 0.0012503120988535939, ""weatherapi"": 0.0054678267933201555}"
2026-07-11T06:30:04.188068-04:00,2026-07-10,il,14,"{""consensus"": 0.27305917585309875, ""google-weather"": 0.0033330445475725596, ""open-meteo"": 0.10140014156121076, ""openweathermap"": 0.0027317194905892915, ""pirateweather"": 0.15758476057880816, ""tomorrow"": 0.2458946822980391, ""visual-crossing"": 0.2053502866823928, ""weather.gov"": 0.0007438314139515684, ""weatherapi"": 0.009902357574336986}"
2026-07-11T06:30:04.188068-04:00,2026-07-10,tx,14,"{""consensus"": 0.24658310984286988, ""google-weather"": 0.002061734923942011, ""open-meteo"": 0.043195772183597755, ""openweathermap"": 0.0027700810626890226, ""pirateweather"": 0.057855083154241316, ""tomorrow"": 0.0662479254227521, ""visual-crossing"": 0.5693227270455374, ""weather.gov"": 0.0005932591642614258, ""weatherapi"": 0.011370307200109089}"
2026-07-11T06:30:04.188068-04:00,2026-07-10,fl,14,"{""consensus"": 0.20112953577233456, ""google-weather"": 0.006707057950985419, ""open-meteo"": 0.07895137763660892, ""openweathermap"": 0.005261714398008718, ""pirateweather"": 0.0198971575836076, ""tomorrow"": 0.0209380192683087, ""visual-crossing"": 0.3001266111393715, ""weather.gov"": 0.0050495467063204165, ""weatherapi"": 0.3619389795444541}"
2026-07-12T06:30:05.416299-04:00,2026-07-11,ny,14,"{""consensus"": 0.42003899909351, ""google-weather"": 0.003975878310004669, ""open-meteo"": 0.03288196358781253, ""openweathermap"": 0.004334790564811976, ""pirateweather"": 0.05478507931606572, ""tomorrow"": 0.0962093463701579, ""visual-crossing"": 0.38053355293307806, ""weather.gov"": 0.001181838283292863, ""weatherapi"": 0.006058551541266368}"
2026-07-12T06:30:05.416299-04:00,2026-07-11,il,14,"{""consensus"": 0.2720705813732202, ""google-weather"": 0.003315111140606362, ""open-meteo"": 0.09588294834246909, ""openweathermap"": 0.0028140330965675344, ""pirateweather"": 0.19597252940684576, ""tomorrow"": 0.20665861821431125, ""visual-crossing"": 0.21349522939951268, ""weather.gov"": 0.0007497226162726368, ""weatherapi"": 0.009041226410194312}"
2026-07-12T06:30:05.416299-04:00,2026-07-11,tx,14,"{""consensus"": 0.23458999636858568, ""google-weather"": 0.0021533994412555576, ""open-meteo"": 0.042162152993123876, ""openweathermap"": 0.0029670580473607966, ""pirateweather"": 0.05753139026960015, ""tomorrow"": 0.06396928536707483, ""visual-crossing"": 0.5835916646693046, ""weather.gov"": 0.0006347120753137189, ""weatherapi"": 0.012400340768380862}"
2026-07-12T06:30:05.416299-04:00,2026-07-11,fl,14,"{""consensus"": 0.21887640795254448, ""google-weather"": 0.007216766647834174, ""open-meteo"": 0.07939089512908244, ""openweathermap"": 0.005700798050179687, ""pirateweather"": 0.02190168802306271, ""tomorrow"": 0.022666639971761465, ""visual-crossing"": 0.3247807042460252, ""weather.gov"": 0.005421202346061974, ""weatherapi"": 0.3140448976334481}"
2026-07-13T06:30:03.377352-04:00,2026-07-12,ny,14,"{""consensus"": 0.42812212918502796, ""google-weather"": 0.004020137515903824, ""open-meteo"": 0.02949451571806726, ""openweathermap"": 0.004719122514890764, ""pirateweather"": 0.056823883897774145, ""tomorrow"": 0.09332377492405011, ""visual-crossing"": 0.3760399073647015, ""weather.gov"": 0.0011994228407205608, ""weatherapi"": 0.00625710603886421}"
2026-07-13T06:30:03.377352-04:00,2026-07-12,il,14,"{""consensus"": 0.24006575528854593, ""google-weather"": 0.0025664131063097002, ""open-meteo"": 0.08723579278560996, ""openweathermap"": 0.0023708214599217647, ""pirateweather"": 0.25820745696746633, ""tomorrow"": 0.20914804014364766, ""visual-crossing"": 0.190287589659688, ""weather.gov"": 0.0006240874585667734, ""weatherapi"": 0.009494043130243879}"
2026-07-13T06:30:03.377352-04:00,2026-07-12,tx,14,"{""consensus"": 0.2360534559655848, ""google-weather"": 0.002291002391117453, ""open-meteo"": 0.05434779612242977, ""openweathermap"": 0.0033643577604861715, ""pirateweather"": 0.04635191985095255, ""tomorrow"": 0.08731225587538222, ""visual-crossing"": 0.5551582449737932, ""weather.gov"": 0.0007061306641776307, ""weatherapi"": 0.014414836396076127}"
2026-07-13T06:30:03.377352-04:00,2026-07-12,fl,14,"{""consensus"": 0.24871935536095366, ""google-weather"": 0.007382641860572264, ""open-meteo"": 0.07975124014382447, ""openweathermap"": 0.005911445171105817, ""pirateweather"": 0.023115430028448798, ""tomorrow"": 0.023183028851934958, ""visual-crossing"": 0.3207410387884948, ""weather.gov"": 0.005620313963678524, ""weatherapi"": 0.28557550583098695}"
2026-07-14T06:30:08.631821-04:00,2026-07-13,ny,14,"{""consensus"": 0.445191177300132, ""google-weather"": 0.004074709642403621, ""open-meteo"": 0.025954703493810176, ""openweathermap"": 0.005006896755437067, ""pirateweather"": 0.058528853954796026, ""tomorrow"": 0.08440590460193062, ""visual-crossing"": 0.36960870914336497, ""weather.gov"": 0.001219758936014092, ""weatherapi"": 0.006009286172111316}"
2026-07-14T06:30:08.631821-04:00,2026-07-13,il,14,"{""consensus"": 0.25524588246252067, ""google-weather"": 0.002455098484894351, ""open-meteo"": 0.08092108101306256, ""openweathermap"": 0.0022871104635295903, ""pirateweather"": 0.262397373828657, ""tomorrow"": 0.1971857008242862, ""visual-crossing"": 0.1887186006271225, ""weather.gov"": 0.000593660913617381, ""weatherapi"": 0.0101954913823097}"
2026-07-14T06:30:08.631821-04:00,2026-07-13,tx,14,"{""consensus"": 0.24429366876616082, ""google-weather"": 0.0023482110754250735, ""open-meteo"": 0.06552735957571365, ""openweathermap"": 0.0034246877730946166, ""pirateweather"": 0.04404829016519646, ""tomorrow"": 0.11241224327177332, ""visual-crossing"": 0.5091982343096708, ""weather.gov"": 0.0008061337351096245, ""weatherapi"": 0.017941171327855616}"
2026-07-14T06:30:08.631821-04:00,2026-07-13,fl,14,"{""consensus"": 0.2936532918639793, ""google-weather"": 0.00792068395778113, ""open-meteo"": 0.08770886874143687, ""openweathermap"": 0.0064380181325660495, ""pirateweather"": 0.025270359078888256, ""tomorrow"": 0.025078217843921256, ""visual-crossing"": 0.3306081382434904, ""weather.gov"": 0.006225698778878961, ""weatherapi"": 0.21709672335905777}"
2026-07-15T06:30:05.284607-04:00,2026-07-14,ny,14,"{""consensus"": 0.448442634242364, ""google-weather"": 0.004038310117922487, ""open-meteo"": 0.023889474551358463, ""openweathermap"": 0.00431065974881959, ""pirateweather"": 0.04630664461640095, ""tomorrow"": 0.09517925894466833, ""visual-crossing"": 0.37099010400129934, ""weather.gov"": 0.001195081343057509, ""weatherapi"": 0.00564783243410921}"
2026-07-15T06:30:05.284607-04:00,2026-07-14,il,14,"{""consensus"": 0.2860415993759425, ""google-weather"": 0.002393374516669481, ""open-meteo"": 0.08114658990964398, ""openweathermap"": 0.002285897572981234, ""pirateweather"": 0.2583926518211859, ""tomorrow"": 0.15967908249773888, ""visual-crossing"": 0.19897274530816145, ""weather.gov"": 0.0006047018508790112, ""weatherapi"": 0.010483357146797514}"
2026-07-15T06:30:05.284607-04:00,2026-07-14,tx,14,"{""consensus"": 0.25709773482944426, ""google-weather"": 0.0024689410745254796, ""open-meteo"": 0.06865926896372686, ""openweathermap"": 0.003245692256038805, ""pirateweather"": 0.04216510542715162, ""tomorrow"": 0.10073662631989615, ""visual-crossing"": 0.5091700012237477, ""weather.gov"": 0.0008632986179918214, ""weatherapi"": 0.015593331287477277}"
2026-07-15T06:30:05.284607-04:00,2026-07-14,fl,14,"{""consensus"": 0.3001157531752314, ""google-weather"": 0.007391257676922092, ""open-meteo"": 0.08416686083047763, ""openweathermap"": 0.0061318228485587375, ""pirateweather"": 0.02372125750494955, ""tomorrow"": 0.023981522894562457, ""visual-crossing"": 0.3239812579834792, ""weather.gov"": 0.0059303143762373875, ""weatherapi"": 0.22457995270958148}"
2026-07-16T06:30:03.205347-04:00,2026-07-15,ny,14,"{""consensus"": 0.3958492819907256, ""google-weather"": 0.003317700558016368, ""open-meteo"": 0.01755484509077647, ""openweathermap"": 0.0037793478434302256, ""pirateweather"": 0.03897213583385127, ""tomorrow"": 0.08971062308876257, ""visual-crossing"": 0.44523326862025026, ""weather.gov"": 0.0009989998547988996, ""weatherapi"": 0.0045837971193883175}"
2026-07-16T06:30:03.205347-04:00,2026-07-15,il,14,"{""consensus"": 0.2977346026351253, ""google-weather"": 0.002280449917403929, ""open-meteo"": 0.07903185861579022, ""openweathermap"": 0.0022607010261203957, ""pirateweather"": 0.2778463779461375, ""tomorrow"": 0.1543948355892165, ""visual-crossing"": 0.1752723000790847, ""weather.gov"": 0.0006080214216151958, ""weatherapi"": 0.010570852769506407}"
2026-07-16T06:30:03.205347-04:00,2026-07-15,tx,14,"{""consensus"": 0.263102084793767, ""google-weather"": 0.002620056925203475, ""open-meteo"": 0.06539971286106284, ""openweathermap"": 0.0036150235238177333, ""pirateweather"": 0.04370279376058304, ""tomorrow"": 0.09833128596131181, ""visual-crossing"": 0.5068119457582294, ""weather.gov"": 0.0009308790840457276, ""weatherapi"": 0.015486217331978788}"
2026-07-16T06:30:03.205347-04:00,2026-07-15,fl,14,"{""consensus"": 0.32823895723133917, ""google-weather"": 0.007308130859774118, ""open-meteo"": 0.09313213449348594, ""openweathermap"": 0.006190316450960713, ""pirateweather"": 0.02356103753249408, ""tomorrow"": 0.022122796599953122, ""visual-crossing"": 0.3177099218571414, ""weather.gov"": 0.005752480305511358, ""weatherapi"": 0.19598422466934012}"
2026-07-17T06:30:03.132906-04:00,2026-07-16,ny,14,"{""consensus"": 0.3902846804711238, ""google-weather"": 0.003859902910094212, ""open-meteo"": 0.016806424538808266, ""openweathermap"": 0.003893951608111517, ""pirateweather"": 0.030235137371275495, ""tomorrow"": 0.08935932976270881, ""visual-crossing"": 0.45987643941710027, ""weather.gov"": 0.0011250994864222268, ""weatherapi"": 0.00455903443435554}"
2026-07-17T06:30:03.132906-04:00,2026-07-16,il,14,"{""consensus"": 0.2900315339266089, ""google-weather"": 0.002105741445158641, ""open-meteo"": 0.07057212430038441, ""openweathermap"": 0.0022095826284785933, ""pirateweather"": 0.29441722583248275, ""tomorrow"": 0.1459487651301324, ""visual-crossing"": 0.18364394069769704, ""weather.gov"": 0.0006459423779455173, ""weatherapi"": 0.010425143661111759}"
2026-07-17T06:30:03.132906-04:00,2026-07-16,tx,14,"{""consensus"": 0.2672997247006802, ""google-weather"": 0.002712728487764061, ""open-meteo"": 0.07105042748278957, ""openweathermap"": 0.0038177755085481626, ""pirateweather"": 0.043978420450663434, ""tomorrow"": 0.09556598665006044, ""visual-crossing"": 0.4964987755198096, ""weather.gov"": 0.0010177624629935961, ""weatherapi"": 0.01805839873669101}"
2026-07-17T06:30:03.132906-04:00,2026-07-16,fl,14,"{""consensus"": 0.3216055247297717, ""google-weather"": 0.006958488511702954, ""open-meteo"": 0.09586938667553764, ""openweathermap"": 0.006399101892276951, ""pirateweather"": 0.022862978478264937, ""tomorrow"": 0.022883750256763875, ""visual-crossing"": 0.28198195585273644, ""weather.gov"": 0.005515409511425424, ""weatherapi"": 0.2359234040915203}"
2026-07-18T06:30:03.413343-04:00,2026-07-17,ny,14,"{""consensus"": 0.4031931354122705, ""google-weather"": 0.003895528897414721, ""open-meteo"": 0.014556522936814227, ""openweathermap"": 0.0034964195851063546, ""pirateweather"": 0.031180200996699617, ""tomorrow"": 0.08710730029465735, ""visual-crossing"": 0.4513198808276209, ""weather.gov"": 0.0010211895272838848, ""weatherapi"": 0.004229821522132416}"
2026-07-18T06:30:03.413343-04:00,2026-07-17,il,14,"{""consensus"": 0.2720377935124325, ""google-weather"": 0.002923237866139429, ""open-meteo"": 0.10981490366363185, ""openweathermap"": 0.0029873646304867437, ""pirateweather"": 0.2099051957961299, ""tomorrow"": 0.17460440550394155, ""visual-crossing"": 0.2127513354579018, ""weather.gov"": 0.0008809272687844764, ""weatherapi"": 0.014094836300551623}"
2026-07-18T06:30:03.413343-04:00,2026-07-17,tx,14,"{""consensus"": 0.27259276782832986, ""google-weather"": 0.0024381511320042074, ""open-meteo"": 0.06980409876903547, ""openweathermap"": 0.0033663744734409124, ""pirateweather"": 0.039969464704890295, ""tomorrow"": 0.10002998313102807, ""visual-crossing"": 0.4963847023575857, ""weather.gov"": 0.0009190062329643788, ""weatherapi"": 0.014495451370721044}"
2026-07-18T06:30:03.413343-04:00,2026-07-17,fl,14,"{""consensus"": 0.2911215939353116, ""google-weather"": 0.0071193066227718494, ""open-meteo"": 0.10667738848568498, ""openweathermap"": 0.006949458561667533, ""pirateweather"": 0.023848326646574162, ""tomorrow"": 0.02308012850229277, ""visual-crossing"": 0.25866001073437217, ""weather.gov"": 0.00573759190854877, ""weatherapi"": 0.27680619460277617}"
2026-07-19T06:30:04.117258-04:00,2026-07-18,ny,14,"{""consensus"": 0.41628173157424503, ""google-weather"": 0.005172073468738591, ""open-meteo"": 0.012085439010520534, ""openweathermap"": 0.005459682684647335, ""pirateweather"": 0.0315271409661803, ""tomorrow"": 0.07811814475470012, ""visual-crossing"": 0.4461444286233751, ""weather.gov"": 0.0012373201285409308, ""weatherapi"": 0.003974038789052057}"
2026-07-19T06:30:04.117258-04:00,2026-07-18,il,14,"{""consensus"": 0.2950125832272747, ""google-weather"": 0.002496209935312518, ""open-meteo"": 0.1389431859158626, ""openweathermap"": 0.003368471102072473, ""pirateweather"": 0.150199932259306, ""tomorrow"": 0.16451001539808738, ""visual-crossing"": 0.231163405931432, ""weather.gov"": 0.0008039805505439023, ""weatherapi"": 0.013502215680108308}"
2026-07-19T06:30:04.117258-04:00,2026-07-18,tx,14,"{""consensus"": 0.2747329482161609, ""google-weather"": 0.002490179832705734, ""open-meteo"": 0.07961515640075925, ""openweathermap"": 0.0032751056596027916, ""pirateweather"": 0.03999650308142828, ""tomorrow"": 0.10130430371536708, ""visual-crossing"": 0.4834792852347129, ""weather.gov"": 0.0009703622646374783, ""weatherapi"": 0.014136155594625572}"
2026-07-19T06:30:04.117258-04:00,2026-07-18,fl,14,"{""consensus"": 0.2825234363550514, ""google-weather"": 0.006746081699753345, ""open-meteo"": 0.10576186899691807, ""openweathermap"": 0.0064882860259747885, ""pirateweather"": 0.022801299994647983, ""tomorrow"": 0.020940697087582328, ""visual-crossing"": 0.27179811168165896, ""weather.gov"": 0.005450153834115253, ""weatherapi"": 0.2774900643242978}"
2026-07-20T06:30:05.607221-04:00,2026-07-19,ny,14,"{""consensus"": 0.3805788477899659, ""google-weather"": 0.004827361815560216, ""open-meteo"": 0.011596807288480183, ""openweathermap"": 0.005160117583553277, ""pirateweather"": 0.03400554179327019, ""tomorrow"": 0.07390673546700204, ""visual-crossing"": 0.4848322474229366, ""weather.gov"": 0.0011289918038455277, ""weatherapi"": 0.003963349035385975}"
2026-07-20T06:30:05.607221-04:00,2026-07-19,il,14,"{""consensus"": 0.33346368235771046, ""google-weather"": 0.0021146069652354057, ""open-meteo"": 0.13650543477057042, ""openweathermap"": 0.0029479768885062327, ""pirateweather"": 0.14608191592569966, ""tomorrow"": 0.15394144104442123, ""visual-crossing"": 0.2145650139766417, ""weather.gov"": 0.0007036177571343012, ""weatherapi"": 0.009676310314080436}"
2026-07-20T06:30:05.607221-04:00,2026-07-19,tx,14,"{""consensus"": 0.261296602107872, ""google-weather"": 0.0022073155725083294, ""open-meteo"": 0.07875724729148527, ""openweathermap"": 0.0029194733135183715, ""pirateweather"": 0.033024888052575294, ""tomorrow"": 0.0984477879257708, ""visual-crossing"": 0.5095873770455948, ""weather.gov"": 0.0008446019283345647, ""weatherapi"": 0.012914706762340787}"
2026-07-20T06:30:05.607221-04:00,2026-07-19,fl,14,"{""consensus"": 0.2997259619876455, ""google-weather"": 0.0071090286810334136, ""open-meteo"": 0.11773862520288741, ""openweathermap"": 0.006411125713708241, ""pirateweather"": 0.025257817790658155, ""tomorrow"": 0.020897231457735692, ""visual-crossing"": 0.31196738379761363, ""weather.gov"": 0.005801046392930832, ""weatherapi"": 0.20509177897578695}"
2026-07-21T06:30:03.879472-04:00,2026-07-20,ny,14,"{""consensus"": 0.3998678072151091, ""google-weather"": 0.002858277957719248, ""open-meteo"": 0.009861658041796778, ""openweathermap"": 0.0025961113115557403, ""pirateweather"": 0.030076709244446803, ""tomorrow"": 0.05214718254440542, ""visual-crossing"": 0.4996282731031715, ""weather.gov"": 0.0006792486993656299, ""weatherapi"": 0.002284731882429765}"
2026-07-21T06:30:03.879472-04:00,2026-07-20,il,14,"{""consensus"": 0.4154795985836001, ""google-weather"": 0.0018916204213442014, ""open-meteo"": 0.13480352417615724, ""openweathermap"": 0.00295587851752067, ""pirateweather"": 0.10226825710398933, ""tomorrow"": 0.1472013651604444, ""visual-crossing"": 0.1874156369755841, ""weather.gov"": 0.0006417183458617473, ""weatherapi"": 0.007342400715498232}"
2026-07-21T06:30:03.879472-04:00,2026-07-20,tx,14,"{""consensus"": 0.2656403186647304, ""google-weather"": 0.002200250782496171, ""open-meteo"": 0.07666037802299229, ""openweathermap"": 0.0032685702482226006, ""pirateweather"": 0.03512189342324901, ""tomorrow"": 0.11234518355179696, ""visual-crossing"": 0.49224070235689094, ""weather.gov"": 0.0007845354262520669, ""weatherapi"": 0.011738167523369326}"
2026-07-21T06:30:03.879472-04:00,2026-07-20,fl,14,"{""consensus"": 0.30809681955036644, ""google-weather"": 0.005608355653922549, ""open-meteo"": 0.09713683395107658, ""openweathermap"": 0.005921283176911945, ""pirateweather"": 0.019616350923113878, ""tomorrow"": 0.014633229176763053, ""visual-crossing"": 0.42134728544474864, ""weather.gov"": 0.0044788246693300655, ""weatherapi"": 0.12316101745376698}"
2026-07-22T06:30:06.741674-04:00,2026-07-21,ny,14,"{""consensus"": 0.40312510195536033, ""google-weather"": 0.0031648625805067777, ""open-meteo"": 0.014794173210009295, ""openweathermap"": 0.003308041494768619, ""pirateweather"": 0.03761190268851481, ""tomorrow"": 0.06773704452764669, ""visual-crossing"": 0.46700256357475517, ""weather.gov"": 0.0008143360726988846, ""weatherapi"": 0.002441973895739536}"
2026-07-22T06:30:06.741674-04:00,2026-07-21,il,14,"{""consensus"": 0.40052822717186815, ""google-weather"": 0.0017843470655950708, ""open-meteo"": 0.16434893419248212, ""openweathermap"": 0.002370061663867838, ""pirateweather"": 0.08626436664559578, ""tomorrow"": 0.15335887403661483, ""visual-crossing"": 0.1845584712105818, ""weather.gov"": 0.000585045531575667, ""weatherapi"": 0.006201672481818858}"
2026-07-22T06:30:06.741674-04:00,2026-07-21,tx,14,"{""consensus"": 0.26534994277799706, ""google-weather"": 0.0023411556090625037, ""open-meteo"": 0.07337950937996224, ""openweathermap"": 0.0032876927464829, ""pirateweather"": 0.0403076564343638, ""tomorrow"": 0.10656998705872732, ""visual-crossing"": 0.4967866793954574, ""weather.gov"": 0.0008105205508199009, ""weatherapi"": 0.011166856047126836}"
2026-07-22T06:30:06.741674-04:00,2026-07-21,fl,14,"{""consensus"": 0.3211888638285891, ""google-weather"": 0.005366011173336946, ""open-meteo"": 0.09757138011983287, ""openweathermap"": 0.005660366258900969, ""pirateweather"": 0.019755255818601235, ""tomorrow"": 0.014114608246394083, ""visual-crossing"": 0.4344948109446883, ""weather.gov"": 0.004277323489823535, ""weatherapi"": 0.09757138011983288}"
2026-07-23T06:30:06.131516-04:00,2026-07-22,ny,14,"{""consensus"": 0.35835228165630234, ""google-weather"": 0.003344016050520679, ""open-meteo"": 0.014612164548123809, ""openweathermap"": 0.003648044386943774, ""pirateweather"": 0.040750377775820495, ""tomorrow"": 0.06362396216067297, ""visual-crossing"": 0.5123843556036665, ""weather.gov"": 0.0008110234510595669, ""weatherapi"": 0.002473774366889884}"
2026-07-23T06:30:06.131516-04:00,2026-07-22,il,14,"{""consensus"": 0.37854670373969795, ""google-weather"": 0.002152928559036459, ""open-meteo"": 0.10206842007583203, ""openweathermap"": 0.0029648953744235746, ""pirateweather"": 0.09599372227121697, ""tomorrow"": 0.18487879589772543, ""visual-crossing"": 0.2251064548575976, ""weather.gov"": 0.0007445360023988328, ""weatherapi"": 0.0075435432220711}"
2026-07-23T06:30:06.131516-04:00,2026-07-22,tx,14,"{""consensus"": 0.2667980519108358, ""google-weather"": 0.0023616607196640963, ""open-meteo"": 0.07636641884367931, ""openweathermap"": 0.0034648139418860507, ""pirateweather"": 0.043559912139056904, ""tomorrow"": 0.11497641996752926, ""visual-crossing"": 0.4808991039251846, ""weather.gov"": 0.0008244907122350117, ""weatherapi"": 0.010749127839929044}"
2026-07-23T06:30:06.131516-04:00,2026-07-22,fl,14,"{""consensus"": 0.3177816857027684, ""google-weather"": 0.005277442579627563, ""open-meteo"": 0.08565818772781472, ""openweathermap"": 0.005537312499928881, ""pirateweather"": 0.01892083143205041, ""tomorrow"": 0.013961878135489266, ""visual-crossing"": 0.43824554662331516, ""weather.gov"": 0.004180990504291662, ""weatherapi"": 0.11043612479471358}"
2026-07-24T06:30:10.989393-04:00,2026-07-23,ny,14,"{""consensus"": 0.36995324104928284, ""google-weather"": 0.0039296317402804015, ""open-meteo"": 0.015718526961121592, ""openweathermap"": 0.004086502019340228, ""pirateweather"": 0.04705586552591273, ""tomorrow"": 0.0745454020578514, ""visual-crossing"": 0.48112665539079674, ""weather.gov"": 0.0009085500751040813, ""weatherapi"": 0.002675625180309807}"
2026-07-24T06:30:10.989393-04:00,2026-07-23,il,14,"{""consensus"": 0.36797605627731367, ""google-weather"": 0.0022033293899504968, ""open-meteo"": 0.12108235898181269, ""openweathermap"": 0.0033993711979265905, ""pirateweather"": 0.10260069268584154, ""tomorrow"": 0.17145780963200238, ""visual-crossing"": 0.22249257173892584, ""weather.gov"": 0.0007665268657735207, ""weatherapi"": 0.008021283230453185}"
2026-07-24T06:30:10.989393-04:00,2026-07-23,tx,14,"{""consensus"": 0.2687034364421969, ""google-weather"": 0.0025374360973434706, ""open-meteo"": 0.10278055848447396, ""openweathermap"": 0.0037448510579335664, ""pirateweather"": 0.04803893879638569, ""tomorrow"": 0.12108573282420312, ""visual-crossing"": 0.44047906935605274, ""weather.gov"": 0.0008803484791005397, ""weatherapi"": 0.01174962846230996}"
2026-07-24T06:30:10.989393-04:00,2026-07-23,fl,14,"{""consensus"": 0.3281270248313649, ""google-weather"": 0.005549392471487279, ""open-meteo"": 0.08698135691310653, ""openweathermap"": 0.005752991009970224, ""pirateweather"": 0.018873833878777186, ""tomorrow"": 0.014727409496192707, ""visual-crossing"": 0.4285618979357946, ""weather.gov"": 0.004285618979357944, ""weatherapi"": 0.1071404744839486}"
2026-07-25T06:30:05.766745-04:00,2026-07-24,ny,14,"{""consensus"": 0.3506836997909521, ""google-weather"": 0.0042688794049818525, ""open-meteo"": 0.019585817328497915, ""openweathermap"": 0.0037927535583174225, ""pirateweather"": 0.05626407264912045, ""tomorrow"": 0.09801778941246868, ""visual-crossing"": 0.46305962801331085, ""weather.gov"": 0.0010532551538953655, ""weatherapi"": 0.0032741046884551526}"
2026-07-25T06:30:05.766745-04:00,2026-07-24,il,14,"{""consensus"": 0.36032486219367943, ""google-weather"": 0.00226891281983971, ""open-meteo"": 0.12796690993024162, ""openweathermap"": 0.0036455385581855913, ""pirateweather"": 0.11270559796657297, ""tomorrow"": 0.1788028790853081, ""visual-crossing"": 0.20562030756495872, ""weather.gov"": 0.0007769959111972843, ""weatherapi"": 0.007887995970016323}"
2026-07-25T06:30:05.766745-04:00,2026-07-24,tx,14,"{""consensus"": 0.2709230571496834, ""google-weather"": 0.0025369482171557164, ""open-meteo"": 0.10595467312989632, ""openweathermap"": 0.003916285212018996, ""pirateweather"": 0.05124736384171679, ""tomorrow"": 0.13376324490348285, ""visual-crossing"": 0.4201091375585125, ""weather.gov"": 0.0008396368091826876, ""weatherapi"": 0.010709653178350606}"
2026-07-25T06:30:05.766745-04:00,2026-07-24,fl,14,"{""consensus"": 0.32840286721828993, ""google-weather"": 0.005916869763839354, ""open-meteo"": 0.0805380153175566, ""openweathermap"": 0.006012907718517372, ""pirateweather"": 0.019029756435514227, ""tomorrow"": 0.014676305135707732, ""visual-crossing"": 0.4211568652427223, ""weather.gov"": 0.004470682609922744, ""weatherapi"": 0.11979573055792989}"
2026-07-26T06:30:04.944203-04:00,2026-07-25,ny,14,"{""consensus"": 0.3452315537275981, ""google-weather"": 0.004143812628800255, ""open-meteo"": 0.018312981571149002, ""openweathermap"": 0.0038920422657641707, ""pirateweather"": 0.06556984260083341, ""tomorrow"": 0.11174671148865599, ""visual-crossing"": 0.4467741891701195, ""weather.gov"": 0.0010942571704242122, ""weatherapi"": 0.003234609376655627}"
2026-07-26T06:30:04.944203-04:00,2026-07-25,il,14,"{""consensus"": 0.3714995538543514, ""google-weather"": 0.0024818683504450128, ""open-meteo"": 0.12216664110566328, ""openweathermap"": 0.003812605084736891, ""pirateweather"": 0.10602932780492325, ""tomorrow"": 0.20307741963010764, ""visual-crossing"": 0.1820651780755002, ""weather.gov"": 0.0008529101754545309, ""weatherapi"": 0.008014495918817727}"
2026-07-26T06:30:04.944203-04:00,2026-07-25,tx,14,"{""consensus"": 0.2621012569827433, ""google-weather"": 0.0025683200805658286, ""open-meteo"": 0.12088351314885964, ""openweathermap"": 0.003994816367798685, ""pirateweather"": 0.053398907633908456, ""tomorrow"": 0.15254610398571755, ""visual-crossing"": 0.39238221971767, ""weather.gov"": 0.0008242751490596885, ""weatherapi"": 0.011300586933676929}"
2026-07-26T06:30:04.944203-04:00,2026-07-25,fl,14,"{""consensus"": 0.3309667598362389, ""google-weather"": 0.006470115987668023, ""open-meteo"": 0.08232117920434907, ""openweathermap"": 0.0065152824543352065, ""pirateweather"": 0.020392776008149777, ""tomorrow"": 0.017487613266056155, ""visual-crossing"": 0.4018682145335027, ""weather.gov"": 0.004759148665193471, ""weatherapi"": 0.12921891004450675}"
2026-07-27T06:30:04.776436-04:00,2026-07-26,ny,14,"{""consensus"": 0.33931224817865746, ""google-weather"": 0.004556501696378612, ""open-meteo"": 0.024224196044473963, ""openweathermap"": 0.0037857781955788652, ""pirateweather"": 0.07348285795623301, ""tomorrow"": 0.13332048249800546, ""visual-crossing"": 0.4166323703340932, ""weather.gov"": 0.0012185759353066095, ""weatherapi"": 0.0034669891612729774}"
2026-07-27T06:30:04.776436-04:00,2026-07-26,il,14,"{""consensus"": 0.3667411504552726, ""google-weather"": 0.0026447010126680985, ""open-meteo"": 0.11788180934962061, ""openweathermap"": 0.0040443231201525275, ""pirateweather"": 0.0921673299909325, ""tomorrow"": 0.21593586231189246, ""visual-crossing"": 0.1920273449048788, ""weather.gov"": 0.0009166528464219674, ""weatherapi"": 0.007640826008160458}"
2026-07-27T06:30:04.776436-04:00,2026-07-26,tx,14,"{""consensus"": 0.26751925073013194, ""google-weather"": 0.0027046079758012084, ""open-meteo"": 0.10814302007923184, ""openweathermap"": 0.004016196281685607, ""pirateweather"": 0.07087518240783414, ""tomorrow"": 0.13522535566654711, ""visual-crossing"": 0.4002083942590303, ""weather.gov"": 0.0007935210653845125, ""weatherapi"": 0.010514471534353378}"
2026-07-27T06:30:04.776436-04:00,2026-07-26,fl,14,"{""consensus"": 0.2899696713108646, ""google-weather"": 0.0068215213616679956, ""open-meteo"": 0.07755554215981088, ""openweathermap"": 0.006138222231681768, ""pirateweather"": 0.02100129687320215, ""tomorrow"": 0.019685494871331692, ""visual-crossing"": 0.4175290358703987, ""weather.gov"": 0.004916220109999578, ""weatherapi"": 0.15638299521104257}"
2026-07-28T06:30:07.577850-04:00,2026-07-27,ny,14,"{""consensus"": 0.30719563356881335, ""google-weather"": 0.0046836254639914, ""open-meteo"": 0.023802035575925473, ""openweathermap"": 0.003474407294101817, ""pirateweather"": 0.071633512397178, ""tomorrow"": 0.13390548292086818, ""visual-crossing"": 0.45090673260485625, ""weather.gov"": 0.0012096514343989846, ""weatherapi"": 0.003188918739866471}"
2026-07-28T06:30:07.577850-04:00,2026-07-27,il,14,"{""consensus"": 0.3385939831957593, ""google-weather"": 0.0029269051857518983, ""open-meteo"": 0.1263509935346954, ""openweathermap"": 0.004228112986344275, ""pirateweather"": 0.09117120599095774, ""tomorrow"": 0.1749586420656271, ""visual-crossing"": 0.2521211765949292, ""weather.gov"": 0.0010652119711135764, ""weatherapi"": 0.008583768474821576}"
2026-07-28T06:30:07.577850-04:00,2026-07-27,tx,14,"{""consensus"": 0.2607263642161565, ""google-weather"": 0.0030781491524237044, ""open-meteo"": 0.08574914478461314, ""openweathermap"": 0.005137931731592151, ""pirateweather"": 0.08310766021874456, ""tomorrow"": 0.11783726634346135, ""visual-crossing"": 0.4350070816870569, ""weather.gov"": 0.0006882707643945101, ""weatherapi"": 0.00866813110155721}"
2026-07-28T06:30:07.577850-04:00,2026-07-27,fl,14,"{""consensus"": 0.2755744944701326, ""google-weather"": 0.007062370319099901, ""open-meteo"": 0.07032635654888152, ""openweathermap"": 0.006056485641838095, ""pirateweather"": 0.02036102788888027, ""tomorrow"": 0.02094357697966134, ""visual-crossing"": 0.39798244341649164, ""weather.gov"": 0.004974972470967823, ""weatherapi"": 0.19671827226404676}"
